"GEOID","value","NAME"
"29227",NA,"Worth"
"31061",NA,"Franklin"
"36013",1085.18444824219,"Chautauqua"
"37181",1266.87634277344,"Vance"
"47183",1356.92529296875,"Weakley"
"44003",1745.80859375,"Kent"
"08101",1665.38439941406,"Pueblo"
"17175",877.467224121094,"Stark"
"29169",1494.44494628906,"Pulaski"
"19151",1561.01049804688,"Pocahontas"
"22039",1552.25866699219,"Evangeline"
"28049",2042.48608398438,"Hinds"
"28081",1562.30847167969,"Lee"
"29117",1555.11926269531,"Livingston"
"21083",1679.45141601562,"Graves"
"28037",NA,"Franklin"
"40049",2065.3046875,"Garvin"
"47083",1639.77404785156,"Houston"
"48189",1577.92565917969,"Hale"
"51830",1424.11474609375,"Williamsburg"
"51595",980.423767089844,"Emporia"
"51169",1122.33068847656,"Scott"
"55069",1050.60949707031,"Lincoln"
"35043",1198.35852050781,"Sandoval"
"27065",1991.8037109375,"Kanabec"
"13321",1413.38354492188,"Worth"
"37145",1303.2490234375,"Person"
"31035",1612.02111816406,"Clay"
"31169",1457.48278808594,"Thayer"
"54083",1120.50073242188,"Randolph"
"47077",1432.42858886719,"Henderson"
"72033",NA,"Cataño"
"48263",NA,"Kent"
"12081",2413.97973632812,"Manatee"
"16027",1004.60113525391,"Canyon"
"17069",NA,"Hardin"
"21117",1763.48669433594,"Kenton"
"22091",1725.77697753906,"St. Helena"
"27133",1290.21472167969,"Rock"
"29119",1581.14025878906,"McDonald"
"40025",NA,"Cimarron"
"39069",921.521911621094,"Henry"
"47151",1913.16955566406,"Scott"
"06011",1421.91784667969,"Colusa"
"13063",1392.36962890625,"Clayton"
"13057",1601.39770507812,"Cherokee"
"18065",1226.68603515625,"Henry"
"20101",NA,"Lane"
"21215",1668.5888671875,"Spencer"
"19037",1260.5654296875,"Chickasaw"
"27005",1584.47814941406,"Becker"
"29085",NA,"Hickory"
"27061",1689.65368652344,"Itasca"
"36037",1290.64831542969,"Genesee"
"31143",1493.76989746094,"Polk"
"40097",1964.56262207031,"Mayes"
"46025",NA,"Clark"
"48499",1521.94958496094,"Wood"
"48393",NA,"Roberts"
"54105",NA,"Wirt"
"72061",NA,"Guaynabo"
"18095",1274.50744628906,"Madison"
"01059",1701.94689941406,"Franklin"
"06075",2380.59887695312,"San Francisco"
"13047",1535.40478515625,"Catoosa"
"19191",1354.47839355469,"Winneshiek"
"28093",1856.04565429688,"Marshall"
"28087",1676.32531738281,"Lowndes"
"29181",NA,"Ripley"
"36115",1272.29797363281,"Washington"
"46027",1408.2021484375,"Clay"
"53071",1161.91516113281,"Walla Walla"
"08087",1814.31335449219,"Morgan"
"17053",1125.06518554688,"Ford"
"19103",1534.65270996094,"Johnson"
"20015",1991.17822265625,"Butler"
"21149",1578.91052246094,"McLean"
"22043",921.168029785156,"Grant"
"28137",1727.41760253906,"Tate"
"28017",1738.41149902344,"Chickasaw"
"36099",1125.01452636719,"Seneca"
"28029",2179.72900390625,"Copiah"
"42075",1013.58666992188,"Lebanon"
"48353",2051.1298828125,"Nolan"
"51775",990.556213378906,"Salem"
"54031",985.197448730469,"Hardy"
"01029",1273.67565917969,"Cleburne"
"55077",958.834350585938,"Marquette"
"35015",1869.84655761719,"Eddy"
"19069",1336.27917480469,"Franklin"
"28111",1873.17260742188,"Perry"
"21207",1333.35192871094,"Russell"
"24047",1613.37194824219,"Worcester"
"47081",1522.876953125,"Hickman"
"48217",1911.33154296875,"Hill"
"42045",1782.21875,"Delaware"
"48129",NA,"Donley"
"51135",1204.84924316406,"Nottoway"
"13055",1572.44897460938,"Chattooga"
"19109",1221.31237792969,"Kossuth"
"27027",1356.10595703125,"Clay"
"36009",1267.20385742188,"Cattaraugus"
"06087",1838.78088378906,"Santa Cruz"
"24015",1323.33862304688,"Cecil"
"26021",1500.30102539062,"Berrien"
"28003",1905.65808105469,"Alcorn"
"29145",1429.6396484375,"Newton"
"48215",1672.73083496094,"Hidalgo"
"48403",NA,"Sabine"
"01009",1600.08117675781,"Blount"
"08013",1775.798828125,"Boulder"
"13247",1535.72302246094,"Rockdale"
"17027",1513.48291015625,"Clinton"
"18055",1581.35485839844,"Greene"
"20027",NA,"Clay"
"21073",1374.376953125,"Franklin"
"28133",2468.28393554688,"Sunflower"
"31149",NA,"Rock"
"45087",1298.39477539062,"Union"
"47113",1634.12951660156,"Madison"
"51740",1484.69458007812,"Portsmouth"
"72101",NA,"Morovis"
"51810",1883.98913574219,"Virginia Beach"
"55049",1313.79638671875,"Iowa"
"17055",1440.85815429688,"Franklin"
"19171",1370.90991210938,"Tama"
"19101",1529.24462890625,"Jefferson"
"20107",NA,"Linn"
"37083",1170.23193359375,"Halifax"
"21155",1341.83178710938,"Marion"
"38069",1167.28405761719,"Pierce"
"17187",1279.34741210938,"Warren"
"46123",1407.0712890625,"Tripp"
"72153",NA,"Yauco"
"42131",1155.02368164062,"Wyoming"
"05021",1386.16430664062,"Clay"
"12047",2091.9140625,"Hamilton"
"18043",1423.41735839844,"Floyd"
"26057",2049.26049804688,"Gratiot"
"19137",1362.37573242188,"Montgomery"
"27151",1468.48522949219,"Swift"
"27127",1551.98889160156,"Redwood"
"20023",NA,"Cheyenne"
"21087",1464.92321777344,"Green"
"17041",1158.41687011719,"Douglas"
"17095",1071.43188476562,"Knox"
"51590",919.673889160156,"Danville"
"55065",1260.1845703125,"Lafayette"
"48195",NA,"Hansford"
"48437",1648.08166503906,"Swisher"
"08095",2017.13891601562,"Phillips"
"17067",1226.3173828125,"Hancock"
"26101",1212.7568359375,"Manistee"
"30075",NA,"Powder River"
"31127",1301.33410644531,"Nemaha"
"28059",3170.84741210938,"Jackson"
"48483",NA,"Wheeler"
"46101",1475.75427246094,"Moody"
"45083",1144.33081054688,"Spartanburg"
"04025",973.333251953125,"Yavapai"
"13067",1678.97448730469,"Cobb"
"13043",1561.560546875,"Candler"
"31075",NA,"Grant"
"19099",1286.13696289062,"Jasper"
"21009",1493.48779296875,"Barren"
"19175",1250.12841796875,"Union"
"26143",1232.3095703125,"Roscommon"
"29151",1427.40881347656,"Osage"
"28085",2121.1220703125,"Lincoln"
"39047",1110.39489746094,"Fayette"
"47177",1252.546875,"Warren"
"48227",1740.8837890625,"Howard"
"48151",NA,"Fisher"
"72005",NA,"Aguadilla"
"48357",1803.36169433594,"Ochiltree"
"17115",1051.82849121094,"Macon"
"08025",NA,"Crowley"
"19011",1264.14367675781,"Benton"
"19065",1133.43811035156,"Fayette"
"20133",NA,"Neosho"
"27085",1462.34301757812,"McLeod"
"13021",1596.52075195312,"Bibb"
"38035",942.975646972656,"Grand Forks"
"22001",1905.07421875,"Acadia"
"17117",1349.27563476562,"Macoupin"
"47173",1333.60034179688,"Union"
"48031",2083.52270507812,"Blanco"
"48331",1453.54272460938,"Milam"
"48067",1471.88305664062,"Cass"
"08103",1171.49096679688,"Rio Blanco"
"17111",1731.31958007812,"McHenry"
"20129",NA,"Morton"
"26139",1037.15930175781,"Ottawa"
"35023",NA,"Hidalgo"
"42085",937.340393066406,"Mercer"
"13161",1761.26794433594,"Jeff Davis"
"01013",1629.83459472656,"Butler"
"05097",1548.86279296875,"Montgomery"
"08014",1626.224609375,"Broomfield"
"13269",1655.91650390625,"Taylor"
"18181",1398.46765136719,"White"
"20031",NA,"Coffey"
"29175",1294.99145507812,"Randolph"
"29187",1447.31762695312,"St. Francois"
"27079",1632.24084472656,"Le Sueur"
"28061",1408.88256835938,"Jasper"
"42043",1017.58380126953,"Dauphin"
"46057",NA,"Hamlin"
"47105",1409.61242675781,"Loudon"
"48297",2260.98046875,"Live Oak"
"51680",890.522827148438,"Lynchburg"
"55135",973.746520996094,"Waupaca"
"54095",NA,"Tyler"
"01093",1668.81823730469,"Marion"
"55061",797.70068359375,"Kewaunee"
"18137",1405.72998046875,"Ripley"
"20115",NA,"Marion"
"28101",1907.22509765625,"Newton"
"13249",1702.82397460938,"Schley"
"13201",2318.19506835938,"Miller"
"38009",1273.78674316406,"Bottineau"
"51610",1735.00317382812,"Falls Church"
"48493",1796.64904785156,"Wilson"
"42097",987.320007324219,"Northumberland"
"13179",1715.75268554688,"Liberty"
"22071",4792.15966796875,"Orleans"
"29199",NA,"Scotland"
"31083",1455.18054199219,"Harlan"
"36061",5619.451171875,"New York"
"37169",1040.84899902344,"Stokes"
"38059",1546.20068359375,"Morton"
"42105",825.840881347656,"Potter"
"05147",1543.38623046875,"Woodruff"
"08089",1701.11193847656,"Otero"
"18131",1297.47802734375,"Pulaski"
"19091",1305.09240722656,"Humboldt"
"21239",1622.16259765625,"Woodford"
"20189",NA,"Stevens"
"29025",1688.84753417969,"Caldwell"
"34013",2546.9853515625,"Essex"
"31019",1702.0263671875,"Buffalo"
"40037",2264.25927734375,"Creek"
"41003",1076.759765625,"Benton"
"46073",NA,"Jerauld"
"47015",1590.2744140625,"Cannon"
"48441",1503.93469238281,"Taylor"
"54093",NA,"Tucker"
"50021",1634.29223632812,"Rutland"
"72151",NA,"Yabucoa"
"01033",1453.00744628906,"Colbert"
"08083",1124.56604003906,"Montezuma"
"20097",NA,"Kiowa"
"20209",1672.08312988281,"Wyandotte"
"21179",1639.55541992188,"Nelson"
"37103",1901.17358398438,"Jones"
"16055",1100.27526855469,"Kootenai"
"47043",1418.11071777344,"Dickson"
"48155",NA,"Foard"
"27097",1566.42602539062,"Morrison"
"51177",1291.62756347656,"Spotsylvania"
"37025",1625.31994628906,"Cabarrus"
"42113",1333.57287597656,"Sullivan"
"38045",1324.52014160156,"LaMoure"
"39083",1208.12658691406,"Knox"
"42117",961.578063964844,"Tioga"
"51183",1325.97729492188,"Sussex"
"48179",1708.80102539062,"Gray"
"37071",1257.47290039062,"Gaston"
"31069",NA,"Garden"
"48191",NA,"Hall"
"31023",1340.87817382812,"Butler"
"36111",2071.83740234375,"Ulster"
"51197",984.273681640625,"Wythe"
"38091",NA,"Steele"
"05085",1607.83813476562,"Lonoke"
"05075",1267.8271484375,"Lawrence"
"29161",1567.98022460938,"Phelps"
"26071",1445.05126953125,"Iron"
"27099",1304.46533203125,"Mower"
"36015",1934.77673339844,"Chemung"
"37159",1132.31018066406,"Rowan"
"48243",NA,"Jeff Davis"
"51520",897.467041015625,"Bristol"
"48261",NA,"Kenedy"
"01045",1558.23364257812,"Dale"
"05101",NA,"Newton"
"13193",1886.14086914062,"Macon"
"31091",NA,"Hooker"
"18143",1488.31274414062,"Scott"
"19121",1550.54272460938,"Madison"
"18079",1353.43566894531,"Jennings"
"20135",NA,"Ness"
"21189",NA,"Owsley"
"19075",1160.26391601562,"Grundy"
"27153",1527.12622070312,"Todd"
"28153",1737.37780761719,"Wayne"
"36123",1280.5439453125,"Yates"
"37109",1247.56762695312,"Lincoln"
"31115",NA,"Loup"
"47119",1331.92272949219,"Maury"
"48103",1269.50012207031,"Crane"
"48063",1958.958984375,"Camp"
"51037",1047.08898925781,"Charlotte"
"72125",NA,"San Germán"
"54015",NA,"Clay"
"18117",1556.54614257812,"Orange"
"19049",1557.25390625,"Dallas"
"19167",1140.92358398438,"Sioux"
"12027",2245.31884765625,"DeSoto"
"21201",NA,"Robertson"
"21029",1500.12768554688,"Bullitt"
"13157",1408.55712890625,"Jackson"
"16021",1291.75964355469,"Boundary"
"31071",NA,"Garfield"
"45089",1823.90026855469,"Williamsburg"
"55123",1031.10083007812,"Vernon"
"45069",1278.4912109375,"Marlboro"
"48111",1893.29907226562,"Dallam"
"51670",1099.70532226562,"Hopewell"
"48055",1466.87243652344,"Caldwell"
"41013",1273.02282714844,"Crook"
"29043",1522.54333496094,"Christian"
"27147",1426.68640136719,"Steele"
"55037",1243.5068359375,"Florence"
"31185",1581.86901855469,"York"
"17101",1380.29174804688,"Lawrence"
"37187",2043.16796875,"Washington"
"17009",NA,"Brown"
"08007",1318.05151367188,"Archuleta"
"47189",1480.01330566406,"Wilson"
"46107",NA,"Potter"
"55015",988.986694335938,"Calumet"
"18091",1644.1572265625,"LaPorte"
"36067",1393.20141601562,"Onondaga"
"19193",1175.67919921875,"Woodbury"
"49053",951.075378417969,"Washington"
"21063",NA,"Elliott"
"19147",1189.36596679688,"Palo Alto"
"17167",1216.89465332031,"Sangamon"
"35031",1154.39721679688,"McKinley"
"24013",1282.60217285156,"Carroll"
"37079",1644.76428222656,"Greene"
"47065",1837.62561035156,"Hamilton"
"17127",1653.62707519531,"Massac"
"47075",1719.08239746094,"Haywood"
"19003",1066.66418457031,"Adams"
"54077",1013.10900878906,"Preston"
"17165",1536.98486328125,"Saline"
"17163",1497.97705078125,"St. Clair"
"19019",1378.64538574219,"Buchanan"
"19023",1386.59924316406,"Butler"
"19033",1130.95239257812,"Cerro Gordo"
"21095",1359.19421386719,"Harlan"
"19041",1616.44848632812,"Clay"
"42057",1113.01159667969,"Fulton"
"20037",NA,"Crawford"
"20073",NA,"Greenwood"
"55131",1197.91674804688,"Washington"
"53021",1022.90716552734,"Franklin"
"42041",1031.27136230469,"Cumberland"
"29059",1515.61975097656,"Dallas"
"51133",1630.03857421875,"Northumberland"
"21069",1421.1875,"Fleming"
"21079",1315.33374023438,"Garrard"
"31013",1736.44372558594,"Box Butte"
"20057",1721.83654785156,"Ford"
"17077",1677.44372558594,"Jackson"
"12001",1619.55444335938,"Alachua"
"48177",1566.73266601562,"Gonzales"
"18119",1481.24206542969,"Owen"
"72067",NA,"Hormigueros"
"17025",1465.61450195312,"Clay"
"18161",1291.52014160156,"Union"
"42077",1330.30212402344,"Lehigh"
"42083",895.776489257812,"McKean"
"29125",1732.08239746094,"Maries"
"26039",1396.29345703125,"Crawford"
"27161",1301.78161621094,"Waseca"
"51683",1808.69860839844,"Manassas"
"31087",NA,"Hitchcock"
"32011",NA,"Eureka"
"36005",3326.0732421875,"Bronx"
"31085",NA,"Hayes"
"27105",1334.60998535156,"Nobles"
"39023",1079.37219238281,"Clark"
"35013",1139.38635253906,"Doña Ana"
"26161",1473.18176269531,"Washtenaw"
"31139",1391.89599609375,"Pierce"
"26015",1991.10791015625,"Barry"
"35021",NA,"Harding"
"39065",1288.78649902344,"Hardin"
"05029",1625.41735839844,"Conway"
"01123",1598.63916015625,"Tallapoosa"
"31165",NA,"Sioux"
"55113",1420.39758300781,"Sawyer"
"55125",1460.9580078125,"Vilas"
"55141",1061.95849609375,"Wood"
"38093",902.445007324219,"Stutsman"
"38099",1778.00988769531,"Walsh"
"39129",1266.40612792969,"Pickaway"
"39131",1262.17700195312,"Pike"
"46017",NA,"Buffalo"
"39057",1295.13830566406,"Greene"
"39049",1354.4921875,"Franklin"
"29165",1774.55676269531,"Platte"
"48049",1948.59228515625,"Brown"
"48135",1640.74694824219,"Ector"
"48235",NA,"Irion"
"49041",906.60107421875,"Sevier"
"51101",1291.83959960938,"King William"
"53055",1514.92907714844,"San Juan"
"13277",1483.85290527344,"Tift"
"56041",1221.3505859375,"Uinta"
"28067",1896.81188964844,"Jones"
"13071",1489.27856445312,"Colquitt"
"48435",NA,"Sutton"
"55021",1212.28942871094,"Columbia"
"55127",1307.57385253906,"Walworth"
"51820",919.07568359375,"Waynesboro"
"32029",1010.75762939453,"Storey"
"72135",NA,"Toa Alta"
"72015",NA,"Arroyo"
"72137",NA,"Toa Baja"
"72149",NA,"Villalba"
"26027",1814.77453613281,"Cass"
"12115",2468.99609375,"Sarasota"
"20021",NA,"Cherokee"
"45041",1577.82543945312,"Florence"
"27017",1571.13513183594,"Carlton"
"13075",1423.86291503906,"Cook"
"13155",1604.02478027344,"Irwin"
"48065",1517.81872558594,"Carson"
"38027",NA,"Eddy"
"20005",NA,"Atchison"
"51600",1720.591796875,"Fairfax"
"51640",837.469543457031,"Galax"
"20013",NA,"Brown"
"29205",NA,"Shelby"
"51690",1024.77124023438,"Martinsville"
"19001",1532.74499511719,"Adair"
"48221",2022.29418945312,"Hood"
"12015",2560.35986328125,"Charlotte"
"13077",1418.37109375,"Coweta"
"17011",1325.62707519531,"Bureau"
"39173",1258.76257324219,"Wood"
"48091",1523.29821777344,"Comal"
"48133",2038.90478515625,"Eastland"
"48497",1988.40405273438,"Wise"
"17139",1049.09130859375,"Moultrie"
"17029",1205.85168457031,"Coles"
"19067",1338.71496582031,"Floyd"
"20049",NA,"Elk"
"19081",1363.4775390625,"Hancock"
"26045",1233.63024902344,"Eaton"
"19085",1377.53942871094,"Harrison"
"47159",1529.19592285156,"Smith"
"48117",1872.72106933594,"Deaf Smith"
"26067",1202.89465332031,"Ionia"
"20205",NA,"Wilson"
"20203",NA,"Wichita"
"48125",NA,"Dickens"
"49031",NA,"Piute"
"26081",1120.61608886719,"Kent"
"37085",1316.57409667969,"Harnett"
"37183",1333.37145996094,"Wake"
"26107",NA,"Mecosta"
"27159",1477.10412597656,"Wadena"
"46037",NA,"Day"
"21181",1040.5048828125,"Nicholas"
"26123",1391.6025390625,"Newaygo"
"21197",NA,"Powell"
"47165",1600.36706542969,"Sumner"
"27051",1343.47741699219,"Grant"
"17049",1141.53344726562,"Effingham"
"17061",1394.3544921875,"Greene"
"21013",1910.76416015625,"Bell"
"27003",1722.46020507812,"Anoka"
"27015",1370.88488769531,"Brown"
"42001",1020.27355957031,"Adams"
"46013",1571.29260253906,"Brown"
"46083",1486.63195800781,"Lincoln"
"40093",2287.08154296875,"Major"
"46005",NA,"Beadle"
"21033",1467.1083984375,"Caldwell"
"47017",1459.84045410156,"Carroll"
"46111",NA,"Sanborn"
"42015",985.674499511719,"Bradford"
"37087",1345.0625,"Haywood"
"48017",1809.54284667969,"Bailey"
"46019",NA,"Butte"
"47063",1119.67846679688,"Hamblen"
"48025",1628.70886230469,"Bee"
"46059",NA,"Hand"
"42029",1578.333984375,"Chester"
"46099",1314.60107421875,"Minnehaha"
"49001",746.156616210938,"Beaver"
"27073",1393.52429199219,"Lac qui Parle"
"42037",1018.12677001953,"Columbia"
"47101",1377.39038085938,"Lewis"
"31033",1783.85131835938,"Cheyenne"
"51003",1318.58142089844,"Albemarle"
"56003",1073.49743652344,"Big Horn"
"55089",1480.677734375,"Ozaukee"
"47161",1397.77038574219,"Stewart"
"55099",910.737365722656,"Price"
"45059",1169.60913085938,"Laurens"
"45063",1307.36499023438,"Lexington"
"56019",1291.76281738281,"Johnson"
"55119",NA,"Taylor"
"51089",942.792846679688,"Henry"
"44005",2313.4814453125,"Newport"
"48447",NA,"Throckmorton"
"19107",1229.70471191406,"Keokuk"
"17203",1212.18395996094,"Woodford"
"13187",1447.76940917969,"Lumpkin"
"39161",975.881042480469,"Van Wert"
"12043",2280.90625,"Glades"
"12051",2339.38891601562,"Hendry"
"48469",2045.14697265625,"Victoria"
"48481",2105.37670898438,"Wharton"
"13219",1460.90856933594,"Oconee"
"13225",1521.75073242188,"Peach"
"13237",2077.55126953125,"Putnam"
"13165",1578.85229492188,"Jenkins"
"48239",1989.65966796875,"Jackson"
"24009",1449.76452636719,"Calvert"
"13245",1342.49462890625,"Richmond"
"13283",NA,"Treutlen"
"13273",1931.87622070312,"Terrell"
"13289",1528.20239257812,"Twiggs"
"20077",1817.53234863281,"Harper"
"05025",1310.04284667969,"Cleveland"
"19017",1410.55407714844,"Bremer"
"48219",1871.29638671875,"Hockley"
"17153",NA,"Pulaski"
"39003",1130.34240722656,"Allen"
"40107",NA,"Okfuskee"
"27165",1263.75866699219,"Watonwan"
"27149",1430.90759277344,"Stevens"
"39067",1329.31530761719,"Harrison"
"28083",1768.05004882812,"Leflore"
"29039",1602.33666992188,"Cedar"
"31155",1623.6513671875,"Saunders"
"31049",NA,"Deuel"
"27141",1723.18615722656,"Sherburne"
"48345",NA,"Motley"
"13307",NA,"Webster"
"13311",1442.70092773438,"White"
"41053",1035.11413574219,"Polk"
"13167",1697.01806640625,"Johnson"
"55057",1203.91638183594,"Juneau"
"55073",1029.95361328125,"Marathon"
"55053",1300.56652832031,"Jackson"
"72095",NA,"Maunabo"
"72009",NA,"Aibonito"
"55035",1017.36749267578,"Eau Claire"
"18003",1117.33349609375,"Allen"
"20045",1837.09460449219,"Douglas"
"18033",1145.6298828125,"DeKalb"
"19087",1302.10754394531,"Henry"
"18011",1794.14904785156,"Boone"
"18097",1463.87048339844,"Marion"
"19015",1440.49328613281,"Boone"
"39091",1162.85083007812,"Logan"
"29167",1554.12390136719,"Polk"
"19115",1315.12487792969,"Louisa"
"19173",1352.00866699219,"Taylor"
"39029",1104.85095214844,"Columbiana"
"20065",NA,"Graham"
"45091",1293.45776367188,"York"
"55019",1141.76171875,"Clark"
"20123",NA,"Mitchell"
"20157",NA,"Republic"
"20201",NA,"Washington"
"38007",NA,"Billings"
"40149",2188.72509765625,"Washita"
"40101",1818.55139160156,"Muskogee"
"26035",1294.68566894531,"Clare"
"01027",1492.05871582031,"Clay"
"01037",1572.17553710938,"Coosa"
"37161",1150.0693359375,"Rutherford"
"40039",2235.076171875,"Custer"
"05135",1199.00866699219,"Sharp"
"37177",NA,"Tyrrell"
"51035",908.940979003906,"Carroll"
"19051",1440.78259277344,"Davis"
"01069",1608.29431152344,"Houston"
"13023",1662.90319824219,"Bleckley"
"20121",2055.60302734375,"Miami"
"13285",1463.05969238281,"Troup"
"37131",1323.89709472656,"Northampton"
"08121",NA,"Washington"
"08077",1045.02233886719,"Mesa"
"48309",1417.14184570312,"McLennan"
"39117",1413.95361328125,"Morrow"
"20153",NA,"Rawlins"
"17129",1455.87536621094,"Menard"
"39121",1172.52600097656,"Noble"
"20193",NA,"Thomas"
"16057",1436.34423828125,"Latah"
"48367",2126.2255859375,"Parker"
"39135",1156.43273925781,"Preble"
"13059",1246.55932617188,"Clarke"
"19143",NA,"Osceola"
"39139",1093.94812011719,"Richland"
"48391",2709.96655273438,"Refugio"
"17181",1553.00659179688,"Union"
"48401",1215.71484375,"Rusk"
"19181",1564.74572753906,"Warren"
"19185",1182.95385742188,"Wayne"
"31059",1204.42956542969,"Fillmore"
"48223",1643.41711425781,"Hopkins"
"48423",1665.78063964844,"Smith"
"48231",1725.01965332031,"Hunt"
"36105",1581.9326171875,"Sullivan"
"48313",1644.44555664062,"Madison"
"51187",1289.04699707031,"Warren"
"36017",1281.74426269531,"Chenango"
"48477",1788.85021972656,"Washington"
"48291",2294.904296875,"Liberty"
"01103",1464.91003417969,"Morgan"
"40147",1688.88122558594,"Washington"
"51079",1064.93518066406,"Greene"
"42125",1141.54284667969,"Washington"
"01105",NA,"Perry"
"54051",993.325317382812,"Marshall"
"01107",1787.48950195312,"Pickens"
"51069",1181.66137695312,"Frederick"
"54065",1163.79809570312,"Morgan"
"28053",NA,"Humphreys"
"29063",1545.10473632812,"DeKalb"
"29197",NA,"Schuyler"
"51063",1039.83666992188,"Floyd"
"54049",977.601196289062,"Marion"
"54033",1072.93798828125,"Harrison"
"39051",1091.18701171875,"Fulton"
"54021",NA,"Gilmer"
"29049",1587.74670410156,"Clinton"
"47055",1486.13098144531,"Giles"
"72019",NA,"Barranquitas"
"54005",1564.05017089844,"Boone"
"72037",NA,"Ceiba"
"72051",NA,"Dorado"
"28045",3083.31860351562,"Hancock"
"28099",1804.68737792969,"Neshoba"
"26079",1307.28344726562,"Kalkaska"
"05111",1409.96020507812,"Poinsett"
"12035",1624.86083984375,"Flagler"
"12133",1737.12329101562,"Washington"
"12107",1732.87475585938,"Putnam"
"12117",2131.84106445312,"Seminole"
"13087",1785.50378417969,"Decatur"
"40119",2227.11962890625,"Payne"
"28021",NA,"Claiborne"
"46049",NA,"Faulk"
"28035",1997.08447265625,"Forrest"
"54067",1316.83459472656,"Nicholas"
"72119",NA,"Río Grande"
"72099",NA,"Moca"
"18135",1280.77124023438,"Randolph"
"54079",1213.26623535156,"Putnam"
"35049",1532.423828125,"Santa Fe"
"13275",1789.27587890625,"Thomas"
"35041",1784.61279296875,"Roosevelt"
"38075",1503.79431152344,"Renville"
"17057",1692.73999023438,"Fulton"
"28009",2041.28503417969,"Benton"
"49057",922.44970703125,"Weber"
"19095",1299.73657226562,"Iowa"
"19047",1089.38903808594,"Crawford"
"72077",NA,"Juncos"
"17045",1463.91052246094,"Edgar"
"41033",1060.33435058594,"Josephine"
"13309",NA,"Wheeler"
"35033",NA,"Mora"
"51678",1145.85083007812,"Lexington"
"38049",1381.0224609375,"McHenry"
"17183",1137.97131347656,"Vermilion"
"20105",NA,"Lincoln"
"01001",1432.95349121094,"Autauga"
"26091",1451.63134765625,"Lenawee"
"26001",1176.09704589844,"Alcona"
"19009",1113.49597167969,"Audubon"
"26111",1332.47509765625,"Midland"
"18183",1239.76611328125,"Whitley"
"20051",2169.84912109375,"Ellis"
"17079",NA,"Jasper"
"26017",1092.419921875,"Bay"
"17007",1252.51184082031,"Boone"
"19043",1690.61083984375,"Clayton"
"18087",1277.63134765625,"LaGrange"
"28033",1584.87634277344,"DeSoto"
"48053",1509.81176757812,"Burnet"
"28135",NA,"Tallahatchie"
"42093",1090.5419921875,"Montour"
"48413",NA,"Schleicher"
"18039",1265.44079589844,"Elkhart"
"28109",2399.04858398438,"Pearl River"
"13255",1345.23840332031,"Spalding"
"19029",1148.19311523438,"Cass"
"21067",1300.65991210938,"Fayette"
"48085",2147.24682617188,"Collin"
"54063",NA,"Monroe"
"51121",1281.4052734375,"Montgomery"
"19045",1203.296875,"Clinton"
"36003",1106.10729980469,"Allegany"
"46047",1496.13977050781,"Fall River"
"13085",1489.69604492188,"Dawson"
"18067",1214.67333984375,"Howard"
"20081",NA,"Haskell"
"48397",2064.59008789062,"Rockwall"
"48185",2045.11389160156,"Grimes"
"20091",1821.830078125,"Johnson"
"38015",1709.28479003906,"Burleigh"
"46029",1422.33874511719,"Codington"
"48507",NA,"Zavala"
"20075",NA,"Hamilton"
"38001",NA,"Adams"
"01031",1626.88488769531,"Coffee"
"19165",1408.70166015625,"Shelby"
"26093",1599.24658203125,"Livingston"
"48473",2542.89233398438,"Waller"
"72043",NA,"Coamo"
"38039",NA,"Griggs"
"13111",1530.62634277344,"Fannin"
"26013",NA,"Baraga"
"19063",1163.84582519531,"Emmet"
"55025",1313.0107421875,"Dane"
"05115",1554.02380371094,"Pope"
"19005",921.839172363281,"Allamakee"
"29015",1422.376953125,"Benton"
"55103",1096.7275390625,"Richland"
"05141",1628.75305175781,"Van Buren"
"22049",1034.98278808594,"Jackson"
"55063",1271.50634765625,"La Crosse"
"37139",1927.36584472656,"Pasquotank"
"29067",NA,"Douglas"
"48317",3104.1083984375,"Martin"
"22065",NA,"Madison"
"29101",1537.28967285156,"Johnson"
"40011",1873.26831054688,"Blaine"
"40015",2056.59545898438,"Caddo"
"08059",1829.34497070312,"Jefferson"
"29123",1377.25891113281,"Madison"
"48383",NA,"Reagan"
"40137",2015.21838378906,"Stephens"
"29185",1848.28161621094,"St. Clair"
"08047",1573.00610351562,"Gilpin"
"48487",1717.86340332031,"Wilbarger"
"08073",1993.94360351562,"Lincoln"
"41011",1064.314453125,"Coos"
"08119",1685.16101074219,"Teller"
"48059",1589.20751953125,"Callahan"
"48259",2095.39086914062,"Kendall"
"48315",1668.10546875,"Marion"
"40001",NA,"Adair"
"48203",1524.37561035156,"Harrison"
"36095",1680.57824707031,"Schoharie"
"48459",1802.79016113281,"Upshur"
"31067",1560.13989257812,"Gage"
"37129",2492.14501953125,"New Hanover"
"38063",NA,"Nelson"
"17107",1117.46447753906,"Logan"
"26049",1747.87756347656,"Genesee"
"37137",2553.95092773438,"Pamlico"
"48343",1378.12268066406,"Morris"
"39041",1550.89709472656,"Delaware"
"48451",1334.5654296875,"Tom Green"
"72113",NA,"Ponce"
"26043",976.899658203125,"Dickinson"
"40033",1985.00256347656,"Cotton"
"18105",1422.54125976562,"Monroe"
"40083",2803.8837890625,"Logan"
"51710",1805.4091796875,"Norfolk"
"36023",1684.38684082031,"Cortland"
"48375",1704.544921875,"Potter"
"48079",NA,"Cochran"
"16003",1676.26403808594,"Adams"
"40007",1921.78137207031,"Beaver"
"55045",1140.3154296875,"Green"
"18063",1444.15759277344,"Hendricks"
"18179",895.220642089844,"Wells"
"28015",1875.76953125,"Carroll"
"46015",NA,"Brule"
"51510",1946.00817871094,"Alexandria"
"19117",1429.07653808594,"Lucas"
"20089",NA,"Jewell"
"51025",1294.67785644531,"Brunswick"
"48341",1575.82604980469,"Moore"
"27049",1569.89233398438,"Goodhue"
"24045",1324.22021484375,"Wicomico"
"42073",958.336120605469,"Lawrence"
"37197",1140.59228515625,"Yadkin"
"46003",NA,"Aurora"
"54001",1336.01611328125,"Barbour"
"37157",1051.02648925781,"Rockingham"
"48211",1847.25085449219,"Hemphill"
"46121",NA,"Todd"
"72129",NA,"San Lorenzo"
"17121",1587.60571289062,"Marion"
"42059",1151.93615722656,"Greene"
"18069",980.222778320312,"Huntington"
"42115",1024.66467285156,"Susquehanna"
"27103",1414.58666992188,"Nicollet"
"36001",2426.7978515625,"Albany"
"20177",1771.67932128906,"Shawnee"
"48127",NA,"Dimmit"
"48319",NA,"Mason"
"28155",NA,"Webster"
"21223",1414.00793457031,"Trimble"
"12041",1620.03210449219,"Gilchrist"
"01087",1607.826171875,"Macon"
"40133",1883.36328125,"Seminole"
"08039",2157.4619140625,"Elbert"
"28051",NA,"Holmes"
"37143",2621.77099609375,"Perquimans"
"31047",1568.63305664062,"Dawson"
"19111",1357.06335449219,"Lee"
"19083",1421.17785644531,"Hardin"
"51093",1839.166015625,"Isle of Wight"
"47169",1541.18591308594,"Trousdale"
"17185",NA,"Wabash"
"20093",NA,"Kearny"
"31167",1321.8076171875,"Stanton"
"48099",1249.65441894531,"Coryell"
"20079",1808.66625976562,"Harvey"
"21219",1615.41967773438,"Todd"
"51049",1015.55126953125,"Cumberland"
"48011",NA,"Armstrong"
"13133",1882.84155273438,"Greene"
"29079",1225.93322753906,"Grundy"
"28069",1996.39270019531,"Kemper"
"26069",1112.95202636719,"Iosco"
"39109",1101.18884277344,"Miami"
"39149",1092.35778808594,"Shelby"
"05043",1641.68725585938,"Drew"
"72065",NA,"Hatillo"
"47035",1222.79028320312,"Cumberland"
"20063",NA,"Gove"
"55005",1313.46069335938,"Barron"
"29203",NA,"Shannon"
"20199",NA,"Wallace"
"51179",1439.2978515625,"Stafford"
"08003",1160.86755371094,"Alamosa"
"29135",1471.7021484375,"Moniteau"
"51700",1469.83435058594,"Newport News"
"28129",1889.5693359375,"Smith"
"48041",1470.26696777344,"Brazos"
"40055",2000.29138183594,"Greer"
"31179",1202.41015625,"Wayne"
"51097",1416.70947265625,"King and Queen"
"21037",2358.75659179688,"Campbell"
"48069",NA,"Castro"
"24011",1314.25158691406,"Caroline"
"17123",1211.43835449219,"Marshall"
"47023",1439.21350097656,"Chester"
"27101",1467.32580566406,"Murray"
"18023",1296.71643066406,"Clinton"
"16051",1068.12414550781,"Jefferson"
"18149",1314.35949707031,"Starke"
"22061",1245.1953125,"Lincoln"
"31135",1799.61999511719,"Perkins"
"26073",1608.97546386719,"Isabella"
"38003",1176.97338867188,"Barnes"
"05059",1689.34436035156,"Hot Spring"
"37081",1170.64428710938,"Guilford"
"19077",1495.84375,"Guthrie"
"19027",1364.47045898438,"Carroll"
"26085",1378.47521972656,"Lake"
"26117",1423.77575683594,"Montcalm"
"17047",NA,"Edwards"
"40073",2453.33447265625,"Kingfisher"
"47021",1492.67504882812,"Cheatham"
"46079",1486.63488769531,"Lake"
"45039",1702.1904296875,"Fairfield"
"31037",1300.29138183594,"Colfax"
"56031",1632.111328125,"Platte"
"39153",1227.12084960938,"Summit"
"39025",1321.21533203125,"Clermont"
"13113",1659.01293945312,"Fayette"
"08091",1439.59045410156,"Ouray"
"27109",1474.27307128906,"Olmsted"
"13209",1441.01684570312,"Montgomery"
"39037",959.207641601562,"Darke"
"12067",NA,"Lafayette"
"48021",1686.17517089844,"Bastrop"
"50019",1550.26574707031,"Orleans"
"19131",1166.80395507812,"Mitchell"
"47115",1434.90148925781,"Marion"
"37089",1255.71264648438,"Henderson"
"18111",1382.72351074219,"Newton"
"17105",1068.7802734375,"Livingston"
"13035",1322.96728515625,"Butts"
"16081",1216.92797851562,"Teton"
"13015",1315.66967773438,"Bartow"
"48051",1498.8955078125,"Burleson"
"54009",1036.06848144531,"Brooke"
"28159",1847.72644042969,"Winston"
"72001",NA,"Adjuntas"
"54019",1169.19091796875,"Fayette"
"12045",3148.54418945312,"Gulf"
"53069",1432.38513183594,"Wahkiakum"
"72093",NA,"Maricao"
"21237",NA,"Wolfe"
"26147",1415.27734375,"St. Clair"
"31039",1278.2939453125,"Cuming"
"38047",NA,"Logan"
"37179",1674.40222167969,"Union"
"38079",NA,"Rolette"
"13261",1769.5546875,"Sumter"
"29091",1370.66333007812,"Howell"
"48033",NA,"Borden"
"22083",1289.61047363281,"Richland"
"48207",NA,"Haskell"
"72071",NA,"Isabela"
"37063",1299.876953125,"Durham"
"55087",1040.05712890625,"Outagamie"
"48489",2224.205078125,"Willacy"
"24029",1988.13952636719,"Kent"
"28139",1583.54614257812,"Tippah"
"45025",1389.94885253906,"Chesterfield"
"19179",1167.51733398438,"Wapello"
"29051",1331.93566894531,"Cole"
"53043",1214.08386230469,"Lincoln"
"48379",1887.50891113281,"Rains"
"40057",NA,"Harmon"
"17005",1654.3671875,"Bond"
"01111",1688.30041503906,"Randolph"
"13019",1568.94738769531,"Berrien"
"48045",NA,"Briscoe"
"20039",NA,"Decatur"
"55105",1197.05383300781,"Rock"
"31183",NA,"Wheeler"
"48193",2354.18725585938,"Hamilton"
"20083",NA,"Hodgeman"
"48233",1754.00952148438,"Hutchinson"
"29081",1361.45373535156,"Harrison"
"21035",1633.68005371094,"Calloway"
"20173",1873.53381347656,"Sedgwick"
"27113",1230.76745605469,"Pennington"
"28013",1910.64904785156,"Calhoun"
"72103",NA,"Naguabo"
"20175",2089.02954101562,"Seward"
"56011",NA,"Crook"
"13143",1606.8125,"Haralson"
"48389",NA,"Reeves"
"17051",1240.18347167969,"Fayette"
"31079",1383.03540039062,"Hall"
"40043",NA,"Dewey"
"72131",NA,"San Sebastián"
"13149",1401.08386230469,"Heard"
"18177",1084.25036621094,"Wayne"
"31095",1202.18872070312,"Jefferson"
"54029",1067.36462402344,"Hancock"
"31017",NA,"Brown"
"20009",2059.91430664062,"Barton"
"22073",1355.95532226562,"Ouachita"
"48089",1482.21606445312,"Colorado"
"19139",1142.0439453125,"Muscatine"
"31159",1459.5546875,"Seward"
"18107",1187.63049316406,"Montgomery"
"18025",1426.04248046875,"Crawford"
"05045",1647.48083496094,"Faulkner"
"18157",1158.99450683594,"Tippecanoe"
"39021",1339.81091308594,"Champaign"
"48165",1903.34436035156,"Gaines"
"39081",1109.263671875,"Jefferson"
"48269",NA,"King"
"39043",1176.29638671875,"Erie"
"17019",1209.12878417969,"Champaign"
"35019",NA,"Guadalupe"
"40125",2145.05932617188,"Pottawatomie"
"20155",1729.30395507812,"Reno"
"13011",1357.89270019531,"Banks"
"48421",NA,"Sherman"
"27091",1390.83166503906,"Martin"
"06077",1264.86303710938,"San Joaquin"
"19123",1164.1474609375,"Mahaska"
"38041",NA,"Hettinger"
"51770",895.933776855469,"Roanoke"
"36101",1958.75439453125,"Steuben"
"72007",NA,"Aguas Buenas"
"18047",1376.84973144531,"Franklin"
"40105",1821.94665527344,"Nowata"
"05053",1599.41564941406,"Grant"
"18053",1202.30395507812,"Grant"
"13213",1184.41589355469,"Murray"
"46007",NA,"Bennett"
"17125",1401.95520019531,"Mason"
"27033",1369.10852050781,"Cottonwood"
"48279",1791.93994140625,"Lamb"
"19153",1343.17517089844,"Polk"
"53049",1247.50610351562,"Pacific"
"51111",1092.68859863281,"Lunenburg"
"47003",1326.12731933594,"Bedford"
"17119",1297.43920898438,"Madison"
"06001",1797.94885253906,"Alameda"
"06073",1566.21923828125,"San Diego"
"18151",1235.16662597656,"Steuben"
"18167",1203.29187011719,"Vigo"
"20125",NA,"Montgomery"
"21055",1768.98364257812,"Crittenden"
"26141",1209.3857421875,"Presque Isle"
"27119",1354.2119140625,"Polk"
"29209",1669.92114257812,"Stone"
"28103",NA,"Noxubee"
"31133",NA,"Pawnee"
"34029",2115.5771484375,"Ocean"
"36055",1424.86291503906,"Monroe"
"35007",1510.58984375,"Colfax"
"37117",1736.39367675781,"Martin"
"37015",1561.78442382812,"Bertie"
"37009",1363.61437988281,"Ashe"
"45003",1466.96667480469,"Aiken"
"38013",NA,"Burke"
"48321",2465.80883789062,"Matagorda"
"48057",2161.8583984375,"Calhoun"
"01047",1829.74279785156,"Dallas"
"17083",1317.75207519531,"Jersey"
"48095",NA,"Concho"
"20061",1598.77526855469,"Geary"
"23001",1213.3310546875,"Androscoggin"
"41069",NA,"Wheeler"
"47001",1343.53247070312,"Anderson"
"29107",1542.06909179688,"Lafayette"
"06003",NA,"Alpine"
"29137",1381.61303710938,"Monroe"
"39089",1340.66479492188,"Licking"
"05065",1499.47277832031,"Izard"
"51790",1008.09722900391,"Staunton"
"21109",NA,"Jackson"
"20035",NA,"Cowley"
"37105",1254.31372070312,"Lee"
"37165",1636.35864257812,"Scotland"
"46011",1461.06481933594,"Brookings"
"46097",NA,"Miner"
"51540",1160.06750488281,"Charlottesville"
"47171",1152.79089355469,"Unicoi"
"55117",963.395446777344,"Sheboygan"
"53003",983.341491699219,"Asotin"
"17199",1877.009765625,"Williamson"
"39077",1138.375,"Huron"
"48285",1409.42443847656,"Lavaca"
"31001",1294.21435546875,"Adams"
"27121",1448.32568359375,"Pope"
"55085",1207.13061523438,"Oneida"
"39115",1357.66198730469,"Morgan"
"13065",1383.04724121094,"Clinch"
"26025",NA,"Calhoun"
"37127",1559.96423339844,"Nash"
"18035",1075.15246582031,"Delaware"
"13009",1355.69226074219,"Baldwin"
"20113",NA,"McPherson"
"48361",2056.11059570312,"Orange"
"48399",1521.4462890625,"Runnels"
"36035",1794.17541503906,"Fulton"
"40121",1933.45056152344,"Pittsburg"
"39053",1679.68701171875,"Gallia"
"01075",1276.05810546875,"Lamar"
"29211",NA,"Sullivan"
"12091",2392.537109375,"Okaloosa"
"28023",1961.99230957031,"Clarke"
"27111",1575.50830078125,"Otter Tail"
"05009",1599.04797363281,"Boone"
"55039",1058.74658203125,"Fond du Lac"
"72091",NA,"Manatí"
"18057",1654.88391113281,"Hamilton"
"20195",NA,"Trego"
"13197",1580.19006347656,"Marion"
"36109",1554.18151855469,"Tompkins"
"48495",NA,"Winkler"
"29213",1594.28356933594,"Taney"
"55071",1048.67138671875,"Manitowoc"
"29141",1465.21887207031,"Morgan"
"21115",1625.46704101562,"Johnson"
"29097",1418.05236816406,"Jasper"
"17135",1226.50476074219,"Montgomery"
"51103",1797.87866210938,"Lancaster"
"51043",1526.76770019531,"Clarke"
"42005",835.352478027344,"Armstrong"
"46039",NA,"Deuel"
"17109",1261.20581054688,"McDonough"
"13053",1161.52990722656,"Chattahoochee"
"55078",NA,"Menominee"
"28077",2555.11083984375,"Lawrence"
"22003",1058.02136230469,"Allen"
"46035",1345.28295898438,"Davison"
"31117",NA,"McPherson"
"01113",1381.11743164062,"Russell"
"04023",1022.29644775391,"Santa Cruz"
"05017",2168.72509765625,"Chicot"
"12061",2495.373046875,"Indian River"
"16069",998.649658203125,"Nez Perce"
"19059",1393.91430664062,"Dickinson"
"20099",NA,"Labette"
"22115",883.709106445312,"Vernon"
"22085",1071.34375,"Sabine"
"24005",1448.36096191406,"Baltimore"
"24003",1582.26940917969,"Anne Arundel"
"27025",1855.29443359375,"Chisago"
"28075",1859.62292480469,"Lauderdale"
"28149",1897.70849609375,"Warren"
"30041",1333.98620605469,"Hill"
"29217",1389.0869140625,"Vernon"
"29047",1495.513671875,"Clay"
"36081",2615.0751953125,"Queens"
"48501",1575.39636230469,"Yoakum"
"06009",1383.39611816406,"Calaveras"
"13171",1457.79467773438,"Lamar"
"47185",1264.95642089844,"White"
"20141",NA,"Osborne"
"48145",1628.43322753906,"Falls"
"24023",1327.34753417969,"Garrett"
"18175",1414.21923828125,"Washington"
"31101",1861.80517578125,"Keith"
"72127",NA,"San Juan"
"17035",1188.69396972656,"Cumberland"
"28057",1753.5205078125,"Itawamba"
"20053",NA,"Ellsworth"
"29089",1652.3154296875,"Howard"
"48369",1988.09484863281,"Parmer"
"27067",1451.60485839844,"Kandiyohi"
"20119",NA,"Meade"
"29023",1716.45092773438,"Butler"
"39103",1255.8583984375,"Medina"
"40003",NA,"Alfalfa"
"12093",2059.54443359375,"Okeechobee"
"28131",2249.392578125,"Stone"
"18031",1295.37353515625,"Decatur"
"21235",1570.220703125,"Whitley"
"32033",906.457824707031,"White Pine"
"35059",1420.53674316406,"Union"
"39079",1262.67053222656,"Jackson"
"40071",1911.27026367188,"Kay"
"39143",1174.3349609375,"Sandusky"
"41001",868.051147460938,"Baker"
"01125",1604.37268066406,"Tuscaloosa"
"01035",2117.41552734375,"Conecuh"
"01095",1660.328125,"Marshall"
"04021",922.26123046875,"Pinal"
"06089",1236.86901855469,"Shasta"
"13141",1507.04040527344,"Hancock"
"13223",1315.6923828125,"Paulding"
"17147",1117.86315917969,"Piatt"
"17103",1113.44323730469,"Lee"
"02068",NA,"Denali"
"06013",1647.43286132812,"Contra Costa"
"12019",1588.30065917969,"Clay"
"13243",NA,"Randolph"
"18081",1435.89331054688,"Johnson"
"20207",NA,"Woodson"
"20165",NA,"Rush"
"21229",1302.06994628906,"Washington"
"22055",2196.79272460938,"Lafayette"
"26113",1208.75451660156,"Missaukee"
"27171",1813.7529296875,"Wright"
"28073",2216.9140625,"Lamar"
"29229",NA,"Wright"
"30103",NA,"Treasure"
"31093",1630.24328613281,"Howard"
"31041",1546.7958984375,"Custer"
"21193",NA,"Perry"
"37041",2026.41540527344,"Chowan"
"31141",1397.05053710938,"Platte"
"39031",1149.64208984375,"Coshocton"
"42069",1183.97351074219,"Lackawanna"
"46093",1748.39965820312,"Meade"
"51047",1381.03198242188,"Culpeper"
"47041",1406.38427734375,"DeKalb"
"48335",1839.92370605469,"Mitchell"
"48043",1929.21166992188,"Brewster"
"51085",1240.54040527344,"Hanover"
"54101",NA,"Webster"
"51570",1102.13757324219,"Colonial Heights"
"51195",1156.0244140625,"Wise"
"72073",NA,"Jayuya"
"72029",NA,"Canóvanas"
"55093",1482.76342773438,"Pierce"
"56025",1362.65417480469,"Natrona"
"53019",1340.87341308594,"Ferry"
"33017",1562.92700195312,"Strafford"
"26165",NA,"Wexford"
"36097",1382.42749023438,"Schuyler"
"12063",1808.09118652344,"Jackson"
"39071",1193.15808105469,"Highland"
"36079",2207.00390625,"Putnam"
"40115",1726.0087890625,"Ottawa"
"39085",1112.89392089844,"Lake"
"41021",774.237854003906,"Gilliam"
"51027",NA,"Buchanan"
"47029",1442.44323730469,"Cocke"
"01043",1602.00122070312,"Cullman"
"02016",NA,"Aleutians West"
"12071",2541.0439453125,"Lee"
"12069",1639.58215332031,"Lake"
"13305",1524.37170410156,"Wayne"
"17017",1331.6240234375,"Cass"
"18071",1141.79614257812,"Jackson"
"19169",1319.99877929688,"Story"
"21137",1409.85192871094,"Lincoln"
"21167",1603.67663574219,"Mercer"
"19105",1349.80859375,"Jones"
"19135",1402.12268066406,"Monroe"
"29029",1784.32592773438,"Camden"
"28031",2122.5625,"Covington"
"21097",1404.32116699219,"Harrison"
"29083",1525.18347167969,"Henry"
"30037",NA,"Golden Valley"
"31051",1273.02258300781,"Dixon"
"30049",1292.05578613281,"Lewis and Clark"
"21127",1588.05651855469,"Lawrence"
"40145",2097.70922851562,"Wagoner"
"42079",1061.40100097656,"Luzerne"
"48275",NA,"Knox"
"51059",1721.4169921875,"Fairfax"
"51157",1424.06274414062,"Rappahannock"
"51075",1573.75244140625,"Goochland"
"51191",1160.1689453125,"Washington"
"54037",1279.64562988281,"Jefferson"
"72047",NA,"Corozal"
"01003",2706.57739257812,"Baldwin"
"51115",2115.06494140625,"Mathews"
"55097",1147.69201660156,"Portage"
"54087",1236.19958496094,"Roane"
"06049",1124.23181152344,"Modoc"
"36121",1169.13037109375,"Wyoming"
"19125",1278.158203125,"Marion"
"26033",1335.19274902344,"Chippewa"
"20041",1753.04284667969,"Dickinson"
"39167",1226.56872558594,"Washington"
"28125",NA,"Sharkey"
"31163",NA,"Sherman"
"31009",NA,"Blaine"
"31129",NA,"Nuckolls"
"05083",1390.67004394531,"Logan"
"42017",1753.58337402344,"Bucks"
"46009",NA,"Bon Homme"
"46103",1583.47644042969,"Pennington"
"48175",1951.76818847656,"Goliad"
"18153",1375.76000976562,"Sullivan"
"21101",1839.9423828125,"Henderson"
"48251",1836.94104003906,"Johnson"
"40087",2544.3701171875,"McClain"
"48463",1346.1201171875,"Uvalde"
"06095",1373.27404785156,"Solano"
"31145",1477.40087890625,"Red Willow"
"22107",NA,"Tensas"
"31007",NA,"Banner"
"32017",1009.65313720703,"Lincoln"
"51167",1013.39715576172,"Russell"
"47131",1478.68664550781,"Obion"
"55027",1093.451171875,"Dodge"
"72111",NA,"Peñuelas"
"72031",NA,"Carolina"
"48249",2118.99609375,"Jim Wells"
"48445",1781.30212402344,"Terry"
"27031",1666.64819335938,"Cook"
"48337",1991.5498046875,"Montague"
"05007",1561.29760742188,"Benton"
"06065",1466.974609375,"Riverside"
"06041",2515.9736328125,"Marin"
"13191",1980.04296875,"McIntosh"
"13027",1598.35876464844,"Brooks"
"17023",1306.68725585938,"Clark"
"18083",1385.51745605469,"Knox"
"18171",1395.72912597656,"Warren"
"21213",1541.67980957031,"Simpson"
"22037",1961.00378417969,"East Feliciana"
"23017",1330.49035644531,"Oxford"
"26053",NA,"Gogebic"
"28141",1408.69128417969,"Tishomingo"
"32003",1069.34497070312,"Clark"
"29003",1388.05969238281,"Andrew"
"38095",NA,"Towner"
"38087",NA,"Slope"
"17169",NA,"Schuyler"
"18093",1452.41149902344,"Lawrence"
"20003",NA,"Anderson"
"20127",NA,"Morris"
"21049",1455.72729492188,"Clark"
"23009",1532.61437988281,"Hancock"
"22051",3975.23071289062,"Jefferson"
"27029",1396.0107421875,"Clearwater"
"28089",1777.16442871094,"Madison"
"28105",1708.14672851562,"Oktibbeha"
"22075",4321.28466796875,"Plaquemines"
"37193",1140.65124511719,"Wilkes"
"35001",1217.84240722656,"Bernalillo"
"27095",1632.337890625,"Mille Lacs"
"21161",889.96923828125,"Mason"
"28161",2041.63403320312,"Yalobusha"
"28163",2128.384765625,"Yazoo"
"39027",1259.42736816406,"Clinton"
"41071",1061.78845214844,"Yamhill"
"47175",1398.90881347656,"Van Buren"
"48293",1585.01196289062,"Limestone"
"48289",1744.46557617188,"Leon"
"51061",1533.95385742188,"Fauquier"
"48329",1872.2412109375,"Midland"
"48241",2098.67700195312,"Jasper"
"72075",NA,"Juana Díaz"
"55079",1854.82482910156,"Milwaukee"
"72087",NA,"Loíza"
"01039",1757.10131835938,"Covington"
"55075",975.204345703125,"Marinette"
"56039",1787.96130371094,"Teton"
"26055",2289.06005859375,"Grand Traverse"
"20047",NA,"Edwards"
"38043",NA,"Kidder"
"13083",1605.04516601562,"Dade"
"13317",1625.75036621094,"Wilkes"
"30071",1371.94836425781,"Phillips"
"38023",NA,"Divide"
"22041",1297.86791992188,"Franklin"
"17161",1093.80541992188,"Rock Island"
"51109",1251.48120117188,"Louisa"
"46065",NA,"Hughes"
"72145",NA,"Vega Baja"
"48161",1825.56237792969,"Freestone"
"72011",NA,"Añasco"
"40047",1974.57092285156,"Garfield"
"04017",1081.86010742188,"Navajo"
"09005",1713.70056152344,"Litchfield"
"16075",1121.79125976562,"Payette"
"16049",1365.05944824219,"Idaho"
"19053",1584.50915527344,"Decatur"
"20033",NA,"Comanche"
"22077",1952.98413085938,"Pointe Coupee"
"22011",1057.27587890625,"Beauregard"
"26151",1455.85327148438,"Sanilac"
"27037",1868.59973144531,"Dakota"
"29147",1315.9296875,"Nodaway"
"13173",1650.19702148438,"Lanier"
"29087",1977.44482421875,"Holt"
"30101",1160.60192871094,"Toole"
"22125",1983.01843261719,"West Feliciana"
"30091",1397.54040527344,"Sheridan"
"40075",2247.07421875,"Kiowa"
"54081",1187.66943359375,"Raleigh"
"55091",NA,"Pepin"
"56033",1412.27124023438,"Sheridan"
"48115",1750.83837890625,"Dawson"
"40135",1924.86889648438,"Sequoyah"
"04019",961.461975097656,"Pima"
"05081",1549.94348144531,"Little River"
"08009",NA,"Baca"
"13233",1393.01647949219,"Polk"
"13251",1428.52001953125,"Screven"
"13105",1355.78833007812,"Elbert"
"17013",NA,"Calhoun"
"17003",NA,"Alexander"
"18141",1065.48486328125,"St. Joseph"
"19061",1184.99536132812,"Dubuque"
"12053",1849.92492675781,"Hernando"
"12057",2520.53833007812,"Hillsborough"
"21041",1240.49890136719,"Carroll"
"22017",1918.27172851562,"Caddo"
"26163",1352.16186523438,"Wayne"
"26009",1506.46643066406,"Antrim"
"28157",NA,"Wilkinson"
"30083",1605.88854980469,"Richland"
"12037",3964.78833007812,"Franklin"
"21005",1441.69775390625,"Anderson"
"29103",NA,"Knox"
"38017",1352.35131835938,"Cass"
"21105",NA,"Hickman"
"29163",1497.03295898438,"Pike"
"40139",1789.80773925781,"Texas"
"21051",NA,"Clay"
"38085",NA,"Sioux"
"17085",1342.462890625,"Jo Daviess"
"45021",1275.23852539062,"Cherokee"
"53063",982.508117675781,"Spokane"
"54053",1171.31079101562,"Mason"
"47031",1388.67858886719,"Coffee"
"48141",1310.40283203125,"El Paso"
"49051",1202.33093261719,"Wasatch"
"04011",NA,"Greenlee"
"06059",1691.01232910156,"Orange"
"06035",1314.25854492188,"Lassen"
"09009",1883.43688964844,"New Haven"
"16041",978.43115234375,"Franklin"
"37055",3729.40893554688,"Dare"
"38053",1483.98400878906,"McKenzie"
"36031",1566.56848144531,"Essex"
"41037",1141.30798339844,"Lake"
"45053",1834.85266113281,"Jasper"
"46053",NA,"Gregory"
"01101",1490.38562011719,"Montgomery"
"02110",1441.07397460938,"Juneau"
"02290",NA,"Yukon-Koyukuk"
"06019",1179.19885253906,"Fresno"
"12095",2001.02758789062,"Orange"
"13231",1384.578125,"Pike"
"13217",1304.41320800781,"Newton"
"30003",1397.41760253906,"Big Horn"
"31161",NA,"Sheridan"
"31181",NA,"Webster"
"36073",1196.88342285156,"Orleans"
"37031",3032.75390625,"Carteret"
"39105",1481.2763671875,"Meigs"
"13319",1574.34362792969,"Wilkinson"
"48295",NA,"Lipscomb"
"41057",1260.05419921875,"Tillamook"
"47103",1415.80334472656,"Lincoln"
"47051",1454.75256347656,"Franklin"
"55109",1484.75341796875,"St. Croix"
"01065",1723.01965332031,"Hale"
"02198",NA,"Prince of Wales-Hyder"
"02220",NA,"Sitka"
"08015",1278.11267089844,"Chaffee"
"12049",2135.06884765625,"Hardee"
"13121",2403.29248046875,"Fulton"
"13235",1551.55822753906,"Pulaski"
"13227",1566.56567382812,"Pickens"
"13097",1411.97033691406,"Douglas"
"16015",1247.66516113281,"Boise"
"19197",1573.77416992188,"Wright"
"19073",1187.26708984375,"Greene"
"18045",1439.7197265625,"Fountain"
"18037",1289.99914550781,"Dubois"
"21199",1427.81958007812,"Pulaski"
"19055",1373.29382324219,"Delaware"
"21089",1621.68481445312,"Greenup"
"24027",1889.90502929688,"Howard"
"22121",1435.3955078125,"West Baton Rouge"
"31175",1743.78088378906,"Valley"
"31011",NA,"Boone"
"31109",1371.95251464844,"Lancaster"
"35027",1566.24072265625,"Lincoln"
"42019",1110.24169921875,"Butler"
"45023",1328.06774902344,"Chester"
"47005",1461.91662597656,"Benton"
"48201",2139.90112304688,"Harris"
"48209",1731.51391601562,"Hays"
"48287",1983.67065429688,"Lee"
"48429",2504.72802734375,"Stephens"
"48005",1657.82495117188,"Angelina"
"48073",1875.66174316406,"Cherokee"
"51033",1301.3271484375,"Caroline"
"72049",NA,"Culebra"
"53017",1146.22644042969,"Douglas"
"18013",1656.99206542969,"Brown"
"19039",1346.82409667969,"Clarke"
"39073",1050.88415527344,"Hocking"
"12003",1649.80834960938,"Baker"
"19071",1475.02612304688,"Fremont"
"12075",2038.00915527344,"Levy"
"39013",1147.11401367188,"Belmont"
"19031",1217.77734375,"Cedar"
"37153",1348.05053710938,"Richmond"
"12127",1894.54602050781,"Volusia"
"37069",1358.70495605469,"Franklin"
"13279",1761.73803710938,"Toombs"
"29159",1417.81726074219,"Pettis"
"21091",1318.88464355469,"Hancock"
"21001",1522.806640625,"Adair"
"30059",NA,"Meagher"
"36051",1144.38427734375,"Livingston"
"51036",1442.27026367188,"Charles City"
"45061",1549.19213867188,"Lee"
"45017",1366.58837890625,"Calhoun"
"48171",2508.43725585938,"Gillespie"
"48349",1697.7587890625,"Navarro"
"48347",1396.16857910156,"Nacogdoches"
"48255",1580.53857421875,"Karnes"
"49045",1002.94348144531,"Tooele"
"49025",877.783569335938,"Kane"
"51730",1198.14233398438,"Petersburg"
"54107",1082.14978027344,"Wood"
"53001",1126.38659667969,"Adams"
"54045",1816.50854492188,"Logan"
"17099",1321.11279296875,"LaSalle"
"18041",1171.27392578125,"Fayette"
"36049",1375.27404785156,"Lewis"
"39163",1543.89123535156,"Vinton"
"20151",NA,"Pratt"
"20069",NA,"Gray"
"28117",1795.05187988281,"Prentiss"
"28115",1812.91296386719,"Pontotoc"
"28025",2320.79248046875,"Clay"
"29207",1500.85107421875,"Stoddard"
"29001",1144.0771484375,"Adair"
"37099",1280.59167480469,"Jackson"
"21057",NA,"Cumberland"
"21217",1510.00280761719,"Taylor"
"30035",1080.54357910156,"Glacier"
"16001",1051.95617675781,"Ada"
"31113",NA,"Logan"
"44001",2635.12255859375,"Bristol"
"23013",1471.90173339844,"Knox"
"25027",1578.20251464844,"Worcester"
"26011",1414.66882324219,"Arenac"
"29155",NA,"Pemiscot"
"31021",1605.33129882812,"Burt"
"33019",1823.69848632812,"Sullivan"
"35025",2102.96069335938,"Lea"
"37149",1442.57470703125,"Polk"
"37053",3079.85107421875,"Currituck"
"39035",1334.10375976562,"Cuyahoga"
"42071",971.375732421875,"Lancaster"
"37141",2716.18383789062,"Pender"
"48427",1765.60461425781,"Starr"
"41059",1047.71325683594,"Umatilla"
"42095",1267.8525390625,"Northampton"
"54073",1076.72155761719,"Pleasants"
"45051",2158.97143554688,"Horry"
"02130",1508.03796386719,"Ketchikan Gateway"
"05087",1641.91564941406,"Madison"
"06029",1171.6669921875,"Kern"
"12083",1478.36486816406,"Marion"
"17039",1215.83190917969,"De Witt"
"28007",1526.67028808594,"Attala"
"21121",1457.51831054688,"Knox"
"21113",1581.23461914062,"Jessamine"
"22093",1966.54052734375,"St. James"
"22095",2368.80322265625,"St. John the Baptist"
"23019",1413.19787597656,"Penobscot"
"28097",NA,"Montgomery"
"31053",1618.21899414062,"Dodge"
"29219",1699.25207519531,"Warren"
"35061",1713.9453125,"Valencia"
"37167",1152.45007324219,"Stanly"
"38061",1450.38391113281,"Mountrail"
"31089",1324.93774414062,"Holt"
"39151",1038.01501464844,"Stark"
"42119",2043.39672851562,"Union"
"42065",745.489379882812,"Jefferson"
"45067",1565.14416503906,"Marion"
"47141",1264.11474609375,"Putnam"
"48113",1693.98620605469,"Dallas"
"48491",1516.77978515625,"Williamson"
"17137",1332.81127929688,"Morgan"
"18101",1170.58715820312,"Martin"
"29057",NA,"Dade"
"18113",1208.42541503906,"Noble"
"20095",2027.93896484375,"Kingman"
"21129",NA,"Lee"
"20043",NA,"Doniphan"
"28151",2087.25854492188,"Washington"
"21103",1652.33581542969,"Henry"
"29215",1614.22509765625,"Texas"
"35051",944.123352050781,"Sierra"
"30033",NA,"Garfield"
"39141",985.789733886719,"Ross"
"35028",1289.49682617188,"Los Alamos"
"40123",2134.82104492188,"Pontotoc"
"45075",1665.20935058594,"Orangeburg"
"46067",NA,"Hutchinson"
"47149",1414.89611816406,"Rutherford"
"51173",988.654296875,"Smyth"
"48131",NA,"Duval"
"48465",1116.69506835938,"Val Verde"
"49013",1147.98364257812,"Duchesne"
"49023",759.428771972656,"Juab"
"55111",1210.87683105469,"Sauk"
"72035",NA,"Cayey"
"01079",1652.15380859375,"Lawrence"
"01085",2222.6220703125,"Lowndes"
"51091",1175.95971679688,"Highland"
"53041",1301.59558105469,"Lewis"
"18103",953.115234375,"Miami"
"18159",1180.60852050781,"Tipton"
"18139",1355.3876953125,"Rush"
"48039",2353.07055664062,"Brazoria"
"48245",2251.09765625,"Jefferson"
"06105",1518.02990722656,"Trinity"
"08027",1724.9638671875,"Custer"
"13079",1560.28833007812,"Crawford"
"16023",1136.91455078125,"Butte"
"16085",1160.28271484375,"Valley"
"33013",1703.27001953125,"Merrimack"
"28071",2784.77734375,"Lafayette"
"20145",NA,"Pawnee"
"20029",2075.89428710938,"Cloud"
"20111",1515.50463867188,"Lyon"
"21169",1456.49829101562,"Metcalfe"
"29139",1780.29174804688,"Montgomery"
"22059",776.404602050781,"LaSalle"
"29077",1394.91442871094,"Greene"
"53061",1261.27111816406,"Snohomish"
"51149",1266.50842285156,"Prince George"
"55107",1087.12780761719,"Rusk"
"55031",1291.20678710938,"Douglas"
"54013",NA,"Calhoun"
"56007",1253.85913085938,"Carbon"
"34033",1992.09191894531,"Salem"
"08061",NA,"Kiowa"
"26089",2654.40380859375,"Leelanau"
"27117",1395.12048339844,"Pipestone"
"39039",1109.12805175781,"Defiance"
"37191",1369.42370605469,"Wayne"
"21157",1739.33251953125,"Marshall"
"21177",1659.12036132812,"Muhlenberg"
"40053",NA,"Grant"
"13175",1623.068359375,"Laurens"
"21203",1436.10681152344,"Rockcastle"
"51750",1019.61663818359,"Radford"
"46105",NA,"Perkins"
"41023",NA,"Grant"
"13177",1613.93786621094,"Lee"
"29113",1603.85327148438,"Lincoln"
"01049",1688.22705078125,"DeKalb"
"05015",1595.14660644531,"Carroll"
"05041",1731.04406738281,"Desha"
"08017",NA,"Cheyenne"
"12085",3170.40869140625,"Martin"
"12031",1684.39111328125,"Duval"
"48455",1258.66577148438,"Trinity"
"48373",1852.41931152344,"Polk"
"55139",1071.37780761719,"Winnebago"
"72027",NA,"Camuy"
"48077",1789.37219238281,"Clay"
"55133",1283.2861328125,"Waukesha"
"51650",3036.6552734375,"Hampton"
"55047",925.542846679688,"Green Lake"
"53011",1049.9833984375,"Clark"
"26155",1319.24157714844,"Shiawassee"
"08023",NA,"Costilla"
"27081",1647.44152832031,"Lincoln"
"37119",1364.267578125,"Mecklenburg"
"27035",1642.37524414062,"Crow Wing"
"28127",1873.40869140625,"Simpson"
"13007",NA,"Baker"
"21003",1694.79797363281,"Allen"
"21039",NA,"Carlisle"
"29045",NA,"Clark"
"22009",1254.56774902344,"Avoyelles"
"31077",NA,"Greeley"
"23025",1322.08447265625,"Somerset"
"05125",1612.66589355469,"Saline"
"44007",1541.48706054688,"Providence"
"48163",1706.4677734375,"Frio"
"20181",NA,"Sherman"
"01023",1939.07250976562,"Choctaw"
"42049",931.109924316406,"Erie"
"51620",1416.30444335938,"Franklin"
"01097",2243.87548828125,"Mobile"
"04005",1066.61267089844,"Coconino"
"06111",1561.3955078125,"Ventura"
"08081",1005.79913330078,"Moffat"
"11001",1837.5146484375,"District of Columbia"
"17059",1591.10400390625,"Gallatin"
"22031",1098.13793945312,"De Soto"
"23027",1495.79956054688,"Waldo"
"24031",1530.11950683594,"Montgomery"
"25003",1217.37719726562,"Berkshire"
"27167",1669.64111328125,"Wilkin"
"29005",NA,"Atchison"
"31131",1408.76062011719,"Otoe"
"33003",1445.60595703125,"Carroll"
"34011",1608.33813476562,"Cumberland"
"30057",1407.62487792969,"Madison"
"34005",1875.78356933594,"Burlington"
"36103",3109.65673828125,"Suffolk"
"01121",1670.12292480469,"Talladega"
"46127",1503.92553710938,"Union"
"51013",1772.53979492188,"Arlington"
"53029",1416.35412597656,"Island"
"46023",NA,"Charles Mix"
"02230",NA,"Skagway"
"31081",1565.88305664062,"Hamilton"
"17143",1122.61157226562,"Peoria"
"17113",1059.01440429688,"McLean"
"20171",NA,"Scott"
"20059",2465.95727539062,"Franklin"
"34017",2283.70068359375,"Hudson"
"21143",1719.49584960938,"Lyon"
"21233",1832.1103515625,"Webster"
"21209",1471.08837890625,"Scott"
"21185",2122.21118164062,"Oldham"
"21077",1465.41662597656,"Gallatin"
"26125",1594.66076660156,"Oakland"
"28065",1803.08374023438,"Jefferson Davis"
"21111",1617.96142578125,"Jefferson"
"22013",1107.86853027344,"Bienville"
"30013",1234.51684570312,"Cascade"
"35047",1491.921875,"San Miguel"
"37151",1054.51062011719,"Randolph"
"31099",1590.68347167969,"Kearney"
"40063",1421.92785644531,"Hughes"
"42099",973.072631835938,"Perry"
"42011",1133.24072265625,"Berks"
"45015",1859.26220703125,"Berkeley"
"51107",1891.71765136719,"Loudoun"
"48149",1858.49157714844,"Fayette"
"48081",NA,"Coke"
"48299",1780.89440917969,"Llano"
"48363",2257.17016601562,"Palo Pinto"
"49055",NA,"Wayne"
"31045",1624.46667480469,"Dawes"
"42063",1023.98907470703,"Indiana"
"48247",NA,"Jim Hogg"
"41047",1016.90808105469,"Marion"
"72023",NA,"Cabo Rojo"
"42067",827.359497070312,"Juniata"
"18145",1435.228515625,"Shelby"
"29095",1517.90087890625,"Jackson"
"29221",1654.45483398438,"Washington"
"29105",1362.16271972656,"Laclede"
"42081",921.21923828125,"Lycoming"
"29121",1328.27673339844,"Macon"
"22117",1441.12341308594,"Washington"
"51147",1125.0146484375,"Prince Edward"
"42091",1768.55883789062,"Montgomery"
"27163",1980.74499511719,"Washington"
"51153",1652.7138671875,"Prince William"
"05001",1701.40283203125,"Arkansas"
"24033",1655.61376953125,"Prince George's"
"34015",2397.173828125,"Gloucester"
"37199",1384.90686035156,"Yancey"
"39019",1329.0390625,"Carroll"
"05011",1798.40417480469,"Bradley"
"12009",2268.49389648438,"Brevard"
"06025",1126.85144042969,"Imperial"
"47117",1294.87426757812,"Marshall"
"16009",1349.1591796875,"Benewah"
"40045",NA,"Ellis"
"40059",NA,"Harper"
"16013",1465.10827636719,"Blaine"
"30095",1594.97277832031,"Stillwater"
"13001",1734.66516113281,"Appling"
"39001",1369.09350585938,"Adams"
"40153",2152.40795898438,"Woodward"
"31121",1421.45751953125,"Merrick"
"05133",1553.68005371094,"Sevier"
"45071",1512.65112304688,"Newberry"
"46125",1462.09216308594,"Turner"
"47027",1310.34375,"Clay"
"47025",1345.99182128906,"Claiborne"
"48415",1689.66394042969,"Scurry"
"72143",NA,"Vega Alta"
"40023",1914.12963867188,"Choctaw"
"38067",1156.28930664062,"Pembina"
"40041",2148.80541992188,"Delaware"
"41043",1087.81665039062,"Linn"
"50009",NA,"Essex"
"29201",1736.73229980469,"Scott"
"51099",1341.72534179688,"King George"
"53025",1144.5634765625,"Grant"
"51105",887.74169921875,"Lee"
"53059",1296.47888183594,"Skamania"
"29041",NA,"Chariton"
"50011",1652.96166992188,"Franklin"
"41017",1028.57055664062,"Deschutes"
"29131",1626.06176757812,"Miller"
"41025",1136.09326171875,"Harney"
"29055",1526.52587890625,"Crawford"
"21171",NA,"Monroe"
"16031",908.495666503906,"Cassia"
"16017",1296.43151855469,"Bonner"
"18115",1234.60693359375,"Ohio"
"20187",NA,"Stanton"
"21191",1507.87744140625,"Pendleton"
"24019",1359.03771972656,"Dorchester"
"26109",2185.68603515625,"Menominee"
"27043",1224.59033203125,"Faribault"
"28005",2489.42700195312,"Amite"
"29143",1648.06982421875,"New Madrid"
"34007",1870.68298339844,"Camden"
"39123",1262.48193359375,"Ottawa"
"37003",1058.28942871094,"Alexander"
"39171",924.907470703125,"Williams"
"45049",1507.31994628906,"Hampton"
"45037",1660.64636230469,"Edgefield"
"48205",2214.84326171875,"Hartley"
"51199",1567.09155273438,"York"
"53057",1292.70825195312,"Skagit"
"47147",1404.90197753906,"Robertson"
"55023",1088.02746582031,"Crawford"
"01055",1609.328125,"Etowah"
"01057",1805.42590332031,"Fayette"
"04007",1033.31140136719,"Gila"
"08053",NA,"Hinsdale"
"08031",1791.25146484375,"Denver"
"12119",1231.60754394531,"Sumter"
"13195",1381.607421875,"Madison"
"17201",1083.72216796875,"Winnebago"
"24041",2330.681640625,"Talbot"
"20169",1529.68395996094,"Saline"
"17193",1832.28881835938,"White"
"24510",1279.74572753906,"Baltimore"
"20017",NA,"Chase"
"48087",NA,"Collingsworth"
"41067",1192.88940429688,"Washington"
"30069",NA,"Petroleum"
"27107",1494.82861328125,"Norman"
"30097",1220.69812011719,"Sweet Grass"
"30093",1115.13916015625,"Silver Bow"
"41039",1152.23425292969,"Lane"
"25017",1770.03051757812,"Middlesex"
"41029",1018.88433837891,"Jackson"
"50027",1809.26123046875,"Windsor"
"42055",984.564514160156,"Franklin"
"51159",1273.75134277344,"Richmond"
"28055",NA,"Issaquena"
"23015",1487.73022460938,"Lincoln"
"13115",1430.01770019531,"Floyd"
"16039",1126.84582519531,"Elmore"
"47033",1414.66979980469,"Crockett"
"50025",1679.32202148438,"Windham"
"25005",1742.98657226562,"Bristol"
"13129",1562.38500976562,"Gordon"
"16043",1210.39819335938,"Fremont"
"17145",1425.0078125,"Perry"
"31031",1680.8935546875,"Cherry"
"21151",1484.80480957031,"Madison"
"29073",1709.9736328125,"Gasconade"
"12129",1875.65856933594,"Wakulla"
"13287",1930.81115722656,"Turner"
"13315",NA,"Wilcox"
"15001",1723.90783691406,"Hawaii"
"72017",NA,"Barceloneta"
"28001",1980.486328125,"Adams"
"28011",1953.52795410156,"Bolivar"
"46045",NA,"Edmunds"
"46089",NA,"McPherson"
"28039",2399.5166015625,"George"
"28041",2404.47729492188,"Greene"
"28047",3089.47094726562,"Harrison"
"13131",1339.36669921875,"Grady"
"72115",NA,"Quebradillas"
"72147",NA,"Vieques"
"72069",NA,"Humacao"
"46063",NA,"Harding"
"46075",NA,"Jones"
"49037",932.250915527344,"San Juan"
"17081",1375.84545898438,"Jefferson"
"47007",1444.99291992188,"Bledsoe"
"35035",1153.69641113281,"Otero"
"38057",1514.37561035156,"Mercer"
"18127",1423.94604492188,"Porter"
"35053",1642.80517578125,"Socorro"
"21047",1696.54809570312,"Christian"
"46031",NA,"Corson"
"16047",1116.63610839844,"Gooding"
"47061",1401.30187988281,"Grundy"
"37001",1457.24462890625,"Alamance"
"37007",1265.09692382812,"Anson"
"21059",1309.69360351562,"Daviess"
"06005",1404.42065429688,"Amador"
"47049",1224.05114746094,"Fentress"
"53053",1263.46899414062,"Pierce"
"22015",1617.96325683594,"Bossier"
"35003",NA,"Catron"
"21075",NA,"Fulton"
"35057",1304.10559082031,"Torrance"
"19159",1550.87890625,"Ringgold"
"16045",1161.3828125,"Gem"
"16079",1110.60009765625,"Shoshone"
"37065",1423.9677734375,"Edgecombe"
"16083",1088.82421875,"Twin Falls"
"37195",1183.53210449219,"Wilson"
"24017",1681.85815429688,"Charles"
"16035",1221.85852050781,"Clearwater"
"47121",1605.72119140625,"Meigs"
"47143",1415.31994628906,"Rhea"
"47069",1457.81872558594,"Hardeman"
"17131",1259.25378417969,"Mercer"
"24021",1263.91333007812,"Frederick"
"16087",1156.32861328125,"Washington"
"17151",NA,"Pope"
"24025",1567.12243652344,"Harford"
"46041",NA,"Dewey"
"46055",NA,"Haakon"
"17173",1277.93774414062,"Shelby"
"46069",NA,"Hyde"
"22119",1257.03698730469,"Webster"
"47111",1295.79760742188,"Macon"
"46071",NA,"Jackson"
"26023",NA,"Branch"
"24039",1849.37634277344,"Somerset"
"22019",2092.57470703125,"Calcasieu"
"06113",1253.86828613281,"Yolo"
"12055",1752.50671386719,"Highlands"
"15007",2307.25805664062,"Kauai"
"20085",1877.3125,"Jackson"
"21043",1282.74792480469,"Carter"
"48433",NA,"Stonewall"
"55081",1432.23010253906,"Monroe"
"55095",1528.00988769531,"Polk"
"18029",1364.97192382812,"Dearborn"
"20147",NA,"Phillips"
"21135",1046.06677246094,"Lewis"
"30025",1614.88220214844,"Fallon"
"04001",954.848815917969,"Apache"
"27019",2030.552734375,"Carver"
"25009",1750.63342285156,"Essex"
"45001",1372.23840332031,"Abbeville"
"42013",986.506896972656,"Blair"
"47053",1416.60437011719,"Gibson"
"48001",1495.49865722656,"Anderson"
"45005",NA,"Allendale"
"48003",1661.33166503906,"Andrews"
"47009",1300.50231933594,"Blount"
"45007",1176.99243164062,"Anderson"
"45009",1459.34838867188,"Bamberg"
"47019",1178.33325195312,"Carter"
"48007",2539.3876953125,"Aransas"
"46115",1287.64587402344,"Spink"
"50005",1638.77661132812,"Caledonia"
"50015",1609.60437011719,"Lamoille"
"55101",1164.18273925781,"Racine"
"51023",1056.02722167969,"Botetourt"
"50023",1485.56628417969,"Washington"
"50013",2993.21435546875,"Grand Isle"
"31173",1490.55944824219,"Thurston"
"32001",941.246520996094,"Churchill"
"32027",801.661376953125,"Pershing"
"55029",1060.46252441406,"Door"
"48405",NA,"San Augustine"
"72109",NA,"Patillas"
"72139",NA,"Trujillo Alto"
"30067",1316.62292480469,"Park"
"13211",1502.31494140625,"Morgan"
"28027",2080.51342773438,"Coahoma"
"38005",NA,"Benson"
"38081",NA,"Sargent"
"02180",NA,"Nome"
"22063",1639.99072265625,"Livingston"
"21205",NA,"Rowan"
"21147",1218.70812988281,"McCreary"
"45045",1215.80627441406,"Greenville"
"51019",1008.74737548828,"Bedford"
"72013",NA,"Arecibo"
"35011",NA,"De Baca"
"13241",1517.74670410156,"Rabun"
"31125",NA,"Nance"
"53035",1218.6923828125,"Kitsap"
"41005",1236.55102539062,"Clackamas"
"20011",NA,"Bourbon"
"26103",2146.587890625,"Marquette"
"35045",1263.82080078125,"San Juan"
"48075",NA,"Childress"
"16067",1029.60339355469,"Minidoka"
"35017",1104.90124511719,"Grant"
"42123",678.965881347656,"Warren"
"08037",1668.962890625,"Eagle"
"21159",NA,"Martin"
"17063",1453.01477050781,"Grundy"
"13257",1406.43249511719,"Stephens"
"09003",1570.2529296875,"Hartford"
"19145",1397.95825195312,"Page"
"26157",1317.89147949219,"Tuscola"
"37173",1292.06616210938,"Swain"
"47013",1424.36657714844,"Campbell"
"47097",1494.13671875,"Lauderdale"
"02020",1602.39709472656,"Anchorage"
"13135",1525.10473632812,"Gwinnett"
"16005",1079.8525390625,"Bannock"
"36043",1255.89440917969,"Herkimer"
"26065",1298.99365234375,"Ingham"
"25023",2057.39453125,"Plymouth"
"46135",NA,"Yankton"
"48013",1695.3447265625,"Atascosa"
"48015",1542.89978027344,"Austin"
"48019",1881.87609863281,"Bandera"
"47057",1407.06652832031,"Grainger"
"42023",NA,"Cameron"
"47059",1122.607421875,"Greene"
"02105",NA,"Hoonah-Angoon"
"46033",2067.3427734375,"Custer"
"72133",NA,"Santa Isabel"
"02090",1640.81262207031,"Fairbanks North Star"
"16029",930.173706054688,"Caribou"
"13185",1396.33898925781,"Lowndes"
"13107",1645.74682617188,"Emanuel"
"13263",1756.98120117188,"Talbot"
"39015",994.325988769531,"Brown"
"13229",1458.85314941406,"Pierce"
"15005",NA,"Kalawao"
"15009",1991.30346679688,"Maui"
"41051",1245.32861328125,"Multnomah"
"72141",NA,"Utuado"
"72081",NA,"Lares"
"72117",NA,"Rincón"
"54109",NA,"Wyoming"
"34037",1836.92736816406,"Sussex"
"01007",1633.80810546875,"Bibb"
"29111",NA,"Lewis"
"05073",NA,"Lafayette"
"19155",1663.12268066406,"Pottawattamie"
"26115",1257.68432617188,"Monroe"
"29183",1655.00842285156,"St. Charles"
"39007",1097.1611328125,"Ashtabula"
"45043",2800.291015625,"Georgetown"
"06047",1115.64794921875,"Merced"
"19183",1366.92321777344,"Washington"
"31137",1713.87451171875,"Phelps"
"28123",1907.10546875,"Scott"
"40031",2011.94165039062,"Comanche"
"51007",1165.15368652344,"Amelia"
"50017",1544.6826171875,"Orange"
"17093",1678.2080078125,"Kendall"
"10001",1408.68981933594,"Kent"
"29053",1284.22961425781,"Cooper"
"22123",744.233215332031,"West Carroll"
"16025",NA,"Camas"
"55137",1130.93518066406,"Waushara"
"17015",1135.32189941406,"Carroll"
"51113",1207.62158203125,"Madison"
"25013",1278.65710449219,"Hampden"
"51119",1675.76623535156,"Middlesex"
"38077",1475.40612792969,"Richland"
"47071",1403.77197265625,"Hardin"
"45027",1476.91809082031,"Clarendon"
"46061",NA,"Hanson"
"46077",NA,"Kingsbury"
"45031",1617.12219238281,"Darlington"
"45033",1477.77404785156,"Dillon"
"47085",1386.22314453125,"Humphreys"
"47089",1340.84289550781,"Jefferson"
"27069",1210.89599609375,"Kittson"
"42035",1271.95703125,"Clinton"
"49021",904.084716796875,"Iron"
"29027",1397.51489257812,"Callaway"
"47093",1369.54370117188,"Knox"
"51760",1211.13745117188,"Richmond"
"33011",1652.73266601562,"Hillsborough"
"49005",931.10693359375,"Cache"
"47091",1350.16528320312,"Johnson"
"12029",2019.85949707031,"Dixie"
"27021",1634.51879882812,"Cass"
"27057",1549.15063476562,"Hubbard"
"27071",1392.81762695312,"Koochiching"
"56035",1484.32336425781,"Sublette"
"30043",1504.96362304688,"Jefferson"
"48453",1554.10070800781,"Travis"
"48479",1239.32470703125,"Webb"
"16073",1064.69409179688,"Owyhee"
"25015",1418.97998046875,"Hampshire"
"05013",NA,"Calhoun"
"05145",1418.90173339844,"White"
"13293",1447.77014160156,"Upson"
"13125",NA,"Glascock"
"22045",2707.58227539062,"Iberia"
"29035",NA,"Carter"
"05089",1559.97546386719,"Marion"
"48327",NA,"Menard"
"08041",1717.80688476562,"El Paso"
"06081",2076.74389648438,"San Mateo"
"18061",1377.40002441406,"Harrison"
"33005",2602.6474609375,"Cheshire"
"38025",1879.70703125,"Dunn"
"45073",1312.97973632812,"Oconee"
"13159",1466.76330566406,"Jasper"
"21045",1392.57080078125,"Casey"
"29075",1386.04711914062,"Gentry"
"47037",1542.16247558594,"Davidson"
"02240",NA,"Southeast Fairbanks"
"06101",1088.02172851562,"Sutter"
"20067",2329.15893554688,"Grant"
"29065",1679.87658691406,"Dent"
"34003",2216.12744140625,"Bergen"
"48169",NA,"Garza"
"20019",NA,"Chautauqua"
"05071",1536.50622558594,"Johnson"
"36091",1718.57727050781,"Saratoga"
"05019",1795.421875,"Clark"
"34035",2039.19653320312,"Somerset"
"45081",1343.75695800781,"Saluda"
"05093",NA,"Mississippi"
"13163",1552.57885742188,"Jefferson"
"56013",1208.61206054688,"Fremont"
"46102",NA,"Oglala Lakota"
"37107",1444.06994628906,"Lenoir"
"49027",769.239685058594,"Millard"
"30077",1140.72998046875,"Powell"
"48377",NA,"Presidio"
"29033",NA,"Carroll"
"31111",1583.41430664062,"Lincoln"
"46043",NA,"Douglas"
"18085",1307.79577636719,"Kosciusko"
"06017",1666.41662597656,"El Dorado"
"17021",1155.96569824219,"Christian"
"19187",1232.42993164062,"Webster"
"47095",1251.78271484375,"Lake"
"26005",1588.47143554688,"Allegan"
"45057",1286.50537109375,"Lancaster"
"04027",1004.68908691406,"Yuma"
"19119",1206.62451171875,"Lyon"
"29133",1383.71667480469,"Mississippi"
"53051",1376.79528808594,"Pend Oreille"
"30073",1249.7109375,"Pondera"
"32019",915.349731445312,"Lyon"
"37047",2130.19067382812,"Columbus"
"38101",1229.41809082031,"Ward"
"26063",1462.10266113281,"Huron"
"39097",1495.06555175781,"Madison"
"23029",1303.21374511719,"Washington"
"38055",1321.38806152344,"McLean"
"51145",1339.11450195312,"Powhatan"
"30017",1637.42614746094,"Custer"
"48071",2237.69018554688,"Chambers"
"06085",1952.72583007812,"Santa Clara"
"19195",1216.61254882812,"Worth"
"21139",1504.40002441406,"Livingston"
"21145",1553.61450195312,"McCracken"
"49035",1111.07824707031,"Salt Lake"
"27047",1244.42504882812,"Freeborn"
"21221",1791.7392578125,"Trigg"
"25001",2130.78369140625,"Barnstable"
"41049",1137.58605957031,"Morrow"
"21007",1700.39367675781,"Ballard"
"27115",1645.2978515625,"Pine"
"13051",2555.56616210938,"Chatham"
"31103",NA,"Keya Paha"
"42047",750.61279296875,"Elk"
"08021",1345.27136230469,"Conejos"
"25025",1936.79052734375,"Suffolk"
"18021",1223.61315917969,"Clay"
"38105",1444.94836425781,"Williams"
"05027",1362.82397460938,"Columbia"
"31029",NA,"Chase"
"42003",1168.73840332031,"Allegheny"
"18129",1399.82116699219,"Posey"
"27045",1592.14465332031,"Fillmore"
"41019",1067.73315429688,"Douglas"
"12033",2235.98168945312,"Escambia"
"06063",1364.47827148438,"Plumas"
"29179",NA,"Reynolds"
"41061",965.265991210938,"Union"
"48409",2351.61206054688,"San Patricio"
"30051",NA,"Liberty"
"39127",1282.28503417969,"Perry"
"45013",2813.37451171875,"Beaufort"
"16065",1042.21850585938,"Madison"
"18059",1414.63012695312,"Hancock"
"22109",3185.14208984375,"Terrebonne"
"30027",1289.41223144531,"Fergus"
"42053",981.10546875,"Forest"
"47079",1501.42993164062,"Henry"
"42025",1185.3076171875,"Carbon"
"47163",1163.73681640625,"Sullivan"
"31105",1764.76196289062,"Kimball"
"50001",1598.04418945312,"Addison"
"53077",1247.57470703125,"Yakima"
"56005",1866.82336425781,"Campbell"
"08055",1642.34350585938,"Huerfano"
"40069",1692.1240234375,"Johnston"
"01083",1481.43518066406,"Limestone"
"20025",NA,"Clark"
"29031",1570.52233886719,"Cape Girardeau"
"54069",1130.83190917969,"Ohio"
"06061",1523.2890625,"Placer"
"16053",887.429809570312,"Jerome"
"13033",1594.27111816406,"Burke"
"13037",NA,"Calhoun"
"51081",1209.60192871094,"Greensville"
"08115",NA,"Sedgwick"
"13119",1313.23352050781,"Franklin"
"36071",1900.33862304688,"Orange"
"40143",2164.78637695312,"Tulsa"
"05003",1541.41809082031,"Ashley"
"47181",1326.9501953125,"Wayne"
"45065",1430.88903808594,"McCormick"
"45085",1408.77990722656,"Sumter"
"13139",1444.89282226562,"Hall"
"13153",1472.57348632812,"Houston"
"39063",1146.5439453125,"Hancock"
"13239",NA,"Quitman"
"48303",1665.11145019531,"Lubbock"
"47129",1417.42053222656,"Morgan"
"54023",NA,"Grant"
"17073",1195.36828613281,"Henry"
"21065",NA,"Estill"
"39137",868.830810546875,"Putnam"
"47073",1112.91455078125,"Hawkins"
"48109",NA,"Culberson"
"30001",1156.71447753906,"Beaverhead"
"54041",1245.79565429688,"Lewis"
"54007",NA,"Braxton"
"51017",1102.49279785156,"Bath"
"41007",1318.33532714844,"Clatsop"
"13205",1765.61059570312,"Mitchell"
"53075",1302.03625488281,"Whitman"
"46021",NA,"Campbell"
"40081",2340.77490234375,"Lincoln"
"40151",2082.689453125,"Woods"
"35055",1731.96520996094,"Taos"
"40085",1851.43322753906,"Love"
"23011",1332.90368652344,"Kennebec"
"13093",1620.91528320312,"Dooly"
"13039",1730.67553710938,"Camden"
"27145",1380.14184570312,"Stearns"
"37011",1502.59948730469,"Avery"
"02050",NA,"Bethel"
"16059",1111.46997070312,"Lemhi"
"22081",1623.22814941406,"Red River"
"37101",1182.81652832031,"Johnston"
"17155",1290.13781738281,"Putnam"
"17189",1521.76879882812,"Washington"
"47137",1268.44555664062,"Pickett"
"23023",1480.19030761719,"Sagadahoc"
"30023",1064.63037109375,"Deer Lodge"
"30053",1303.56359863281,"Lincoln"
"25021",1860.78784179688,"Norfolk"
"72057",NA,"Guayama"
"34041",1754.6044921875,"Warren"
"05107",1655.16418457031,"Phillips"
"02170",1596.51013183594,"Matanuska-Susitna"
"46109",NA,"Roberts"
"39061",1263.92651367188,"Hamilton"
"49019",986.65234375,"Grand"
"53047",1296.88134765625,"Okanogan"
"49029",1103.34057617188,"Morgan"
"31107",1089.01635742188,"Knox"
"32015",1619.62268066406,"Lander"
"13271",1415.45520019531,"Telfair"
"30109",NA,"Wibaux"
"22053",1649.21569824219,"Jefferson Davis"
"29011",1419.38452148438,"Barton"
"51163",1240.09313964844,"Rockbridge"
"55059",1298.85095214844,"Kenosha"
"33007",1313.36499023438,"Coos"
"37023",1310.40466308594,"Burke"
"29186",1553.46350097656,"Ste. Genevieve"
"38073",1916.66833496094,"Ransom"
"36083",1757.45727539062,"Rensselaer"
"48197",NA,"Hardeman"
"05069",1666.72570800781,"Jefferson"
"29510",1599.47766113281,"St. Louis"
"22101",2700.91748046875,"St. Mary"
"01051",1402.32250976562,"Elmore"
"37061",1792.13342285156,"Duplin"
"22069",1333.78173828125,"Natchitoches"
"25007",2808.24365234375,"Dukes"
"41035",1050.43493652344,"Klamath"
"17075",1247.81701660156,"Iroquois"
"48271",NA,"Kinney"
"01061",1614.1181640625,"Geneva"
"51001",1830.61218261719,"Accomack"
"19079",1333.42797851562,"Hamilton"
"51051",944.774108886719,"Dickenson"
"13045",1358.31909179688,"Carroll"
"08111",NA,"San Juan"
"12101",2065.89526367188,"Pasco"
"13109",1475.03112792969,"Evans"
"36057",1900.55651855469,"Montgomery"
"06069",1715.70764160156,"San Benito"
"13049",1769.08801269531,"Charlton"
"29071",1618.87463378906,"Franklin"
"16063",1209.77624511719,"Lincoln"
"17097",1933.69250488281,"Lake"
"47107",1395.78515625,"McMinn"
"33001",1400.51379394531,"Belknap"
"38031",NA,"Foster"
"35037",1630.08215332031,"Quay"
"02275",NA,"Wrangell"
"39087",1191.5859375,"Lawrence"
"38103",1552.72143554688,"Wells"
"36053",1384.65026855469,"Madison"
"51009",974.289306640625,"Amherst"
"40099",1853.88757324219,"Murray"
"01133",2032.22387695312,"Winston"
"54043",NA,"Lincoln"
"01129",1938.13659667969,"Washington"
"30055",NA,"McCone"
"37133",2082.2568359375,"Onslow"
"47123",1335.74926757812,"Monroe"
"53033",1488.9296875,"King"
"39095",1166.44616699219,"Lucas"
"06033",1343.86206054688,"Lake"
"28113",1965.12878417969,"Pike"
"46129",NA,"Walworth"
"36085",2477.42138671875,"Richmond"
"05079",1254.18139648438,"Lincoln"
"37115",1547.04833984375,"Madison"
"40009",2118.98706054688,"Beckham"
"10005",1424.06555175781,"Sussex"
"48105",NA,"Crockett"
"37155",1984.47119140625,"Robeson"
"27023",1398.31958007812,"Chippewa"
"49039",865.127807617188,"Sanpete"
"21183",1445.22143554688,"Ohio"
"48365",1619.20959472656,"Panola"
"48137",NA,"Edwards"
"21027",1574.42114257812,"Breckinridge"
"45011",1668.47790527344,"Barnwell"
"47039",1379.73120117188,"Decatur"
"72085",NA,"Las Piedras"
"48147",1644.29809570312,"Fannin"
"32013",861.965698242188,"Humboldt"
"19177",NA,"Van Buren"
"01005",1614.71423339844,"Barbour"
"56043",1118.5654296875,"Washakie"
"20167",NA,"Russell"
"38011",1427.04943847656,"Bowman"
"19163",1387.00939941406,"Scott"
"01071",1576.49108886719,"Jackson"
"17141",1266.935546875,"Ogle"
"06045",1543.22399902344,"Mendocino"
"27135",1297.27648925781,"Roseau"
"29037",1579.95568847656,"Cass"
"27169",1217.57922363281,"Winona"
"42027",1009.64422607422,"Centre"
"30009",1574.09545898438,"Carbon"
"40061",2105.00415039062,"Haskell"
"40077",1834.76843261719,"Latimer"
"51139",1190.56384277344,"Page"
"39009",1584.6494140625,"Athens"
"29093",1401.8974609375,"Iron"
"06055",1550.86975097656,"Napa"
"30029",1287.61682128906,"Flathead"
"48301",NA,"Loving"
"08001",1594.16345214844,"Adams"
"22067",1256.85107421875,"Morehouse"
"51735",2473.74072265625,"Poquoson"
"29157",1434.76062011719,"Perry"
"36119",3957.60595703125,"Westchester"
"22087",2413.14208984375,"St. Bernard"
"48305",2916.27319335938,"Lynn"
"02150",1884.14147949219,"Kodiak Island"
"02164",NA,"Lake and Peninsula"
"51171",1230.18811035156,"Shenandoah"
"28079",1705.2919921875,"Leake"
"48157",2854.23461914062,"Fort Bend"
"51005",975.178955078125,"Alleghany"
"18007",1130.78088378906,"Benton"
"19021",1075.78930664062,"Buena Vista"
"21227",1736.11804199219,"Warren"
"56045",1299.11682128906,"Weston"
"13299",1269.94775390625,"Ware"
"37043",1465.44958496094,"Clay"
"53013",1533.89978027344,"Columbia"
"06007",1285.84289550781,"Butte"
"37123",1328.41833496094,"Montgomery"
"48121",2039.03015136719,"Denton"
"55083",1041.05407714844,"Oconto"
"13005",1530.37646484375,"Bacon"
"47109",1428.17785644531,"McNairy"
"01067",1820.46911621094,"Henry"
"19141",1286.20776367188,"O'Brien"
"13199",1572.92126464844,"Meriwether"
"13207",1610.13256835938,"Monroe"
"39059",1292.14489746094,"Guernsey"
"13215",1513.38854980469,"Muscogee"
"13221",1219.75024414062,"Oglethorpe"
"39017",1294.80871582031,"Butler"
"12086",4339.55419921875,"Miami-Dade"
"13259",1895.96838378906,"Stewart"
"48505",1257.47607421875,"Zapata"
"39107",981.11767578125,"Mercer"
"09011",1825.84924316406,"New London"
"05149",1455.09057617188,"Yell"
"01017",1426.78332519531,"Chambers"
"08069",1350.20910644531,"Larimer"
"18173",1556.68933105469,"Warrick"
"21123",2005.39074707031,"Larue"
"48153",NA,"Floyd"
"12013",1882.96838378906,"Calhoun"
"21195",1959.92297363281,"Pike"
"22033",2200.30639648438,"East Baton Rouge"
"37037",1479.25744628906,"Chatham"
"46085",NA,"Lyman"
"54017",NA,"Doddridge"
"55055",1239.67468261719,"Jefferson"
"18155",1787.86987304688,"Switzerland"
"20159",NA,"Rice"
"37067",1129.05944824219,"Forsyth"
"05123",1666.46984863281,"St. Francis"
"48267",NA,"Kimble"
"12021",3177.32177734375,"Collier"
"17033",1238.58251953125,"Crawford"
"30105",1493.70263671875,"Valley"
"42039",837.932800292969,"Crawford"
"47139",1488.52087402344,"Polk"
"27053",1903.09326171875,"Hennepin"
"26149",1412.9111328125,"St. Joseph"
"26159",1675.54382324219,"Van Buren"
"21225",1721.54089355469,"Union"
"17031",1878.61853027344,"Cook"
"17043",1708.22497558594,"DuPage"
"17065",NA,"Hamilton"
"27009",1521.01391601562,"Benton"
"37035",1014.93353271484,"Catawba"
"37057",1055.013671875,"Davidson"
"21023",1251.50817871094,"Bracken"
"21017",1557.87255859375,"Bourbon"
"23003",1079.06652832031,"Aroostook"
"13025",1641.00512695312,"Brantley"
"22035",NA,"East Carroll"
"01019",1669.90258789062,"Cherokee"
"26121",985.103820800781,"Muskegon"
"31147",1459.90649414062,"Richardson"
"51550",1703.52001953125,"Chesapeake"
"05061",1156.85632324219,"Howard"
"21061",1406.5712890625,"Edmonson"
"27129",1398.8046875,"Renville"
"40117",2580.89135742188,"Pawnee"
"48035",1584.29052734375,"Bosque"
"48457",1513.32080078125,"Tyler"
"54057",963.229248046875,"Mineral"
"18051",1326.96142578125,"Gibson"
"13029",2304.36083984375,"Bryan"
"01041",1570.14392089844,"Crenshaw"
"12099",3321.158203125,"Palm Beach"
"08075",1981.5517578125,"Logan"
"13031",1386.74572753906,"Bulloch"
"12087",5931.98046875,"Monroe"
"20139",1962.84155273438,"Osage"
"02158",NA,"Kusilvak"
"55051",1027.33532714844,"Iron"
"01063",1909.04248046875,"Greene"
"01089",1534.00537109375,"Madison"
"28119",NA,"Quitman"
"28143",1620.10327148438,"Tunica"
"29171",NA,"Putnam"
"54085",NA,"Ritchie"
"30019",NA,"Daniels"
"30079",NA,"Prairie"
"30085",NA,"Roosevelt"
"51021",893.384704589844,"Bland"
"51015",992.806030273438,"Augusta"
"54047",NA,"McDowell"
"54091",988.958984375,"Taylor"
"54103",1134.51440429688,"Wetzel"
"47011",1373.97473144531,"Bradley"
"08117",1655.27160644531,"Summit"
"48173",NA,"Glasscock"
"08035",2014.96667480469,"Douglas"
"27013",1402.58361816406,"Blue Earth"
"27041",1499.30639648438,"Douglas"
"21031",1582.28198242188,"Butler"
"49047",963.484924316406,"Uintah"
"48323",1354.33898925781,"Maverick"
"12121",1989.8974609375,"Suwannee"
"51127",1430.33642578125,"New Kent"
"53027",1355.97595214844,"Grays Harbor"
"12109",2085.37158203125,"St. Johns"
"53031",1201.07678222656,"Jefferson"
"53067",1153.7724609375,"Thurston"
"53073",1191.20874023438,"Whatcom"
"55009",1016.15802001953,"Brown"
"13313",1268.40466308594,"Whitfield"
"50003",2113.55249023438,"Bennington"
"13123",1428.44409179688,"Gilmer"
"54035",1121.26623535156,"Jackson"
"20131",NA,"Nemaha"
"17179",1104.99914550781,"Tazewell"
"41031",924.190368652344,"Jefferson"
"49009",NA,"Daggett"
"23031",1721.00830078125,"York"
"32021",941.557006835938,"Mineral"
"42051",915.278625488281,"Fayette"
"12105",1923.36901855469,"Polk"
"18027",1184.28430175781,"Daviess"
"21081",1538.73937988281,"Grant"
"37135",1496.7138671875,"Orange"
"42021",842.945861816406,"Cambria"
"53045",1272.908203125,"Mason"
"06103",1250.99401855469,"Tehama"
"06051",1808.25256347656,"Mono"
"18109",1414.20153808594,"Morgan"
"29019",1371.65112304688,"Boone"
"18133",1444.10424804688,"Putnam"
"19057",1204.69519042969,"Des Moines"
"51161",958.992126464844,"Roanoke"
"31119",1303.20068359375,"Madison"
"29069",NA,"Dunklin"
"37005",1097.17199707031,"Alleghany"
"37171",1161.44970703125,"Surry"
"30039",1376.58825683594,"Granite"
"31123",1757.28625488281,"Morrill"
"34021",1785.91772460938,"Mercer"
"29109",1518.91345214844,"Lawrence"
"05023",1718.16040039062,"Cleburne"
"48061",1900.88708496094,"Cameron"
"22089",2760.31665039062,"St. Charles"
"48257",1861.11608886719,"Kaufman"
"36065",1587.06909179688,"Oneida"
"40051",2389.04736328125,"Grady"
"37113",1202.88720703125,"Macon"
"36039",1900.93994140625,"Greene"
"40017",2419.04150390625,"Canadian"
"42127",1340.83056640625,"Wayne"
"17037",1357.982421875,"DeKalb"
"19189",1227.50915527344,"Winnebago"
"47153",1872.16833496094,"Sequatchie"
"21119",NA,"Knott"
"26059",1316.63684082031,"Hillsdale"
"13101",1428.33044433594,"Echols"
"21019",1642.64929199219,"Boyd"
"48009",2098.8115234375,"Archer"
"46081",1699.12341308594,"Lawrence"
"30031",1573.10949707031,"Gallatin"
"39175",1315.06030273438,"Wyandot"
"34009",2110.39965820312,"Cape May"
"27089",1445.53747558594,"Marshall"
"12123",2013.05603027344,"Taylor"
"42033",885.101379394531,"Clearfield"
"51053",1312.48400878906,"Dinwiddie"
"08105",1159.07958984375,"Rio Grande"
"40109",2441.21142578125,"Oklahoma"
"40019",1988.56005859375,"Carter"
"40079",1936.80700683594,"Le Flore"
"12007",1700.83264160156,"Bradford"
"53015",1089.96618652344,"Cowlitz"
"32510",921.786499023438,"Carson City"
"37039",1114.18505859375,"Cherokee"
"47099",1413.91491699219,"Lawrence"
"08043",1210.22595214844,"Fremont"
"16061",1209.29235839844,"Lewis"
"21165",NA,"Menifee"
"22127",NA,"Winn"
"39147",1019.36785888672,"Seneca"
"40027",2398.50439453125,"Cleveland"
"51530",932.588745117188,"Buena Vista"
"51041",1255.80310058594,"Chesterfield"
"18089",1424.9580078125,"Lake"
"26041",1119.25549316406,"Delta"
"20149",NA,"Pottawatomie"
"30047",1283.99487304688,"Lake"
"46051",NA,"Grant"
"38051",NA,"McIntosh"
"35029",1114.17712402344,"Luna"
"26029",1373.74645996094,"Charlevoix"
"48139",1846.56494140625,"Ellis"
"36047",3278.98852539062,"Kings"
"55067",849.771484375,"Langlade"
"13117",1796.34191894531,"Forsyth"
"41045",964.465515136719,"Malheur"
"39055",1485.08752441406,"Geauga"
"22023",2202.67431640625,"Cameron"
"21071",1491.24719238281,"Floyd"
"19133",1366.21923828125,"Monona"
"48351",1759.21423339844,"Newton"
"13265",NA,"Taliaferro"
"13267",1693.20129394531,"Tattnall"
"13281",1255.48229980469,"Towns"
"21125",1451.30249023438,"Laurel"
"47157",2541.22583007812,"Shelby"
"26061",1421.34228515625,"Houghton"
"47167",1561.46911621094,"Tipton"
"48119",NA,"Delta"
"20191",1970.60046386719,"Sumner"
"21141",1398.47253417969,"Logan"
"48123",1630.88024902344,"DeWitt"
"20197",NA,"Wabaunsee"
"26077",2753.48706054688,"Kalamazoo"
"21153",NA,"Magoffin"
"49011",991.482788085938,"Davis"
"02261",NA,"Valdez-Cordova"
"55129",1339.42614746094,"Washburn"
"21231",1406.31079101562,"Wayne"
"26075",1270.78405761719,"Jackson"
"40127",NA,"Pushmataha"
"48277",1396.83874511719,"Lamar"
"06057",1611.48974609375,"Nevada"
"31015",NA,"Boyd"
"46091",NA,"Marshall"
"13181",1681.24682617188,"Lincoln"
"26019",NA,"Benzie"
"37013",2198.78173828125,"Beaufort"
"13069",1462.4111328125,"Coffee"
"18099",1575.18579101562,"Marshall"
"22097",1664.91662597656,"St. Landry"
"30015",1258.12158203125,"Chouteau"
"50007",1760.33056640625,"Chittenden"
"72083",NA,"Las Marías"
"37121",1096.00634765625,"Mitchell"
"30007",1243.89099121094,"Broadwater"
"39133",1242.30334472656,"Portage"
"51067",1093.78466796875,"Franklin"
"41027",1064.59582519531,"Hood River"
"39113",1173.48095703125,"Montgomery"
"13103",1611.51635742188,"Effingham"
"53005",1067.10314941406,"Benton"
"53039",1353.365234375,"Klickitat"
"45047",1183.22277832031,"Greenwood"
"29173",1295.03466796875,"Ralls"
"56001",1431.28161621094,"Albany"
"27083",1488.14904785156,"Lyon"
"47125",1590.5341796875,"Montgomery"
"49017",NA,"Garfield"
"51011",975.409545898438,"Appomattox"
"19035",1330.759765625,"Cherokee"
"21085",1512.63159179688,"Grayson"
"22113",2241.03173828125,"Vermilion"
"17071",NA,"Henderson"
"01117",1502.91284179688,"Shelby"
"01081",1414.12194824219,"Lee"
"16037",1284.82385253906,"Custer"
"13151",1397.68395996094,"Henry"
"19089",NA,"Howard"
"39119",1240.38171386719,"Muskingum"
"19093",1485.43664550781,"Ida"
"17133",1605.25830078125,"Monroe"
"19097",1482.1044921875,"Jackson"
"08097",1926.10729980469,"Pitkin"
"17149",NA,"Pike"
"56017",1508.11584472656,"Hot Springs"
"27125",1260.40319824219,"Red Lake"
"05103",1532.36633300781,"Ouachita"
"45029",1708.69152832031,"Colleton"
"27137",1439.26806640625,"St. Louis"
"39093",1290.166015625,"Lorain"
"27139",1972.4951171875,"Scott"
"28019",NA,"Choctaw"
"54027",1099.953125,"Hampshire"
"12079",1910.60400390625,"Madison"
"12023",1631.46374511719,"Columbia"
"12005",2539.11547851562,"Bay"
"72025",NA,"Caguas"
"72045",NA,"Comerío"
"22111",1095.47924804688,"Union"
"21211",1675.59228515625,"Shelby"
"51185",1182.33959960938,"Tazewell"
"18125",1437.04309082031,"Pike"
"37049",1828.70153808594,"Craven"
"72003",NA,"Aguada"
"26047",1289.82250976562,"Emmet"
"20087",1864.16284179688,"Jefferson"
"49043",1466.75952148438,"Summit"
"20161",NA,"Riley"
"27077",1286.67333984375,"Lake of the Woods"
"22047",1642.71557617188,"Iberville"
"48265",1670.55029296875,"Kerr"
"34027",1970.08325195312,"Morris"
"13095",1321.67907714844,"Dougherty"
"31003",NA,"Antelope"
"47135",1280.52685546875,"Perry"
"29007",1218.50268554688,"Audrain"
"47155",1405.51599121094,"Sevier"
"30045",NA,"Judith Basin"
"51029",1087.8046875,"Buckingham"
"02188",NA,"Northwest Arctic"
"27007",1426.38232421875,"Beltrami"
"27001",1733.03869628906,"Aitkin"
"20185",NA,"Stafford"
"40131",2155.87670898438,"Rogers"
"22005",1722.28784179688,"Ascension"
"26031",1353.98486328125,"Cheboygan"
"08099",1635.40844726562,"Prowers"
"12097",1830.74963378906,"Osceola"
"51073",1463.97253417969,"Gloucester"
"37189",1407.23376464844,"Watauga"
"45055",1429.57702636719,"Kershaw"
"16077",1208.57373046875,"Power"
"40021",2081.36352539062,"Cherokee"
"48419",1131.86010742188,"Shelby"
"55115",963.161376953125,"Shawano"
"06031",1088.90075683594,"Kings"
"06083",1296.21533203125,"Santa Barbara"
"16011",1232.19580078125,"Bingham"
"27087",1862.380859375,"Mahnomen"
"20117",2210.06127929688,"Marshall"
"55001",1271.046875,"Adams"
"72107",NA,"Orocovis"
"72021",NA,"Bayamón"
"54039",1268.65979003906,"Kanawha"
"72063",NA,"Gurabo"
"72039",NA,"Ciales"
"72041",NA,"Cidra"
"72055",NA,"Guánica"
"28091",2374.1416015625,"Marion"
"31063",1676.48095703125,"Frontier"
"31065",1360.87048339844,"Furnas"
"01115",1596.33386230469,"St. Clair"
"42089",1487.95471191406,"Monroe"
"36041",1359.12915039062,"Hamilton"
"48449",1519.89526367188,"Titus"
"42103",1207.52795410156,"Pike"
"48467",1642.35717773438,"Van Zandt"
"36113",1717.02368164062,"Warren"
"31073",1552.2119140625,"Gosper"
"54075",NA,"Pocahontas"
"26135",1570.42114257812,"Oscoda"
"55017",1145.33215332031,"Chippewa"
"06109",1406.7958984375,"Tuolumne"
"55121",1202.80773925781,"Trempealeau"
"05137",1619.73474121094,"Stone"
"41015",1219.94982910156,"Curry"
"05047",1536.00341796875,"Franklin"
"06037",1543.39978027344,"Los Angeles"
"25019",2716.1630859375,"Nantucket"
"34039",2042.98352050781,"Union"
"18075",1029.90637207031,"Jay"
"05031",1627.13708496094,"Craighead"
"08067",1382.77868652344,"La Plata"
"28095",2018.30737304688,"Monroe"
"39145",1189.50439453125,"Scioto"
"51117",1255.52478027344,"Mecklenburg"
"01015",1470.64807128906,"Calhoun"
"21025",NA,"Breathitt"
"20109",NA,"Logan"
"30087",1463.71838378906,"Rosebud"
"31005",NA,"Arthur"
"45035",1816.26403808594,"Dorchester"
"48333",NA,"Mills"
"18001",1055.71203613281,"Adams"
"18017",1009.62670898438,"Cass"
"32023",1165.59130859375,"Nye"
"72054",NA,"Florida"
"30107",NA,"Wheatland"
"30011",NA,"Carter"
"20137",NA,"Norton"
"37021",1361.64208984375,"Buncombe"
"31157",1808.25732421875,"Scotts Bluff"
"42107",1027.19970703125,"Schuylkill"
"33009",1826.95837402344,"Grafton"
"39075",1205.59643554688,"Holmes"
"02195",NA,"Petersburg"
"05039",1357.33837890625,"Dallas"
"37111",1134.03112792969,"McDowell"
"42109",955.395874023438,"Snyder"
"36059",3998.31176757812,"Nassau"
"51630",2317.83325195312,"Fredericksburg"
"29149",NA,"Oregon"
"36063",1642.61218261719,"Niagara"
"51800",1925.93347167969,"Suffolk"
"06067",1274.33728027344,"Sacramento"
"19113",1264.70275878906,"Linn"
"21133",NA,"Letcher"
"30111",1520.18994140625,"Yellowstone"
"28145",1558.37927246094,"Union"
"48097",2142.3125,"Cooke"
"48325",1988.27294921875,"Medina"
"26083",NA,"Keweenaw"
"27055",1499.30859375,"Houston"
"27063",1293.98742675781,"Jackson"
"21173",1360.53845214844,"Montgomery"
"21175",NA,"Morgan"
"54089",NA,"Summers"
"26153",1097.00036621094,"Schoolcraft"
"42101",1739.65002441406,"Philadelphia"
"01073",1695.89978027344,"Jefferson"
"22021",1268.30737304688,"Caldwell"
"29177",1531.03479003906,"Ray"
"45019",2316.04711914062,"Charleston"
"48417",NA,"Shackelford"
"72079",NA,"Lajas"
"17159",1206.59606933594,"Richland"
"13253",1976.4765625,"Seminole"
"40067",NA,"Jefferson"
"30063",1180.79345703125,"Missoula"
"18005",1285.11535644531,"Bartholomew"
"20007",NA,"Barber"
"17087",1626.60009765625,"Johnson"
"42087",994.606994628906,"Mifflin"
"18077",1273.74340820312,"Jefferson"
"51045",1287.38940429688,"Craig"
"39125",1088.71594238281,"Paulding"
"13003",NA,"Atkinson"
"51125",1242.45495605469,"Nelson"
"12131",2711.1689453125,"Walton"
"31057",NA,"Dundy"
"21021",1884.81958007812,"Boyle"
"48213",1658.67541503906,"Henderson"
"31177",1671.45068359375,"Washington"
"16071",1006.78332519531,"Oneida"
"56009",1437.12182617188,"Converse"
"05091",1596.00158691406,"Miller"
"34025",2341.90625,"Monmouth"
"27093",1562.09436035156,"Meeker"
"17091",1389.51159667969,"Kankakee"
"27075",1422.751953125,"Lake"
"23021",1487.66186523438,"Piscataquis"
"05121",1425.162109375,"Randolph"
"08107",1592.12414550781,"Routt"
"27059",1725.75915527344,"Isanti"
"27143",1473.37902832031,"Sibley"
"06079",1464.75561523438,"San Luis Obispo"
"39005",1173.71508789062,"Ashland"
"28121",1683.08117675781,"Rankin"
"06043",1427.02600097656,"Mariposa"
"35009",1607.68273925781,"Curry"
"36021",1820.1875,"Columbia"
"06093",1255.08337402344,"Siskiyou"
"48439",1850.45776367188,"Tarrant"
"47045",1657.10192871094,"Dyer"
"27039",1475.08312988281,"Dodge"
"37093",1254.46179199219,"Hoke"
"26127",1461.21057128906,"Oceana"
"37125",1446.87719726562,"Moore"
"26133",NA,"Osceola"
"44009",2042.35974121094,"Washington"
"42007",1052.47021484375,"Beaver"
"46095",NA,"Mellette"
"46117",2188.94213867188,"Stanley"
"29061",1714.57934570312,"Daviess"
"46137",NA,"Ziebach"
"30021",1422.41455078125,"Dawson"
"49003",875.067810058594,"Box Elder"
"30089",1186.49743652344,"Sanders"
"48159",1848.09130859375,"Franklin"
"36025",1288.90173339844,"Delaware"
"48183",1396.42517089844,"Gregg"
"38029",NA,"Emmons"
"34031",1981.10461425781,"Passaic"
"48503",2162.60375976562,"Young"
"21015",1495.89990234375,"Boone"
"39045",1355.26635742188,"Fairfield"
"38071",928.419250488281,"Ramsey"
"08019",1899.14221191406,"Clear Creek"
"36029",1339.18041992188,"Erie"
"28043",1958.44885253906,"Grenada"
"21187",1570.45874023438,"Owen"
"21163",1681.01135253906,"Meade"
"48037",1886.72705078125,"Bowie"
"47179",1224.34216308594,"Washington"
"56015",1544.46374511719,"Goshen"
"51057",1423.85754394531,"Essex"
"48047",NA,"Brooks"
"47187",1862.0380859375,"Williamson"
"55033",1262.9384765625,"Dunn"
"56023",1099.02038574219,"Lincoln"
"45077",1168.70727539062,"Pickens"
"56027",NA,"Niobrara"
"45079",1410.85949707031,"Richland"
"06039",1281.97045898438,"Madera"
"17157",1335.2314453125,"Randolph"
"48371",1288.35107421875,"Pecos"
"13061",NA,"Clay"
"48381",1846.62866210938,"Randall"
"19149",1178.3935546875,"Plymouth"
"08113",1426.57995605469,"San Miguel"
"19157",1302.5693359375,"Poweshiek"
"13081",2035.24548339844,"Crisp"
"48387",1529.98461914062,"Red River"
"08125",2213.43920898438,"Yuma"
"19161",1445.82153320312,"Sac"
"21053",NA,"Clinton"
"48083",NA,"Coleman"
"08085",971.338989257812,"Montrose"
"20143",2576.9609375,"Ottawa"
"20179",NA,"Sheridan"
"49007",913.501647949219,"Carbon"
"49015",NA,"Emery"
"48029",1467.52795410156,"Bexar"
"48187",1478.17565917969,"Guadalupe"
"15003",2216.82690429688,"Honolulu"
"05035",1618.1201171875,"Crittenden"
"53007",1201.41088867188,"Chelan"
"12017",1771.32434082031,"Citrus"
"12059",1970.92651367188,"Holmes"
"12065",1861.25756835938,"Jefferson"
"12073",1539.74938964844,"Leon"
"12103",2897.75512695312,"Pinellas"
"47087",1372.43493652344,"Jackson"
"72059",NA,"Guayanilla"
"17177",1154.28063964844,"Stephenson"
"31151",1439.58728027344,"Saline"
"18019",1344.31811523438,"Clark"
"41041",1186.67272949219,"Lincoln"
"22105",1606.98376464844,"Tangipahoa"
"72105",NA,"Naranjito"
"06107",1153.63159179688,"Tulare"
"36019",1360.11584472656,"Clinton"
"39165",1388.44299316406,"Warren"
"24043",1332.77258300781,"Washington"
"51141",962.419494628906,"Patrick"
"05143",1552.82568359375,"Washington"
"19129",1615.69641113281,"Mills"
"21093",1698.01403808594,"Hardin"
"02185",NA,"North Slope"
"02282",NA,"Yakutat"
"05127",1380.08056640625,"Scott"
"48237",1702.32824707031,"Jack"
"51840",1054.87219238281,"Winchester"
"12111",2075.3349609375,"St. Lucie"
"05131",1446.1611328125,"Sebastian"
"18121",1368.91735839844,"Parke"
"08049",1197.93298339844,"Grand"
"20103",1776.73754882812,"Leavenworth"
"55007",1331.09936523438,"Bayfield"
"55003",1123.18115234375,"Ashland"
"55013",1357.20166015625,"Burnett"
"22007",2108.57153320312,"Assumption"
"22025",1782.3125,"Catahoula"
"22027",1418.81042480469,"Claiborne"
"36045",1514.65661621094,"Jefferson"
"06097",1465.44055175781,"Sonoma"
"22029",1046.92456054688,"Concordia"
"26095",1366.36437988281,"Luce"
"05129",1498.91552734375,"Searcy"
"42111",936.015258789062,"Somerset"
"27123",1711.6650390625,"Ramsey"
"41009",1168.48193359375,"Columbia"
"53037",1350.96459960938,"Kittitas"
"54055",1110.79174804688,"Mercer"
"12113",2251.15234375,"Santa Rosa"
"48385",NA,"Real"
"51071",1355.8837890625,"Giles"
"53065",1224.90832519531,"Stevens"
"12039",1814.57751464844,"Gadsden"
"27173",1339.53430175781,"Yellow Medicine"
"29013",1630.95349121094,"Bates"
"32007",1049.48547363281,"Elko"
"04003",964.272277832031,"Cochise"
"13073",1400.60180664062,"Columbia"
"23005",1644.18371582031,"Cumberland"
"27011",1330.80419921875,"Big Stone"
"35039",1500.22827148438,"Rio Arriba"
"04013",1126.74926757812,"Maricopa"
"21099",1454.71105957031,"Hart"
"26051",1225.15698242188,"Gladwin"
"36077",1427.40319824219,"Otsego"
"48023",NA,"Baylor"
"54025",1180.25610351562,"Greenbrier"
"19127",1209.04174804688,"Marshall"
"37073",1692.79223632812,"Gates"
"37147",1688.32080078125,"Pitt"
"21131",NA,"Leslie"
"22079",1195.72802734375,"Rapides"
"34019",2035.31433105469,"Hunterdon"
"26105",NA,"Mason"
"27131",1711.64416503906,"Rice"
"48181",1680.46838378906,"Grayson"
"29189",1819.7333984375,"St. Louis"
"05113",1447.42175292969,"Polk"
"26119",NA,"Montmorency"
"48307",1394.98046875,"McCulloch"
"32009",NA,"Esmeralda"
"72123",NA,"Salinas"
"18015",1393.65686035156,"Carroll"
"26099",1285.82482910156,"Macomb"
"26129",1149.41735839844,"Ogemaw"
"26145",1707.36108398438,"Saginaw"
"47047",1990.64916992188,"Fayette"
"20163",NA,"Rooks"
"72097",NA,"Mayagüez"
"20183",NA,"Smith"
"24035",1674.94116210938,"Queen Anne's"
"48027",1384.62817382812,"Bell"
"36117",1068.56945800781,"Wayne"
"31153",1549.53698730469,"Sarpy"
"37027",1150.83093261719,"Caldwell"
"51181",1442.47680664062,"Surry"
"29195",1276.578125,"Saline"
"37033",1287.09411621094,"Caswell"
"26131",NA,"Ontonagon"
"33015",2020.74963378906,"Rockingham"
"05055",1512.783203125,"Greene"
"37045",1122.41149902344,"Cleveland"
"42121",883.047790527344,"Venango"
"05057",1534.01953125,"Hempstead"
"01011",2537.13623046875,"Bullock"
"01109",1550.74353027344,"Pike"
"48425",1793.01245117188,"Somervell"
"28147",2070.83911132812,"Walthall"
"13291",1334.79626464844,"Union"
"13301",1983.06689453125,"Warren"
"40065",2127.55419921875,"Jackson"
"29223",NA,"Wayne"
"34001",2145.7353515625,"Atlantic"
"05119",1593.47326660156,"Pulaski"
"51660",1059.92150878906,"Harrisonburg"
"42009",939.479125976562,"Bedford"
"05099",1614.453125,"Nevada"
"05105",1465.67626953125,"Perry"
"51685",1947.05798339844,"Manassas Park"
"05109",1414.85144042969,"Pike"
"18049",1351.0732421875,"Fulton"
"18073",1343.57299804688,"Jasper"
"06053",1427.93957519531,"Monterey"
"19013",1131.00476074219,"Black Hawk"
"10003",1346.44555664062,"New Castle"
"08029",1020.93322753906,"Delta"
"51580",843.571472167969,"Covington"
"06023",1205.40856933594,"Humboldt"
"04009",1169.34777832031,"Graham"
"13091",1665.77160644531,"Dodge"
"31025",1703.80639648438,"Cass"
"09013",1547.37854003906,"Tolland"
"01119",2153.00830078125,"Sumter"
"48167",2466.24462890625,"Galveston"
"39111",1209.63647460938,"Monroe"
"47067",NA,"Hancock"
"01077",1524.15075683594,"Lauderdale"
"13295",1381.14965820312,"Walker"
"19007",1356.7099609375,"Appanoose"
"18147",1416.73071289062,"Spencer"
"27155",1200.73364257812,"Traverse"
"18123",1157.37084960938,"Perry"
"38097",1344.91149902344,"Traill"
"12077",2019.47814941406,"Liberty"
"49049",1028.58081054688,"Utah"
"30099",1157.15856933594,"Teton"
"18165",1293.0556640625,"Vermillion"
"37095",NA,"Hyde"
"04015",944.620849609375,"Mohave"
"56029",1218.40258789062,"Park"
"56037",1152.81762695312,"Sweetwater"
"30061",1336.27392578125,"Mineral"
"30065",1513.76806640625,"Musselshell"
"34023",1795.24658203125,"Middlesex"
"48359",NA,"Oldham"
"13297",1463.30603027344,"Walton"
"13303",1646.83154296875,"Washington"
"30081",1268.06140136719,"Ravalli"
"29115",NA,"Linn"
"06071",1303.62719726562,"San Bernardino"
"13169",1645.96472167969,"Jones"
"13099",1682.451171875,"Early"
"08123",1543.20544433594,"Weld"
"48443",NA,"Terrell"
"17191",NA,"Wayne"
"08033",NA,"Dolores"
"02013",NA,"Aleutians East"
"02060",NA,"Bristol Bay"
"02070",NA,"Dillingham"
"40089",1759.36340332031,"McCurtain"
"29009",1458.03100585938,"Barry"
"38037",NA,"Grant"
"48355",2354.494140625,"Nueces"
"17171",NA,"Scott"
"21011",NA,"Bath"
"26087",1412.06909179688,"Lapeer"
"31097",1401.40991210938,"Johnson"
"35005",1619.07202148438,"Chaves"
"42061",987.249572753906,"Huntingdon"
"51131",2134.10766601562,"Northampton"
"08045",1436.49487304688,"Garfield"
"26007",1127.76770019531,"Alpena"
"38021",1257.59619140625,"Dickey"
"41065",961.86474609375,"Wasco"
"05037",1693.92419433594,"Cross"
"13089",2164.83032226562,"DeKalb"
"49033",NA,"Rich"
"25011",1342.92895507812,"Franklin"
"17195",1106.70532226562,"Whiteside"
"13127",2380.35888671875,"Glynn"
"39155",1079.556640625,"Trumbull"
"13137",1476.69030761719,"Habersham"
"39157",1027.71484375,"Tuscarawas"
"39159",1406.18432617188,"Union"
"13145",1750.58325195312,"Harris"
"13147",1560.42797851562,"Hart"
"39099",1079.10388183594,"Mahoning"
"09015",1563.2392578125,"Windham"
"08051",1371.11047363281,"Gunnison"
"16019",1000.66064453125,"Bonneville"
"06091",1227.85168457031,"Sierra"
"40113",1995.72094726562,"Osage"
"22099",1632.76159667969,"St. Martin"
"22103",2250.40283203125,"St. Tammany"
"36033",1344.31066894531,"Franklin"
"28063",NA,"Jefferson"
"47127",1317.65087890625,"Moore"
"36007",1222.62194824219,"Broome"
"36093",1776.02001953125,"Schenectady"
"40005",1873.36499023438,"Atoka"
"36107",1321.87512207031,"Tioga"
"27157",1620.92565917969,"Wabasha"
"37029",2412.5205078125,"Camden"
"51175",1401.96154785156,"Southampton"
"36027",2106.55932617188,"Dutchess"
"51095",1349.95776367188,"James City"
"37075",1346.6455078125,"Graham"
"01025",2019.75708007812,"Clarke"
"01091",1881.18139648438,"Marengo"
"01131",1897.21508789062,"Wilcox"
"54099",1201.35607910156,"Wayne"
"01099",1607.37170410156,"Monroe"
"24001",1318.16613769531,"Allegany"
"01127",1788.64538574219,"Walker"
"54059",NA,"Mingo"
"54061",1237.56945800781,"Monongalia"
"51155",1074.2783203125,"Pulaski"
"54071",NA,"Pendleton"
"29153",NA,"Ozark"
"40141",1828.63452148438,"Tillman"
"48411",NA,"San Saba"
"31171",NA,"Thomas"
"42031",903.012390136719,"Clarion"
"51087",1163.25463867188,"Henrico"
"55043",1067.84069824219,"Grant"
"35006",1367.15002441406,"Cibola"
"12125",1724.67626953125,"Union"
"38089",1672.86975097656,"Stark"
"20001",NA,"Allen"
"28107",1788.51245117188,"Panola"
"40111",1802.85327148438,"Okmulgee"
"51083",1054.46911621094,"Halifax"
"18163",1173.13916015625,"Vanderburgh"
"38065",NA,"Oliver"
"05051",1661.54052734375,"Garland"
"04012",1110.77673339844,"La Paz"
"17197",1742.00415039062,"Will"
"29129",NA,"Mercer"
"08079",NA,"Mineral"
"48273",2250.70825195312,"Kleberg"
"05139",1701.556640625,"Union"
"06115",1221.54614257812,"Yuba"
"13013",1255.85266113281,"Barrow"
"08057",NA,"Jackson"
"37175",1413.947265625,"Transylvania"
"51077",903.586303710938,"Grayson"
"08063",1823.83740234375,"Kit Carson"
"22057",3108.1884765625,"Lafourche"
"37185",1398.45764160156,"Warren"
"72053",NA,"Fajardo"
"17089",1714.03540039062,"Kane"
"30005",1283.65649414062,"Blaine"
"72121",NA,"Sabana Grande"
"38019",NA,"Cavalier"
"06015",1128.41760253906,"Del Norte"
"29017",NA,"Bollinger"
"51720",1056.22351074219,"Norton"
"36075",1650.89233398438,"Oswego"
"55011",914.129089355469,"Buffalo"
"36087",2870.36840820312,"Rockland"
"08011",NA,"Bent"
"09001",2390.96484375,"Fairfield"
"05005",1351.70703125,"Baxter"
"51193",1537.71459960938,"Westmoreland"
"38083",NA,"Sheridan"
"29225",1564.66760253906,"Webster"
"37059",1180.17211914062,"Davie"
"05063",1496.13500976562,"Independence"
"42129",955.33544921875,"Westmoreland"
"48199",2025.74719238281,"Hardin"
"48431",NA,"Sterling"
"48461",NA,"Upton"
"48475",1503.73510742188,"Ward"
"48485",1706.85815429688,"Wichita"
"08065",1112.46472167969,"Lake"
"08071",1561.69299316406,"Las Animas"
"36011",1396.0673828125,"Cayuga"
"48253",1749.99816894531,"Jones"
"37091",1707.71826171875,"Hertford"
"08093",1553.91394042969,"Park"
"26097",1128.11633300781,"Mackinac"
"08109",1228.9677734375,"Saguache"
"48229",1622.4169921875,"Hudspeth"
"09007",1951.53247070312,"Middlesex"
"01021",1509.97985839844,"Chilton"
"20071",NA,"Greeley"
"40035",1684.84936523438,"Craig"
"06099",1093.55725097656,"Stanislaus"
"20055",1864.72790527344,"Finney"
"46119",NA,"Sully"
"47133",1340.41394042969,"Overton"
"54097",1061.52319335938,"Upshur"
"40103",2153.2646484375,"Noble"
"48311",NA,"McMullen"
"54003",1127.06799316406,"Berkeley"
"53023",1573.89660644531,"Garfield"
"26137",NA,"Otsego"
"37051",1356.10827636719,"Cumberland"
"16033",NA,"Clark"
"56021",1563.98413085938,"Laramie"
"48281",1428.2578125,"Lampasas"
"16007",1079.92980957031,"Bear Lake"
"24037",1514.28686523438,"St. Mary's"
"38033",NA,"Golden Valley"
"32031",1012.6826171875,"Washoe"
"32005",1038.70581054688,"Douglas"
"18009",1204.50341796875,"Blackford"
"18169",940.406188964844,"Wabash"
"72089",NA,"Luquillo"
"05049",1426.32556152344,"Fulton"
"08005",1837.22399902344,"Arapahoe"
"05033",1496.35180664062,"Crawford"
"29021",1354.80053710938,"Buchanan"
"31055",1628.51818847656,"Douglas"
"06021",1050.86157226562,"Glenn"
"42133",1128.51306152344,"York"
"31043",1342.63171386719,"Dakota"
"37077",1292.72619628906,"Granville"
"31027",1251.41943359375,"Cedar"
"06027",1435.42016601562,"Inyo"
"37097",1262.25415039062,"Iredell"
"40129",NA,"Roger Mills"
"13189",1444.47375488281,"McDuffie"
"41055",NA,"Sherman"
"41063",1029.05249023438,"Wallowa"
"55041",1199.92150878906,"Forest"
"19025",1301.76196289062,"Calhoun"
"48093",1882.36413574219,"Comanche"
"48143",1886.74011230469,"Erath"
"48101",NA,"Cottle"
"48107",NA,"Crosby"
"26037",1219.07958984375,"Clinton"
"23007",1425.439453125,"Franklin"
"47145",1398.24829101562,"Roane"
"21107",1676.8232421875,"Hopkins"
"26003",1170.71838378906,"Alger"
"37017",2122.064453125,"Bladen"
"29127",1348.22241210938,"Marion"
"39101",965.279052734375,"Marion"
"53009",1106.64428710938,"Clallam"
"05067",1532.65673828125,"Jackson"
"51065",1193.80932617188,"Fluvanna"
"01053",1798.5576171875,"Escambia"
"12089",1893.88256835938,"Nassau"
"36089",1292.44812011719,"St. Lawrence"
"37019",2642.57080078125,"Brunswick"
"51143",927.803405761719,"Pittsylvania"
"13017",1380.513671875,"Ben Hill"
"37163",1520.37280273438,"Sampson"
"36069",1521.80285644531,"Ontario"
"51165",1008.27093505859,"Rockingham"
"02122",1414.1962890625,"Kenai Peninsula"
"48283",NA,"La Salle"
"46087",NA,"McCook"
"29099",1560.24584960938,"Jefferson"
"54011",1157.61987304688,"Cabell"
"17001",1012.17108154297,"Adams"
"12011",3878.37817382812,"Broward"
"39169",1065.60034179688,"Wayne"
"39011",1122.85485839844,"Auglaize"
"13183",1506.61840820312,"Long"
"39033",1237.34692382812,"Crawford"
"02100",NA,"Haines"
"05077",NA,"Lee"
"05095",1775.54443359375,"Monroe"
"05117",1754.72875976562,"Prairie"
"40013",1885.73217773438,"Bryan"
"51137",1212.12487792969,"Orange"
"48471",1664.47924804688,"Walker"
"40029",NA,"Coal"
"51031",964.655090332031,"Campbell"
"48339",2293.22412109375,"Montgomery"
"40091",2344.57690429688,"McIntosh"
"40095",2086.21655273438,"Marshall"
"48225",1490.47546386719,"Houston"
"48407",2091.50073242188,"San Jacinto"
"48395",1708.35913085938,"Robertson"
