"GEOID","value","NAME"
"13027",1795.92150878906,"Brooks"
"31095",1372.408203125,"Jefferson"
"51683",1637.76867675781,"Manassas"
"56021",1683,"Laramie"
"13135",1945.43017578125,"Gwinnett"
"20001",NA,"Allen"
"27065",2104.953125,"Kanabec"
"28107",1827.01208496094,"Panola"
"31185",1586.02197265625,"York"
"42063",992.830627441406,"Indiana"
"48327",NA,"Menard"
"29173",1328.31286621094,"Ralls"
"48151",NA,"Fisher"
"72081",NA,"Lares"
"51183",1168.77319335938,"Sussex"
"47183",1390.34008789062,"Weakley"
"26105",NA,"Mason"
"48159",1821.20483398438,"Franklin"
"08075",2133.9609375,"Logan"
"22119",1222.60571289062,"Webster"
"31045",1775.40258789062,"Dawes"
"51139",1215.19616699219,"Page"
"13161",1525.89904785156,"Jeff Davis"
"18117",1524.95361328125,"Orange"
"27015",1471.78491210938,"Brown"
"31079",1593.23266601562,"Hall"
"21223",1537.2841796875,"Trimble"
"55113",1313.06726074219,"Sawyer"
"41027",1000.21374511719,"Hood River"
"21169",1297.49914550781,"Metcalfe"
"26007",1064.5068359375,"Alpena"
"19095",1506.1513671875,"Iowa"
"13061",NA,"Clay"
"18177",1116.00024414062,"Wayne"
"29227",NA,"Worth"
"31157",1928.99108886719,"Scotts Bluff"
"39107",1074.18640136719,"Mercer"
"01015",1487.64636230469,"Calhoun"
"37095",NA,"Hyde"
"19019",1351.81799316406,"Buchanan"
"27121",1513.62121582031,"Pope"
"21181",1117.74072265625,"Nicholas"
"42053",880.115417480469,"Forest"
"46077",NA,"Kingsbury"
"48375",1721.66638183594,"Potter"
"48413",NA,"Schleicher"
"51580",920.052856445312,"Covington"
"54063",NA,"Monroe"
"48499",1913.17761230469,"Wood"
"18041",1215.23571777344,"Fayette"
"28023",1976.71520996094,"Clarke"
"04023",1053.75122070312,"Santa Cruz"
"17007",1299.31713867188,"Boone"
"28039",2328.78588867188,"George"
"37113",1212.9130859375,"Macon"
"40025",NA,"Cimarron"
"01043",1612.51843261719,"Cullman"
"39065",1333.40417480469,"Hardin"
"20105",NA,"Lincoln"
"22059",857.321960449219,"LaSalle"
"36123",1229.26831054688,"Yates"
"21035",1848.48022460938,"Calloway"
"48045",NA,"Briscoe"
"48265",1705.44079589844,"Kerr"
"72067",NA,"Hormigueros"
"20009",2026.02502441406,"Barton"
"16075",967.176208496094,"Payette"
"48269",NA,"King"
"39161",1078.31750488281,"Van Wert"
"46125",1435.82653808594,"Turner"
"19129",1580.40246582031,"Mills"
"26001",1178.77856445312,"Alcona"
"48165",2128.02368164062,"Gaines"
"13201",2284.94702148438,"Miller"
"18013",1879.27880859375,"Brown"
"19023",1352.93383789062,"Butler"
"40043",NA,"Dewey"
"31151",1443.61755371094,"Saline"
"37069",1356.32275390625,"Franklin"
"21219",1735.34509277344,"Todd"
"48393",NA,"Roberts"
"54031",1007.56439208984,"Hardy"
"48399",1504.6923828125,"Runnels"
"48301",NA,"Loving"
"31089",1351.57080078125,"Holt"
"17175",924.999938964844,"Stark"
"48193",2044.46997070312,"Hamilton"
"16009",1191.36450195312,"Benewah"
"19109",1225.61291503906,"Kossuth"
"28141",1480.50903320312,"Tishomingo"
"31131",1533.31030273438,"Otoe"
"46051",NA,"Grant"
"16067",1055.2119140625,"Minidoka"
"19157",1248.40307617188,"Poweshiek"
"22001",1976.61779785156,"Acadia"
"37079",1520.4384765625,"Greene"
"42011",1086.50500488281,"Berks"
"51600",2525.88916015625,"Fairfax"
"48335",1749.4677734375,"Mitchell"
"72073",NA,"Jayuya"
"51790",948.39697265625,"Staunton"
"20171",NA,"Scott"
"31001",1475.65441894531,"Adams"
"45053",1894.24487304688,"Jasper"
"38047",NA,"Logan"
"29081",1229.02954101562,"Harrison"
"20157",NA,"Republic"
"28087",1691.71313476562,"Lowndes"
"51590",960.185424804688,"Danville"
"51650",1670.67590332031,"Hampton"
"05029",1550.45532226562,"Conway"
"17139",1052.09753417969,"Moultrie"
"19105",1460.70056152344,"Jones"
"27097",1607.66943359375,"Morrison"
"29151",1452.03515625,"Osage"
"40061",1975.98791503906,"Haskell"
"46057",NA,"Hamlin"
"54007",NA,"Braxton"
"05111",1497.36926269531,"Poinsett"
"21137",1333.87866210938,"Lincoln"
"17027",1350.9736328125,"Clinton"
"37147",1663.2412109375,"Pitt"
"29207",1468.72033691406,"Stoddard"
"17045",1367.0078125,"Edgar"
"21191",1429.38269042969,"Pendleton"
"36073",1027.87377929688,"Orleans"
"38011",1792.0908203125,"Bowman"
"01117",1578.56237792969,"Shelby"
"13217",1483.70861816406,"Newton"
"39157",1161.85021972656,"Tuscarawas"
"19135",1383.4326171875,"Monroe"
"18113",1213.24255371094,"Noble"
"29141",1483.05163574219,"Morgan"
"36067",1396.94897460938,"Onondaga"
"48493",1820.99584960938,"Wilson"
"46087",NA,"McCook"
"48233",1827.51000976562,"Hutchinson"
"72019",NA,"Barranquitas"
"51840",1103.19079589844,"Winchester"
"40105",1693.59240722656,"Nowata"
"31129",NA,"Nuckolls"
"48325",1976.36193847656,"Medina"
"17005",1714.74475097656,"Bond"
"45069",1414.55407714844,"Marlboro"
"39069",988.737243652344,"Henry"
"21007",1773.00183105469,"Ballard"
"46111",NA,"Sanborn"
"48009",1889.6005859375,"Archer"
"21063",NA,"Elliott"
"38065",NA,"Oliver"
"37063",1285.853515625,"Durham"
"19165",1178.11779785156,"Shelby"
"19175",1338.46887207031,"Union"
"47065",1875.83483886719,"Hamilton"
"55087",1014.33935546875,"Outagamie"
"17165",1654.60925292969,"Saline"
"47109",1488.62878417969,"McNairy"
"31103",NA,"Keya Paha"
"31113",NA,"Logan"
"40053",NA,"Grant"
"46007",NA,"Bennett"
"48195",NA,"Hansford"
"19103",1441.47973632812,"Johnson"
"17081",1442.93737792969,"Jefferson"
"47015",1582.2294921875,"Cannon"
"18085",1359.62573242188,"Kosciusko"
"20059",1733.1884765625,"Franklin"
"27153",1544.84497070312,"Todd"
"38077",1577.61499023438,"Richland"
"23015",1234.27783203125,"Lincoln"
"20057",1787.68115234375,"Ford"
"17145",1338.01062011719,"Perry"
"17093",1762.13928222656,"Kendall"
"29099",1578.93933105469,"Jefferson"
"29105",1550.09436035156,"Laclede"
"26039",1339.4716796875,"Crawford"
"29127",1456.6728515625,"Marion"
"42093",1045.77111816406,"Montour"
"26143",1116.74401855469,"Roscommon"
"12009",2168.25219726562,"Brevard"
"31119",1566.60632324219,"Madison"
"31135",2127.26831054688,"Perkins"
"35021",NA,"Harding"
"51173",941.954711914062,"Smyth"
"27085",1572.64367675781,"McLeod"
"48155",NA,"Foard"
"31167",1429.17016601562,"Stanton"
"31179",1349.22778320312,"Wayne"
"38045",NA,"LaMoure"
"39089",1319.080078125,"Licking"
"05053",1612.171875,"Grant"
"47111",1322.46105957031,"Macon"
"20107",NA,"Linn"
"20061",1655.15441894531,"Geary"
"19041",1247.63659667969,"Clay"
"20169",1505.42028808594,"Saline"
"20037",1628.03979492188,"Crawford"
"48095",NA,"Concho"
"48107",NA,"Crosby"
"26043",1013.5927734375,"Dickinson"
"37163",1600.40026855469,"Sampson"
"48117",1904.24157714844,"Deaf Smith"
"26067",1353.06677246094,"Ionia"
"21141",1513.43151855469,"Logan"
"48127",1729.15087890625,"Dimmit"
"27055",1502.953125,"Houston"
"51025",1233.86694335938,"Brunswick"
"27039",1601.6123046875,"Dodge"
"27047",1379.20202636719,"Freeborn"
"26149",1235.27697753906,"St. Joseph"
"17051",1244.30969238281,"Fayette"
"17055",1486.41650390625,"Franklin"
"48131",NA,"Duval"
"21025",NA,"Breathitt"
"27041",1509.6513671875,"Douglas"
"46067",NA,"Hutchinson"
"48023",1601.375,"Baylor"
"46047",1687.68725585938,"Fall River"
"46097",NA,"Miner"
"25003",1254.69763183594,"Berkshire"
"27073",1573.1279296875,"Lac qui Parle"
"44003",1700.08459472656,"Kent"
"51011",964.8798828125,"Appomattox"
"31003",NA,"Antelope"
"56005",1868.73522949219,"Campbell"
"45061",1615.13049316406,"Lee"
"48047",NA,"Brooks"
"51013",1734.43078613281,"Arlington"
"51065",1358.22229003906,"Fluvanna"
"53021",979.467407226562,"Franklin"
"53059",1257.84313964844,"Skamania"
"51109",1338.79125976562,"Louisa"
"51115",2282.12060546875,"Mathews"
"48191",NA,"Hall"
"31023",1381.09582519531,"Butler"
"05065",1370.04748535156,"Izard"
"38043",NA,"Kidder"
"37077",1303.17224121094,"Granville"
"37109",1246.42102050781,"Lincoln"
"51660",1078.09326171875,"Harrisonburg"
"51690",1050.20373535156,"Martinsville"
"19001",1443.06909179688,"Adair"
"39073",1389.37036132812,"Hocking"
"13243",NA,"Randolph"
"48507",NA,"Zavala"
"48011",NA,"Armstrong"
"13265",NA,"Taliaferro"
"19035",1274.9443359375,"Cherokee"
"05025",1498.26416015625,"Cleveland"
"08091",1436.22351074219,"Ouray"
"05147",1553.30749511719,"Woodruff"
"48429",2048.0302734375,"Stephens"
"27109",1625.12744140625,"Olmsted"
"13301",1992.12487792969,"Warren"
"48359",NA,"Oldham"
"29089",1590.11474609375,"Howard"
"13125",NA,"Glascock"
"13085",1675.45031738281,"Dawson"
"05123",1691.84814453125,"St. Francis"
"55125",1228.52099609375,"Vilas"
"39093",1184.89233398438,"Lorain"
"28135",1390.81945800781,"Tallahatchie"
"29021",1316.94970703125,"Buchanan"
"48187",1541.52587890625,"Guadalupe"
"48235",NA,"Irion"
"12027",2179.06958007812,"DeSoto"
"18039",1235.470703125,"Elkhart"
"48237",1748.9677734375,"Jack"
"40037",2269.73095703125,"Creek"
"29169",1540.49548339844,"Pulaski"
"19039",1364.7421875,"Clarke"
"08079",NA,"Mineral"
"01061",1620.59497070312,"Geneva"
"01017",1533.78137207031,"Chambers"
"12081",2331.43310546875,"Manatee"
"08121",NA,"Washington"
"19079",1305.84558105469,"Hamilton"
"20139",1954.28674316406,"Osage"
"48311",NA,"McMullen"
"19093",1603.6572265625,"Ida"
"08099",1801.65673828125,"Prowers"
"39135",1164.2734375,"Preble"
"39137",1270.77612304688,"Putnam"
"17179",1122.51721191406,"Tazewell"
"19161",1330.67407226562,"Sac"
"48403",NA,"Sabine"
"19181",1578.86755371094,"Warren"
"19107",1218.19653320312,"Keokuk"
"39155",1083.02734375,"Trumbull"
"48463",1509.89685058594,"Uvalde"
"48469",2040.63635253906,"Victoria"
"08025",NA,"Crowley"
"08027",2067.50122070312,"Custer"
"08005",1858.4189453125,"Arapahoe"
"08043",1332.14233398438,"Fremont"
"48261",NA,"Kenedy"
"48433",NA,"Stonewall"
"48227",1736.99645996094,"Howard"
"40001",NA,"Adair"
"36039",1699.19921875,"Greene"
"05047",1500.73718261719,"Franklin"
"36041",1519.73132324219,"Hamilton"
"36113",1770.73889160156,"Warren"
"36057",1610.94946289062,"Montgomery"
"36093",1417.53381347656,"Schenectady"
"51137",1327.00036621094,"Orange"
"40091",2095.98754882812,"McIntosh"
"37075",1173.78649902344,"Graham"
"01131",1969.32934570312,"Wilcox"
"01107",1709.17700195312,"Pickens"
"54061",1295.72253417969,"Monongalia"
"29063",1548.5634765625,"DeKalb"
"54085",NA,"Ritchie"
"31061",NA,"Franklin"
"12007",1728.68725585938,"Bradford"
"48021",1676.36926269531,"Bastrop"
"53051",1362.3232421875,"Pend Oreille"
"13019",1535.35083007812,"Berrien"
"28067",1947.56787109375,"Jones"
"51023",1059.24194335938,"Botetourt"
"51067",1128.71228027344,"Franklin"
"32029",960.343200683594,"Storey"
"72139",NA,"Trujillo Alto"
"72133",NA,"Santa Isabel"
"29139",1718.51489257812,"Montgomery"
"13229",1416.31176757812,"Pierce"
"37127",1602.30822753906,"Nash"
"47051",1572.80236816406,"Franklin"
"18035",1148.83618164062,"Delaware"
"20159",NA,"Rice"
"38049",1737.91979980469,"McHenry"
"20103",1782.40393066406,"Leavenworth"
"13079",1834.73962402344,"Crawford"
"72123",NA,"Salinas"
"20141",NA,"Osborne"
"20163",NA,"Rooks"
"26087",1750.9873046875,"Lapeer"
"72009",NA,"Aibonito"
"38041",NA,"Hettinger"
"18179",1029.54333496094,"Wells"
"19087",1359.8056640625,"Henry"
"22091",1754.29382324219,"St. Helena"
"18097",1494.24389648438,"Marion"
"18159",1327.74731445312,"Tipton"
"17141",1300.359375,"Ogle"
"20161",1783.81018066406,"Riley"
"20089",NA,"Jewell"
"20143",2529.7919921875,"Ottawa"
"20179",NA,"Sheridan"
"13193",1846.9619140625,"Macon"
"29015",1459.70874023438,"Benton"
"13249",1522.76184082031,"Schley"
"22049",1095.85888671875,"Jackson"
"51720",1072.51049804688,"Norton"
"29067",NA,"Douglas"
"51710",1776.4775390625,"Norfolk"
"08001",1668.75122070312,"Adams"
"51740",1507.19360351562,"Portsmouth"
"12023",1519.12231445312,"Columbia"
"54019",1225.79406738281,"Fayette"
"72031",NA,"Carolina"
"72065",NA,"Hatillo"
"28099",1794.16772460938,"Neshoba"
"12053",1747.38000488281,"Hernando"
"53069",1623.01574707031,"Wahkiakum"
"40119",2270.82543945312,"Payne"
"27139",2042.89123535156,"Scott"
"20145",NA,"Pawnee"
"19155",1427.59533691406,"Pottawattamie"
"27089",1445.8642578125,"Marshall"
"47131",1488.21936035156,"Obion"
"13227",1528.43127441406,"Pickens"
"18095",1281.22094726562,"Madison"
"19141",1263.10168457031,"O'Brien"
"31143",1535.4892578125,"Polk"
"48035",1779.111328125,"Bosque"
"51167",1097.88989257812,"Russell"
"72055",NA,"Guánica"
"35028",1340.57177734375,"Los Alamos"
"20047",NA,"Edwards"
"06075",2308.83984375,"San Francisco"
"20075",NA,"Hamilton"
"28003",1952.30773925781,"Alcorn"
"47115",1419.31127929688,"Marion"
"05095",1672.48254394531,"Monroe"
"17039",1168.73913574219,"De Witt"
"21085",1600.71398925781,"Grayson"
"29205",NA,"Shelby"
"48347",1568.77099609375,"Nacogdoches"
"29181",NA,"Ripley"
"18147",1546.96545410156,"Spencer"
"20173",2088.96508789062,"Sedgwick"
"28005",2143.443359375,"Amite"
"28033",1663.73278808594,"DeSoto"
"28085",2045.5400390625,"Lincoln"
"72083",NA,"Las Marías"
"72141",NA,"Utuado"
"01007",1610.009765625,"Bibb"
"34019",2001.59545898438,"Hunterdon"
"54095",894.582946777344,"Tyler"
"18031",1296.314453125,"Decatur"
"27013",1489.35266113281,"Blue Earth"
"38061",1679.3134765625,"Mountrail"
"49007",904.757751464844,"Carbon"
"31009",NA,"Blaine"
"18087",1339.28503417969,"LaGrange"
"19015",1445.72729492188,"Boone"
"19099",1335.97546386719,"Jasper"
"11001",1929.76403808594,"District of Columbia"
"17195",1102.77404785156,"Whiteside"
"45003",1493.10705566406,"Aiken"
"51043",1653.24633789062,"Clarke"
"18157",1085.65783691406,"Tippecanoe"
"19081",1354.12426757812,"Hancock"
"31101",1936.64978027344,"Keith"
"48171",2547.42822265625,"Gillespie"
"55015",988.814208984375,"Calumet"
"29051",1334.20080566406,"Cole"
"28155",NA,"Webster"
"36037",1321.74438476562,"Genesee"
"49039",919.6337890625,"Sanpete"
"05127",1316.52648925781,"Scott"
"51135",1204.61022949219,"Nottoway"
"13123",1486.77404785156,"Gilmer"
"19069",1298.9580078125,"Franklin"
"19123",1218.75732421875,"Mahaska"
"47079",1570.90515136719,"Henry"
"17115",1063.28051757812,"Macon"
"17151",NA,"Pope"
"17155",1483.42602539062,"Putnam"
"46043",NA,"Douglas"
"40145",2153.19653320312,"Wagoner"
"48069",NA,"Castro"
"29073",1610.859375,"Gasconade"
"42065",761.398681640625,"Jefferson"
"27105",1470.25329589844,"Nobles"
"38031",NA,"Foster"
"51169",1052.869140625,"Scott"
"38039",NA,"Griggs"
"38073",1970.06750488281,"Ransom"
"17197",1730.36254882812,"Will"
"21107",1796.99328613281,"Hopkins"
"17041",1282.99096679688,"Douglas"
"21157",1788.24633789062,"Marshall"
"28017",1807.80810546875,"Chickasaw"
"18151",1276.08093261719,"Steuben"
"36033",1171.24243164062,"Franklin"
"13129",1609.57482910156,"Gordon"
"39047",1231.10302734375,"Fayette"
"18053",1038.3203125,"Grant"
"29059",1457.52746582031,"Dallas"
"29057",1411.01770019531,"Dade"
"48441",1603.39074707031,"Taylor"
"48303",1766.74353027344,"Lubbock"
"72003",NA,"Aguada"
"29155",NA,"Pemiscot"
"48449",1576.81213378906,"Titus"
"39077",1242.005859375,"Huron"
"13215",1426.14428710938,"Muscogee"
"26023",NA,"Branch"
"42001",1040.33850097656,"Adams"
"08003",1220.43200683594,"Alamosa"
"19183",1310.62219238281,"Washington"
"39097",1510.43786621094,"Madison"
"28123",1700.93127441406,"Scott"
"45079",1414.03759765625,"Richland"
"55017",1083.64135742188,"Chippewa"
"72119",NA,"Río Grande"
"31059",1415.21301269531,"Fillmore"
"48103",1406.15026855469,"Crane"
"20119",NA,"Meade"
"19139",1208.74914550781,"Muscatine"
"39123",1344.24194335938,"Ottawa"
"08019",2008.66259765625,"Clear Creek"
"08035",2168.71362304688,"Douglas"
"20081",NA,"Haskell"
"27083",1616.25158691406,"Lyon"
"31017",NA,"Brown"
"12113",2064.91040039062,"Santa Rosa"
"13025",1515.27160644531,"Brantley"
"17199",1553.41711425781,"Williamson"
"48243",NA,"Jeff Davis"
"39139",1168.14196777344,"Richland"
"20033",NA,"Comanche"
"26009",1505.97314453125,"Antrim"
"31105",1849.91870117188,"Kimball"
"45001",1354.77404785156,"Abbeville"
"08011",1575.96557617188,"Bent"
"18011",1782.25805664062,"Boone"
"21099",1429.91174316406,"Hart"
"54087",1279.54968261719,"Roane"
"26127",1339.39038085938,"Oceana"
"27019",2140.46313476562,"Carver"
"46079",1590.90368652344,"Lake"
"48255",1708.44470214844,"Karnes"
"47125",1666.49914550781,"Montgomery"
"55099",867.876037597656,"Price"
"55133",1123.70141601562,"Waukesha"
"54029",1096.77575683594,"Hancock"
"48435",NA,"Sutton"
"55045",1054.8271484375,"Green"
"72109",NA,"Patillas"
"19127",1231.87609863281,"Marshall"
"40149",2547.90185546875,"Washita"
"41041",1143.865234375,"Lincoln"
"26135",1533.68298339844,"Oscoda"
"17079",NA,"Jasper"
"26155",1545.43408203125,"Shiawassee"
"51770",884.255187988281,"Roanoke"
"39029",1170.62744140625,"Columbiana"
"20123",NA,"Mitchell"
"55031",1180.00073242188,"Douglas"
"29093",1413.517578125,"Iron"
"40015",2018.73364257812,"Caddo"
"28045",3078.69311523438,"Hancock"
"12131",2553.1298828125,"Walton"
"27111",1584.76721191406,"Otter Tail"
"18099",1505.89514160156,"Marshall"
"22007",2105.23681640625,"Assumption"
"18143",1510.01965332031,"Scott"
"13097",1482.14196777344,"Douglas"
"20151",NA,"Pratt"
"35007",1760.40466308594,"Colfax"
"48281",1479.5185546875,"Lampasas"
"29161",1543.87438964844,"Phelps"
"38091",NA,"Steele"
"29217",1377.07678222656,"Vernon"
"40035",1835.02734375,"Craig"
"13273",1699.65698242188,"Terrell"
"19017",1500.8173828125,"Bremer"
"19075",1171.49267578125,"Grundy"
"29159",1422.607421875,"Pettis"
"13149",1261.16760253906,"Heard"
"38099",1918.8994140625,"Walsh"
"28019",NA,"Choctaw"
"20003",NA,"Anderson"
"37169",1047.75708007812,"Stokes"
"06091",1295.74926757812,"Sierra"
"20041",1757.89184570312,"Dickinson"
"08095",2196.88403320312,"Phillips"
"16081",1132.04174804688,"Teton"
"13059",1333.69348144531,"Clarke"
"48447",NA,"Throckmorton"
"12049",2000.904296875,"Hardee"
"13183",1576.96276855469,"Long"
"48431",NA,"Sterling"
"48417",NA,"Shackelford"
"48207",1554.62292480469,"Haskell"
"48051",1864.54650878906,"Burleson"
"36017",1192.83557128906,"Chenango"
"54009",1178.98498535156,"Brooke"
"05003",1517.86633300781,"Ashley"
"29197",NA,"Schuyler"
"19163",1314.31066894531,"Scott"
"19189",1310.62646484375,"Winnebago"
"31085",NA,"Hayes"
"05021",1375.40356445312,"Clay"
"48025",1699.46240234375,"Bee"
"42123",745.129699707031,"Warren"
"21021",1963.01245117188,"Boyle"
"19185",1402.81384277344,"Wayne"
"47055",1508.91186523438,"Giles"
"48161",1780.75158691406,"Freestone"
"17163",1540.19763183594,"St. Clair"
"18065",1286.54833984375,"Henry"
"21079",1335.11877441406,"Garrard"
"26129",1206.65661621094,"Ogemaw"
"55069",998.433959960938,"Lincoln"
"48391",2605.03125,"Refugio"
"17117",1367.56506347656,"Macoupin"
"31181",NA,"Webster"
"20135",NA,"Ness"
"42083",896.309326171875,"McKean"
"31139",1477.8056640625,"Pierce"
"47133",1339.71875,"Overton"
"19027",1452.98120117188,"Carroll"
"26107",NA,"Mecosta"
"17053",1290.01611328125,"Ford"
"17063",1458.62377929688,"Grundy"
"48053",1676.81689453125,"Burnet"
"17083",1365.56274414062,"Jersey"
"18131",1323.73449707031,"Pulaski"
"31117",NA,"McPherson"
"37083",1223.94494628906,"Halifax"
"21033",1481.55090332031,"Caldwell"
"19119",1476.16662597656,"Lyon"
"31055",1732.79455566406,"Douglas"
"27131",1702.98205566406,"Rice"
"05113",1565.95483398438,"Polk"
"38035",1547.62512207031,"Grand Forks"
"51700",1387.21545410156,"Newport News"
"08125",2149.42260742188,"Yuma"
"39023",1114.02954101562,"Clark"
"37105",1356.166015625,"Lee"
"38001",NA,"Adams"
"29221",1558.70092773438,"Washington"
"33001",1416.45947265625,"Belknap"
"09140",NA,"Naugatuck Valley"
"24043",1347.95068359375,"Washington"
"20203",NA,"Wichita"
"48129",NA,"Donley"
"42023",NA,"Cameron"
"51089",968.016052246094,"Henry"
"05099",1789.66333007812,"Nevada"
"40055",2061.9990234375,"Greer"
"55057",1013.98486328125,"Juneau"
"46017",NA,"Buffalo"
"06047",1176.81811523438,"Merced"
"16057",1092.6455078125,"Latah"
"39169",1105.23852539062,"Wayne"
"48471",1760.12841796875,"Walker"
"54013",NA,"Calhoun"
"32001",980.849731445312,"Churchill"
"19197",1455.69714355469,"Wright"
"31039",1448.46166992188,"Cuming"
"47123",1405.77966308594,"Monroe"
"13253",1752.72729492188,"Seminole"
"13235",1637.66357421875,"Pulaski"
"13173",1423.23107910156,"Lanier"
"13255",1282.70849609375,"Spalding"
"17095",1078.89611816406,"Knox"
"29201",1817.52966308594,"Scott"
"48239",1901.86315917969,"Jackson"
"12041",1562.53356933594,"Gilchrist"
"37161",1105.78833007812,"Rutherford"
"13043",1543.21801757812,"Candler"
"19121",1510.59521484375,"Madison"
"48383",NA,"Reagan"
"40049",2146.55541992188,"Garvin"
"54051",1081.50744628906,"Marshall"
"55009",905.747680664062,"Brown"
"21197",NA,"Powell"
"18033",1144.57385253906,"DeKalb"
"27005",1667.33837890625,"Becker"
"36117",1051.96826171875,"Wayne"
"26069",1146.15075683594,"Iosco"
"28073",2276.3525390625,"Lamar"
"48179",1959.08435058594,"Gray"
"18081",1429.7197265625,"Johnson"
"18111",1440.18188476562,"Newton"
"27147",1482.64562988281,"Steele"
"28131",2053.20751953125,"Stone"
"46025",NA,"Clark"
"51595",1096.12243652344,"Emporia"
"21047",1568.841796875,"Christian"
"31091",NA,"Hooker"
"17201",1147.873046875,"Winnebago"
"21133",NA,"Letcher"
"47057",1421.03674316406,"Grainger"
"27099",1383.58508300781,"Mower"
"13245",1365.73889160156,"Richmond"
"12069",1672.85583496094,"Lake"
"48279",1504.587890625,"Lamb"
"39099",1127.74499511719,"Mahoning"
"39011",1142.20080566406,"Auglaize"
"48253",1842.87463378906,"Jones"
"40125",2273.64184570312,"Pottawatomie"
"56041",1177.70568847656,"Uinta"
"13105",1361.57336425781,"Elbert"
"72097",NA,"Mayagüez"
"20065",NA,"Graham"
"72025",NA,"Caguas"
"72049",NA,"Culebra"
"29229",NA,"Wright"
"31093",1753.96655273438,"Howard"
"47099",1433.47338867188,"Lawrence"
"51775",980.278198242188,"Salem"
"51101",1432.47668457031,"King William"
"01013",1701.34973144531,"Butler"
"72051",NA,"Dorado"
"16063",961.661315917969,"Lincoln"
"17189",1742.81188964844,"Washington"
"27107",1533.333984375,"Norman"
"72147",NA,"Vieques"
"27141",1802.90905761719,"Sherburne"
"18167",1204.05444335938,"Vigo"
"08105",1254.40844726562,"Rio Grande"
"48213",1618.22290039062,"Henderson"
"31083",1621.392578125,"Harlan"
"40021",2062.4892578125,"Cherokee"
"17011",1253.45849609375,"Bureau"
"37159",1128.66577148438,"Rowan"
"72057",NA,"Guayama"
"18029",1405.70153808594,"Dearborn"
"55103",1164.88464355469,"Richland"
"53061",1381.70642089844,"Snohomish"
"54017",NA,"Doddridge"
"48003",1730.51843261719,"Andrews"
"13081",1753.53784179688,"Crisp"
"13167",1379.05676269531,"Johnson"
"17125",1428.71643066406,"Mason"
"26161",1690.7080078125,"Washtenaw"
"27115",1655.8212890625,"Pine"
"20083",NA,"Hodgeman"
"29075",1463.21472167969,"Gentry"
"05031",1694.41833496094,"Craighead"
"16083",1017.48168945312,"Twin Falls"
"19143",1055.26318359375,"Osceola"
"16071",1027.35827636719,"Oneida"
"21055",1597.96887207031,"Crittenden"
"28009",1916.99670410156,"Benton"
"28153",1699.44506835938,"Wayne"
"31015",NA,"Boyd"
"06015",1022.60150146484,"Del Norte"
"18091",1624.92419433594,"LaPorte"
"20181",1773.04943847656,"Sherman"
"22011",1148.93603515625,"Beauregard"
"34023",1760.32983398438,"Middlesex"
"46031",NA,"Corson"
"46127",1726.97009277344,"Union"
"45055",1505.95104980469,"Kershaw"
"36109",2400.27783203125,"Tompkins"
"29045",NA,"Clark"
"13089",2365.04296875,"DeKalb"
"54079",1271.05908203125,"Putnam"
"01059",1563.61926269531,"Franklin"
"48467",1721.28857421875,"Van Zandt"
"37093",1396.23718261719,"Hoke"
"26015",2083.10375976562,"Barry"
"31007",NA,"Banner"
"55089",1319.13635253906,"Ozaukee"
"37033",1191.43237304688,"Caswell"
"29113",1619.51611328125,"Lincoln"
"45021",1239.53247070312,"Cherokee"
"12003",1490.15490722656,"Baker"
"18069",1044.25231933594,"Huntington"
"28057",1836.58984375,"Itawamba"
"25015",1437.76940917969,"Hampshire"
"05149",1456.15490722656,"Yell"
"19149",1371.18432617188,"Plymouth"
"08061",NA,"Kiowa"
"01119",2139.05981445312,"Sumter"
"18175",1354.24328613281,"Washington"
"01001",1431.78015136719,"Autauga"
"02180",NA,"Nome"
"13091",1682.75085449219,"Dodge"
"19091",1338.36682128906,"Humboldt"
"19013",1164.48876953125,"Black Hawk"
"20207",NA,"Woodson"
"27021",1648.40319824219,"Cass"
"21207",1286.53442382812,"Russell"
"28029",1937.8916015625,"Copiah"
"29225",1574.97595214844,"Webster"
"30093",1176.96704101562,"Silver Bow"
"39131",1351.04382324219,"Pike"
"47177",1306.98803710938,"Warren"
"48059",1885.21179199219,"Callahan"
"55001",1071.56616210938,"Adams"
"54055",1141.55993652344,"Mercer"
"47147",1446.76086425781,"Robertson"
"39081",1198.42919921875,"Jefferson"
"01025",2009.46350097656,"Clarke"
"12019",1514.00366210938,"Clay"
"18055",1467.5849609375,"Greene"
"20055",1831.36071777344,"Finney"
"29085",NA,"Hickory"
"28065",1811.1416015625,"Jefferson Davis"
"22127",NA,"Winn"
"35047",1480.90783691406,"San Miguel"
"01087",1627.17138671875,"Macon"
"13029",2212.541015625,"Bryan"
"17089",1770.42883300781,"Kane"
"18149",1323.892578125,"Starke"
"20087",1965.14221191406,"Jefferson"
"22039",1481.13488769531,"Evangeline"
"40093",2500.65747070312,"Major"
"31171",NA,"Thomas"
"41003",1081.02575683594,"Benton"
"47007",1457.26013183594,"Bledsoe"
"21013",1386.18041992188,"Bell"
"47143",1460.12609863281,"Rhea"
"10001",1340.60729980469,"Kent"
"72131",NA,"San Sebastián"
"54049",1014.64611816406,"Marion"
"51810",1984.76965332031,"Virginia Beach"
"13039",1914.61804199219,"Camden"
"24035",1587.12316894531,"Queen Anne's"
"19031",1261.24548339844,"Cedar"
"19113",1302.30200195312,"Linn"
"39003",1176.20495605469,"Allen"
"06059",1691.54565429688,"Orange"
"12057",2489.47705078125,"Hillsborough"
"16019",950.100158691406,"Bonneville"
"48385",NA,"Real"
"46137",NA,"Ziebach"
"47159",1561.23950195312,"Smith"
"04017",1173.43615722656,"Navajo"
"55019",1012.86828613281,"Clark"
"13147",1430.67175292969,"Hart"
"31111",1568.88305664062,"Lincoln"
"21037",2389.31372070312,"Campbell"
"26027",1740.92065429688,"Cass"
"36111",1867.20666503906,"Ulster"
"18125",1497.70495605469,"Pike"
"18173",1630.60388183594,"Warrick"
"46073",NA,"Jerauld"
"12015",2407.7861328125,"Charlotte"
"13111",1559.42248535156,"Fannin"
"19159",1571.7119140625,"Ringgold"
"22125",1940.22644042969,"West Feliciana"
"28147",1678.53735351562,"Walthall"
"30061",1388.70983886719,"Mineral"
"34021",1898.02062988281,"Mercer"
"45011",1533.10131835938,"Barnwell"
"47095",1268.96704101562,"Lake"
"49009",NA,"Daggett"
"39043",1252.50549316406,"Erie"
"02013",NA,"Aleutians East"
"12013",1703.95861816406,"Calhoun"
"16011",1154.63195800781,"Bingham"
"18071",1221.79077148438,"Jackson"
"20015",2019.08532714844,"Butler"
"40137",2154.67114257812,"Stephens"
"27145",1485.94836425781,"Stearns"
"29117",1465.65405273438,"Livingston"
"40031",2052.97607421875,"Comanche"
"38093",1560.34545898438,"Stutsman"
"45067",1608.29211425781,"Marion"
"48115",1930.24475097656,"Dawson"
"08009",NA,"Baca"
"55085",1158.09704589844,"Oneida"
"40071",2049.51489257812,"Kay"
"51037",1115.74011230469,"Charlotte"
"42109",957.048645019531,"Snyder"
"16055",1070.95715332031,"Kootenai"
"17023",1335.927734375,"Clark"
"27151",1406.82373046875,"Swift"
"38071",1301.52697753906,"Ramsey"
"28061",1556.50610351562,"Jasper"
"17085",1262.94750976562,"Jo Daviess"
"18077",1337.77819824219,"Jefferson"
"29163",1566.56188964844,"Pike"
"36055",1398.02490234375,"Monroe"
"36063",1518.58178710938,"Niagara"
"47167",1570.78820800781,"Tipton"
"51121",1240.94836425781,"Montgomery"
"55091",1163.35021972656,"Pepin"
"05079",1420.3916015625,"Lincoln"
"16061",1312.15844726562,"Lewis"
"39055",1420.03784179688,"Geauga"
"21067",1296.90356445312,"Fayette"
"27061",1604.22192382812,"Itasca"
"28145",1521.35656738281,"Union"
"30095",1668.82678222656,"Stillwater"
"42047",810.536193847656,"Elk"
"21041",1391.85205078125,"Carroll"
"47023",1470.55041503906,"Chester"
"51685",1524.232421875,"Manassas Park"
"48481",2166.53955078125,"Wharton"
"72007",NA,"Aguas Buenas"
"72079",NA,"Lajas"
"54091",1051.57055664062,"Taylor"
"55065",1304.60412597656,"Lafayette"
"29083",1489.78796386719,"Henry"
"30099",1320.060546875,"Teton"
"31025",1845.00720214844,"Cass"
"48405",NA,"San Augustine"
"26145",1499.21215820312,"Saginaw"
"28077",2727.59985351562,"Lawrence"
"20035",1787.00549316406,"Cowley"
"12017",1595.96179199219,"Citrus"
"13281",1467.11791992188,"Towns"
"25023",2165.99536132812,"Plymouth"
"26153",NA,"Schoolcraft"
"28095",1916.84436035156,"Monroe"
"34015",1851.80285644531,"Gloucester"
"39039",1145.25817871094,"Defiance"
"42085",955.370666503906,"Mercer"
"51051",NA,"Dickenson"
"01053",1752.27124023438,"Escambia"
"01039",1763.82629394531,"Covington"
"13101",1820.09887695312,"Echols"
"17003",NA,"Alexander"
"27169",1278.75134277344,"Winona"
"34031",1947.83605957031,"Passaic"
"38087",NA,"Slope"
"42105",830.812316894531,"Potter"
"45005",NA,"Allendale"
"16043",1148.17126464844,"Fremont"
"17069",NA,"Hardin"
"18123",1236.54919433594,"Perry"
"27031",1787.03649902344,"Cook"
"49033",NA,"Rich"
"51185",1216.94885253906,"Tazewell"
"53063",993.997192382812,"Spokane"
"37181",1308.98620605469,"Vance"
"05071",1481.68444824219,"Johnson"
"08051",1674.80810546875,"Gunnison"
"12107",1581.39880371094,"Putnam"
"18079",1224.83422851562,"Jennings"
"40109",2580.41088867188,"Oklahoma"
"28115",1776.64270019531,"Pontotoc"
"21175",1511.45166015625,"Morgan"
"31019",1828.57543945312,"Buffalo"
"27079",1693.49169921875,"Le Sueur"
"37125",1463.06494140625,"Moore"
"45047",1203.01318359375,"Greenwood"
"49035",1125.1474609375,"Salt Lake"
"48297",2562.69848632812,"Live Oak"
"56015",1790.80798339844,"Goshen"
"47161",1459.87353515625,"Stewart"
"01021",1519.47424316406,"Chilton"
"04021",993.353942871094,"Pinal"
"13177",1537.27270507812,"Lee"
"13109",1503.71179199219,"Evans"
"19117",1502.85339355469,"Lucas"
"21211",1686.05895996094,"Shelby"
"27087",1961.74060058594,"Mahnomen"
"29167",1539.77819824219,"Polk"
"30037",NA,"Golden Valley"
"38069",1445.10205078125,"Pierce"
"48067",1570.07238769531,"Cass"
"21111",1652.25634765625,"Jefferson"
"48339",2319.12573242188,"Montgomery"
"48075",NA,"Childress"
"56003",1156.87377929688,"Big Horn"
"48489",2737.91162109375,"Willacy"
"21167",1532.26770019531,"Mercer"
"21117",1739.27905273438,"Kenton"
"13117",1817.93566894531,"Forsyth"
"26131",NA,"Ontonagon"
"27003",1790.220703125,"Anoka"
"28103",NA,"Noxubee"
"01029",1458.73071289062,"Cleburne"
"42015",1046.07788085938,"Bradford"
"29061",1537.35632324219,"Daviess"
"21235",1430.86096191406,"Whitley"
"42115",1020.70263671875,"Susquehanna"
"48163",1877.39135742188,"Frio"
"45023",1269.58178710938,"Chester"
"48217",1810.48229980469,"Hill"
"47031",1442.79443359375,"Coffee"
"46083",1655.02197265625,"Lincoln"
"25025",2142.00341796875,"Suffolk"
"48005",1669.34826660156,"Angelina"
"48007",2681.41040039062,"Aransas"
"42017",1742.96838378906,"Bucks"
"19007",1135.17126464844,"Appanoose"
"21205",NA,"Rowan"
"17019",1194.24267578125,"Champaign"
"35003",NA,"Catron"
"17167",1262.58935546875,"Sangamon"
"35039",1624.37438964844,"Rio Arriba"
"35031",1155.89965820312,"McKinley"
"38055",1725.40637207031,"McLean"
"37195",1195.97204589844,"Wilson"
"19191",1447.81982421875,"Winneshiek"
"51107",1784.57458496094,"Loudoun"
"47075",1674.10168457031,"Haywood"
"53019",1328.65258789062,"Ferry"
"37007",1280.78466796875,"Anson"
"21209",1423.97729492188,"Scott"
"13299",1367.90698242188,"Ware"
"48341",1836.71276855469,"Moore"
"17001",1041.06762695312,"Adams"
"26053",NA,"Gogebic"
"39027",1237.38244628906,"Clinton"
"29179",NA,"Reynolds"
"01083",1521.8095703125,"Limestone"
"19133",1330.56591796875,"Monona"
"20187",NA,"Stanton"
"18155",1781.16748046875,"Switzerland"
"22045",2236.15625,"Iberia"
"25021",1982.55786132812,"Norfolk"
"22115",1007.30493164062,"Vernon"
"36119",3596.3056640625,"Westchester"
"40009",2284.82153320312,"Beckham"
"47155",1406.103515625,"Sevier"
"37133",2119.77270507812,"Onslow"
"06099",1165.83190917969,"Stanislaus"
"08055",1623.39270019531,"Huerfano"
"13069",1446.06372070312,"Coffee"
"18101",1382.88745117188,"Martin"
"18073",1326.1455078125,"Jasper"
"19137",1278.49182128906,"Montgomery"
"26065",1386.47180175781,"Ingham"
"35033",NA,"Mora"
"22121",1445.84851074219,"West Baton Rouge"
"36053",1371.94970703125,"Madison"
"27171",1874.13098144531,"Wright"
"40083",3012.63720703125,"Logan"
"21027",1573.85754394531,"Breckinridge"
"42033",843.13623046875,"Clearfield"
"54077",1155.46850585938,"Preston"
"72021",NA,"Bayamón"
"51163",1169.74499511719,"Rockbridge"
"30071",1601.60900878906,"Phillips"
"31127",1438.34362792969,"Nemaha"
"05039",1357.921875,"Dallas"
"13121",2460.51147460938,"Fulton"
"13289",1659.74267578125,"Twiggs"
"17057",1428.12097167969,"Fulton"
"20097",NA,"Kiowa"
"05081",1541.05627441406,"Little River"
"48501",1679.68627929688,"Yoakum"
"39035",1303.16003417969,"Cuyahoga"
"23011",1160.31225585938,"Kennebec"
"08107",1686.82653808594,"Routt"
"02110",1479.59606933594,"Juneau"
"13007",NA,"Baker"
"08023",NA,"Costilla"
"37141",2586.94921875,"Pender"
"21201",NA,"Robertson"
"21113",1710.26440429688,"Jessamine"
"72111",NA,"Peñuelas"
"51009",966.204528808594,"Amherst"
"22053",1690.05383300781,"Jefferson Davis"
"47179",1208.42443847656,"Washington"
"25011",1461.31262207031,"Franklin"
"42041",1066.693359375,"Cumberland"
"29031",1578.60095214844,"Cape Girardeau"
"41013",1165.27416992188,"Crook"
"50003",2046.95751953125,"Bennington"
"55071",944.868469238281,"Manitowoc"
"55055",1167.63317871094,"Jefferson"
"27137",1525.23742675781,"St. Louis"
"42007",966.094482421875,"Beaver"
"36013",1146.67761230469,"Chautauqua"
"37107",1450.09729003906,"Lenoir"
"48029",1538.97607421875,"Bexar"
"48271",NA,"Kinney"
"08053",NA,"Hinsdale"
"02122",1522.90478515625,"Kenai Peninsula"
"17087",1673.06420898438,"Johnson"
"47005",1487.56188964844,"Benton"
"42073",954.052490234375,"Lawrence"
"22079",1146.88122558594,"Rapides"
"21057",NA,"Cumberland"
"55097",951.870239257812,"Portage"
"37045",1087.75671386719,"Cleveland"
"47011",1303.84790039062,"Bradley"
"55049",1109.81127929688,"Iowa"
"18007",1260.10998535156,"Benton"
"27035",1695.26342773438,"Crow Wing"
"18001",986.357238769531,"Adams"
"08015",1222.91101074219,"Chaffee"
"31063",1621.79223632812,"Frontier"
"31173",1510.85302734375,"Thurston"
"50017",1567.14270019531,"Orange"
"35001",1188.52404785156,"Bernalillo"
"19131",1237.49621582031,"Mitchell"
"13211",1863.18139648438,"Morgan"
"27037",1960.58679199219,"Dakota"
"22093",1944.3759765625,"St. James"
"05139",1742.83410644531,"Union"
"19051",1447.59497070312,"Davis"
"39117",1380.42309570312,"Morrow"
"06101",1103.36193847656,"Sutter"
"06035",1288.76721191406,"Lassen"
"48381",1898.47570800781,"Randall"
"48427",1888.96472167969,"Starr"
"08067",1417.16052246094,"La Plata"
"46109",NA,"Roberts"
"12073",1484.630859375,"Leon"
"37149",1485.49975585938,"Polk"
"37031",3005.29418945312,"Carteret"
"20121",2136.82934570312,"Miami"
"12059",1792.22705078125,"Holmes"
"21163",1595.89392089844,"Meade"
"46101",1507.12780761719,"Moody"
"06087",1954.22302246094,"Santa Cruz"
"47003",1293.24401855469,"Bedford"
"46019",NA,"Butte"
"13067",1815.39758300781,"Cobb"
"12051",2067.70385742188,"Hendry"
"72005",NA,"Aguadilla"
"41009",1137.9423828125,"Columbia"
"13015",1442.50170898438,"Bartow"
"40135",1776.24682617188,"Sequoyah"
"37145",1270.62744140625,"Person"
"20051",2181.59936523438,"Ellis"
"72153",NA,"Yauco"
"51550",1653.49816894531,"Chesapeake"
"38037",NA,"Grant"
"19057",1307.82250976562,"Des Moines"
"19173",1304.83752441406,"Taylor"
"20063",NA,"Gove"
"39175",1339.54064941406,"Wyandot"
"13191",1873.88269042969,"McIntosh"
"48483",NA,"Wheeler"
"37091",1520.86560058594,"Hertford"
"30089",1179.66418457031,"Sanders"
"13241",1586.57666015625,"Rabun"
"37043",1367.14025878906,"Clay"
"38103",1384.48266601562,"Wells"
"21131",NA,"Leslie"
"21017",1426.53820800781,"Bourbon"
"31141",1462.43249511719,"Platte"
"51053",1296.25988769531,"Dinwiddie"
"72039",NA,"Ciales"
"29013",1648.40612792969,"Bates"
"36107",1432.73303222656,"Tioga"
"18115",1471.33374023438,"Ohio"
"30111",1746.47998046875,"Yellowstone"
"12129",1793.54821777344,"Wakulla"
"48181",1766.89904785156,"Grayson"
"12115",2259.54345703125,"Sarasota"
"13003",1678.33581542969,"Atkinson"
"24021",1247.6494140625,"Frederick"
"48135",1597.89294433594,"Ector"
"46115",1529.73803710938,"Spink"
"27077",1387.51940917969,"Lake of the Woods"
"31051",1599.16796875,"Dixon"
"13261",1521.72302246094,"Sumter"
"48031",1834.35339355469,"Blanco"
"51830",1457.59191894531,"Williamsburg"
"06055",1565.46728515625,"Napa"
"22071",4735.88525390625,"Orleans"
"40143",2127.67456054688,"Tulsa"
"36115",1251.64038085938,"Washington"
"51031",952.098999023438,"Campbell"
"51027",NA,"Buchanan"
"51165",1059.17175292969,"Rockingham"
"29025",1855.32653808594,"Caldwell"
"30091",1578.85046386719,"Sheridan"
"47081",1441.29553222656,"Hickman"
"48057",2246.578125,"Calhoun"
"06115",1178.40161132812,"Yuba"
"51083",1089.81030273438,"Halifax"
"13137",1459.38598632812,"Habersham"
"41011",1073.193359375,"Coos"
"05087",1689.76086425781,"Madison"
"38059",1789.12072753906,"Morton"
"27063",1403.076171875,"Jackson"
"20201",NA,"Washington"
"01097",2166.91967773438,"Mobile"
"72137",NA,"Toa Baja"
"26059",1398.66394042969,"Hillsdale"
"28159",1635.99401855469,"Winston"
"20209",1538.5205078125,"Wyandotte"
"53033",1540.25671386719,"King"
"12035",1480.48132324219,"Flagler"
"12103",2801.89575195312,"Pinellas"
"13087",1488.79260253906,"Decatur"
"72089",NA,"Luquillo"
"72117",NA,"Rincón"
"22085",1153.49011230469,"Sabine"
"54027",1167.34790039062,"Hampshire"
"29145",1465.09252929688,"Newton"
"30101",1119.96069335938,"Toole"
"45017",1407.47583007812,"Calhoun"
"48479",1350.73449707031,"Webb"
"40127",NA,"Pushmataha"
"19043",1311.10205078125,"Clayton"
"21239",1408.02734375,"Woodford"
"47127",1368.97924804688,"Moore"
"40123",2286.16967773438,"Pontotoc"
"02290",NA,"Yukon-Koyukuk"
"30085",NA,"Roosevelt"
"50019",1653.30969238281,"Orleans"
"72129",NA,"San Lorenzo"
"37193",1130.28747558594,"Wilkes"
"29007",1274.23901367188,"Audrain"
"47173",1398.16516113281,"Union"
"48299",1567.38464355469,"Llano"
"54103",1483.23132324219,"Wetzel"
"56037",1189.98059082031,"Sweetwater"
"25017",1864.98498535156,"Middlesex"
"42113",1187.0322265625,"Sullivan"
"49055",NA,"Wayne"
"48397",2214.33251953125,"Rockwall"
"19005",1188.748046875,"Allamakee"
"38009",1646.64013671875,"Bottineau"
"29137",1268.6220703125,"Monroe"
"54025",1090.83239746094,"Greenbrier"
"17013",NA,"Calhoun"
"32015",1725.65344238281,"Lander"
"39085",1134.92553710938,"Lake"
"21003",1709.88146972656,"Allen"
"06069",1682.30529785156,"San Benito"
"20031",NA,"Coffey"
"48289",1853.970703125,"Leon"
"46091",NA,"Marshall"
"32017",963.071655273438,"Lincoln"
"41051",1098.47485351562,"Multnomah"
"20185",NA,"Stafford"
"47047",2046.07202148438,"Fayette"
"55035",1024.57360839844,"Eau Claire"
"06057",1660.19274902344,"Nevada"
"05115",1535.61547851562,"Pope"
"48317",2949.52001953125,"Martin"
"72061",NA,"Guaynabo"
"26079",1252.93298339844,"Kalkaska"
"30065",1695.05920410156,"Musselshell"
"05009",1675.92138671875,"Boone"
"18089",1330.11682128906,"Lake"
"45051",2152.70776367188,"Horry"
"05109",1440.14428710938,"Pike"
"18137",1414.55407714844,"Ripley"
"39071",1182.77075195312,"Highland"
"31097",1277.26232910156,"Johnson"
"48017",1895.87634277344,"Bailey"
"04013",1207.08447265625,"Maricopa"
"29079",1298.21020507812,"Grundy"
"55141",971.474426269531,"Wood"
"13143",1813.75427246094,"Haralson"
"02068",NA,"Denali"
"51530",890.214782714844,"Buena Vista"
"37097",1261.25952148438,"Iredell"
"08093",1634.43212890625,"Park"
"37015",1562.21630859375,"Bertie"
"48079",NA,"Cochran"
"33011",1502.74182128906,"Hillsborough"
"27161",1328.74975585938,"Waseca"
"48415",2004.73193359375,"Scurry"
"54093",NA,"Tucker"
"48503",1876.66491699219,"Young"
"08033",NA,"Dolores"
"12077",1872.94506835938,"Liberty"
"28041",2201.57080078125,"Greene"
"29111",NA,"Lewis"
"04003",1009.92016601562,"Cochise"
"21199",1459.52856445312,"Pulaski"
"51678",1034.52880859375,"Lexington"
"42031",942.458312988281,"Clarion"
"26121",1286.38806152344,"Muskegon"
"49001",823.92578125,"Beaver"
"31183",NA,"Wheeler"
"21083",1696.85815429688,"Graves"
"51540",1244.27233886719,"Charlottesville"
"01075",1465.54309082031,"Lamar"
"51125",1320.75720214844,"Nelson"
"21103",1807.31726074219,"Henry"
"35019",1499.13037109375,"Guadalupe"
"19101",1374.7421875,"Jefferson"
"20129",NA,"Morton"
"17101",1407.97534179688,"Lawrence"
"37115",1454.01843261719,"Madison"
"48221",2154.77197265625,"Hood"
"20023",NA,"Cheyenne"
"22023",2130.4853515625,"Cameron"
"13267",1765.84716796875,"Tattnall"
"16015",1276.82312011719,"Boise"
"13053",1371.61340332031,"Chattahoochee"
"13139",1498.65185546875,"Hall"
"34029",2028.98010253906,"Ocean"
"13223",1536.89453125,"Paulding"
"42019",1077.63916015625,"Butler"
"21059",1340.61352539062,"Daviess"
"47049",1359.56726074219,"Fentress"
"40003",NA,"Alfalfa"
"35035",1148.83874511719,"Otero"
"72027",NA,"Camuy"
"13279",1711.63928222656,"Toombs"
"33005",2517.03759765625,"Cheshire"
"02150",1694.67980957031,"Kodiak Island"
"29199",NA,"Scotland"
"29097",1431.5244140625,"Jasper"
"46053",NA,"Gregory"
"09130",NA,"Lower Connecticut River Valley"
"18121",1358.9912109375,"Parke"
"18027",1346.99780273438,"Daviess"
"31077",NA,"Greeley"
"39173",1264.01684570312,"Wood"
"48275",NA,"Knox"
"31155",1730.14221191406,"Saunders"
"48345",NA,"Motley"
"13189",1408.35021972656,"McDuffie"
"41063",1209.98315429688,"Wallowa"
"02050",NA,"Bethel"
"16039",829.551879882812,"Elmore"
"26137",NA,"Otsego"
"48039",2557.00439453125,"Brazoria"
"31153",1710.892578125,"Sarpy"
"21089",1563.88830566406,"Greenup"
"20199",NA,"Wallace"
"19059",1424.68444824219,"Dickinson"
"21149",1514.69201660156,"McLean"
"29183",1725.01196289062,"St. Charles"
"37177",NA,"Tyrrell"
"01081",1429.97265625,"Lee"
"08085",1068.11120605469,"Montrose"
"13207",1839.24133300781,"Monroe"
"55023",1143.93896484375,"Crawford"
"05033",1527.44873046875,"Crawford"
"53003",1010.89141845703,"Asotin"
"47063",1138.58178710938,"Hamblen"
"37185",1395.49096679688,"Warren"
"38083",NA,"Sheridan"
"05091",1636.82604980469,"Miller"
"26063",1450.0869140625,"Huron"
"31065",1596.27722167969,"Furnas"
"42057",985.01904296875,"Fulton"
"26083",NA,"Keweenaw"
"26055",2263.84692382812,"Grand Traverse"
"31087",NA,"Hitchcock"
"31031",1928.19641113281,"Cherry"
"49021",898.10791015625,"Iron"
"13159",1463.60925292969,"Jasper"
"20205",NA,"Wilson"
"40069",1845.91516113281,"Johnston"
"47165",1958.19665527344,"Sumner"
"21011",NA,"Bath"
"47089",1374.8984375,"Jefferson"
"51033",1367.28601074219,"Caroline"
"45085",1469.88049316406,"Sumter"
"31069",NA,"Garden"
"51640",824.831787109375,"Galax"
"42121",844.7783203125,"Venango"
"48225",1592.41149902344,"Houston"
"01129",2035.83544921875,"Washington"
"30025",1836.86218261719,"Fallon"
"46021",NA,"Campbell"
"17137",1344.24243164062,"Morgan"
"39009",1611.42309570312,"Athens"
"01065",1864.93981933594,"Hale"
"31121",1566.69360351562,"Merrick"
"55037",1306.03100585938,"Florence"
"13095",1345.35852050781,"Dougherty"
"17107",1131.14477539062,"Logan"
"26051",1340.34130859375,"Gladwin"
"31175",1823.39709472656,"Valley"
"31125",NA,"Nance"
"47169",1619.24035644531,"Trousdale"
"48267",NA,"Kimble"
"56019",1358.20727539062,"Johnson"
"27053",1965.87817382812,"Hennepin"
"13271",1835.19836425781,"Telfair"
"47087",1420.69885253906,"Jackson"
"46015",NA,"Brule"
"51161",990.697448730469,"Roanoke"
"48013",1722.58544921875,"Atascosa"
"21081",1439.74206542969,"Grant"
"46063",NA,"Harding"
"12047",1591.29431152344,"Hamilton"
"13163",1555.48950195312,"Jefferson"
"24017",1515.96142578125,"Charles"
"17099",1305.74670410156,"LaSalle"
"29017",NA,"Bollinger"
"26057",2058.18896484375,"Gratiot"
"21213",1465.134765625,"Simpson"
"31161",NA,"Sheridan"
"51730",1173.3486328125,"Petersburg"
"05017",1946.95458984375,"Chicot"
"13113",1767.06652832031,"Fayette"
"40063",1591.82604980469,"Hughes"
"27027",1384.70471191406,"Clay"
"16025",NA,"Camas"
"31163",NA,"Sherman"
"46011",1648.16845703125,"Brookings"
"51680",892.12158203125,"Lynchburg"
"13165",2212.89526367188,"Jenkins"
"48055",1554.95056152344,"Caldwell"
"28111",2094.03979492188,"Perry"
"12065",1868.76318359375,"Jefferson"
"24011",1239.89233398438,"Caroline"
"33017",1648.43127441406,"Strafford"
"51103",2028.03515625,"Lancaster"
"51073",1457.564453125,"Gloucester"
"28069",2329.88208007812,"Kemper"
"19063",1022.45129394531,"Emmet"
"13295",1489.27209472656,"Walker"
"16003",1195.61950683594,"Adams"
"20137",NA,"Norton"
"22029",1070.56408691406,"Concordia"
"51017",1100.18139648438,"Bath"
"02016",NA,"Aleutians West"
"31075",NA,"Grant"
"47041",1415.44848632812,"DeKalb"
"37053",2894.80834960938,"Currituck"
"26139",1123.76086425781,"Ottawa"
"22069",1330.36779785156,"Natchitoches"
"45075",1649.68591308594,"Orangeburg"
"17123",1257.29052734375,"Marshall"
"47069",1560.796875,"Hardeman"
"40081",2313.88427734375,"Lincoln"
"50025",1629.59887695312,"Windham"
"55067",836.227416992188,"Langlade"
"37025",1548.16015625,"Cabarrus"
"31011",1547.20922851562,"Boone"
"21115",1726.89270019531,"Johnson"
"17043",1727.82580566406,"DuPage"
"13011",1384.66674804688,"Banks"
"19147",1322.21813964844,"Palo Alto"
"21009",1519.74169921875,"Barren"
"31137",1807.486328125,"Phelps"
"39067",1280.58740234375,"Harrison"
"29129",NA,"Mercer"
"72085",NA,"Las Piedras"
"48331",1435.98901367188,"Milam"
"56031",1699.20593261719,"Platte"
"01095",1667.64965820312,"Marshall"
"02185",NA,"North Slope"
"06029",1178.05163574219,"Kern"
"19179",1135.58959960938,"Wapello"
"26111",1346.34362792969,"Midland"
"28101",1828.59790039062,"Newton"
"20189",NA,"Stevens"
"27069",NA,"Kittson"
"01047",1816.35461425781,"Dallas"
"31159",1454.84130859375,"Seward"
"47033",1480.14489746094,"Crockett"
"46005",NA,"Beadle"
"47017",1107.38354492188,"Carroll"
"19187",1217.40600585938,"Webster"
"24025",1546.51391601562,"Harford"
"51117",1271.23315429688,"Mecklenburg"
"45039",1609.72229003906,"Fairfield"
"53011",1112.59387207031,"Clark"
"29033",1778.56005859375,"Carroll"
"42133",1050.46691894531,"York"
"16027",1058.85424804688,"Canyon"
"13209",1630.95202636719,"Montgomery"
"46095",NA,"Mellette"
"19025",1300.40734863281,"Calhoun"
"13293",1425.09411621094,"Upson"
"48421",NA,"Sherman"
"48169",1601.33020019531,"Garza"
"09180",NA,"Southeastern Connecticut"
"36079",1952.89245605469,"Putnam"
"36101",1677.66491699219,"Steuben"
"13021",2186.6318359375,"Bibb"
"18181",1319.64318847656,"White"
"29223",NA,"Wayne"
"27001",1711.48229980469,"Aitkin"
"48387",1530.14233398438,"Red River"
"47149",1414.91967773438,"Rutherford"
"01005",1567.59204101562,"Barbour"
"41049",1134.44848632812,"Morrow"
"16017",1243.9130859375,"Bonner"
"16033",NA,"Clark"
"20093",NA,"Kearny"
"29121",1311.025390625,"Macon"
"29133",1444.00268554688,"Mississippi"
"42043",1039.5595703125,"Dauphin"
"09190",NA,"Western Connecticut"
"37071",1226.6220703125,"Gaston"
"16031",905.815612792969,"Cassia"
"06041",2442.13598632812,"Marin"
"48389",1376.9697265625,"Reeves"
"48315",1869.75329589844,"Marion"
"40029",NA,"Coal"
"31099",1721.32568359375,"Kearney"
"55127",1244.70812988281,"Walworth"
"40131",2186.63525390625,"Rogers"
"21177",1704.52453613281,"Muhlenberg"
"40073",2648.18041992188,"Kingfisher"
"46003",NA,"Aurora"
"48019",1995.96887207031,"Bandera"
"45025",1349.18811035156,"Chesterfield"
"42045",1790.30346679688,"Delaware"
"53077",1158.98754882812,"Yakima"
"29001",1241.66027832031,"Adair"
"48173",NA,"Glasscock"
"27129",1579.50610351562,"Renville"
"28001",2076.02416992188,"Adams"
"29186",1629.27648925781,"Ste. Genevieve"
"17033",1287.36535644531,"Crawford"
"17177",1202.65283203125,"Stephenson"
"22035",NA,"East Carroll"
"27025",2053.25805664062,"Chisago"
"21095",1432.64660644531,"Harlan"
"26003",1066.0068359375,"Alger"
"21161",1122.97680664062,"Mason"
"48145",1482.93688964844,"Falls"
"51075",1610.37036132812,"Goochland"
"27081",1660.43310546875,"Lincoln"
"55109",1474.77758789062,"St. Croix"
"48199",2113.57836914062,"Hardin"
"26163",1502.6474609375,"Wayne"
"72013",NA,"Arecibo"
"47091",1363.931640625,"Johnson"
"38081",1288.13671875,"Sargent"
"26125",1812.9462890625,"Oakland"
"38019",NA,"Cavalier"
"27135",1485.99853515625,"Roseau"
"36087",1949.00268554688,"Rockland"
"50011",1957.69189453125,"Franklin"
"27049",1672.275390625,"Goodhue"
"29131",1519.24401855469,"Miller"
"01109",1563.93579101562,"Pike"
"36085",2217.38916015625,"Richmond"
"05061",1273.37329101562,"Howard"
"42129",960.362609863281,"Westmoreland"
"08013",1844.40466308594,"Boulder"
"29049",1654.18481445312,"Clinton"
"51071",1115.52893066406,"Giles"
"72045",NA,"Comerío"
"54005",1606.17687988281,"Boone"
"72077",NA,"Juncos"
"72033",NA,"Cataño"
"72054",NA,"Florida"
"05035",1700.8349609375,"Crittenden"
"53009",1029.66687011719,"Clallam"
"42103",1196.13525390625,"Pike"
"31109",1450.19750976562,"Lancaster"
"48295",NA,"Lipscomb"
"28113",1923.57006835938,"Pike"
"28021",1993.64379882812,"Claiborne"
"46049",NA,"Faulk"
"46089",NA,"McPherson"
"28047",3045.80004882812,"Harrison"
"24027",1847.76196289062,"Howard"
"46065",1449.06640625,"Hughes"
"28129",2379.65405273438,"Smith"
"46123",1655.53234863281,"Tripp"
"21185",2184.5810546875,"Oldham"
"13153",1507.10620117188,"Houston"
"48465",1188.01977539062,"Val Verde"
"29175",1380.94226074219,"Randolph"
"13145",1655.37915039062,"Harris"
"12043",2140.56396484375,"Glades"
"39025",1338.63916015625,"Clermont"
"39033",1355.74072265625,"Crawford"
"39059",1299.87121582031,"Guernsey"
"40065",2145.439453125,"Jackson"
"22073",1338.53149414062,"Ouachita"
"29203",NA,"Shannon"
"72093",NA,"Maricao"
"54075",NA,"Pocahontas"
"18135",1280.56567382812,"Randolph"
"55137",1244.9619140625,"Waushara"
"35049",1564.81457519531,"Santa Fe"
"06111",1568.16284179688,"Ventura"
"24019",1380.80834960938,"Dorchester"
"13131",1488.42321777344,"Grady"
"27123",1794.76831054688,"Ramsey"
"26109",2354.67700195312,"Menominee"
"05057",1525.75695800781,"Hempstead"
"17193",1918.3740234375,"White"
"20017",NA,"Chase"
"48133",2003.36938476562,"Eastland"
"19077",1427.79797363281,"Guthrie"
"17037",1394.89086914062,"DeKalb"
"18051",1353.99108886719,"Gibson"
"37137",2516.31469726562,"Pamlico"
"48357",1855.30981445312,"Ochiltree"
"47185",1297.84643554688,"White"
"38015",2180.58178710938,"Burleigh"
"46075",NA,"Jones"
"40151",2263.6923828125,"Woods"
"18127",1451.74560546875,"Porter"
"17103",1199.25708007812,"Lee"
"08101",1709.16357421875,"Pueblo"
"48411",NA,"San Saba"
"48475",1562.12951660156,"Ward"
"08071",1549.33544921875,"Las Animas"
"08089",1735.19201660156,"Otero"
"08117",1797.50036621094,"Summit"
"48263",NA,"Kent"
"48257",1953.00402832031,"Kaufman"
"05143",1617.201171875,"Washington"
"40057",NA,"Harmon"
"48495",NA,"Winkler"
"01115",1635.73254394531,"St. Clair"
"12097",1718.20922851562,"Osceola"
"20053",NA,"Ellsworth"
"36099",1270.10974121094,"Seneca"
"37065",1489.96313476562,"Edgecombe"
"48101",NA,"Cottle"
"48313",1856.34326171875,"Madison"
"37037",1501.08911132812,"Chatham"
"27033",1330.61291503906,"Cottonwood"
"17185",1265.08947753906,"Wabash"
"39119",1273.18762207031,"Muskingum"
"29215",1628.27514648438,"Texas"
"21093",1554.54650878906,"Hardin"
"27091",1421.5,"Martin"
"40129",NA,"Roger Mills"
"42039",912.752258300781,"Crawford"
"34005",1810.82434082031,"Burlington"
"45015",1906.7041015625,"Berkeley"
"29053",1315.22644042969,"Cooper"
"30075",NA,"Powder River"
"20029",2337.79907226562,"Cloud"
"19071",1425.66809082031,"Fremont"
"51159",1370.935546875,"Richmond"
"48157",2780.89477539062,"Fort Bend"
"40051",2561.67138671875,"Grady"
"05015",1687.01354980469,"Carroll"
"36077",1510.43237304688,"Otsego"
"40027",2490.23071289062,"Cleveland"
"48459",1994.3681640625,"Upshur"
"40087",2709.2265625,"McClain"
"31067",1596.74365234375,"Gage"
"48223",1819.28576660156,"Hopkins"
"72071",NA,"Isabela"
"55139",1051.02026367188,"Winnebago"
"53071",1101.11889648438,"Walla Walla"
"72107",NA,"Orocovis"
"40047",2125.45239257812,"Garfield"
"22105",1683.66833496094,"Tangipahoa"
"18043",1480.97766113281,"Floyd"
"38105",1564.97021484375,"Williams"
"46029",1407.95654296875,"Codington"
"04025",1060.36071777344,"Yavapai"
"13187",1528.60998535156,"Lumpkin"
"18059",1587.47644042969,"Hancock"
"20027",NA,"Clay"
"28127",1869.46728515625,"Simpson"
"36097",1631.47937011719,"Schuyler"
"45035",1911.74011230469,"Dorchester"
"72023",NA,"Cabo Rojo"
"47001",1381.5947265625,"Anderson"
"13115",1448.9228515625,"Floyd"
"13247",1631.87890625,"Rockdale"
"16051",1137.66552734375,"Jefferson"
"42061",888.132385253906,"Huntingdon"
"20147",NA,"Phillips"
"48111",1880.59948730469,"Dallam"
"42069",1111.01818847656,"Lackawanna"
"42079",1079.11877441406,"Luzerne"
"47103",1484.20556640625,"Lincoln"
"37173",1299.40734863281,"Swain"
"40005",1720.26098632812,"Atoka"
"40019",2164.39599609375,"Carter"
"48477",1599.93127441406,"Washington"
"40099",1950.78857421875,"Murray"
"40147",1745.32922363281,"Washington"
"42125",1122.28295898438,"Washington"
"06017",1628.62121582031,"El Dorado"
"21171",NA,"Monroe"
"29005",NA,"Atchison"
"37005",1202.81530761719,"Alleghany"
"48487",1805.48083496094,"Wilbarger"
"01009",1648.16333007812,"Blount"
"13269",1627.25476074219,"Taylor"
"55043",1055.50109863281,"Grant"
"30051",NA,"Liberty"
"31033",2116.8291015625,"Cheyenne"
"26113",1350.06469726562,"Missaukee"
"18037",1353.96240234375,"Dubois"
"38029",NA,"Emmons"
"01019",1660.56848144531,"Cherokee"
"17133",1626.17553710938,"Monroe"
"42087",881.965270996094,"Mifflin"
"29125",1761.95361328125,"Maries"
"42091",1691.58129882812,"Montgomery"
"22055",2393.92846679688,"Lafayette"
"39007",1196.02514648438,"Ashtabula"
"22061",1293.02062988281,"Lincoln"
"39019",1325.0341796875,"Carroll"
"06003",NA,"Alpine"
"54053",1201.88146972656,"Mason"
"37099",1314.96350097656,"Jackson"
"01105",NA,"Perry"
"54011",1198.93835449219,"Cabell"
"54045",1562.39477539062,"Logan"
"51045",1206.25341796875,"Craig"
"54057",1102.05517578125,"Mineral"
"54059",NA,"Mingo"
"28097",NA,"Montgomery"
"29185",1697.61254882812,"St. Clair"
"37027",1131.89282226562,"Caldwell"
"45031",1654.09899902344,"Darlington"
"53073",1145.02880859375,"Whatcom"
"54023",NA,"Grant"
"31081",1629.42041015625,"Hamilton"
"30015",1208.58166503906,"Chouteau"
"05067",1457.15710449219,"Jackson"
"37067",1133.94897460938,"Forsyth"
"05075",1308.17578125,"Lawrence"
"34001",2047.83605957031,"Atlantic"
"29510",1621.70336914062,"St. Louis"
"48205",1752.32067871094,"Hartley"
"18049",1583.26049804688,"Fulton"
"10003",1322.07678222656,"New Castle"
"39063",1183.5537109375,"Hancock"
"35013",1091.93823242188,"Doña Ana"
"29109",1532.14111328125,"Lawrence"
"37009",1332.39184570312,"Ashe"
"05027",1479.29223632812,"Columbia"
"26041",1204.48547363281,"Delta"
"37021",1209.67602539062,"Buncombe"
"09120",NA,"Greater Bridgeport"
"28119",NA,"Quitman"
"28133",2407.74145507812,"Sunflower"
"51750",923.792785644531,"Radford"
"51063",1098.42565917969,"Floyd"
"54107",1077.42004394531,"Wood"
"54105",NA,"Wirt"
"48027",1302.40380859375,"Bell"
"53043",1204.02282714844,"Lincoln"
"53045",1239.29614257812,"Mason"
"26117",1552.2138671875,"Montcalm"
"27057",1536.86291503906,"Hubbard"
"37017",2059.0263671875,"Bladen"
"48231",1858.93823242188,"Hunt"
"48307",1671.80590820312,"McCulloch"
"72017",NA,"Barceloneta"
"29011",1338.93713378906,"Barton"
"29149",NA,"Oregon"
"30067",1444.21411132812,"Park"
"13219",1530.30554199219,"Oconee"
"13225",1523.65441894531,"Peach"
"13251",1490.8349609375,"Screven"
"48505",1262.52221679688,"Zapata"
"24009",1451.15661621094,"Calvert"
"20043",NA,"Doniphan"
"13283",1423.21618652344,"Treutlen"
"48349",1766.02160644531,"Navarro"
"09170",NA,"South Central Connecticut"
"31165",NA,"Sioux"
"37023",1158.20043945312,"Burke"
"36059",4060.83837890625,"Nassau"
"34025",2422.412109375,"Monmouth"
"51179",1431.1796875,"Stafford"
"53055",1559.08813476562,"San Juan"
"53057",1367.55126953125,"Skagit"
"53067",1269.5224609375,"Thurston"
"13047",1367.78930664062,"Catoosa"
"13065",1760.00061035156,"Clinch"
"53029",1191.41540527344,"Island"
"50007",1618.19360351562,"Chittenden"
"51820",952.716857910156,"Waynesboro"
"48149",1780.44299316406,"Fayette"
"48089",1878.04309082031,"Colorado"
"19003",1087.71130371094,"Adams"
"25019",2573.44189453125,"Nantucket"
"47009",1350.58227539062,"Blount"
"46039",NA,"Deuel"
"16079",1204.75830078125,"Shoshone"
"17119",1314.70861816406,"Madison"
"48321",2644.03198242188,"Matagorda"
"40097",2014.30712890625,"Mayes"
"05013",NA,"Calhoun"
"17153",NA,"Pulaski"
"27165",1409.72875976562,"Watonwan"
"39005",1145.82543945312,"Ashland"
"06043",1461.23583984375,"Mariposa"
"35009",1630.3916015625,"Curry"
"33019",1557.70520019531,"Sullivan"
"37191",1445.74963378906,"Wayne"
"31029",1985.107421875,"Chase"
"31057",NA,"Dundy"
"46069",NA,"Hyde"
"26005",1704.10852050781,"Allegan"
"21091",1367.9716796875,"Hancock"
"19033",1213.73840332031,"Cerro Gordo"
"19037",1288.876953125,"Chickasaw"
"32013",892.705322265625,"Humboldt"
"48491",1835.89538574219,"Williamson"
"72135",NA,"Toa Alta"
"72149",NA,"Villalba"
"19049",1538.16943359375,"Dallas"
"13263",1703.51440429688,"Talbot"
"37047",2112.44360351562,"Columbus"
"30109",NA,"Wibaux"
"16087",1101.01196289062,"Washington"
"17159",1201.02087402344,"Richland"
"08007",1352.63000488281,"Archuleta"
"40153",2330.17211914062,"Woodward"
"35027",1543.16247558594,"Lincoln"
"35053",1404.1220703125,"Socorro"
"19193",1147.08728027344,"Woodbury"
"31013",2090.828125,"Box Butte"
"36021",1828.19885253906,"Columbia"
"31005",NA,"Arthur"
"13291",1395.95874023438,"Union"
"06023",1186.25720214844,"Humboldt"
"13297",1627.8271484375,"Walton"
"37121",1236.794921875,"Mitchell"
"29115",NA,"Linn"
"13307",NA,"Webster"
"20155",1672.24230957031,"Reno"
"47139",1571.04907226562,"Polk"
"24510",1324.11218261719,"Baltimore"
"48091",1646.15234375,"Comal"
"48497",2047.77722167969,"Wise"
"19067",1258.763671875,"Floyd"
"21109",NA,"Jackson"
"20049",NA,"Elk"
"26045",1342.59899902344,"Eaton"
"19085",1408.28601074219,"Harrison"
"46093",1826.39501953125,"Meade"
"12029",1975.42529296875,"Dixie"
"13155",1542.58312988281,"Irwin"
"30087",1517.97607421875,"Rosebud"
"26013",NA,"Baraga"
"20005",NA,"Atchison"
"25007",2956.68481445312,"Dukes"
"12001",1559.83605957031,"Alachua"
"29077",1379.01879882812,"Greene"
"29103",NA,"Knox"
"32011",NA,"Eureka"
"30039",1484.787109375,"Granite"
"39045",1398.41284179688,"Fairfield"
"38063",NA,"Nelson"
"38003",1461.41760253906,"Barnes"
"41059",981.389343261719,"Umatilla"
"13133",1892.51391601562,"Greene"
"55079",1104.1513671875,"Milwaukee"
"55081",1182.40942382812,"Monroe"
"05037",1697.59741210938,"Cross"
"02170",1677.05883789062,"Matanuska-Susitna"
"20111",1517.26000976562,"Lyon"
"48121",2177.14111328125,"Denton"
"21129",NA,"Lee"
"20125",NA,"Montgomery"
"26071",1366.27429199219,"Iron"
"20197",NA,"Wabaunsee"
"27023",1554.51025390625,"Chippewa"
"49057",925.873962402344,"Weber"
"37085",1300.18212890625,"Harnett"
"22109",3122.30859375,"Terrebonne"
"47035",1266.99658203125,"Cumberland"
"18017",1125.95703125,"Cass"
"19177",NA,"Van Buren"
"32023",1205.63659667969,"Nye"
"29189",1758.46130371094,"St. Louis"
"17171",NA,"Scott"
"26011",1257.61645507812,"Arenac"
"05093",NA,"Mississippi"
"12063",1638.25354003906,"Jackson"
"12127",1817.70458984375,"Volusia"
"13083",1703.17858886719,"Dade"
"26095",1086.66809082031,"Luce"
"37101",1225.79736328125,"Johnston"
"18153",1298.57067871094,"Sullivan"
"02164",NA,"Lake and Peninsula"
"34017",2110.68798828125,"Hudson"
"46035",1482.89770507812,"Davison"
"12031",1573.21862792969,"Duval"
"39129",1290.44372558594,"Pickaway"
"28007",1659.07885742188,"Attala"
"21173",1364.80041503906,"Montgomery"
"49049",1025.06701660156,"Utah"
"55027",1042.1064453125,"Dodge"
"21189",NA,"Owsley"
"26133",NA,"Osceola"
"21221",1778.78649902344,"Trigg"
"27051",1421.00280761719,"Grant"
"17047",NA,"Edwards"
"17059",NA,"Gallatin"
"26091",1449.95544433594,"Lenawee"
"55039",1051.48291015625,"Fond du Lac"
"26099",1470.09741210938,"Macomb"
"18183",1284.61193847656,"Whitley"
"26017",1134.89025878906,"Bay"
"72125",NA,"San Germán"
"26157",1405.03784179688,"Tuscola"
"32005",1052.76831054688,"Douglas"
"18003",997.277893066406,"Allen"
"45073",1354.33666992188,"Oconee"
"13275",1776.37182617188,"Thomas"
"20175",2345.74951171875,"Seward"
"24003",1558.89575195312,"Anne Arundel"
"34041",1803.1640625,"Warren"
"42117",948.298706054688,"Tioga"
"48071",2488.916015625,"Chambers"
"29047",1616.89453125,"Clay"
"39049",1325.7177734375,"Franklin"
"48337",1976.91809082031,"Montague"
"49013",1264.26416015625,"Duchesne"
"49019",871.0830078125,"Grand"
"29219",1713.01684570312,"Warren"
"13077",1473.83117675781,"Coweta"
"19021",1145.36767578125,"Buena Vista"
"27011",1460.27001953125,"Big Stone"
"48365",1603.90539550781,"Panola"
"27009",1560.68115234375,"Benton"
"21023",1642.00549316406,"Bracken"
"40103",2284.1845703125,"Noble"
"25009",1884.88366699219,"Essex"
"47039",1371.93713378906,"Decatur"
"47059",1166.80187988281,"Greene"
"32007",1081.80847167969,"Elko"
"22123",796.073364257812,"West Carroll"
"01063",1951.42736816406,"Greene"
"18103",1136.794921875,"Miami"
"18107",1246.46057128906,"Montgomery"
"06051",1938.48852539062,"Mono"
"20095",2464.44018554688,"Kingman"
"46105",NA,"Perkins"
"56045",1528.34130859375,"Weston"
"17129",1713.53173828125,"Menard"
"21143",1869.09802246094,"Lyon"
"21051",1370.67077636719,"Clay"
"27067",1516.091796875,"Kandiyohi"
"31071",NA,"Garfield"
"48285",1719.27758789062,"Lavaca"
"47021",1504.17639160156,"Cheatham"
"47145",1427.94750976562,"Roane"
"08037",1791.87731933594,"Eagle"
"16001",996.887023925781,"Ada"
"19029",1151.88781738281,"Cass"
"12061",2297.2841796875,"Indian River"
"13009",1483.85095214844,"Baldwin"
"51007",1271.73156738281,"Amelia"
"39101",1180.55493164062,"Marion"
"51035",932.585021972656,"Carroll"
"08063",2082.14135742188,"Kit Carson"
"42027",1125.95471191406,"Centre"
"46081",1855.66772460938,"Lawrence"
"42029",1676.99584960938,"Chester"
"47083",1691.97595214844,"Houston"
"47085",1403.62475585938,"Humphreys"
"48241",1966.90124511719,"Jasper"
"45043",2713.61987304688,"Georgetown"
"53001",1089.83483886719,"Adams"
"49043",1627.23974609375,"Summit"
"46085",NA,"Lyman"
"16069",938.420837402344,"Nez Perce"
"31021",1678.63928222656,"Burt"
"27119",1380.37487792969,"Polk"
"29119",1687.34118652344,"McDonald"
"55135",912.969604492188,"Waupaca"
"12085",2867.16967773438,"Martin"
"55111",1153.48693847656,"Sauk"
"41029",1052.56188964844,"Jackson"
"37061",1793.42175292969,"Duplin"
"19145",1339.32397460938,"Page"
"19045",1267.67919921875,"Clinton"
"13055",1393.98498535156,"Chattooga"
"12071",2493.21655273438,"Lee"
"19061",1263.44287109375,"Dubuque"
"48283",NA,"La Salle"
"20113",1730.04736328125,"McPherson"
"12099",3167.95556640625,"Palm Beach"
"20109",NA,"Logan"
"48309",1404.8330078125,"McLennan"
"12093",1952.62890625,"Okeechobee"
"19089",NA,"Howard"
"30009",1725.78369140625,"Carbon"
"51760",1231.30395507812,"Richmond"
"49005",1046.40563964844,"Cache"
"53039",1375.40649414062,"Klickitat"
"45049",1549.73291015625,"Hampton"
"49025",868.901611328125,"Kane"
"55007",1303.95190429688,"Bayfield"
"55013",1270.16735839844,"Burnett"
"22041",1355.17041015625,"Franklin"
"22027",1426.32458496094,"Claiborne"
"51131",1886.54187011719,"Northampton"
"27157",1629.16186523438,"Wabasha"
"22047",1679.38696289062,"Iberville"
"17111",1628.513671875,"McHenry"
"18075",1117.73901367188,"Jay"
"35037",1623.63403320312,"Quay"
"37171",1201.07641601562,"Surry"
"48369",2059.50659179688,"Parmer"
"39037",1053.80334472656,"Darke"
"17149",1298.65161132812,"Pike"
"39121",1145.89392089844,"Noble"
"19097",1381.37878417969,"Jackson"
"13045",1394.98803710938,"Carroll"
"51081",1228.45361328125,"Greensville"
"17161",1105.16015625,"Rock Island"
"08113",1590.02905273438,"San Miguel"
"08115",NA,"Sedgwick"
"55093",1485.92858886719,"Pierce"
"48037",1916.10437011719,"Bowie"
"47181",1461.96130371094,"Wayne"
"47187",1895.89807128906,"Williamson"
"45065",1374.96374511719,"McCormick"
"55119",1067.81103515625,"Taylor"
"56027",NA,"Niobrara"
"36027",1826.78002929688,"Dutchess"
"37073",1589.09643554688,"Gates"
"06113",1265.77709960938,"Yolo"
"29091",1399.99487304688,"Howell"
"26141",1323.28259277344,"Presque Isle"
"29101",1686.68725585938,"Johnson"
"22067",1337.8408203125,"Morehouse"
"29157",1532.67248535156,"Perry"
"13303",1469.57739257812,"Washington"
"20115",NA,"Marion"
"21029",1457.60961914062,"Bullitt"
"27101",1440.75085449219,"Murray"
"39041",1563.955078125,"Delaware"
"40117",2608.49291992188,"Pawnee"
"49011",1054.65246582031,"Davis"
"48049",1982.96374511719,"Brown"
"39141",1024.19580078125,"Ross"
"17181",1662.02099609375,"Union"
"08039",2315.18115234375,"Elbert"
"39145",1308.84851074219,"Scioto"
"19153",1275.25756835938,"Polk"
"48443",NA,"Terrell"
"13119",1402.73779296875,"Franklin"
"17203",1179.58044433594,"Woodford"
"51093",2250.9560546875,"Isle of Wight"
"44005",2396.84545898438,"Newport"
"55131",1132.16320800781,"Washington"
"29023",2107.11889648438,"Butler"
"41043",982.293090820312,"Linn"
"51105",941.592041015625,"Lee"
"53017",1133.98474121094,"Douglas"
"15007",2401.27880859375,"Kauai"
"20149",1860.88781738281,"Pottawatomie"
"23019",1166.01928710938,"Penobscot"
"36095",1533.54431152344,"Schoharie"
"02188",NA,"Northwest Arctic"
"13151",1655.11279296875,"Henry"
"39127",1274.77758789062,"Perry"
"51133",1798.61755371094,"Northumberland"
"28083",1730.96801757812,"Leflore"
"38033",NA,"Golden Valley"
"26097",1243.52307128906,"Mackinac"
"53053",1480.26440429688,"Pierce"
"32021",989.946899414062,"Mineral"
"27127",1505.26989746094,"Redwood"
"45071",1454.6240234375,"Newberry"
"18083",1412.72485351562,"Knox"
"12089",1959.63696289062,"Nassau"
"45077",1217.10632324219,"Pickens"
"39075",1384.20251464844,"Holmes"
"12075",1878.60559082031,"Levy"
"19167",1147.84851074219,"Sioux"
"48183",1420.0244140625,"Gregg"
"35059",1394.89758300781,"Union"
"37039",1126.34020996094,"Cherokee"
"39151",1064.12365722656,"Stark"
"06039",1262.43432617188,"Madera"
"28071",2746.58227539062,"Lafayette"
"53065",1186.00329589844,"Stevens"
"32033",900.943542480469,"White Pine"
"01071",1590.96166992188,"Jackson"
"27173",1455.25842285156,"Yellow Medicine"
"23009",1225.17663574219,"Hancock"
"34027",1882.162109375,"Morris"
"02090",1661.38659667969,"Fairbanks North Star"
"40111",1865.7568359375,"Okmulgee"
"36003",1007.70782470703,"Allegany"
"48087",NA,"Collingsworth"
"49045",989.400573730469,"Tooele"
"13057",1716.23254394531,"Cherokee"
"17073",1240.537109375,"Henry"
"21001",1576.72033691406,"Adair"
"22097",1751.85778808594,"St. Landry"
"30047",1308.66735839844,"Lake"
"01111",1741.72351074219,"Randolph"
"06081",1986.18493652344,"San Mateo"
"26123",1361.06994628906,"Newaygo"
"37135",1567.76806640625,"Orange"
"19151",1617.02185058594,"Pocahontas"
"48153",NA,"Floyd"
"42013",933.620727539062,"Blair"
"37029",2356.76245117188,"Camden"
"31027",1320.91137695312,"Cedar"
"05119",1774.10046386719,"Pulaski"
"55073",1050.90100097656,"Marathon"
"06097",1527.92211914062,"Sonoma"
"27071",1421.486328125,"Koochiching"
"28025",2459.81616210938,"Clay"
"38013",NA,"Burke"
"24031",1479.26013183594,"Montgomery"
"54101",NA,"Webster"
"47071",1466.552734375,"Hardin"
"36035",1565.40502929688,"Fulton"
"48093",1897.130859375,"Comanche"
"48453",1711.04223632812,"Travis"
"48203",1529.58850097656,"Harrison"
"54065",1191.69213867188,"Morgan"
"08021",1315.87341308594,"Conejos"
"12033",2161.35595703125,"Escambia"
"48001",1576.95104980469,"Anderson"
"47019",1198.5625,"Carter"
"37087",1320.8037109375,"Haywood"
"49053",931.728210449219,"Washington"
"30003",1510.49182128906,"Big Horn"
"35045",1184.48681640625,"San Juan"
"02130",1661.5986328125,"Ketchikan Gateway"
"01003",2603.69262695312,"Baldwin"
"22017",1602.607421875,"Caddo"
"36051",1160.75280761719,"Livingston"
"51041",1271.26940917969,"Chesterfield"
"13257",1572.3798828125,"Stephens"
"40085",2110.25537109375,"Love"
"17091",1394.88146972656,"Kankakee"
"05145",1619.25866699219,"White"
"13157",1568.31750488281,"Jackson"
"35011",NA,"De Baca"
"38057",1735.54821777344,"Mercer"
"20117",2184.00146484375,"Marshall"
"06073",1556.92053222656,"San Diego"
"50021",1754.17663574219,"Rutland"
"24013",1242.81701660156,"Carroll"
"06019",1187.24133300781,"Fresno"
"16035",1120.05187988281,"Clearwater"
"24023",1306.15441894531,"Garrett"
"48277",1573.29028320312,"Lamar"
"13127",2374.26977539062,"Glynn"
"39163",1785.73315429688,"Vinton"
"48373",1842.56030273438,"Polk"
"47043",1473.31762695312,"Dickson"
"55029",1099.8466796875,"Door"
"44009",2063.35620117188,"Washington"
"01033",1514.3525390625,"Colbert"
"21097",1228.33862304688,"Harrison"
"55117",928.93115234375,"Sheboygan"
"29187",1401.03564453125,"St. Francois"
"17021",1245.38818359375,"Christian"
"46023",NA,"Charles Mix"
"21101",1850.55236816406,"Henderson"
"51155",1040.00378417969,"Pulaski"
"06061",1516.345703125,"Placer"
"18047",1323.75317382812,"Franklin"
"31133",NA,"Pawnee"
"31107",1287.80932617188,"Knox"
"37019",2619.92358398438,"Brunswick"
"21231",1315.59655761719,"Wayne"
"22003",1274.0244140625,"Allen"
"36029",1317.89526367188,"Erie"
"28093",1945.80541992188,"Marshall"
"05107",1599.48803710938,"Phillips"
"46102",NA,"Oglala Lakota"
"46099",1359.02294921875,"Minnehaha"
"39021",1308.22265625,"Champaign"
"13197",1588.09912109375,"Marion"
"51095",1337.90344238281,"James City"
"19111",1405.83862304688,"Lee"
"48113",1757.84265136719,"Dallas"
"41065",1039.2998046875,"Wasco"
"30007",1345.03564453125,"Broadwater"
"41061",943.908020019531,"Union"
"12087",5836.03076171875,"Monroe"
"25027",1617.60583496094,"Worcester"
"28059",3153.96826171875,"Jackson"
"45013",2874.07250976562,"Beaufort"
"16049",1272.978515625,"Idaho"
"24033",1582.27185058594,"Prince George's"
"28109",2461.45190429688,"Pearl River"
"34009",2142.21899414062,"Cape May"
"22057",3078.47216796875,"Lafourche"
"38053",1855.57482910156,"McKenzie"
"41005",1194.22473144531,"Clackamas"
"08073",2039.04187011719,"Lincoln"
"41033",1001.92498779297,"Josephine"
"02195",NA,"Petersburg"
"21121",1514.66955566406,"Knox"
"01041",1567.78002929688,"Crenshaw"
"06089",1228.91857910156,"Shasta"
"13013",1463.18432617188,"Barrow"
"18067",1249.24072265625,"Howard"
"20193",NA,"Thomas"
"21179",1634.45532226562,"Nelson"
"32027",901.207214355469,"Pershing"
"31053",1672.11791992188,"Dodge"
"40113",2026.013671875,"Osage"
"49027",860.63525390625,"Millard"
"51001",1879.63586425781,"Accomack"
"02220",NA,"Sitka"
"41015",1060.91455078125,"Curry"
"05007",1599.81555175781,"Benton"
"22099",1760.259765625,"St. Martin"
"51147",1233.47802734375,"Prince Edward"
"16007",1090.73706054688,"Bear Lake"
"48377",NA,"Presidio"
"48457",1613.21435546875,"Tyler"
"40033",1950.04846191406,"Cotton"
"22095",2327.94555664062,"St. John the Baptist"
"51061",1607.31311035156,"Fauquier"
"48367",2169.02783203125,"Parker"
"48073",1923.31506347656,"Cherokee"
"01027",1653.60339355469,"Clay"
"49023",802.7197265625,"Juab"
"06105",1612.88049316406,"Trinity"
"06103",1215.35803222656,"Tehama"
"16023",1021.44390869141,"Butte"
"17113",1142.26550292969,"McLean"
"29095",1539.65673828125,"Jackson"
"37041",1991.05517578125,"Chowan"
"48197",NA,"Hardeman"
"36121",1143.5,"Wyoming"
"25013",1299.58410644531,"Hampden"
"21125",1428.64880371094,"Laurel"
"18093",1367.89526367188,"Lawrence"
"55115",943.445129394531,"Shawano"
"06045",1476.0634765625,"Mendocino"
"32031",1069.57263183594,"Washoe"
"46033",2234.44116210938,"Custer"
"01079",1672.53955078125,"Lawrence"
"16047",1171.10388183594,"Gooding"
"23021",1194.69970703125,"Piscataquis"
"46013",1725.60424804688,"Brown"
"20167",NA,"Russell"
"40075",2216.9619140625,"Kiowa"
"33013",1686.8095703125,"Merrimack"
"41031",1013.46551513672,"Jefferson"
"47117",1355.4853515625,"Marshall"
"29003",1362.80773925781,"Andrew"
"51019",1098.31323242188,"Bedford"
"47189",1499.07434082031,"Wilson"
"48455",1669.4931640625,"Trinity"
"72035",NA,"Cayey"
"53035",1156.61560058594,"Kitsap"
"49041",902.182800292969,"Sevier"
"36047",2886.00537109375,"Kings"
"55003",1104.77429199219,"Ashland"
"55123",1203.18237304688,"Vernon"
"28149",1900.64733886719,"Warren"
"08014",1714.99572753906,"Broomfield"
"48041",1616.37231445312,"Brazos"
"30031",1560.42663574219,"Gallatin"
"30107",NA,"Wheatland"
"51520",1008.18682861328,"Bristol"
"18063",1478.90930175781,"Hendricks"
"55053",1303.80493164062,"Jackson"
"01125",1636.74340820312,"Tuscaloosa"
"51127",1362.75305175781,"New Kent"
"05011",1460.96142578125,"Bradley"
"32510",959.953125,"Carson City"
"37013",2249.36376953125,"Beaufort"
"01127",1721.51123046875,"Walker"
"13005",1709.57312011719,"Bacon"
"18045",1342.091796875,"Fountain"
"21073",1360.76794433594,"Franklin"
"49037",887.473510742188,"San Juan"
"56029",1234.49426269531,"Park"
"18139",1329.88977050781,"Rush"
"26165",NA,"Wexford"
"37117",1668.97265625,"Martin"
"48473",2457.06103515625,"Waller"
"48407",2124.32543945312,"San Jacinto"
"51069",1162.35266113281,"Frederick"
"30055",NA,"McCone"
"54047",NA,"McDowell"
"01037",1632.25659179688,"Coosa"
"16065",991.980346679688,"Madison"
"17147",1253.22692871094,"Piatt"
"42097",910.150451660156,"Northumberland"
"23029",1436.45446777344,"Washington"
"37143",2537.10815429688,"Perquimans"
"42035",1013.42553710938,"Clinton"
"30069",NA,"Petroleum"
"06021",1043.52746582031,"Glenn"
"17143",1119.50476074219,"Peoria"
"20067",2393.8388671875,"Grant"
"21233",1792.09228515625,"Webster"
"35051",1030.32397460938,"Sierra"
"35043",1137.94287109375,"Sandoval"
"06065",1457.33911132812,"Riverside"
"53007",1194.64978027344,"Chelan"
"05133",1356.76184082031,"Sevier"
"48333",NA,"Mills"
"39149",1169.98303222656,"Shelby"
"22075",3976.01708984375,"Plaquemines"
"06093",1224.85217285156,"Siskiyou"
"30023",1201.39953613281,"Deer Lodge"
"21195",2047.51684570312,"Pike"
"01049",1698.48864746094,"DeKalb"
"06077",1311.556640625,"San Joaquin"
"36007",1165.44226074219,"Broome"
"05073",NA,"Lafayette"
"51015",1003.90118408203,"Augusta"
"42111",944.686584472656,"Somerset"
"48033",NA,"Borden"
"50015",1724.81860351562,"Lamoille"
"54039",1321.09631347656,"Kanawha"
"72151",NA,"Yabucoa"
"13099",1743.47692871094,"Early"
"13321",1450.64025878906,"Worth"
"26147",1541.34130859375,"St. Clair"
"30081",1335.81091308594,"Ravalli"
"28015",2003.90954589844,"Carroll"
"48043",2166.85302734375,"Brewster"
"53025",1205.08520507812,"Grant"
"51111",1139.93481445312,"Lunenburg"
"12067",1874.26245117188,"Lafayette"
"36019",1259.86083984375,"Clinton"
"22025",1701.80541992188,"Catahoula"
"39095",1289.6689453125,"Lucas"
"12133",1656.93798828125,"Washington"
"53037",1369.76489257812,"Kittitas"
"41067",1060.20837402344,"Washington"
"04005",1179.09924316406,"Coconino"
"36075",1697.56091308594,"Oswego"
"01055",1656.46447753906,"Etowah"
"21225",1764.04821777344,"Union"
"47121",1608.36657714844,"Meigs"
"01113",1437.6982421875,"Russell"
"08123",1600.59899902344,"Weld"
"48287",1712.13562011719,"Lee"
"72069",NA,"Humacao"
"53041",1278.62329101562,"Lewis"
"51735",2656.0439453125,"Poquoson"
"41017",1001.94384765625,"Deschutes"
"30035",1150.22180175781,"Glacier"
"56013",1353.2626953125,"Fremont"
"29165",1784.53894042969,"Platte"
"34037",1703.75378417969,"Sussex"
"40059",NA,"Harper"
"01073",1769.23937988281,"Jefferson"
"48141",1460.39477539062,"El Paso"
"06085",1838.34692382812,"Santa Clara"
"28027",2088.056640625,"Coahoma"
"48177",2012.64099121094,"Gonzales"
"16059",1240.40454101562,"Lemhi"
"01069",1599.60693359375,"Houston"
"50027",2145.0556640625,"Windsor"
"47045",1633.38708496094,"Dyer"
"18019",1281.74353027344,"Clark"
"05005",1375.50891113281,"Baxter"
"13179",1725.35803222656,"Liberty"
"22077",1883.84826660156,"Pointe Coupee"
"30083",1722.15893554688,"Richland"
"08049",1279.1298828125,"Grand"
"05051",1655.7548828125,"Garland"
"48097",2293.26586914062,"Cooke"
"08103",1101.3779296875,"Rio Blanco"
"47013",1445.03649902344,"Campbell"
"27075",1450.72351074219,"Lake"
"37175",1267.92443847656,"Transylvania"
"28163",2059.48022460938,"Yazoo"
"53031",1216.50695800781,"Jefferson"
"27133",1291.50744628906,"Rock"
"50005",1429.78857421875,"Caledonia"
"48219",1872.61437988281,"Hockley"
"48063",1881.38488769531,"Camp"
"29087",1989.36096191406,"Holt"
"06025",1112.02600097656,"Imperial"
"48077",1675.08386230469,"Clay"
"40141",1846.70471191406,"Tillman"
"26101",1428.63159179688,"Manistee"
"30105",1716.30700683594,"Valley"
"36105",1500.88330078125,"Sullivan"
"41019",996.782287597656,"Douglas"
"53015",1126.82055664062,"Cowlitz"
"55075",1015.29583740234,"Marinette"
"17071",NA,"Henderson"
"05103",1498.69897460938,"Ouachita"
"32019",917.0634765625,"Lyon"
"42101",1251.61853027344,"Philadelphia"
"13023",1701.98962402344,"Bleckley"
"41007",1215.98327636719,"Clatsop"
"23003",971.481750488281,"Aroostook"
"30057",1466.84130859375,"Madison"
"13001",1664.92712402344,"Appling"
"08081",1168.1669921875,"Moffat"
"34013",2511.59399414062,"Essex"
"13175",1688.42919921875,"Laurens"
"55041",1040.43627929688,"Forest"
"05077",1813.02978515625,"Lee"
"55083",1043.73999023438,"Oconto"
"56017",1290.24133300781,"Hot Springs"
"46119",NA,"Sully"
"48319",NA,"Mason"
"20019",NA,"Chautauqua"
"28063",NA,"Jefferson"
"01103",1520.17687988281,"Morgan"
"28079",1743.29565429688,"Leake"
"54033",1120.57336425781,"Harrison"
"48485",1721.68273925781,"Wichita"
"20073",NA,"Greenwood"
"56033",1462.4384765625,"Sheridan"
"72099",NA,"Moca"
"51510",1864.06726074219,"Alexandria"
"28117",1672.00231933594,"Prentiss"
"12079",1750.36572265625,"Madison"
"13239",NA,"Quitman"
"27149",1485.07922363281,"Stevens"
"13305",1488.65905761719,"Wayne"
"17105",1098.71984863281,"Livingston"
"13073",1458.50329589844,"Columbia"
"04011",NA,"Greenlee"
"26031",1397.69287109375,"Cheboygan"
"36061",5723.01806640625,"New York"
"01099",1685.9521484375,"Monroe"
"08097",2210.01000976562,"Pitkin"
"19065",1183.06274414062,"Fayette"
"40133",1917.18481445312,"Seminole"
"37103",1937.81677246094,"Jones"
"48245",2265.05712890625,"Jefferson"
"18009",1151.68640136719,"Blackford"
"22081",1365.9130859375,"Red River"
"47151",1786.47644042969,"Scott"
"55078",NA,"Menominee"
"05045",1683.73388671875,"Faulkner"
"13309",NA,"Wheeler"
"05097",1654.998046875,"Montgomery"
"51187",1326.71398925781,"Warren"
"54021",NA,"Gilmer"
"54037",1324.95935058594,"Jefferson"
"13033",1545.19421386719,"Burke"
"54073",1096.01440429688,"Pleasants"
"21069",1337.71044921875,"Fleming"
"24001",1381.97900390625,"Allegany"
"08065",1250.30090332031,"Lake"
"37151",1063.09875488281,"Randolph"
"47037",1558.23681640625,"Davidson"
"29071",1675.37341308594,"Franklin"
"48109",NA,"Culberson"
"21227",1693.48254394531,"Warren"
"48425",1564.09130859375,"Somervell"
"72105",NA,"Naranjito"
"53075",1166.15588378906,"Whitman"
"42003",1219.92004394531,"Allegheny"
"51570",1078.63232421875,"Colonial Heights"
"46117",2009.14416503906,"Stanley"
"54015",NA,"Clay"
"13213",1276.05200195312,"Murray"
"48323",1299.74108886719,"Maverick"
"47101",1474.48803710938,"Lewis"
"28013",2154.74194335938,"Calhoun"
"28035",2015.34936523438,"Forrest"
"72115",NA,"Quebradillas"
"54109",NA,"Wyoming"
"13181",1579.52807617188,"Lincoln"
"42049",935.497253417969,"Erie"
"19047",1226.82177734375,"Crawford"
"28049",2078.09130859375,"Hinds"
"47119",1316.54931640625,"Maury"
"01133",2101.68676757812,"Winston"
"48123",1900.72326660156,"DeWitt"
"47171",988.116882324219,"Unicoi"
"22031",1114.03674316406,"De Soto"
"42099",981.601257324219,"Perry"
"09150",NA,"Northeastern Connecticut"
"46037",NA,"Day"
"55107",1105.69714355469,"Rusk"
"20101",NA,"Lane"
"72145",NA,"Vega Baja"
"51670",1082.36315917969,"Hopewell"
"13311",1467.65246582031,"White"
"15003",2280.4208984375,"Honolulu"
"40017",2580.60009765625,"Canadian"
"40107",2984.7763671875,"Okfuskee"
"13285",1415.56713867188,"Troup"
"20021",1516.76306152344,"Cherokee"
"40115",1747.45788574219,"Ottawa"
"01035",1854.72229003906,"Conecuh"
"08087",1927.08874511719,"Morgan"
"18023",1126.42883300781,"Clinton"
"21153",NA,"Magoffin"
"29055",1548.60375976562,"Crawford"
"28161",1712.55895996094,"Yalobusha"
"72103",NA,"Naguabo"
"54083",1101.74963378906,"Randolph"
"35023",NA,"Hidalgo"
"20191",2162.23583984375,"Sumner"
"30041",1416.56005859375,"Hill"
"05137",1703.65356445312,"Stone"
"19125",1339.4091796875,"Marion"
"37139",1921.54821777344,"Pasquotank"
"34035",2015.93725585938,"Somerset"
"48201",2173.47216796875,"Harris"
"55129",1374.833984375,"Washburn"
"48209",1898.96350097656,"Hays"
"17157",1381.3095703125,"Randolph"
"42059",1026.88244628906,"Greene"
"27029",1455.23913574219,"Clearwater"
"36025",1248.14855957031,"Delaware"
"51059",1885.63562011719,"Fairfax"
"45059",1231.72351074219,"Laurens"
"47105",1456.47143554688,"Loudon"
"56025",1398.84985351562,"Natrona"
"72127",NA,"San Juan"
"47175",1416.56457519531,"Van Buren"
"51197",1088.03295898438,"Wythe"
"16041",1003.92272949219,"Franklin"
"21045",1430.89282226562,"Casey"
"26081",1180.4033203125,"Kent"
"28043",1886.79626464844,"Grenada"
"13313",1260.28210449219,"Whitfield"
"26151",1330.41625976562,"Sanilac"
"72015",NA,"Arroyo"
"21039",NA,"Carlisle"
"31035",1625.05358886719,"Clay"
"42075",984.973449707031,"Lebanon"
"47093",1419.87316894531,"Knox"
"08047",1774.94018554688,"Gilpin"
"42131",1124.26538085938,"Wyoming"
"42025",1055.79125976562,"Carbon"
"39153",1204.55432128906,"Summit"
"37049",1806.92321777344,"Craven"
"51145",1309.478515625,"Powhatan"
"18057",1657.24157714844,"Hamilton"
"05141",1611.48400878906,"Van Buren"
"30019",NA,"Daniels"
"48451",1438.12463378906,"Tom Green"
"01045",1601.93896484375,"Dale"
"13071",1485.51892089844,"Colquitt"
"20099",NA,"Labette"
"02198",NA,"Prince of Wales-Hyder"
"51193",1741.95092773438,"Westmoreland"
"23027",1318.09838867188,"Waldo"
"47025",1313.84594726562,"Claiborne"
"05085",1632.65625,"Lonoke"
"17065",NA,"Hamilton"
"18109",1353.13269042969,"Morgan"
"40039",2358.20190429688,"Custer"
"31149",NA,"Rock"
"37001",1429.77209472656,"Alamance"
"46135",NA,"Yankton"
"17127",1567.10034179688,"Massac"
"55061",993.964050292969,"Kewaunee"
"46107",NA,"Potter"
"21049",1394.38000488281,"Clark"
"13233",1464.81103515625,"Polk"
"18145",1450.03369140625,"Shelby"
"22111",1210.33581542969,"Union"
"35029",1241.12512207031,"Luna"
"18171",1356.69702148438,"Warren"
"27045",1625.61364746094,"Fillmore"
"31147",1465.1552734375,"Richardson"
"26077",2772.30029296875,"Kalamazoo"
"02230",NA,"Skagway"
"26115",1663.23779296875,"Monroe"
"39165",1472.28125,"Warren"
"29211",NA,"Sullivan"
"26037",1378.53747558594,"Clinton"
"01051",1420.96606445312,"Elmore"
"37197",1146.9892578125,"Yadkin"
"12055",1662.69140625,"Highlands"
"12111",1971.68603515625,"St. Lucie"
"40041",2097.23315429688,"Delaware"
"39103",1229.42590332031,"Medina"
"19055",1481.34033203125,"Delaware"
"39109",1121.91552734375,"Miami"
"01031",1570.62890625,"Coffee"
"48251",1930.94592285156,"Johnson"
"48291",2267.05517578125,"Liberty"
"54097",1143.43627929688,"Upshur"
"55059",1210.49291992188,"Kenosha"
"31115",NA,"Loup"
"16005",936.918701171875,"Bannock"
"45087",1359.03833007812,"Union"
"20165",NA,"Rush"
"37111",1117.67224121094,"McDowell"
"36083",2140.52026367188,"Rensselaer"
"23001",1048.81860351562,"Androscoggin"
"19073",1227.66625976562,"Greene"
"48125",NA,"Dickens"
"26085",1655.12744140625,"Lake"
"27017",1595.40612792969,"Carlton"
"20025",NA,"Clark"
"26061",1381.16735839844,"Houghton"
"39079",1275.87426757812,"Jackson"
"37081",1158.6376953125,"Guilford"
"28075",1818.08862304688,"Lauderdale"
"22009",1255.03967285156,"Avoyelles"
"21217",1553.24145507812,"Taylor"
"18141",1104.77770996094,"St. Joseph"
"51630",1466.44567871094,"Fredericksburg"
"13031",1512.01879882812,"Bulloch"
"19083",1326.09497070312,"Hardin"
"13037",1922.08227539062,"Calhoun"
"48361",1859.58129882812,"Orange"
"08111",NA,"San Juan"
"51085",1261.62145996094,"Hanover"
"21053",1462.12463378906,"Clinton"
"39147",1090.79650878906,"Seneca"
"17191",NA,"Wayne"
"51036",1508.10815429688,"Charles City"
"21065",NA,"Estill"
"21075",NA,"Fulton"
"06107",1137.28552246094,"Tulare"
"19011",1394.82946777344,"Benton"
"17169",NA,"Schuyler"
"38023",NA,"Divide"
"21203",1540.19226074219,"Rockcastle"
"47029",1354.11767578125,"Cocke"
"21215",1673.87414550781,"Spencer"
"38007",NA,"Billings"
"48259",2314.89282226562,"Kendall"
"55051",965.037231445312,"Iron"
"47053",1389.26928710938,"Gibson"
"45027",1544.28344726562,"Clarendon"
"20007",NA,"Barber"
"33007",1202.26879882812,"Coos"
"17077",1523.23278808594,"Jackson"
"37187",2255.98559570312,"Washington"
"06071",1455.79577636719,"San Bernardino"
"17035",1259.70886230469,"Cumberland"
"12011",3562.7724609375,"Broward"
"13195",1413.7802734375,"Madison"
"48305",2680.56030273438,"Lynn"
"48329",1891.88049316406,"Midland"
"29123",1434.29626464844,"Madison"
"08041",1800.56945800781,"El Paso"
"22083",1301.95593261719,"Richland"
"08119",1771.07238769531,"Teller"
"40139",1954.06628417969,"Texas"
"18165",1409.39074707031,"Vermillion"
"38025",2366.9658203125,"Dunn"
"30017",1802.56420898438,"Custer"
"17017",1145.33715820312,"Cass"
"42055",930.85791015625,"Franklin"
"21123",2058.85864257812,"Larue"
"35025",2093.43090820312,"Lea"
"01091",1852.40942382812,"Marengo"
"21061",1492.46423339844,"Edmonson"
"31041",1577.56909179688,"Custer"
"48139",1901.67053222656,"Ellis"
"55077",1111.40368652344,"Marquette"
"20011",NA,"Bourbon"
"27113",1230.67138671875,"Pennington"
"23017",1265.73901367188,"Oxford"
"36071",1750.04479980469,"Orange"
"22103",2250.98754882812,"St. Tammany"
"31145",1635.62744140625,"Red Willow"
"36031",1523.37646484375,"Essex"
"29213",1619.08288574219,"Taney"
"48379",2002.47595214844,"Rains"
"36023",1439.03015136719,"Cortland"
"48343",1613.72595214844,"Morris"
"36001",1718.92822265625,"Albany"
"51113",1190.33984375,"Madison"
"51157",1492.31994628906,"Rappahannock"
"48395",1884.58471679688,"Robertson"
"40077",1951.34558105469,"Latimer"
"21151",1431.0224609375,"Madison"
"42067",911.364624023438,"Juniata"
"29107",1568.10363769531,"Lafayette"
"26093",1722.12634277344,"Livingston"
"29135",1607.27758789062,"Moniteau"
"36005",2835.31494140625,"Bronx"
"31123",2289.92138671875,"Morrill"
"05023",1677.68359375,"Cleburne"
"05089",1566.982421875,"Marion"
"36081",2268.26440429688,"Queens"
"01121",1693.10876464844,"Talladega"
"18105",1443.4833984375,"Monroe"
"31073",1614.15637207031,"Gosper"
"45009",1512.4013671875,"Bamberg"
"48409",2478.7783203125,"San Patricio"
"21229",1319.69018554688,"Washington"
"41001",902.849609375,"Baker"
"01089",1592.20349121094,"Madison"
"38079",1268.89416503906,"Rolette"
"28031",2055.75732421875,"Covington"
"28151",1938.52062988281,"Washington"
"46129",NA,"Walworth"
"48439",1911.23266601562,"Tarrant"
"39053",1682.26281738281,"Gallia"
"39111",1387.26428222656,"Monroe"
"42051",938.689086914062,"Fayette"
"28053",NA,"Humphreys"
"51021",1040.39233398438,"Bland"
"39051",1134.26843261719,"Fulton"
"12109",2097.55981445312,"St. Johns"
"13017",1422.23034667969,"Ben Hill"
"01123",1628.07897949219,"Tallapoosa"
"48147",1831.50988769531,"Fannin"
"35005",1580.4892578125,"Chaves"
"26103",1650.19799804688,"Marquette"
"29195",1285.06079101562,"Saline"
"34033",1931.1279296875,"Salem"
"17009",NA,"Brown"
"19195",1209.98229980469,"Worth"
"09110",NA,"Capitol"
"28139",1538.57299804688,"Tippah"
"01085",2021.07238769531,"Lowndes"
"16045",1155.99255371094,"Gem"
"27043",1374.32153320312,"Faribault"
"21019",1649.66284179688,"Boyd"
"54069",1170.83044433594,"Ohio"
"28143",1757.91931152344,"Tunica"
"41037",1162.07092285156,"Lake"
"22043",910.418884277344,"Grant"
"21165",NA,"Menifee"
"39057",1340.95812988281,"Greene"
"19169",1346.70104980469,"Story"
"54003",1143.21044921875,"Berkeley"
"01093",1626.88745117188,"Marion"
"55021",1167.55908203125,"Columbia"
"36009",1182.34497070312,"Cattaraugus"
"26025",NA,"Calhoun"
"39015",1032.18762207031,"Brown"
"47141",1274.88159179688,"Putnam"
"39171",1003.6455078125,"Williams"
"38027",NA,"Eddy"
"17173",1086.12841796875,"Shelby"
"48081",NA,"Coke"
"47137",1826.52587890625,"Pickett"
"37167",1166.80297851562,"Stanly"
"48099",1287.66748046875,"Coryell"
"17029",1112.52734375,"Coles"
"47153",1919.98974609375,"Sequatchie"
"19053",1696.51428222656,"Decatur"
"21127",1473.56530761719,"Lawrence"
"46059",NA,"Hand"
"42037",998.573547363281,"Columbia"
"29009",1530.80749511719,"Barry"
"41069",NA,"Wheeler"
"29041",NA,"Chariton"
"51119",1659.18701171875,"Middlesex"
"50023",1654.93249511719,"Washington"
"13075",1447.99389648438,"Cook"
"51195",1199.33728027344,"Wise"
"45007",1177.60864257812,"Anderson"
"72101",NA,"Morovis"
"47061",1573.13940429688,"Grundy"
"18161",1407.52160644531,"Union"
"26073",1387.18444824219,"Isabella"
"05055",1485.90087890625,"Greene"
"20133",NA,"Neosho"
"41021",858.992736816406,"Gilliam"
"08017",NA,"Cheyenne"
"17187",1213.66101074219,"Warren"
"22063",1689.45104980469,"Livingston"
"26119",NA,"Montmorency"
"18015",1409.24658203125,"Carroll"
"26047",1385.18310546875,"Emmet"
"72095",NA,"Maunabo"
"18169",1032.12512207031,"Wabash"
"26075",1371.93005371094,"Jackson"
"49031",NA,"Piute"
"37183",1430.33520507812,"Wake"
"37123",1410.59814453125,"Montgomery"
"37165",1656.04748535156,"Scotland"
"17061",1492.80004882812,"Greene"
"06009",1493.673828125,"Calaveras"
"21031",1534.55358886719,"Butler"
"38005",NA,"Benson"
"19009",1200.27075195312,"Audubon"
"72053",NA,"Fajardo"
"20045",1820.68493652344,"Douglas"
"37189",1454.58435058594,"Watauga"
"30103",NA,"Treasure"
"55121",1262.984375,"Trempealeau"
"40011",2195.02905273438,"Blaine"
"72047",NA,"Corozal"
"47067",NA,"Hancock"
"55033",1280.33312988281,"Dunn"
"37059",1137.90686035156,"Davie"
"05019",1848.48413085938,"Clark"
"40023",1961.24145507812,"Choctaw"
"05063",1528.91735839844,"Independence"
"20195",NA,"Trego"
"21077",1560.91857910156,"Gallatin"
"20177",1681.61096191406,"Shawnee"
"19171",1398.39270019531,"Tama"
"29019",1424.75549316406,"Boone"
"19115",1333.08020019531,"Louisa"
"20039",NA,"Decatur"
"45091",1381.66357421875,"York"
"55005",1360.40991210938,"Barron"
"22021",NA,"Caldwell"
"22037",1994.04870605469,"East Feliciana"
"46009",NA,"Bon Homme"
"47073",1212.10998535156,"Hawkins"
"45033",1422.47448730469,"Dillon"
"45037",1584.4580078125,"Edgefield"
"29027",1407.69873046875,"Callaway"
"47113",1620.39611816406,"Madison"
"56001",1411.26733398438,"Albany"
"51029",1147.37658691406,"Buckingham"
"12045",2756.07202148438,"Gulf"
"13315",NA,"Wilcox"
"05131",1354.35803222656,"Sebastian"
"05129",1638.98876953125,"Searcy"
"22019",1711.58288574219,"Calcasieu"
"40079",1900.32092285156,"Le Flore"
"21187",1570.76159667969,"Owen"
"38075",NA,"Renville"
"27125",1276.62658691406,"Red Lake"
"40095",2412.283203125,"Marshall"
"72121",NA,"Sabana Grande"
"24005",1404.90856933594,"Baltimore"
"28055",NA,"Issaquena"
"39083",1220.14306640625,"Knox"
"51175",1432.40673828125,"Southampton"
"55011",1129.55578613281,"Buffalo"
"22065",NA,"Madison"
"51800",1836.21337890625,"Suffolk"
"28051",1429.76977539062,"Holmes"
"72001",NA,"Adjuntas"
"72029",NA,"Canóvanas"
"72043",NA,"Coamo"
"45063",1300.82043457031,"Lexington"
"55105",1109.87255859375,"Rock"
"56023",1244.53125,"Lincoln"
"53013",1342.74206542969,"Columbia"
"27117",1390.80126953125,"Pipestone"
"51099",1384.26928710938,"King George"
"29043",1512.50622558594,"Christian"
"01011",2887.94604492188,"Bullock"
"13237",1632.14685058594,"Putnam"
"40007",2409.69995117188,"Beaver"
"31043",1478.81896972656,"Dakota"
"05105",1482.10888671875,"Perry"
"48351",1609.67980957031,"Newton"
"29039",1549.63317871094,"Cedar"
"31049",NA,"Deuel"
"41071",1058.85583496094,"Yamhill"
"20079",1814.109375,"Harvey"
"27159",1430.64587402344,"Wadena"
"44001",2509.09301757812,"Bristol"
"47135",1399.41723632812,"Perry"
"34039",1982.13952636719,"Union"
"29147",1323.29663085938,"Nodaway"
"27095",1661.29309082031,"Mille Lacs"
"20071",NA,"Greeley"
"13141",1709.96923828125,"Hancock"
"12037",3395.92163085938,"Franklin"
"12117",1930.91320800781,"Seminole"
"28157",NA,"Wilkinson"
"05121",1429.82690429688,"Randolph"
"26019",NA,"Benzie"
"40045",NA,"Ellis"
"54071",NA,"Pendleton"
"29209",1720.22570800781,"Stone"
"29029",1842.94201660156,"Camden"
"38097",1465.40795898438,"Traill"
"42005",835.669006347656,"Armstrong"
"20013",NA,"Brown"
"18129",1428.51098632812,"Posey"
"08029",1106.35913085938,"Delta"
"13231",1567.00036621094,"Pike"
"13319",1500.427734375,"Wilkinson"
"39115",1468.40222167969,"Morgan"
"46121",NA,"Todd"
"30021",1667.50048828125,"Dawson"
"20091",1995.51953125,"Johnson"
"20153",NA,"Rawlins"
"20127",NA,"Morris"
"48445",1938.64318847656,"Terry"
"13171",1670.38623046875,"Lamar"
"13199",1579.98046875,"Meriwether"
"39143",1243.42407226562,"Sandusky"
"48353",2094.1943359375,"Nolan"
"22089",2813.0224609375,"St. Charles"
"13277",1584.78698730469,"Tift"
"38089",1842.00939941406,"Stark"
"32009",NA,"Esmeralda"
"28089",1922.3427734375,"Madison"
"55063",1092.89208984375,"La Crosse"
"72041",NA,"Cidra"
"29177",1592.24694824219,"Ray"
"31037",1441.93896484375,"Colfax"
"45041",1572.41809082031,"Florence"
"54001",1211.96545410156,"Barbour"
"13287",2069.26049804688,"Turner"
"37089",1245.32800292969,"Henderson"
"17183",1183.01354980469,"Vermilion"
"37129",2445.02563476562,"New Hanover"
"21071",1606.04675292969,"Floyd"
"48211",2002.23828125,"Hemphill"
"20077",1817.48901367188,"Harper"
"27093",1574.57604980469,"Meeker"
"27059",1876.09826660156,"Isanti"
"27143",1654.22973632812,"Sibley"
"28121",1711.34680175781,"Rankin"
"37003",1181.05944824219,"Alexander"
"39001",1337.96911621094,"Adams"
"38017",1501.67224121094,"Cass"
"06031",1062.5078125,"Kings"
"04019",1021.75421142578,"Pima"
"05125",1593.41455078125,"Saline"
"41047",1081.97583007812,"Marion"
"23005",1235.32592773438,"Cumberland"
"48363",2360.359375,"Palo Pinto"
"41035",1047.5654296875,"Klamath"
"05059",1668.9677734375,"Hot Spring"
"08059",1904.32775878906,"Jefferson"
"04001",1074.20300292969,"Apache"
"12083",1387.08996582031,"Marion"
"25005",1760.32861328125,"Bristol"
"49015",NA,"Emery"
"22117",1420.26745605469,"Washington"
"40089",1869.349609375,"McCurtain"
"29171",NA,"Putnam"
"35061",1719.04125976562,"Valencia"
"30049",1387.17041015625,"Lewis and Clark"
"24047",1651.82067871094,"Worcester"
"47157",2583.59594726562,"Shelby"
"56043",1326.62976074219,"Washakie"
"39061",1373.68640136719,"Hamilton"
"51199",1520.54919433594,"York"
"04007",1093.962890625,"Gila"
"05049",1360.35900878906,"Fulton"
"13051",2370.12329101562,"Chatham"
"30059",1322.55786132812,"Meagher"
"29035",NA,"Carter"
"28137",1769.55065917969,"Tate"
"72075",NA,"Juana Díaz"
"17015",1240.39904785156,"Carroll"
"12121",1846.14489746094,"Suwannee"
"17121",1474.92602539062,"Marion"
"13221",1312.74279785156,"Oglethorpe"
"35041",1779.03991699219,"Roosevelt"
"16013",1469.10119628906,"Blaine"
"35006",1183.32727050781,"Cibola"
"18025",1364.36315917969,"Crawford"
"47027",1176.27807617188,"Clay"
"30063",1295.82788085938,"Missoula"
"32003",1077.35168457031,"Clark"
"22033",2225.61572265625,"East Baton Rouge"
"12039",1626.18493652344,"Gadsden"
"12091",2271.56103515625,"Okaloosa"
"06033",1311.98095703125,"Lake"
"42021",817.769714355469,"Cambria"
"48437",1467.26123046875,"Swisher"
"08045",1471.94787597656,"Garfield"
"17075",1218.83508300781,"Iroquois"
"01067",1801.98828125,"Henry"
"05135",1337.58312988281,"Sharp"
"48273",2125.90844726562,"Kleberg"
"51153",1528.548828125,"Prince William"
"51097",1504.5048828125,"King and Queen"
"16021",1140.65319824219,"Boundary"
"37119",1335.04248046875,"Mecklenburg"
"36069",1519.98059082031,"Ontario"
"72091",NA,"Manatí"
"28105",1859.11279296875,"Oktibbeha"
"34003",2159.71313476562,"Bergen"
"06053",1452.97509765625,"Monterey"
"38051",NA,"McIntosh"
"26029",1302.16564941406,"Charlevoix"
"38095",NA,"Towner"
"13205",1747.83874511719,"Mitchell"
"02105",NA,"Hoonah-Angoon"
"08057",NA,"Jackson"
"30027",1473.11926269531,"Fergus"
"48065",1724.21997070312,"Carson"
"21147",1004.60723876953,"McCreary"
"72059",NA,"Guayanilla"
"48401",1258.1240234375,"Rusk"
"01057",1914.49377441406,"Fayette"
"42081",969.027038574219,"Lycoming"
"05001",1638.11596679688,"Arkansas"
"48085",2272.73950195312,"Collin"
"37051",1389.46459960938,"Cumberland"
"25001",2189.86694335938,"Barnstable"
"29143",1556.41748046875,"New Madrid"
"42107",1014.70495605469,"Schuylkill"
"09160",NA,"Northwest Hills"
"30079",NA,"Prairie"
"54041",1442.97827148438,"Lewis"
"49047",1030.86657714844,"Uintah"
"41057",1148.58312988281,"Tillamook"
"16077",872.922668457031,"Power"
"48419",1601.99548339844,"Shelby"
"06083",1266.72485351562,"Santa Barbara"
"20131",NA,"Nemaha"
"06063",1215.19702148438,"Plumas"
"12105",1851.9794921875,"Polk"
"12119",1161.01354980469,"Sumter"
"39159",1594.86486816406,"Union"
"45089",1623.91662597656,"Williamsburg"
"30097",1474.88049316406,"Sweet Grass"
"18005",1360.35754394531,"Bartholomew"
"22101",2656.6298828125,"St. Mary"
"16053",1032.68811035156,"Jerome"
"51091",1185.23754882812,"Highland"
"06005",1345.45080566406,"Amador"
"06013",1773.46447753906,"Contra Costa"
"12123",1848.41540527344,"Taylor"
"46071",NA,"Jackson"
"45081",1266.75561523438,"Saluda"
"56009",1523.93444824219,"Converse"
"51610",2305.25927734375,"Falls Church"
"13049",1638.68249511719,"Charlton"
"47097",1477.47192382812,"Lauderdale"
"06049",1032.64904785156,"Modoc"
"51079",1111.83325195312,"Greene"
"15005",NA,"Kalawao"
"45019",3210.04467773438,"Charleston"
"01077",1550.39099121094,"Lauderdale"
"17109",1202.57287597656,"McDonough"
"41039",1025.86975097656,"Lane"
"44007",1546.1005859375,"Providence"
"50009",NA,"Essex"
"21155",1371.62951660156,"Marion"
"54067",1320.36108398438,"Nicholas"
"51181",1452.90441894531,"Surry"
"56035",1418.52807617188,"Sublette"
"26021",1489.00048828125,"Berrien"
"12086",4105.82568359375,"Miami-Dade"
"02100",NA,"Haines"
"39031",1231.96508789062,"Coshocton"
"13259",NA,"Stewart"
"41045",974.312866210938,"Malheur"
"13317",1749.68359375,"Wilkes"
"33009",1625.23059082031,"Grafton"
"08069",1422.79370117188,"Larimer"
"39113",1195.13464355469,"Montgomery"
"08077",1066.24572753906,"Mesa"
"13035",1409.61853027344,"Butts"
"01101",1468.63195800781,"Montgomery"
"51087",1209.36962890625,"Henrico"
"50001",1608.25402832031,"Addison"
"46061",NA,"Hanson"
"26035",1229.91564941406,"Clare"
"47129",1293.06005859375,"Morgan"
"37157",1032.30310058594,"Rockingham"
"39125",1163.54919433594,"Paulding"
"48461",NA,"Upton"
"48189",1700.23645019531,"Hale"
"46045",NA,"Edmunds"
"55025",1301.794921875,"Dane"
"21087",1435.11755371094,"Green"
"41053",1100.62658691406,"Polk"
"45045",1247.28820800781,"Greenville"
"54043",NA,"Lincoln"
"72063",NA,"Gurabo"
"51143",971.355712890625,"Pittsylvania"
"21015",1439.72521972656,"Boone"
"02275",NA,"Wrangell"
"48167",2468.94213867188,"Galveston"
"53047",1384.50866699219,"Okanogan"
"53005",1066.38232421875,"Benton"
"56007",1297.39184570312,"Carbon"
"49017",978.686645507812,"Garfield"
"30043",1614.63012695312,"Jefferson"
"29037",1609.255859375,"Cass"
"48215",1727.34826660156,"Hidalgo"
"08109",1339.2890625,"Saguache"
"48061",1892.52990722656,"Cameron"
"39013",1236.46533203125,"Belmont"
"02060",NA,"Bristol Bay"
"18133",1429.45947265625,"Putnam"
"22013",1212.7724609375,"Bienville"
"29065",1567.05651855469,"Dent"
"35055",1651.10021972656,"Taos"
"35017",1118.61169433594,"Grant"
"51177",1321.93322753906,"Spotsylvania"
"37131",1411.50244140625,"Northampton"
"48083",NA,"Coleman"
"12021",3090.97631835938,"Collier"
"49029",1136.61389160156,"Morgan"
"48355",2421.38745117188,"Nueces"
"55101",1045.09851074219,"Racine"
"30073",1373.41528320312,"Pondera"
"39091",1244.88122558594,"Logan"
"21043",1350.78210449219,"Carter"
"46103",1648.02783203125,"Pennington"
"36049",1469.5341796875,"Lewis"
"06095",1385.0361328125,"Solano"
"23025",1202.31384277344,"Somerset"
"45057",1359.56726074219,"Lancaster"
"51077",924.809936523438,"Grayson"
"42077",1252.29809570312,"Lehigh"
"47107",1396.21557617188,"McMinn"
"18061",1420.96496582031,"Harrison"
"08083",1153.10864257812,"Montezuma"
"24029",1722.94079589844,"Kent"
"36011",1410.62646484375,"Cayuga"
"51141",1012.93182373047,"Patrick"
"05043",1629.8330078125,"Drew"
"49051",1172.51245117188,"Wasatch"
"13107",1614.9140625,"Emanuel"
"37057",1014.02429199219,"Davidson"
"47077",1415.47888183594,"Henderson"
"31177",1762.11059570312,"Washington"
"51003",1392.32092285156,"Albemarle"
"53049",1212.72802734375,"Pacific"
"24015",1305.02575683594,"Cecil"
"17131",1230.75036621094,"Mercer"
"22113",2117.55004882812,"Vermilion"
"18163",1211.06823730469,"Vanderburgh"
"13093",1777.25732421875,"Dooly"
"02158",NA,"Kusilvak"
"48371",1459.10461425781,"Pecos"
"06001",1786.1591796875,"Alameda"
"41025",1174.00842285156,"Harney"
"27155",1243.96630859375,"Traverse"
"18021",1290.64916992188,"Clay"
"30053",1234.96765136719,"Lincoln"
"42127",1356.27209472656,"Wayne"
"30045",NA,"Judith Basin"
"06037",1521.86694335938,"Los Angeles"
"24045",1339.47180175781,"Wicomico"
"48143",1891.94750976562,"Erath"
"48119",NA,"Delta"
"06079",1387.94189453125,"San Luis Obispo"
"30033",NA,"Garfield"
"48175",2163.7314453125,"Goliad"
"42119",1093.63500976562,"Union"
"34011",1532.43469238281,"Cumberland"
"16085",1248.31030273438,"Valley"
"12101",2020.52404785156,"Pasco"
"51049",1143.48083496094,"Cumberland"
"51057",1595.84521484375,"Essex"
"55095",1370.46374511719,"Polk"
"56039",2123.68432617188,"Teton"
"42089",1274.74157714844,"Monroe"
"05101",NA,"Newton"
"36091",1655.63500976562,"Saratoga"
"48423",1780.33154296875,"Smith"
"22107",NA,"Tensas"
"22005",1782.48974609375,"Ascension"
"36015",1520.7734375,"Chemung"
"17049",1149.45751953125,"Effingham"
"47163",1178.92272949219,"Sullivan"
"56011",NA,"Crook"
"27103",1492.5634765625,"Nicollet"
"30013",1314.41577148438,"Cascade"
"37179",2151.28637695312,"Union"
"24037",1479.1865234375,"St. Mary's"
"24039",1900.93664550781,"Somerset"
"24041",2260.13598632812,"Talbot"
"12125",1776.84655761719,"Union"
"72143",NA,"Vega Alta"
"16029",894.119201660156,"Caribou"
"17135",1312.431640625,"Montgomery"
"45083",1188.69763183594,"Spartanburg"
"22051",3330.90869140625,"Jefferson"
"36089",1322.85876464844,"St. Lawrence"
"30029",1304.15625,"Flathead"
"21193",1520.17651367188,"Perry"
"26033",1271.36474609375,"Chippewa"
"35057",1366.24621582031,"Torrance"
"21237",NA,"Wolfe"
"31047",1688.38989257812,"Dawson"
"28125",NA,"Sharkey"
"46041",NA,"Dewey"
"36045",1445.42492675781,"Jefferson"
"08031",1839.07702636719,"Denver"
"30001",1524.90063476562,"Beaverhead"
"37055",3669.36450195312,"Dare"
"46055",NA,"Haakon"
"02066",NA,"Copper River"
"38085",NA,"Sioux"
"31169",1735.654296875,"Thayer"
"06007",1236.32299804688,"Butte"
"15001",1682.93090820312,"Hawaii"
"45029",1721.46337890625,"Colleton"
"41023",NA,"Grant"
"39133",1265.72448730469,"Portage"
"54089",NA,"Summers"
"53027",1337.29455566406,"Grays Harbor"
"18119",1485.31909179688,"Owen"
"17025",1519.08679199219,"Clay"
"42071",967.716369628906,"Lancaster"
"51047",1347.25549316406,"Culpeper"
"40013",1906.9052734375,"Bryan"
"48185",2110.47924804688,"Grimes"
"06011",1332.78515625,"Colusa"
"38067",1601.23815917969,"Pembina"
"51005",1046.24279785156,"Alleghany"
"12005",2521.671875,"Bay"
"54035",1216.09680175781,"Jackson"
"72037",NA,"Ceiba"
"28091",2399.31201171875,"Marion"
"37011",1395.13757324219,"Avery"
"13169",1680.56286621094,"Jones"
"41055",NA,"Sherman"
"23023",1239.30725097656,"Sagadahoc"
"35015",2034.21801757812,"Eddy"
"23007",1226.53674316406,"Franklin"
"21183",1488.33251953125,"Ohio"
"37153",1395.73999023438,"Richmond"
"26159",1738.65979003906,"Van Buren"
"17031",1893.05615234375,"Cook"
"72011",NA,"Añasco"
"26049",1450.99401855469,"Genesee"
"40121",2007.07934570312,"Pittsburg"
"06067",1242.28210449219,"Sacramento"
"13185",1448.8076171875,"Lowndes"
"23013",1478.64526367188,"Knox"
"39017",1319.28039550781,"Butler"
"50013",1670.18188476562,"Grand Isle"
"01023",1759.90356445312,"Choctaw"
"53023",1272.73486328125,"Garfield"
"16073",948.585693359375,"Owyhee"
"28011",1841.02685546875,"Bolivar"
"28037",2113.19702148438,"Franklin"
"21119",NA,"Knott"
"15009",1966.83312988281,"Maui"
"38101",1701.17358398438,"Ward"
"27007",1491.49072265625,"Beltrami"
"40101",1847.5849609375,"Muskogee"
"72113",NA,"Ponce"
"30005",1312.47595214844,"Blaine"
"20085",2022.35705566406,"Jackson"
"20069",NA,"Gray"
"13103",1589.62231445312,"Effingham"
"22087",2383.26000976562,"St. Bernard"
"12095",1882.66223144531,"Orange"
"21005",1463.92419433594,"Anderson"
"36043",1180.32739257812,"Herkimer"
"28081",1626.11584472656,"Lee"
"06027",1316.08996582031,"Inyo"
"17067",1308.95556640625,"Hancock"
"02063",NA,"Chugach"
"04009",1122.78649902344,"Graham"
"04012",1093.10559082031,"La Paz"
"48247",NA,"Jim Hogg"
"17097",1892.10852050781,"Lake"
"37199",1263.38671875,"Yancey"
"38021",1376.73608398438,"Dickey"
"27167",1674.71997070312,"Wilkin"
"26089",2475.96508789062,"Leelanau"
"13063",1503.48278808594,"Clayton"
"30011",NA,"Carter"
"36103",2944.10034179688,"Suffolk"
"49003",976.665710449219,"Box Elder"
"48293",1595.49926757812,"Limestone"
"48229",1577.66955566406,"Hudspeth"
"27163",2093.08276367188,"Washington"
"42095",1273.66162109375,"Northampton"
"34007",1803.56591796875,"Camden"
"55047",944.307373046875,"Green Lake"
"29069",1504.68420410156,"Dunklin"
"39105",1358.30603027344,"Meigs"
"04015",983.12451171875,"Mohave"
"40067",NA,"Jefferson"
"29153",NA,"Ozark"
"05117",1453.18640136719,"Prairie"
"02020",1663.02673339844,"Anchorage"
"02070",NA,"Dillingham"
"10005",1465.7587890625,"Sussex"
"37035",1023.14135742188,"Catawba"
"48137",NA,"Edwards"
"23031",1261.61779785156,"York"
"48015",1699.99755859375,"Austin"
"46027",1407.58117675781,"Clay"
"54099",1216.61657714844,"Wayne"
"39167",1275.11340332031,"Washington"
"51171",1210.10546875,"Shenandoah"
"30077",1241.61694335938,"Powell"
"48249",2327.166015625,"Jim Wells"
"51149",1247.12548828125,"Prince George"
"05041",1464.11120605469,"Desha"
"54081",1214.95092773438,"Raleigh"
"04027",1058.8134765625,"Yuma"
"20183",NA,"Smith"
"22015",1626.55456542969,"Bossier"
"21135",1115.41186523438,"Lewis"
"21139",1449.83435058594,"Livingston"
"21145",1628.54931640625,"McCracken"
"21159",NA,"Martin"
"02282",NA,"Yakutat"
"02240",NA,"Southeast Fairbanks"
"06109",1361.1318359375,"Tuolumne"
"33003",1462.50366210938,"Carroll"
"36065",1524.24340820312,"Oneida"
"21105",1569.09826660156,"Hickman"
"16037",1312.13342285156,"Custer"
"05069",1666.70043945312,"Jefferson"
"05083",1495.88122558594,"Logan"
"51620",1353.55126953125,"Franklin"
"42009",947.183715820312,"Bedford"
"39087",1249.49792480469,"Lawrence"
"33015",1666.021484375,"Rockingham"
"51191",1175.52038574219,"Washington"
"48105",NA,"Crockett"
"37155",1949.42749023438,"Robeson"
"72087",NA,"Loíza"
