"GEOID","value","NAME"
"13027",1540.76611328125,"Brooks"
"31095",1583.20703125,"Jefferson"
"51683",1542.08569335938,"Manassas"
"56021",1759.03649902344,"Laramie"
"13135",1682.1845703125,"Gwinnett"
"20001",NA,"Allen"
"27065",2218.83422851562,"Kanabec"
"28107",1738.76379394531,"Panola"
"31185",1681.501953125,"York"
"42063",1195.24597167969,"Indiana"
"48327",NA,"Menard"
"29173",1560.14172363281,"Ralls"
"48151",NA,"Fisher"
"72081",NA,"Lares"
"51183",1339.50207519531,"Sussex"
"47183",1389.37463378906,"Weakley"
"26105",1387.61462402344,"Mason"
"48159",1823.93725585938,"Franklin"
"08075",2110.01342773438,"Logan"
"22119",1225.73315429688,"Webster"
"31045",1808.76440429688,"Dawes"
"51139",1205.32165527344,"Page"
"13161",1617.70568847656,"Jeff Davis"
"18117",1438.38647460938,"Orange"
"27015",1477.99645996094,"Brown"
"31079",1654.07067871094,"Hall"
"21223",1493.56567382812,"Trimble"
"55113",1414.25170898438,"Sawyer"
"41027",959.455261230469,"Hood River"
"21169",1474.92053222656,"Metcalfe"
"26007",1165.80895996094,"Alpena"
"19095",1429.1689453125,"Iowa"
"13061",NA,"Clay"
"18177",1218.169921875,"Wayne"
"29227",NA,"Worth"
"31157",2102.8505859375,"Scotts Bluff"
"39107",1079.99353027344,"Mercer"
"01015",1482.37097167969,"Calhoun"
"37095",NA,"Hyde"
"19019",1362.95422363281,"Buchanan"
"27121",1570.12866210938,"Pope"
"21181",1517.09631347656,"Nicholas"
"42053",975.378234863281,"Forest"
"46077",NA,"Kingsbury"
"48375",1655.67504882812,"Potter"
"48413",NA,"Schleicher"
"51580",949.295349121094,"Covington"
"54063",NA,"Monroe"
"48499",1782.50769042969,"Wood"
"18041",1174.30090332031,"Fayette"
"28023",2149.349609375,"Clarke"
"04023",1048.36889648438,"Santa Cruz"
"17007",1350.14440917969,"Boone"
"28039",2344.59765625,"George"
"37113",1289.72985839844,"Macon"
"40025",NA,"Cimarron"
"01043",1638.18530273438,"Cullman"
"39065",1244.12561035156,"Hardin"
"20105",NA,"Lincoln"
"22059",945.17578125,"LaSalle"
"36123",1166.33056640625,"Yates"
"21035",2131.86889648438,"Calloway"
"48045",NA,"Briscoe"
"48265",1608.54919433594,"Kerr"
"72067",NA,"Hormigueros"
"20009",1974.94372558594,"Barton"
"16075",944.22998046875,"Payette"
"48269",NA,"King"
"39161",1116.69995117188,"Van Wert"
"46125",1609.51025390625,"Turner"
"19129",1753.78625488281,"Mills"
"26001",1224.50646972656,"Alcona"
"48165",2875.49755859375,"Gaines"
"13201",2382.26196289062,"Miller"
"18013",1710.60217285156,"Brown"
"19023",1444.76977539062,"Butler"
"40043",NA,"Dewey"
"31151",1668.32116699219,"Saline"
"37069",1433.60815429688,"Franklin"
"21219",1714.99853515625,"Todd"
"48393",NA,"Roberts"
"54031",1071.17456054688,"Hardy"
"48399",1501.91186523438,"Runnels"
"48301",NA,"Loving"
"31089",1518.96716308594,"Holt"
"17175",1137.86157226562,"Stark"
"48193",2198.54248046875,"Hamilton"
"16009",1236.25219726562,"Benewah"
"19109",1207.36999511719,"Kossuth"
"28141",1580.87438964844,"Tishomingo"
"31131",1767.13720703125,"Otoe"
"46051",NA,"Grant"
"16067",959.210632324219,"Minidoka"
"19157",1385.95349121094,"Poweshiek"
"22001",1988.63488769531,"Acadia"
"37079",1486.52124023438,"Greene"
"42011",1106.09704589844,"Berks"
"51600",2580.80517578125,"Fairfax"
"48335",1776.54467773438,"Mitchell"
"72073",NA,"Jayuya"
"51790",928.819213867188,"Staunton"
"20171",NA,"Scott"
"31001",1588.41821289062,"Adams"
"45053",1924.80798339844,"Jasper"
"38047",NA,"Logan"
"29081",1659.45874023438,"Harrison"
"20157",NA,"Republic"
"28087",1672.07263183594,"Lowndes"
"51590",957.569641113281,"Danville"
"51650",1727.93249511719,"Hampton"
"05029",1580.67736816406,"Conway"
"17139",1275.998046875,"Moultrie"
"19105",1452.33264160156,"Jones"
"27097",1644.03857421875,"Morrison"
"29151",1444.32678222656,"Osage"
"40061",2344.53271484375,"Haskell"
"46057",NA,"Hamlin"
"54007",NA,"Braxton"
"05111",1531.18786621094,"Poinsett"
"21137",1348.10998535156,"Lincoln"
"17027",1501.87915039062,"Clinton"
"37147",1627.84680175781,"Pitt"
"29207",1466.88891601562,"Stoddard"
"17045",1316.63244628906,"Edgar"
"21191",1419.21057128906,"Pendleton"
"36073",1099.75915527344,"Orleans"
"38011",1888.74743652344,"Bowman"
"01117",1599.26794433594,"Shelby"
"13217",1577.671875,"Newton"
"39157",1122.53393554688,"Tuscarawas"
"19135",1460.77172851562,"Monroe"
"18113",1244.85925292969,"Noble"
"29141",1505.03430175781,"Morgan"
"36067",1335.55261230469,"Onondaga"
"48493",1817.43371582031,"Wilson"
"46087",1552.69909667969,"McCook"
"48233",1647.58666992188,"Hutchinson"
"72019",NA,"Barranquitas"
"51840",1125.86401367188,"Winchester"
"40105",1610.388671875,"Nowata"
"31129",NA,"Nuckolls"
"48325",1942.31518554688,"Medina"
"17005",1774.17761230469,"Bond"
"45069",1508.43200683594,"Marlboro"
"39069",937.640747070312,"Henry"
"21007",1885.56579589844,"Ballard"
"46111",NA,"Sanborn"
"48009",1983.96838378906,"Archer"
"21063",NA,"Elliott"
"38065",NA,"Oliver"
"37063",1247.66589355469,"Durham"
"19165",1421.1142578125,"Shelby"
"19175",1462.25610351562,"Union"
"47065",1856.33032226562,"Hamilton"
"55087",1039.40808105469,"Outagamie"
"17165",1551.55187988281,"Saline"
"47109",1518.96484375,"McNairy"
"31103",NA,"Keya Paha"
"31113",NA,"Logan"
"40053",1794.60461425781,"Grant"
"46007",NA,"Bennett"
"48195",NA,"Hansford"
"19103",1460.552734375,"Johnson"
"17081",1525.88671875,"Jefferson"
"47015",1586.41723632812,"Cannon"
"18085",1349.70971679688,"Kosciusko"
"20059",1772.44641113281,"Franklin"
"27153",1595.18371582031,"Todd"
"38077",1706.24072265625,"Richland"
"23015",1192.94738769531,"Lincoln"
"20057",1836.373046875,"Ford"
"17145",1425.55358886719,"Perry"
"17093",1583.33666992188,"Kendall"
"29099",1614.19262695312,"Jefferson"
"29105",1463.61010742188,"Laclede"
"26039",1403.65893554688,"Crawford"
"29127",1430.47448730469,"Marion"
"42093",964.999145507812,"Montour"
"26143",1084.74987792969,"Roscommon"
"12009",2011.35119628906,"Brevard"
"31119",1672.61108398438,"Madison"
"31135",2169.40893554688,"Perkins"
"35021",NA,"Harding"
"51173",1018.13592529297,"Smyth"
"27085",1718.34191894531,"McLeod"
"48155",NA,"Foard"
"31167",1689.95629882812,"Stanton"
"31179",1608.76928710938,"Wayne"
"38045",1590.71154785156,"LaMoure"
"39089",1336.05261230469,"Licking"
"05053",1613.15112304688,"Grant"
"47111",1303.54064941406,"Macon"
"20107",NA,"Linn"
"20061",1690.53210449219,"Geary"
"19041",1229.57995605469,"Clay"
"20169",1563.77551269531,"Saline"
"20037",1751.36706542969,"Crawford"
"48095",NA,"Concho"
"48107",NA,"Crosby"
"26043",1435.85546875,"Dickinson"
"37163",1506.68615722656,"Sampson"
"48117",1773.09521484375,"Deaf Smith"
"26067",1792.77197265625,"Ionia"
"21141",1535.56262207031,"Logan"
"48127",1722.25598144531,"Dimmit"
"27055",1492.34790039062,"Houston"
"51025",1201.404296875,"Brunswick"
"27039",1484.46875,"Dodge"
"27047",1419.72351074219,"Freeborn"
"26149",1268.04284667969,"St. Joseph"
"17051",1251.39855957031,"Fayette"
"17055",1467.66101074219,"Franklin"
"48131",NA,"Duval"
"21025",NA,"Breathitt"
"27041",1590.53723144531,"Douglas"
"46067",NA,"Hutchinson"
"48023",1847.4912109375,"Baylor"
"46047",1784.96740722656,"Fall River"
"46097",NA,"Miner"
"25003",1223.07238769531,"Berkshire"
"27073",1535.89465332031,"Lac qui Parle"
"44003",1678.54736328125,"Kent"
"51011",1040.732421875,"Appomattox"
"31003",1704.40063476562,"Antelope"
"56005",1928.13586425781,"Campbell"
"45061",1648.14733886719,"Lee"
"48047",NA,"Brooks"
"51013",1692.404296875,"Arlington"
"51065",1185.26574707031,"Fluvanna"
"53021",983.191162109375,"Franklin"
"53059",1234.0283203125,"Skamania"
"51109",1393.14575195312,"Louisa"
"51115",2039.29602050781,"Mathews"
"48191",NA,"Hall"
"31023",1498.19897460938,"Butler"
"05065",1406.0791015625,"Izard"
"38043",NA,"Kidder"
"37077",1296.32775878906,"Granville"
"37109",1310.39624023438,"Lincoln"
"51660",1108.4404296875,"Harrisonburg"
"51690",1095.53723144531,"Martinsville"
"19001",1590.1181640625,"Adair"
"39073",1320.19079589844,"Hocking"
"13243",1652.19873046875,"Randolph"
"48507",NA,"Zavala"
"48011",NA,"Armstrong"
"13265",NA,"Taliaferro"
"19035",1243.97473144531,"Cherokee"
"05025",1449.60693359375,"Cleveland"
"08091",1508.18981933594,"Ouray"
"05147",1568.09777832031,"Woodruff"
"48429",2324.97534179688,"Stephens"
"27109",1597.55114746094,"Olmsted"
"13301",1861.34204101562,"Warren"
"48359",NA,"Oldham"
"29089",1581.24157714844,"Howard"
"13125",NA,"Glascock"
"13085",1677.16223144531,"Dawson"
"05123",1568.5166015625,"St. Francis"
"55125",1301.61535644531,"Vilas"
"39093",1232.19519042969,"Lorain"
"28135",1929.87036132812,"Tallahatchie"
"29021",1337.58715820312,"Buchanan"
"48187",1430.07763671875,"Guadalupe"
"48235",NA,"Irion"
"12027",2100.548828125,"DeSoto"
"18039",1299.31005859375,"Elkhart"
"48237",1649.78942871094,"Jack"
"40037",2241.32568359375,"Creek"
"29169",1518.68005371094,"Pulaski"
"19039",1431.56726074219,"Clarke"
"08079",NA,"Mineral"
"01061",1739.7919921875,"Geneva"
"01017",1512.60363769531,"Chambers"
"12081",2117.75610351562,"Manatee"
"08121",NA,"Washington"
"19079",1310.17895507812,"Hamilton"
"20139",1937.65759277344,"Osage"
"48311",NA,"McMullen"
"19093",1661.75634765625,"Ida"
"08099",1799.77404785156,"Prowers"
"39135",1203.74536132812,"Preble"
"39137",1350.05358886719,"Putnam"
"17179",1112.9365234375,"Tazewell"
"19161",1339.69958496094,"Sac"
"48403",2176.67309570312,"Sabine"
"19181",1566.63586425781,"Warren"
"19107",1300.04736328125,"Keokuk"
"39155",1110.4140625,"Trumbull"
"48463",1434.72326660156,"Uvalde"
"48469",1874.04370117188,"Victoria"
"08025",NA,"Crowley"
"08027",1901.56140136719,"Custer"
"08005",2123.86108398438,"Arapahoe"
"08043",1361.81384277344,"Fremont"
"48261",NA,"Kenedy"
"48433",NA,"Stonewall"
"48227",1630.10485839844,"Howard"
"40001",1290.4052734375,"Adair"
"36039",1518.32531738281,"Greene"
"05047",1632.88439941406,"Franklin"
"36041",1222.64135742188,"Hamilton"
"36113",1854.36645507812,"Warren"
"36057",1551.76440429688,"Montgomery"
"36093",1508.95947265625,"Schenectady"
"51137",1266.63171386719,"Orange"
"40091",2152.44262695312,"McIntosh"
"37075",1384.41027832031,"Graham"
"01131",1890.09216308594,"Wilcox"
"01107",1611.17639160156,"Pickens"
"54061",1287.78771972656,"Monongalia"
"29063",1517.07421875,"DeKalb"
"54085",NA,"Ritchie"
"31061",NA,"Franklin"
"12007",1626.40222167969,"Bradford"
"48021",1617.88037109375,"Bastrop"
"53051",1380.95983886719,"Pend Oreille"
"13019",1549.01391601562,"Berrien"
"28067",1919.90832519531,"Jones"
"51023",1075.11572265625,"Botetourt"
"51067",1132.70092773438,"Franklin"
"32029",1036.84338378906,"Storey"
"72139",NA,"Trujillo Alto"
"72133",NA,"Santa Isabel"
"29139",1799.36169433594,"Montgomery"
"13229",1494.5048828125,"Pierce"
"37127",1663.27673339844,"Nash"
"47051",1476.25744628906,"Franklin"
"18035",1296.07836914062,"Delaware"
"20159",NA,"Rice"
"38049",1607.32592773438,"McHenry"
"20103",1877.17114257812,"Leavenworth"
"13079",1532.60583496094,"Crawford"
"72123",NA,"Salinas"
"20141",NA,"Osborne"
"20163",NA,"Rooks"
"26087",1565.29638671875,"Lapeer"
"72009",NA,"Aibonito"
"38041",NA,"Hettinger"
"18179",1210.19360351562,"Wells"
"19087",1413.24328613281,"Henry"
"22091",1932.43615722656,"St. Helena"
"18097",1509.33532714844,"Marion"
"18159",1587.12829589844,"Tipton"
"17141",1436.35363769531,"Ogle"
"20161",1884.05834960938,"Riley"
"20089",NA,"Jewell"
"20143",1836.83081054688,"Ottawa"
"20179",NA,"Sheridan"
"13193",1706.16174316406,"Macon"
"29015",1520.68334960938,"Benton"
"13249",1715.51293945312,"Schley"
"22049",999.164611816406,"Jackson"
"51720",1260.08020019531,"Norton"
"29067",NA,"Douglas"
"51710",1781.14782714844,"Norfolk"
"08001",1882.16064453125,"Adams"
"51740",1606.2109375,"Portsmouth"
"12023",1467.3408203125,"Columbia"
"54019",1124.77673339844,"Fayette"
"72031",NA,"Carolina"
"72065",NA,"Hatillo"
"28099",1864.01989746094,"Neshoba"
"12053",1604.09375,"Hernando"
"53069",1677.49951171875,"Wahkiakum"
"40119",2249.60498046875,"Payne"
"27139",2134.6875,"Scott"
"20145",NA,"Pawnee"
"19155",1479.47058105469,"Pottawattamie"
"27089",1482.62133789062,"Marshall"
"47131",1514.43408203125,"Obion"
"13227",1553.0439453125,"Pickens"
"18095",1294.22924804688,"Madison"
"19141",1369.86120605469,"O'Brien"
"31143",1827.29907226562,"Polk"
"48035",1793.30395507812,"Bosque"
"51167",1089.03686523438,"Russell"
"72055",NA,"Guánica"
"35028",1488.61865234375,"Los Alamos"
"20047",NA,"Edwards"
"06075",2112.60595703125,"San Francisco"
"20075",NA,"Hamilton"
"28003",2090.46728515625,"Alcorn"
"47115",1445.78479003906,"Marion"
"05095",1708.3876953125,"Monroe"
"17039",1324.59619140625,"De Witt"
"21085",1536.58752441406,"Grayson"
"29205",NA,"Shelby"
"48347",1284.12426757812,"Nacogdoches"
"29181",NA,"Ripley"
"18147",1492.96020507812,"Spencer"
"20173",1956.87890625,"Sedgwick"
"28005",2120.05712890625,"Amite"
"28033",1653.85571289062,"DeSoto"
"28085",1992.34375,"Lincoln"
"72083",NA,"Las Marías"
"72141",NA,"Utuado"
"01007",1637.85314941406,"Bibb"
"34019",1962.64599609375,"Hunterdon"
"54095",992.962707519531,"Tyler"
"18031",1269.53405761719,"Decatur"
"27013",1508.58166503906,"Blue Earth"
"38061",1628.8876953125,"Mountrail"
"49007",872.982299804688,"Carbon"
"31009",NA,"Blaine"
"18087",1377.8056640625,"LaGrange"
"19015",1436.77624511719,"Boone"
"19099",1407.9462890625,"Jasper"
"11001",1969.63696289062,"District of Columbia"
"17195",1180.85437011719,"Whiteside"
"45003",1500.13256835938,"Aiken"
"51043",1754.80249023438,"Clarke"
"18157",1193.37194824219,"Tippecanoe"
"19081",1326.87414550781,"Hancock"
"31101",2256.87939453125,"Keith"
"48171",2421.970703125,"Gillespie"
"55015",1009.30786132812,"Calumet"
"29051",1401.89831542969,"Cole"
"28155",1856.40258789062,"Webster"
"36037",1154.35241699219,"Genesee"
"49039",916.463684082031,"Sanpete"
"05127",1356.47155761719,"Scott"
"51135",1168.43078613281,"Nottoway"
"13123",1522.29675292969,"Gilmer"
"19069",1345.70825195312,"Franklin"
"19123",1214.978515625,"Mahaska"
"47079",1554.34765625,"Henry"
"17115",1188.24951171875,"Macon"
"17151",NA,"Pope"
"17155",1669.87841796875,"Putnam"
"46043",NA,"Douglas"
"40145",2053.99609375,"Wagoner"
"48069",1738.2109375,"Castro"
"29073",1593.12182617188,"Gasconade"
"42065",828.892944335938,"Jefferson"
"27105",1586.49841308594,"Nobles"
"38031",NA,"Foster"
"51169",1072.00793457031,"Scott"
"38039",NA,"Griggs"
"38073",1972.82727050781,"Ransom"
"17197",1657.8388671875,"Will"
"21107",1771.67041015625,"Hopkins"
"17041",1303.48254394531,"Douglas"
"21157",1750.30261230469,"Marshall"
"28017",1851.6611328125,"Chickasaw"
"18151",1344.39013671875,"Steuben"
"36033",1148.0859375,"Franklin"
"13129",1726.96008300781,"Gordon"
"39047",1171.494140625,"Fayette"
"18053",1153.52087402344,"Grant"
"29059",1488.25122070312,"Dallas"
"29057",1499.30383300781,"Dade"
"48441",1557.69104003906,"Taylor"
"48303",1683.20190429688,"Lubbock"
"72003",NA,"Aguada"
"29155",NA,"Pemiscot"
"48449",1817.248046875,"Titus"
"39077",1194.77380371094,"Huron"
"13215",1450.384765625,"Muscogee"
"26023",NA,"Branch"
"42001",1038.08666992188,"Adams"
"08003",1248.04113769531,"Alamosa"
"19183",1357.0400390625,"Washington"
"39097",1471.30517578125,"Madison"
"28123",1702.04089355469,"Scott"
"45079",1420.85485839844,"Richland"
"55017",1119.70764160156,"Chippewa"
"72119",NA,"Río Grande"
"31059",1530.64440917969,"Fillmore"
"48103",1744.2861328125,"Crane"
"20119",NA,"Meade"
"19139",1308.8740234375,"Muscatine"
"39123",1426.65307617188,"Ottawa"
"08019",2049.78759765625,"Clear Creek"
"08035",2429.7880859375,"Douglas"
"20081",NA,"Haskell"
"27083",1635.37890625,"Lyon"
"31017",NA,"Brown"
"12113",1938.41857910156,"Santa Rosa"
"13025",1483.07177734375,"Brantley"
"17199",1617.90893554688,"Williamson"
"48243",NA,"Jeff Davis"
"39139",1143.09387207031,"Richland"
"20033",NA,"Comanche"
"26009",1489.2705078125,"Antrim"
"31105",2074.00659179688,"Kimball"
"45001",1289.19104003906,"Abbeville"
"08011",1618.79907226562,"Bent"
"18011",1703.30517578125,"Boone"
"21099",1585.47412109375,"Hart"
"54087",1363.189453125,"Roane"
"26127",1367.44348144531,"Oceana"
"27019",2126.74731445312,"Carver"
"46079",1639.86926269531,"Lake"
"48255",1927.63854980469,"Karnes"
"47125",1756.46765136719,"Montgomery"
"55099",1103.67822265625,"Price"
"55133",1225.91625976562,"Waukesha"
"54029",1100.13439941406,"Hancock"
"48435",NA,"Sutton"
"55045",1221.33618164062,"Green"
"72109",NA,"Patillas"
"19127",1212.31970214844,"Marshall"
"40149",2303.01806640625,"Washita"
"41041",1238.53625488281,"Lincoln"
"26135",1289.48669433594,"Oscoda"
"17079",NA,"Jasper"
"26155",1438.02526855469,"Shiawassee"
"51770",900.161987304688,"Roanoke"
"39029",1196.5478515625,"Columbiana"
"20123",1584.75891113281,"Mitchell"
"55031",1262.54418945312,"Douglas"
"29093",1489.86511230469,"Iron"
"40015",2085.16772460938,"Caddo"
"28045",3028.37353515625,"Hancock"
"12131",2327.90478515625,"Walton"
"27111",1604.15856933594,"Otter Tail"
"18099",1463.10314941406,"Marshall"
"22007",2241.87280273438,"Assumption"
"18143",1560.67761230469,"Scott"
"13097",1572.42126464844,"Douglas"
"20151",NA,"Pratt"
"35007",1676.50476074219,"Colfax"
"48281",1402.46899414062,"Lampasas"
"29161",1587.85131835938,"Phelps"
"38091",NA,"Steele"
"29217",1399.58825683594,"Vernon"
"40035",1734.8134765625,"Craig"
"13273",1680.28112792969,"Terrell"
"19017",1531.66430664062,"Bremer"
"19075",1199.46520996094,"Grundy"
"29159",1485.080078125,"Pettis"
"13149",1391.45031738281,"Heard"
"38099",2094.0341796875,"Walsh"
"28019",1895.37536621094,"Choctaw"
"20003",NA,"Anderson"
"37169",1098.99926757812,"Stokes"
"06091",1446.00891113281,"Sierra"
"20041",1883.34289550781,"Dickinson"
"08095",2447.916015625,"Phillips"
"16081",1188.84521484375,"Teton"
"13059",1362.39172363281,"Clarke"
"48447",NA,"Throckmorton"
"12049",1995.80480957031,"Hardee"
"13183",1560.08959960938,"Long"
"48431",NA,"Sterling"
"48417",NA,"Shackelford"
"48207",NA,"Haskell"
"48051",1702.66101074219,"Burleson"
"36017",1284.84155273438,"Chenango"
"54009",1160.3115234375,"Brooke"
"05003",1561.49597167969,"Ashley"
"29197",NA,"Schuyler"
"19163",1360.05322265625,"Scott"
"19189",1345.33630371094,"Winnebago"
"31085",NA,"Hayes"
"05021",1400.29150390625,"Clay"
"48025",1708.06701660156,"Bee"
"42123",754.360168457031,"Warren"
"21021",2087.26171875,"Boyle"
"19185",1516.97326660156,"Wayne"
"47055",1518.44970703125,"Giles"
"48161",1778.7060546875,"Freestone"
"17163",1576.63317871094,"St. Clair"
"18065",1415.41296386719,"Henry"
"21079",1317.65795898438,"Garrard"
"26129",1156.69763183594,"Ogemaw"
"55069",1161.74011230469,"Lincoln"
"48391",2815.79174804688,"Refugio"
"17117",1463.08874511719,"Macoupin"
"31181",1590.55981445312,"Webster"
"20135",NA,"Ness"
"42083",921.769836425781,"McKean"
"31139",1684.6240234375,"Pierce"
"47133",1380.89672851562,"Overton"
"19027",1396.12622070312,"Carroll"
"26107",NA,"Mecosta"
"17053",1276.46166992188,"Ford"
"17063",1609.05041503906,"Grundy"
"48053",1826.18017578125,"Burnet"
"17083",1340.89306640625,"Jersey"
"18131",1388.00720214844,"Pulaski"
"31117",NA,"McPherson"
"37083",1252.06811523438,"Halifax"
"21033",1430.01306152344,"Caldwell"
"19119",1422.25073242188,"Lyon"
"31055",1855.97668457031,"Douglas"
"27131",1734.99987792969,"Rice"
"05113",1530.09045410156,"Polk"
"38035",1401.55139160156,"Grand Forks"
"51700",1287.73071289062,"Newport News"
"08125",2048.01391601562,"Yuma"
"39023",1078.05627441406,"Clark"
"37105",1340.24047851562,"Lee"
"38001",NA,"Adams"
"29221",1609.26965332031,"Washington"
"33001",1444.31628417969,"Belknap"
"09140",NA,"Naugatuck Valley"
"24043",1383.52404785156,"Washington"
"20203",NA,"Wichita"
"48129",NA,"Donley"
"42023",NA,"Cameron"
"51089",953.968078613281,"Henry"
"05099",1858.74853515625,"Nevada"
"40055",2053.41162109375,"Greer"
"55057",1177.5517578125,"Juneau"
"46017",NA,"Buffalo"
"06047",1186.47595214844,"Merced"
"16057",1067.24340820312,"Latah"
"39169",1129.91137695312,"Wayne"
"48471",1675.76928710938,"Walker"
"54013",NA,"Calhoun"
"32001",1050.44030761719,"Churchill"
"19197",1435.80773925781,"Wright"
"31039",1583.58850097656,"Cuming"
"47123",1438.11083984375,"Monroe"
"13253",1817.11755371094,"Seminole"
"13235",1520.15063476562,"Pulaski"
"13173",1333.10949707031,"Lanier"
"13255",1332.41638183594,"Spalding"
"17095",1103.58666992188,"Knox"
"29201",1797.36083984375,"Scott"
"48239",1989.86462402344,"Jackson"
"12041",1476.82360839844,"Gilchrist"
"37161",1169.54870605469,"Rutherford"
"13043",1500.18933105469,"Candler"
"19121",1597.75537109375,"Madison"
"48383",NA,"Reagan"
"40049",2179.83056640625,"Garvin"
"54051",1089.75134277344,"Marshall"
"55009",1006.63537597656,"Brown"
"21197",NA,"Powell"
"18033",1247.4892578125,"DeKalb"
"27005",1642.28771972656,"Becker"
"36117",1137.66540527344,"Wayne"
"26069",1071.48181152344,"Iosco"
"28073",2270.36059570312,"Lamar"
"48179",1756.87133789062,"Gray"
"18081",1434.79248046875,"Johnson"
"18111",1487.56616210938,"Newton"
"27147",1607.44995117188,"Steele"
"28131",2082.77709960938,"Stone"
"46025",NA,"Clark"
"51595",1053.83703613281,"Emporia"
"21047",1652.14147949219,"Christian"
"31091",NA,"Hooker"
"17201",1141.92041015625,"Winnebago"
"21133",1394.07055664062,"Letcher"
"47057",1367.05493164062,"Grainger"
"27099",1420.91491699219,"Mower"
"13245",1330.85595703125,"Richmond"
"12069",1420.48315429688,"Lake"
"48279",1507.58764648438,"Lamb"
"39099",1104.2705078125,"Mahoning"
"39011",1173.34655761719,"Auglaize"
"48253",1858.00439453125,"Jones"
"40125",2261.51049804688,"Pottawatomie"
"56041",1167.82873535156,"Uinta"
"13105",1386.68896484375,"Elbert"
"72097",NA,"Mayagüez"
"20065",NA,"Graham"
"72025",NA,"Caguas"
"72049",NA,"Culebra"
"29229",NA,"Wright"
"31093",1837.81530761719,"Howard"
"47099",1415.29418945312,"Lawrence"
"51775",1009.80773925781,"Salem"
"51101",1346.53015136719,"King William"
"01013",1706.99365234375,"Butler"
"72051",NA,"Dorado"
"16063",1112.39685058594,"Lincoln"
"17189",1750.36877441406,"Washington"
"27107",1623.18212890625,"Norman"
"72147",NA,"Vieques"
"27141",1850.68127441406,"Sherburne"
"18167",1323.8935546875,"Vigo"
"08105",1209.75256347656,"Rio Grande"
"48213",1540.86499023438,"Henderson"
"31083",1790.16906738281,"Harlan"
"40021",2015.65673828125,"Cherokee"
"17011",1331.25122070312,"Bureau"
"37159",1181.61853027344,"Rowan"
"72057",NA,"Guayama"
"18029",1444.83251953125,"Dearborn"
"55103",1127.32263183594,"Richland"
"53061",1274.69079589844,"Snohomish"
"54017",NA,"Doddridge"
"48003",1989.78198242188,"Andrews"
"13081",1793.04565429688,"Crisp"
"13167",1421.85888671875,"Johnson"
"17125",1315.3291015625,"Mason"
"26161",1689.21789550781,"Washtenaw"
"27115",1708.56665039062,"Pine"
"20083",NA,"Hodgeman"
"29075",1517.90161132812,"Gentry"
"05031",1726.779296875,"Craighead"
"16083",987.800109863281,"Twin Falls"
"19143",1108.45666503906,"Osceola"
"16071",1011.890625,"Oneida"
"21055",1624.36694335938,"Crittenden"
"28009",1934.35583496094,"Benton"
"28153",1789.87487792969,"Wayne"
"31015",NA,"Boyd"
"06015",1120.80334472656,"Del Norte"
"18091",1453.43920898438,"LaPorte"
"20181",1829.40942382812,"Sherman"
"22011",1227.49206542969,"Beauregard"
"34023",1644.63293457031,"Middlesex"
"46031",NA,"Corson"
"46127",1826.41467285156,"Union"
"45055",1421.81884765625,"Kershaw"
"36109",2552.18041992188,"Tompkins"
"29045",NA,"Clark"
"13089",2799.83227539062,"DeKalb"
"54079",1260.22924804688,"Putnam"
"01059",1593.26110839844,"Franklin"
"48467",1661.28381347656,"Van Zandt"
"37093",1353.28210449219,"Hoke"
"26015",2685.90747070312,"Barry"
"31007",NA,"Banner"
"55089",1355.46032714844,"Ozaukee"
"37033",1182.16381835938,"Caswell"
"29113",1652.36352539062,"Lincoln"
"45021",1180.84252929688,"Cherokee"
"12003",1493.3447265625,"Baker"
"18069",1193.08813476562,"Huntington"
"28057",1842.6494140625,"Itawamba"
"25015",1487.20166015625,"Hampshire"
"05149",1452.46179199219,"Yell"
"19149",1293.49157714844,"Plymouth"
"08061",NA,"Kiowa"
"01119",2226.69946289062,"Sumter"
"18175",1439.79565429688,"Washington"
"01001",1434.47473144531,"Autauga"
"02180",NA,"Nome"
"13091",1641.310546875,"Dodge"
"19091",1529.00256347656,"Humboldt"
"19013",1208.10412597656,"Black Hawk"
"20207",NA,"Woodson"
"27021",1648.169921875,"Cass"
"21207",1334.67907714844,"Russell"
"28029",1952.55358886719,"Copiah"
"29225",1655.15490722656,"Webster"
"30093",1199.47570800781,"Silver Bow"
"39131",1371.24694824219,"Pike"
"47177",1331.94482421875,"Warren"
"48059",1944.16760253906,"Callahan"
"55001",1151.56420898438,"Adams"
"54055",1120.99072265625,"Mercer"
"47147",1443.21301269531,"Robertson"
"39081",1169.54602050781,"Jefferson"
"01025",2033.99853515625,"Clarke"
"12019",1450.02905273438,"Clay"
"18055",1576.40661621094,"Greene"
"20055",2075.9658203125,"Finney"
"29085",NA,"Hickory"
"28065",1986.28637695312,"Jefferson Davis"
"22127",NA,"Winn"
"35047",1586.04736328125,"San Miguel"
"01087",1618.64135742188,"Macon"
"13029",2165.65551757812,"Bryan"
"17089",1579.50061035156,"Kane"
"18149",1403.81579589844,"Starke"
"20087",2035.59362792969,"Jefferson"
"22039",1530.78649902344,"Evangeline"
"40093",2306.65673828125,"Major"
"31171",NA,"Thomas"
"41003",1093.15356445312,"Benton"
"47007",1598.03588867188,"Bledsoe"
"21013",1367.44250488281,"Bell"
"47143",1313.40417480469,"Rhea"
"10001",1399.09204101562,"Kent"
"72131",NA,"San Sebastián"
"54049",1066.86450195312,"Marion"
"51810",1975.1767578125,"Virginia Beach"
"13039",1973.86657714844,"Camden"
"24035",1677.14331054688,"Queen Anne's"
"19031",1247.54760742188,"Cedar"
"19113",1252.32604980469,"Linn"
"39003",1179.38427734375,"Allen"
"06059",1703.48742675781,"Orange"
"12057",2213.19799804688,"Hillsborough"
"16019",962.313110351562,"Bonneville"
"48385",NA,"Real"
"46137",NA,"Ziebach"
"47159",1479.96606445312,"Smith"
"04017",1188.15356445312,"Navajo"
"55019",1105.89892578125,"Clark"
"13147",1478.80700683594,"Hart"
"31111",1800.38549804688,"Lincoln"
"21037",2400.73657226562,"Campbell"
"26027",1923.36218261719,"Cass"
"36111",1695.55810546875,"Ulster"
"18125",1422.08520507812,"Pike"
"18173",1638.45727539062,"Warrick"
"46073",NA,"Jerauld"
"12015",2325.49951171875,"Charlotte"
"13111",1530.19091796875,"Fannin"
"19159",1706.68737792969,"Ringgold"
"22125",1864.82763671875,"West Feliciana"
"28147",1695.572265625,"Walthall"
"30061",1512.91918945312,"Mineral"
"34021",1781.85681152344,"Mercer"
"45011",1526.45324707031,"Barnwell"
"47095",1353.26135253906,"Lake"
"49009",NA,"Daggett"
"39043",1242.89758300781,"Erie"
"02013",NA,"Aleutians East"
"12013",1638.8447265625,"Calhoun"
"16011",1138.61340332031,"Bingham"
"18071",1360.97912597656,"Jackson"
"20015",2121.43994140625,"Butler"
"40137",2176.83813476562,"Stephens"
"27145",1481.06921386719,"Stearns"
"29117",1311.43200683594,"Livingston"
"40031",2068.30395507812,"Comanche"
"38093",1414.64514160156,"Stutsman"
"45067",1487.35876464844,"Marion"
"48115",1963.82666015625,"Dawson"
"08009",NA,"Baca"
"55085",1168.51818847656,"Oneida"
"40071",2020.1015625,"Kay"
"51037",1036.53356933594,"Charlotte"
"42109",2198.76342773438,"Snyder"
"16055",1064.86791992188,"Kootenai"
"17023",1531.30529785156,"Clark"
"27151",1404.404296875,"Swift"
"38071",1391.84704589844,"Ramsey"
"28061",1408.2314453125,"Jasper"
"17085",1282.43994140625,"Jo Daviess"
"18077",1360.4970703125,"Jefferson"
"29163",1568.3271484375,"Pike"
"36055",1372.66040039062,"Monroe"
"36063",1493.03466796875,"Niagara"
"47167",1657.73840332031,"Tipton"
"51121",1333.57861328125,"Montgomery"
"55091",1383.76867675781,"Pepin"
"05079",1430.46850585938,"Lincoln"
"16061",1084.41064453125,"Lewis"
"39055",1494.54272460938,"Geauga"
"21067",1322.134765625,"Fayette"
"27061",1581.52661132812,"Itasca"
"28145",1614.66674804688,"Union"
"30095",1879.15563964844,"Stillwater"
"42047",833.874633789062,"Elk"
"21041",1332.10290527344,"Carroll"
"47023",1444.83813476562,"Chester"
"51685",1495.55615234375,"Manassas Park"
"48481",2175.45849609375,"Wharton"
"72007",NA,"Aguas Buenas"
"72079",NA,"Lajas"
"54091",1060.71484375,"Taylor"
"55065",1264.16796875,"Lafayette"
"29083",1524.10852050781,"Henry"
"30099",1458.30407714844,"Teton"
"31025",1904.68090820312,"Cass"
"48405",NA,"San Augustine"
"26145",1654.21716308594,"Saginaw"
"28077",2200.931640625,"Lawrence"
"20035",1842.91625976562,"Cowley"
"12017",1531.91833496094,"Citrus"
"13281",1400.49975585938,"Towns"
"25023",2234.80493164062,"Plymouth"
"26153",1174.04858398438,"Schoolcraft"
"28095",1962.7001953125,"Monroe"
"34015",1687.66772460938,"Gloucester"
"39039",1174.29797363281,"Defiance"
"42085",937.2314453125,"Mercer"
"51051",1027.162109375,"Dickenson"
"01053",1787.75915527344,"Escambia"
"01039",1766.24462890625,"Covington"
"13101",1582.6787109375,"Echols"
"17003",NA,"Alexander"
"27169",1266.62768554688,"Winona"
"34031",1889.6181640625,"Passaic"
"38087",NA,"Slope"
"42105",882.031982421875,"Potter"
"45005",NA,"Allendale"
"16043",1262.94458007812,"Fremont"
"17069",NA,"Hardin"
"18123",1295.33666992188,"Perry"
"27031",1771.64013671875,"Cook"
"49033",1174.10021972656,"Rich"
"51185",1187.24475097656,"Tazewell"
"53063",1025.37707519531,"Spokane"
"37181",1264.22839355469,"Vance"
"05071",1460.32446289062,"Johnson"
"08051",1729.08776855469,"Gunnison"
"12107",1496.56176757812,"Putnam"
"18079",1254.31042480469,"Jennings"
"40109",2604.52783203125,"Oklahoma"
"28115",1860.94445800781,"Pontotoc"
"21175",1639.20190429688,"Morgan"
"31019",2054.51123046875,"Buffalo"
"27079",1834.26403808594,"Le Sueur"
"37125",1373.82641601562,"Moore"
"45047",1264.20263671875,"Greenwood"
"49035",1107.64697265625,"Salt Lake"
"48297",2322.70483398438,"Live Oak"
"56015",1712.47241210938,"Goshen"
"47161",1513.5869140625,"Stewart"
"01021",1487.822265625,"Chilton"
"04021",1027.97302246094,"Pinal"
"13177",1452.5546875,"Lee"
"13109",1610.72375488281,"Evans"
"19117",1454.43884277344,"Lucas"
"21211",1720.95910644531,"Shelby"
"27087",1810.63037109375,"Mahnomen"
"29167",1661.45593261719,"Polk"
"30037",NA,"Golden Valley"
"38069",1291.16943359375,"Pierce"
"48067",1714.90734863281,"Cass"
"21111",1657.19226074219,"Jefferson"
"48339",2205.234375,"Montgomery"
"48075",NA,"Childress"
"56003",1094.11047363281,"Big Horn"
"48489",2763.36206054688,"Willacy"
"21167",1578.11352539062,"Mercer"
"21117",1787.20263671875,"Kenton"
"13117",1995.10888671875,"Forsyth"
"26131",NA,"Ontonagon"
"27003",1778.76733398438,"Anoka"
"28103",NA,"Noxubee"
"01029",1383.25341796875,"Cleburne"
"42015",1030.02111816406,"Bradford"
"29061",1613.95788574219,"Daviess"
"21235",1593.12512207031,"Whitley"
"42115",987.739135742188,"Susquehanna"
"48163",1554.77062988281,"Frio"
"45023",1407.81457519531,"Chester"
"48217",1809.13427734375,"Hill"
"47031",1376.22302246094,"Coffee"
"46083",1721.27685546875,"Lincoln"
"25025",2258.58764648438,"Suffolk"
"48005",1561.57275390625,"Angelina"
"48007",2824.26171875,"Aransas"
"42017",1713.57446289062,"Bucks"
"19007",1152.64782714844,"Appanoose"
"21205",NA,"Rowan"
"17019",1181.40844726562,"Champaign"
"35003",NA,"Catron"
"17167",1248.98693847656,"Sangamon"
"35039",1703.16870117188,"Rio Arriba"
"35031",1150.83374023438,"McKinley"
"38055",1975.60705566406,"McLean"
"37195",1222.14611816406,"Wilson"
"19191",1354.10388183594,"Winneshiek"
"51107",1846.69909667969,"Loudoun"
"47075",1622.69543457031,"Haywood"
"53019",1315.01098632812,"Ferry"
"37007",1298.34838867188,"Anson"
"21209",1457.466796875,"Scott"
"13299",1385.46325683594,"Ware"
"48341",1923.99389648438,"Moore"
"17001",1272.63513183594,"Adams"
"26053",NA,"Gogebic"
"39027",1323.91223144531,"Clinton"
"29179",1591.18591308594,"Reynolds"
"01083",1560.75671386719,"Limestone"
"19133",1390.64379882812,"Monona"
"20187",NA,"Stanton"
"18155",1801.5205078125,"Switzerland"
"22045",2165.5283203125,"Iberia"
"25021",1996.34020996094,"Norfolk"
"22115",1005.80963134766,"Vernon"
"36119",3646.4296875,"Westchester"
"40009",2307.61547851562,"Beckham"
"47155",1448.55749511719,"Sevier"
"37133",1933.98498535156,"Onslow"
"06099",1135.63696289062,"Stanislaus"
"08055",1603.60803222656,"Huerfano"
"13069",1448.05004882812,"Coffee"
"18101",1518.93005371094,"Martin"
"18073",1442.85363769531,"Jasper"
"19137",1505.13305664062,"Montgomery"
"26065",1882.47937011719,"Ingham"
"35033",NA,"Mora"
"22121",1568.70666503906,"West Baton Rouge"
"36053",1287.02917480469,"Madison"
"27171",1876.95190429688,"Wright"
"40083",3075.89038085938,"Logan"
"21027",1533.53479003906,"Breckinridge"
"42033",889.117065429688,"Clearfield"
"54077",1224.02294921875,"Preston"
"72021",NA,"Bayamón"
"51163",1103.9775390625,"Rockbridge"
"30071",1738.16809082031,"Phillips"
"31127",1626.98461914062,"Nemaha"
"05039",1265.19018554688,"Dallas"
"13121",2516.84521484375,"Fulton"
"13289",1460.71166992188,"Twiggs"
"17057",1158.8642578125,"Fulton"
"20097",NA,"Kiowa"
"05081",1500.95153808594,"Little River"
"48501",1733.69104003906,"Yoakum"
"39035",1316.12866210938,"Cuyahoga"
"23011",1121.50231933594,"Kennebec"
"08107",1847.51184082031,"Routt"
"02110",1600.67712402344,"Juneau"
"13007",NA,"Baker"
"08023",NA,"Costilla"
"37141",2979.79858398438,"Pender"
"21201",NA,"Robertson"
"21113",1741.48193359375,"Jessamine"
"72111",NA,"Peñuelas"
"51009",981.684936523438,"Amherst"
"22053",1830.478515625,"Jefferson Davis"
"47179",1270.69934082031,"Washington"
"25011",1407.71276855469,"Franklin"
"42041",1064.04113769531,"Cumberland"
"29031",1625.21508789062,"Cape Girardeau"
"41013",1049.30944824219,"Crook"
"50003",1781.96044921875,"Bennington"
"55071",975.961059570312,"Manitowoc"
"55055",1218.33325195312,"Jefferson"
"27137",1451.82543945312,"St. Louis"
"42007",953.915222167969,"Beaver"
"36013",1083.88305664062,"Chautauqua"
"37107",1452.52185058594,"Lenoir"
"48029",1490.10302734375,"Bexar"
"48271",NA,"Kinney"
"08053",NA,"Hinsdale"
"02122",1496.58642578125,"Kenai Peninsula"
"17087",1608.58947753906,"Johnson"
"47005",1566.994140625,"Benton"
"42073",999.877746582031,"Lawrence"
"22079",1087.15222167969,"Rapides"
"21057",NA,"Cumberland"
"55097",1017.39868164062,"Portage"
"37045",1081.81591796875,"Cleveland"
"47011",1290.26696777344,"Bradley"
"55049",1414.87072753906,"Iowa"
"18007",1336.8857421875,"Benton"
"27035",1692.8359375,"Crow Wing"
"18001",1079.54614257812,"Adams"
"08015",1256.95666503906,"Chaffee"
"31063",2031.21875,"Frontier"
"31173",1824.45678710938,"Thurston"
"50017",1369.20983886719,"Orange"
"35001",1183.49523925781,"Bernalillo"
"19131",1317.80053710938,"Mitchell"
"13211",1880.77026367188,"Morgan"
"27037",1986.43762207031,"Dakota"
"22093",2090.76220703125,"St. James"
"05139",1748.73706054688,"Union"
"19051",1562.888671875,"Davis"
"39117",1398.51147460938,"Morrow"
"06101",1122.61389160156,"Sutter"
"06035",1307.84118652344,"Lassen"
"48381",1794.90063476562,"Randall"
"48427",1710.08093261719,"Starr"
"08067",1465.64367675781,"La Plata"
"46109",NA,"Roberts"
"12073",1410.46008300781,"Leon"
"37149",1428.13305664062,"Polk"
"37031",3024.40014648438,"Carteret"
"20121",2225.6689453125,"Miami"
"12059",1694.13305664062,"Holmes"
"21163",1542.78515625,"Meade"
"46101",1691.64587402344,"Moody"
"06087",1974.02990722656,"Santa Cruz"
"47003",1352.34643554688,"Bedford"
"46019",1851.34350585938,"Butte"
"13067",1820.02978515625,"Cobb"
"12051",2241.91528320312,"Hendry"
"72005",NA,"Aguadilla"
"41009",1128.63952636719,"Columbia"
"13015",1441.15856933594,"Bartow"
"40135",1853.94604492188,"Sequoyah"
"37145",1210.64013671875,"Person"
"20051",2261.55639648438,"Ellis"
"72153",NA,"Yauco"
"51550",1724.12939453125,"Chesapeake"
"38037",NA,"Grant"
"19057",1326.44702148438,"Des Moines"
"19173",1549.56872558594,"Taylor"
"20063",NA,"Gove"
"39175",1277.75305175781,"Wyandot"
"13191",2029.52319335938,"McIntosh"
"48483",NA,"Wheeler"
"37091",1398.34594726562,"Hertford"
"30089",1265.70739746094,"Sanders"
"13241",1583.48510742188,"Rabun"
"37043",1478.36169433594,"Clay"
"38103",1700.65002441406,"Wells"
"21131",NA,"Leslie"
"21017",1505.44604492188,"Bourbon"
"31141",1626.93713378906,"Platte"
"51053",1307.70043945312,"Dinwiddie"
"72039",NA,"Ciales"
"29013",1574.04223632812,"Bates"
"36107",1273.96325683594,"Tioga"
"18115",1445.32507324219,"Ohio"
"30111",1837.23620605469,"Yellowstone"
"12129",1701.97790527344,"Wakulla"
"48181",1707.20263671875,"Grayson"
"12115",2107.39428710938,"Sarasota"
"13003",1642.875,"Atkinson"
"24021",1298.3369140625,"Frederick"
"48135",1661.05883789062,"Ector"
"46115",1376.4833984375,"Spink"
"27077",1457.91748046875,"Lake of the Woods"
"31051",1628.08239746094,"Dixon"
"13261",1586.810546875,"Sumter"
"48031",1902.54724121094,"Blanco"
"51830",1669.29748535156,"Williamsburg"
"06055",1580.21337890625,"Napa"
"22071",4595.75048828125,"Orleans"
"40143",2063.53735351562,"Tulsa"
"36115",1207.57568359375,"Washington"
"51031",968.142272949219,"Campbell"
"51027",1257.123046875,"Buchanan"
"51165",1095.54479980469,"Rockingham"
"29025",1740.89245605469,"Caldwell"
"30091",1811.47448730469,"Sheridan"
"47081",1405.61547851562,"Hickman"
"48057",2223.1923828125,"Calhoun"
"06115",1202.70874023438,"Yuba"
"51083",1057.46655273438,"Halifax"
"13137",1459.7265625,"Habersham"
"41011",1031.91040039062,"Coos"
"05087",1674.55834960938,"Madison"
"38059",1712.0361328125,"Morton"
"27063",1420.19152832031,"Jackson"
"20201",NA,"Washington"
"01097",2083.74169921875,"Mobile"
"72137",NA,"Toa Baja"
"26059",1564.6259765625,"Hillsdale"
"28159",1633.9130859375,"Winston"
"20209",1733.39733886719,"Wyandotte"
"53033",1631.291015625,"King"
"12035",1400.20434570312,"Flagler"
"12103",2620.96337890625,"Pinellas"
"13087",1735.04357910156,"Decatur"
"72089",NA,"Luquillo"
"72117",NA,"Rincón"
"22085",1013.41638183594,"Sabine"
"54027",1251.27014160156,"Hampshire"
"29145",1558.60864257812,"Newton"
"30101",1385.88977050781,"Toole"
"45017",1433.64086914062,"Calhoun"
"48479",1263.13122558594,"Webb"
"40127",NA,"Pushmataha"
"19043",1393.2705078125,"Clayton"
"21239",1455.83630371094,"Woodford"
"47127",1540.44775390625,"Moore"
"40123",2175.37255859375,"Pontotoc"
"02290",NA,"Yukon-Koyukuk"
"30085",NA,"Roosevelt"
"50019",1284.60729980469,"Orleans"
"72129",NA,"San Lorenzo"
"37193",1200.06188964844,"Wilkes"
"29007",1345.00280761719,"Audrain"
"47173",1378.42956542969,"Union"
"48299",1595.34729003906,"Llano"
"54103",1400.35583496094,"Wetzel"
"56037",1111.15173339844,"Sweetwater"
"25017",1888.77465820312,"Middlesex"
"42113",995.661865234375,"Sullivan"
"49055",NA,"Wayne"
"48397",2040.22705078125,"Rockwall"
"19005",1017.09796142578,"Allamakee"
"38009",1641.701171875,"Bottineau"
"29137",1715.458984375,"Monroe"
"54025",1094.25500488281,"Greenbrier"
"17013",NA,"Calhoun"
"32015",1611.7060546875,"Lander"
"39085",1163.3876953125,"Lake"
"21003",1701.08752441406,"Allen"
"06069",1687.16088867188,"San Benito"
"20031",NA,"Coffey"
"48289",1856.68981933594,"Leon"
"46091",NA,"Marshall"
"32017",964.741638183594,"Lincoln"
"41051",1037.18078613281,"Multnomah"
"20185",NA,"Stafford"
"47047",2088.79174804688,"Fayette"
"55035",1041.52905273438,"Eau Claire"
"06057",1679.94677734375,"Nevada"
"05115",1545.96997070312,"Pope"
"48317",2409.35717773438,"Martin"
"72061",NA,"Guaynabo"
"26079",1307.29602050781,"Kalkaska"
"30065",1694.14965820312,"Musselshell"
"05009",1644.81799316406,"Boone"
"18089",1492.54272460938,"Lake"
"45051",2118.84887695312,"Horry"
"05109",1493.61901855469,"Pike"
"18137",1381.76977539062,"Ripley"
"39071",1186.07434082031,"Highland"
"31097",1664.80517578125,"Johnson"
"48017",1870.24182128906,"Bailey"
"04013",1217.40637207031,"Maricopa"
"29079",1254.98400878906,"Grundy"
"55141",1059.02258300781,"Wood"
"13143",1745.34484863281,"Haralson"
"02068",NA,"Denali"
"51530",888.167236328125,"Buena Vista"
"37097",1340.77099609375,"Iredell"
"08093",1725.89758300781,"Park"
"37015",1686.76489257812,"Bertie"
"48079",NA,"Cochran"
"33011",1394.23571777344,"Hillsborough"
"27161",1493.38989257812,"Waseca"
"48415",1806.44421386719,"Scurry"
"54093",1384.53796386719,"Tucker"
"48503",1753.35424804688,"Young"
"08033",NA,"Dolores"
"12077",1799.10583496094,"Liberty"
"28041",2104.42333984375,"Greene"
"29111",NA,"Lewis"
"04003",1057.85766601562,"Cochise"
"21199",1534.88220214844,"Pulaski"
"51678",1011.90148925781,"Lexington"
"42031",952.609680175781,"Clarion"
"26121",1053.04736328125,"Muskegon"
"49001",803.285278320312,"Beaver"
"31183",NA,"Wheeler"
"21083",1708.25549316406,"Graves"
"51540",1195.23901367188,"Charlottesville"
"01075",1517.42211914062,"Lamar"
"51125",1293.68200683594,"Nelson"
"21103",1714.435546875,"Henry"
"35019",1613.44958496094,"Guadalupe"
"19101",1712.85998535156,"Jefferson"
"20129",NA,"Morton"
"17101",1562.15002441406,"Lawrence"
"37115",1440.6748046875,"Madison"
"48221",2065.90405273438,"Hood"
"20023",NA,"Cheyenne"
"22023",1926.42919921875,"Cameron"
"13267",1784.51831054688,"Tattnall"
"16015",1360.17504882812,"Boise"
"13053",1364.28759765625,"Chattahoochee"
"13139",1504.43103027344,"Hall"
"34029",1975.546875,"Ocean"
"13223",1538.7666015625,"Paulding"
"42019",1114.85986328125,"Butler"
"21059",1336.77209472656,"Daviess"
"47049",1357.806640625,"Fentress"
"40003",NA,"Alfalfa"
"35035",1194.06396484375,"Otero"
"72027",NA,"Camuy"
"13279",1796.98046875,"Toombs"
"33005",2357.38208007812,"Cheshire"
"02150",1769.64038085938,"Kodiak Island"
"29199",NA,"Scotland"
"29097",1471.39343261719,"Jasper"
"46053",NA,"Gregory"
"09130",NA,"Lower Connecticut River Valley"
"18121",1543.27099609375,"Parke"
"18027",1498.29895019531,"Daviess"
"31077",NA,"Greeley"
"39173",1320.66088867188,"Wood"
"48275",NA,"Knox"
"31155",1921.97253417969,"Saunders"
"48345",NA,"Motley"
"13189",1431.32775878906,"McDuffie"
"41063",1166.10571289062,"Wallowa"
"02050",NA,"Bethel"
"16039",949.15966796875,"Elmore"
"26137",NA,"Otsego"
"48039",2425.21997070312,"Brazoria"
"31153",1839.81982421875,"Sarpy"
"21089",1653.43469238281,"Greenup"
"20199",NA,"Wallace"
"19059",1641.47485351562,"Dickinson"
"21149",1421.71264648438,"McLean"
"29183",1808.51818847656,"St. Charles"
"37177",NA,"Tyrrell"
"01081",1455.89050292969,"Lee"
"08085",1112.12878417969,"Montrose"
"13207",1835.89929199219,"Monroe"
"55023",1327.263671875,"Crawford"
"05033",1578.07873535156,"Crawford"
"53003",1056.31103515625,"Asotin"
"47063",1159.82885742188,"Hamblen"
"37185",1458.60583496094,"Warren"
"38083",NA,"Sheridan"
"05091",1617.00085449219,"Miller"
"26063",1430.58605957031,"Huron"
"31065",1841.33264160156,"Furnas"
"42057",946.15771484375,"Fulton"
"26083",NA,"Keweenaw"
"26055",2220.4990234375,"Grand Traverse"
"31087",NA,"Hitchcock"
"31031",1812.65344238281,"Cherry"
"49021",937.689331054688,"Iron"
"13159",1685.36547851562,"Jasper"
"20205",NA,"Wilson"
"40069",1690.67272949219,"Johnston"
"47165",1798.095703125,"Sumner"
"21011",NA,"Bath"
"47089",1353.61633300781,"Jefferson"
"51033",1277.22607421875,"Caroline"
"45085",1451.47839355469,"Sumter"
"31069",NA,"Garden"
"51640",811.085815429688,"Galax"
"42121",817.181945800781,"Venango"
"48225",1459.0078125,"Houston"
"01129",2081.03588867188,"Washington"
"30025",2013.94006347656,"Fallon"
"46021",NA,"Campbell"
"17137",1215.44519042969,"Morgan"
"39009",1477.41528320312,"Athens"
"01065",1776.52429199219,"Hale"
"31121",1745.44409179688,"Merrick"
"55037",1446.21105957031,"Florence"
"13095",1409.01452636719,"Dougherty"
"17107",1235.20983886719,"Logan"
"26051",1155.02160644531,"Gladwin"
"31175",2156.70385742188,"Valley"
"31125",1544.33752441406,"Nance"
"47169",1525.62817382812,"Trousdale"
"48267",NA,"Kimble"
"56019",1320.82971191406,"Johnson"
"27053",1931.60424804688,"Hennepin"
"13271",1699.54577636719,"Telfair"
"47087",1395.69702148438,"Jackson"
"46015",NA,"Brule"
"51161",995.684631347656,"Roanoke"
"48013",1946.3701171875,"Atascosa"
"21081",1484.03002929688,"Grant"
"46063",NA,"Harding"
"12047",1621.86059570312,"Hamilton"
"13163",1592.08776855469,"Jefferson"
"24017",1596.24084472656,"Charles"
"17099",1387.39807128906,"LaSalle"
"29017",NA,"Bollinger"
"26057",2000.35034179688,"Gratiot"
"21213",1547.94384765625,"Simpson"
"31161",NA,"Sheridan"
"51730",1207.47937011719,"Petersburg"
"05017",1889.26000976562,"Chicot"
"13113",1910.765625,"Fayette"
"40063",1559.30444335938,"Hughes"
"27027",1541.26733398438,"Clay"
"16025",NA,"Camas"
"31163",NA,"Sherman"
"46011",1532.70654296875,"Brookings"
"51680",894.593383789062,"Lynchburg"
"13165",1886.40734863281,"Jenkins"
"48055",1458.07678222656,"Caldwell"
"28111",1976.1796875,"Perry"
"12065",1640.005859375,"Jefferson"
"24011",1292.54711914062,"Caroline"
"33017",1411.45910644531,"Strafford"
"51103",1859.62133789062,"Lancaster"
"51073",1465.15295410156,"Gloucester"
"28069",2185.10498046875,"Kemper"
"19063",1046.89672851562,"Emmet"
"13295",1442.30981445312,"Walker"
"16003",1094.9296875,"Adams"
"20137",NA,"Norton"
"22029",967.408203125,"Concordia"
"51017",1158.08520507812,"Bath"
"02016",NA,"Aleutians West"
"31075",NA,"Grant"
"47041",1380.54431152344,"DeKalb"
"37053",2789.44165039062,"Currituck"
"26139",1283.09362792969,"Ottawa"
"22069",1245.58190917969,"Natchitoches"
"45075",1660.66540527344,"Orangeburg"
"17123",1344.77746582031,"Marshall"
"47069",1637.76232910156,"Hardeman"
"40081",2292.08178710938,"Lincoln"
"50025",1440.09936523438,"Windham"
"55067",1066.18627929688,"Langlade"
"37025",1646.10656738281,"Cabarrus"
"31011",1542.96899414062,"Boone"
"21115",1921.30834960938,"Johnson"
"17043",1699.37341308594,"DuPage"
"13011",1500.99377441406,"Banks"
"19147",1249.24389648438,"Palo Alto"
"21009",1537.38391113281,"Barren"
"31137",1903.22802734375,"Phelps"
"39067",1258.89575195312,"Harrison"
"29129",NA,"Mercer"
"72085",NA,"Las Piedras"
"48331",1464.3291015625,"Milam"
"56031",1678.57263183594,"Platte"
"01095",1670.89587402344,"Marshall"
"02185",NA,"North Slope"
"06029",1158.939453125,"Kern"
"19179",1126.27648925781,"Wapello"
"26111",1403.17504882812,"Midland"
"28101",1800.16613769531,"Newton"
"20189",NA,"Stevens"
"27069",1509.82666015625,"Kittson"
"01047",1824.90466308594,"Dallas"
"31159",1826.0546875,"Seward"
"47033",1415.90991210938,"Crockett"
"46005",NA,"Beadle"
"47017",1379.94458007812,"Carroll"
"19187",1337.27795410156,"Webster"
"24025",1561.73779296875,"Harford"
"51117",1219.10778808594,"Mecklenburg"
"45039",1706.35571289062,"Fairfield"
"53011",1082.23059082031,"Clark"
"29033",1760.99353027344,"Carroll"
"42133",1105.20251464844,"York"
"16027",971.740295410156,"Canyon"
"13209",1606.65539550781,"Montgomery"
"46095",NA,"Mellette"
"19025",1506.29541015625,"Calhoun"
"13293",1480.96984863281,"Upson"
"48421",NA,"Sherman"
"48169",1856.3203125,"Garza"
"09180",NA,"Southeastern Connecticut"
"36079",2037.22924804688,"Putnam"
"36101",1557.67602539062,"Steuben"
"13021",1457.34436035156,"Bibb"
"18181",1338.69580078125,"White"
"29223",NA,"Wayne"
"27001",1662.73596191406,"Aitkin"
"48387",1406.24584960938,"Red River"
"47149",1502.16564941406,"Rutherford"
"01005",1766.03942871094,"Barbour"
"41049",1090.35119628906,"Morrow"
"16017",1300.02624511719,"Bonner"
"16033",NA,"Clark"
"20093",NA,"Kearny"
"29121",1416.68530273438,"Macon"
"29133",1421.66479492188,"Mississippi"
"42043",1016.22076416016,"Dauphin"
"09190",NA,"Western Connecticut"
"37071",1233.12927246094,"Gaston"
"16031",944.002380371094,"Cassia"
"06041",2523.978515625,"Marin"
"48389",1527.15051269531,"Reeves"
"48315",1888.67932128906,"Marion"
"40029",NA,"Coal"
"31099",1926.30004882812,"Kearney"
"55127",1335.95690917969,"Walworth"
"40131",2080.71875,"Rogers"
"21177",1727.27709960938,"Muhlenberg"
"40073",2616.6025390625,"Kingfisher"
"46003",NA,"Aurora"
"48019",1882.90258789062,"Bandera"
"45025",1415.24060058594,"Chesterfield"
"42045",1768.86437988281,"Delaware"
"53077",1171.63989257812,"Yakima"
"29001",1319.8369140625,"Adair"
"48173",NA,"Glasscock"
"27129",1672.9130859375,"Renville"
"28001",2153.55810546875,"Adams"
"29186",1648.31176757812,"Ste. Genevieve"
"17033",1234.28100585938,"Crawford"
"17177",1180.15612792969,"Stephenson"
"22035",NA,"East Carroll"
"27025",1914.42797851562,"Chisago"
"21095",1397.14990234375,"Harlan"
"26003",1418.30456542969,"Alger"
"21161",1126.76037597656,"Mason"
"48145",1446.74267578125,"Falls"
"51075",1598.62548828125,"Goochland"
"27081",1813.29028320312,"Lincoln"
"55109",1572.81140136719,"St. Croix"
"48199",2011.46520996094,"Hardin"
"26163",1882.29064941406,"Wayne"
"72013",NA,"Arecibo"
"47091",1423.69653320312,"Johnson"
"38081",1564.267578125,"Sargent"
"26125",2019.3271484375,"Oakland"
"38019",NA,"Cavalier"
"27135",1527.38513183594,"Roseau"
"36087",2265.673828125,"Rockland"
"50011",1435.36328125,"Franklin"
"27049",1739.63842773438,"Goodhue"
"29131",1549.15075683594,"Miller"
"01109",1630.55505371094,"Pike"
"36085",2293.03662109375,"Richmond"
"05061",1368.41955566406,"Howard"
"42129",952.35302734375,"Westmoreland"
"08013",2134.3017578125,"Boulder"
"29049",1656.45166015625,"Clinton"
"51071",1158.04467773438,"Giles"
"72045",NA,"Comerío"
"54005",1781.60241699219,"Boone"
"72077",NA,"Juncos"
"72033",NA,"Cataño"
"72054",NA,"Florida"
"05035",1630.67236328125,"Crittenden"
"53009",1027.15649414062,"Clallam"
"42103",1156.93664550781,"Pike"
"31109",1685.70288085938,"Lancaster"
"48295",NA,"Lipscomb"
"28113",1909.02954101562,"Pike"
"28021",NA,"Claiborne"
"46049",NA,"Faulk"
"46089",NA,"McPherson"
"28047",2873.80224609375,"Harrison"
"24027",1835.29675292969,"Howard"
"46065",1490.70227050781,"Hughes"
"28129",2239.333984375,"Smith"
"46123",1402.27270507812,"Tripp"
"21185",2076.470703125,"Oldham"
"13153",1540.50805664062,"Houston"
"48465",1114.51342773438,"Val Verde"
"29175",1414.88928222656,"Randolph"
"13145",1626.36730957031,"Harris"
"12043",2072.986328125,"Glades"
"39025",1257.88403320312,"Clermont"
"39033",1299.56665039062,"Crawford"
"39059",1295.56604003906,"Guernsey"
"40065",2087.10791015625,"Jackson"
"22073",1346.619140625,"Ouachita"
"29203",NA,"Shannon"
"72093",NA,"Maricao"
"54075",NA,"Pocahontas"
"18135",1426.85339355469,"Randolph"
"55137",1233.05334472656,"Waushara"
"35049",1515.48571777344,"Santa Fe"
"06111",1533.27685546875,"Ventura"
"24019",2425.166015625,"Dorchester"
"13131",1569.27478027344,"Grady"
"27123",1770.09350585938,"Ramsey"
"26109",2225.646484375,"Menominee"
"05057",1458.60571289062,"Hempstead"
"17193",1992.48400878906,"White"
"20017",NA,"Chase"
"48133",2067.04150390625,"Eastland"
"19077",1458.11181640625,"Guthrie"
"17037",1389.12109375,"DeKalb"
"18051",1413.86779785156,"Gibson"
"37137",2584.85424804688,"Pamlico"
"48357",1923.24938964844,"Ochiltree"
"47185",1338.90942382812,"White"
"38015",1897.33068847656,"Burleigh"
"46075",NA,"Jones"
"40151",2246.00830078125,"Woods"
"18127",1592.74731445312,"Porter"
"17103",1229.06115722656,"Lee"
"08101",1763.17028808594,"Pueblo"
"48411",NA,"San Saba"
"48475",1724.65173339844,"Ward"
"08071",1612.4140625,"Las Animas"
"08089",1722.60717773438,"Otero"
"08117",1733.19702148438,"Summit"
"48263",NA,"Kent"
"48257",1811.02600097656,"Kaufman"
"05143",1641.98669433594,"Washington"
"40057",NA,"Harmon"
"48495",1519.33178710938,"Winkler"
"01115",1615.69543457031,"St. Clair"
"12097",1664.83068847656,"Osceola"
"20053",NA,"Ellsworth"
"36099",1289.34411621094,"Seneca"
"37065",1561.2216796875,"Edgecombe"
"48101",NA,"Cottle"
"48313",1899.77185058594,"Madison"
"37037",1413.08044433594,"Chatham"
"27033",1397.71215820312,"Cottonwood"
"17185",1323.58959960938,"Wabash"
"39119",1279.11010742188,"Muskingum"
"29215",1568.43969726562,"Texas"
"21093",1508.71984863281,"Hardin"
"27091",1435.24743652344,"Martin"
"40129",NA,"Roger Mills"
"42039",875.052917480469,"Crawford"
"34005",1737.46984863281,"Burlington"
"45015",1953.09716796875,"Berkeley"
"29053",1328.64038085938,"Cooper"
"30075",NA,"Powder River"
"20029",1965.01904296875,"Cloud"
"19071",1505.06494140625,"Fremont"
"51159",1273.5869140625,"Richmond"
"48157",2729.20141601562,"Fort Bend"
"40051",2579.25634765625,"Grady"
"05015",1740.18188476562,"Carroll"
"36077",1392.27648925781,"Otsego"
"40027",2486.916015625,"Cleveland"
"48459",1735.306640625,"Upshur"
"40087",2753.01220703125,"McClain"
"31067",1622.30029296875,"Gage"
"48223",1716.46594238281,"Hopkins"
"72071",NA,"Isabela"
"55139",1060.18005371094,"Winnebago"
"53071",1208.32958984375,"Walla Walla"
"72107",NA,"Orocovis"
"40047",2137.49682617188,"Garfield"
"22105",1720.61804199219,"Tangipahoa"
"18043",1417.59545898438,"Floyd"
"38105",1894.46728515625,"Williams"
"46029",1415.61511230469,"Codington"
"04025",1062.94128417969,"Yavapai"
"13187",1627.43688964844,"Lumpkin"
"18059",1545.69921875,"Hancock"
"20027",NA,"Clay"
"28127",1932.26196289062,"Simpson"
"36097",1544.98425292969,"Schuyler"
"45035",1887.96826171875,"Dorchester"
"72023",NA,"Cabo Rojo"
"47001",1538.21313476562,"Anderson"
"13115",1463.2353515625,"Floyd"
"13247",1742.17224121094,"Rockdale"
"16051",1113.32080078125,"Jefferson"
"42061",861.747619628906,"Huntingdon"
"20147",NA,"Phillips"
"48111",1881.9658203125,"Dallam"
"42069",1145.52575683594,"Lackawanna"
"42079",1035.00170898438,"Luzerne"
"47103",1573.83239746094,"Lincoln"
"37173",1368.29626464844,"Swain"
"40005",1956.62463378906,"Atoka"
"40019",2082.048828125,"Carter"
"48477",1692.287109375,"Washington"
"40099",1900.33508300781,"Murray"
"40147",1679.84167480469,"Washington"
"42125",1101.78552246094,"Washington"
"06017",1696.80334472656,"El Dorado"
"21171",NA,"Monroe"
"29005",NA,"Atchison"
"37005",1188.15673828125,"Alleghany"
"48487",1817.03405761719,"Wilbarger"
"01009",1653.01928710938,"Blount"
"13269",1599.90319824219,"Taylor"
"55043",1055.51391601562,"Grant"
"30051",NA,"Liberty"
"31033",2055.19897460938,"Cheyenne"
"26113",1255.224609375,"Missaukee"
"18037",1394.92395019531,"Dubois"
"38029",NA,"Emmons"
"01019",1582.52746582031,"Cherokee"
"17133",1625.3271484375,"Monroe"
"42087",815.529357910156,"Mifflin"
"29125",1619.14819335938,"Maries"
"42091",1674.68896484375,"Montgomery"
"22055",2374.8193359375,"Lafayette"
"39007",1156.404296875,"Ashtabula"
"22061",1206.00415039062,"Lincoln"
"39019",1302.96301269531,"Carroll"
"06003",2076.58251953125,"Alpine"
"54053",1235.67749023438,"Mason"
"37099",1308.57043457031,"Jackson"
"01105",2140.83349609375,"Perry"
"54011",1218.95922851562,"Cabell"
"54045",1642.50280761719,"Logan"
"51045",1335.26013183594,"Craig"
"54057",1170.13647460938,"Mineral"
"54059",NA,"Mingo"
"28097",NA,"Montgomery"
"29185",1673.39172363281,"St. Clair"
"37027",1126.10717773438,"Caldwell"
"45031",1578.78796386719,"Darlington"
"53073",1153.01318359375,"Whatcom"
"54023",1239.3779296875,"Grant"
"31081",1729.29040527344,"Hamilton"
"30015",1608.63500976562,"Chouteau"
"05067",1357.95068359375,"Jackson"
"37067",1141.45715332031,"Forsyth"
"05075",1346.58764648438,"Lawrence"
"34001",1903.38720703125,"Atlantic"
"29510",1642.63562011719,"St. Louis"
"48205",2211.47436523438,"Hartley"
"18049",1551.79357910156,"Fulton"
"10003",1473.80407714844,"New Castle"
"39063",1198.15319824219,"Hancock"
"35013",1135.32629394531,"Doña Ana"
"29109",1625.86804199219,"Lawrence"
"37009",1249.89526367188,"Ashe"
"05027",1641.26245117188,"Columbia"
"26041",1258.59729003906,"Delta"
"37021",1191.51916503906,"Buncombe"
"09120",NA,"Greater Bridgeport"
"28119",NA,"Quitman"
"28133",2448.14965820312,"Sunflower"
"51750",944.488159179688,"Radford"
"51063",1128.80529785156,"Floyd"
"54107",1135.513671875,"Wood"
"54105",NA,"Wirt"
"48027",1203.09924316406,"Bell"
"53043",1329.19799804688,"Lincoln"
"53045",1228.08288574219,"Mason"
"26117",1706.35791015625,"Montcalm"
"27057",1531.62976074219,"Hubbard"
"37017",1905.69079589844,"Bladen"
"48231",1761.46911621094,"Hunt"
"48307",1727.59338378906,"McCulloch"
"72017",NA,"Barceloneta"
"29011",1383.72131347656,"Barton"
"29149",NA,"Oregon"
"30067",1434.24743652344,"Park"
"13219",1579.0537109375,"Oconee"
"13225",1502.16101074219,"Peach"
"13251",1636.06762695312,"Screven"
"48505",1107.19104003906,"Zapata"
"24009",1569.39123535156,"Calvert"
"20043",NA,"Doniphan"
"13283",1563.67797851562,"Treutlen"
"48349",1702.85546875,"Navarro"
"09170",NA,"South Central Connecticut"
"31165",NA,"Sioux"
"37023",1176.76831054688,"Burke"
"36059",3922.40600585938,"Nassau"
"34025",2345.0166015625,"Monmouth"
"51179",1409.69543457031,"Stafford"
"53055",1495.13781738281,"San Juan"
"53057",1359.34777832031,"Skagit"
"53067",1174.38854980469,"Thurston"
"13047",1359.05102539062,"Catoosa"
"13065",1721.62939453125,"Clinch"
"53029",1196.71704101562,"Island"
"50007",1396.13513183594,"Chittenden"
"51820",891.331604003906,"Waynesboro"
"48149",1742.78527832031,"Fayette"
"48089",1914.95129394531,"Colorado"
"19003",1342.93786621094,"Adams"
"25019",2644.6337890625,"Nantucket"
"47009",1374.89953613281,"Blount"
"46039",NA,"Deuel"
"16079",1131.22204589844,"Shoshone"
"17119",1337.26013183594,"Madison"
"48321",2585.70654296875,"Matagorda"
"40097",1889.31457519531,"Mayes"
"05013",1362.76452636719,"Calhoun"
"17153",NA,"Pulaski"
"27165",1507.36340332031,"Watonwan"
"39005",1139.08544921875,"Ashland"
"06043",1445.51977539062,"Mariposa"
"35009",1553.92529296875,"Curry"
"33019",1404.60717773438,"Sullivan"
"37191",1413.1943359375,"Wayne"
"31029",2131.78735351562,"Chase"
"31057",NA,"Dundy"
"46069",NA,"Hyde"
"26005",2076.68334960938,"Allegan"
"21091",1696.11181640625,"Hancock"
"19033",1225.16052246094,"Cerro Gordo"
"19037",1480.41027832031,"Chickasaw"
"32013",988.868103027344,"Humboldt"
"48491",1717.91418457031,"Williamson"
"72135",NA,"Toa Alta"
"72149",NA,"Villalba"
"19049",1775.16357421875,"Dallas"
"13263",1837.68725585938,"Talbot"
"37047",1965.64514160156,"Columbus"
"30109",NA,"Wibaux"
"16087",1078.18823242188,"Washington"
"17159",1273.21484375,"Richland"
"08007",1399.39685058594,"Archuleta"
"40153",2297.646484375,"Woodward"
"35027",1582.32507324219,"Lincoln"
"35053",1519.1416015625,"Socorro"
"19193",1322.12561035156,"Woodbury"
"31013",1985.86022949219,"Box Butte"
"36021",1785.86499023438,"Columbia"
"31005",NA,"Arthur"
"13291",1368.82202148438,"Union"
"06023",1231.53051757812,"Humboldt"
"13297",1621.55944824219,"Walton"
"37121",1198.27282714844,"Mitchell"
"29115",NA,"Linn"
"13307",NA,"Webster"
"20155",1793.45983886719,"Reno"
"47139",1585.591796875,"Polk"
"24510",1452.86694335938,"Baltimore"
"48091",1584.140625,"Comal"
"48497",2023.17309570312,"Wise"
"19067",1337.99768066406,"Floyd"
"21109",1727.71850585938,"Jackson"
"20049",NA,"Elk"
"26045",1609.32629394531,"Eaton"
"19085",1519.48876953125,"Harrison"
"46093",1713.62609863281,"Meade"
"12029",1395.36254882812,"Dixie"
"13155",1703.41015625,"Irwin"
"30087",1672.83349609375,"Rosebud"
"26013",NA,"Baraga"
"20005",NA,"Atchison"
"25007",2767.45239257812,"Dukes"
"12001",1463.68005371094,"Alachua"
"29077",1390.46008300781,"Greene"
"29103",NA,"Knox"
"32011",NA,"Eureka"
"30039",1537.18322753906,"Granite"
"39045",1369.73840332031,"Fairfield"
"38063",NA,"Nelson"
"38003",1609.47180175781,"Barnes"
"41059",1127.42602539062,"Umatilla"
"13133",1775.88745117188,"Greene"
"55079",1185.69372558594,"Milwaukee"
"55081",1258.50708007812,"Monroe"
"05037",1677.0205078125,"Cross"
"02170",1691.28784179688,"Matanuska-Susitna"
"20111",1606.74658203125,"Lyon"
"48121",2055.80224609375,"Denton"
"21129",NA,"Lee"
"20125",NA,"Montgomery"
"26071",1320.04235839844,"Iron"
"20197",1940.91711425781,"Wabaunsee"
"27023",1660.03271484375,"Chippewa"
"49057",971.223327636719,"Weber"
"37085",1361.69616699219,"Harnett"
"22109",2727.27368164062,"Terrebonne"
"47035",1253.27600097656,"Cumberland"
"18017",1205.21691894531,"Cass"
"19177",NA,"Van Buren"
"32023",1236.611328125,"Nye"
"29189",1853.36633300781,"St. Louis"
"17171",NA,"Scott"
"26011",1378.96923828125,"Arenac"
"05093",NA,"Mississippi"
"12063",1585.99438476562,"Jackson"
"12127",1625.17687988281,"Volusia"
"13083",1748.76403808594,"Dade"
"26095",1076.44152832031,"Luce"
"37101",1240.04919433594,"Johnston"
"18153",1409.25085449219,"Sullivan"
"02164",NA,"Lake and Peninsula"
"34017",2089.4111328125,"Hudson"
"46035",1520.81323242188,"Davison"
"12031",1485.9873046875,"Duval"
"39129",1371.27819824219,"Pickaway"
"28007",1666.57067871094,"Attala"
"21173",1403.01818847656,"Montgomery"
"49049",1038.95349121094,"Utah"
"55027",1099.75903320312,"Dodge"
"21189",NA,"Owsley"
"26133",NA,"Osceola"
"21221",1725.54699707031,"Trigg"
"27051",1546.037109375,"Grant"
"17047",NA,"Edwards"
"17059",NA,"Gallatin"
"26091",1436.81652832031,"Lenawee"
"55039",1120.30578613281,"Fond du Lac"
"26099",1345.55969238281,"Macomb"
"18183",1309.60144042969,"Whitley"
"26017",1134.71325683594,"Bay"
"72125",NA,"San Germán"
"26157",1981.38171386719,"Tuscola"
"32005",1118.24938964844,"Douglas"
"18003",1137.72009277344,"Allen"
"45073",1328.8740234375,"Oconee"
"13275",1841.69409179688,"Thomas"
"20175",2215.0673828125,"Seward"
"24003",1460.361328125,"Anne Arundel"
"34041",1606.6611328125,"Warren"
"42117",941.488708496094,"Tioga"
"48071",2342.42578125,"Chambers"
"29047",1619.06201171875,"Clay"
"39049",1222.29772949219,"Franklin"
"48337",2003.03137207031,"Montague"
"49013",1240.12573242188,"Duchesne"
"49019",899.139831542969,"Grand"
"29219",1678.27392578125,"Warren"
"13077",1496.2509765625,"Coweta"
"19021",1267.18896484375,"Buena Vista"
"27011",1374.94677734375,"Big Stone"
"48365",1454.04772949219,"Panola"
"27009",1506.5419921875,"Benton"
"21023",1784.27526855469,"Bracken"
"40103",2345.60888671875,"Noble"
"25009",1891.41186523438,"Essex"
"47039",1406.95288085938,"Decatur"
"47059",1190.55651855469,"Greene"
"32007",1089.33935546875,"Elko"
"22123",751.857849121094,"West Carroll"
"01063",1976.10632324219,"Greene"
"18103",1312.29565429688,"Miami"
"18107",1277.93957519531,"Montgomery"
"06051",1795.98645019531,"Mono"
"20095",2187.94677734375,"Kingman"
"46105",NA,"Perkins"
"56045",1710.94567871094,"Weston"
"17129",1606.94592285156,"Menard"
"21143",1687.89697265625,"Lyon"
"21051",1362.18493652344,"Clay"
"27067",1601.10888671875,"Kandiyohi"
"31071",NA,"Garfield"
"48285",1604.82507324219,"Lavaca"
"47021",1586.93969726562,"Cheatham"
"47145",1506.27722167969,"Roane"
"08037",2158.826171875,"Eagle"
"16001",995.806884765625,"Ada"
"19029",1289.28942871094,"Cass"
"12061",2244.58178710938,"Indian River"
"13009",1510.76745605469,"Baldwin"
"51007",1252.88696289062,"Amelia"
"39101",1172.31396484375,"Marion"
"51035",879.330200195312,"Carroll"
"08063",2138.92260742188,"Kit Carson"
"42027",1007.54821777344,"Centre"
"46081",1812.10668945312,"Lawrence"
"42029",1727.72570800781,"Chester"
"47083",1461.55700683594,"Houston"
"47085",1441.51977539062,"Humphreys"
"48241",1757.09814453125,"Jasper"
"45043",2715.3623046875,"Georgetown"
"53001",1142.27917480469,"Adams"
"49043",1590.4453125,"Summit"
"46085",NA,"Lyman"
"16069",968.432189941406,"Nez Perce"
"31021",1528.58276367188,"Burt"
"27119",1513.48681640625,"Polk"
"29119",1741.23999023438,"McDonald"
"55135",1081.9912109375,"Waupaca"
"12085",2760.0166015625,"Martin"
"55111",1160.34814453125,"Sauk"
"41029",978.453063964844,"Jackson"
"37061",1806.35632324219,"Duplin"
"19145",1399.50378417969,"Page"
"19045",1273.06726074219,"Clinton"
"13055",1417.39685058594,"Chattooga"
"12071",2230.67016601562,"Lee"
"19061",1291.85632324219,"Dubuque"
"48283",NA,"La Salle"
"20113",1817.35900878906,"McPherson"
"12099",2956.9267578125,"Palm Beach"
"20109",NA,"Logan"
"48309",1243.88098144531,"McLennan"
"12093",1994.39086914062,"Okeechobee"
"19089",NA,"Howard"
"30009",1767.86511230469,"Carbon"
"51760",1218.24426269531,"Richmond"
"49005",1083.6318359375,"Cache"
"53039",1282.79418945312,"Klickitat"
"45049",1643.61706542969,"Hampton"
"49025",920.064636230469,"Kane"
"55007",1274.88879394531,"Bayfield"
"55013",1225.91357421875,"Burnett"
"22041",1308.57763671875,"Franklin"
"22027",1429.04040527344,"Claiborne"
"51131",1816.57385253906,"Northampton"
"27157",1550.24499511719,"Wabasha"
"22047",1704.10241699219,"Iberville"
"17111",1645.61450195312,"McHenry"
"18075",1158.46875,"Jay"
"35037",1534.12744140625,"Quay"
"37171",1238.12829589844,"Surry"
"48369",2112.57275390625,"Parmer"
"39037",1062.31750488281,"Darke"
"17149",1212.27014160156,"Pike"
"39121",1150.50927734375,"Noble"
"19097",1332.26257324219,"Jackson"
"13045",1426.02099609375,"Carroll"
"51081",1031.9599609375,"Greensville"
"17161",1147.92358398438,"Rock Island"
"08113",1847.92297363281,"San Miguel"
"08115",NA,"Sedgwick"
"55093",1700.80859375,"Pierce"
"48037",1722.60876464844,"Bowie"
"47181",1528.67578125,"Wayne"
"47187",1921.81115722656,"Williamson"
"45065",1226.76928710938,"McCormick"
"55119",1187.24865722656,"Taylor"
"56027",NA,"Niobrara"
"36027",1690.70947265625,"Dutchess"
"37073",1487.62438964844,"Gates"
"06113",1203.10485839844,"Yolo"
"29091",1391.12805175781,"Howell"
"26141",1383.37805175781,"Presque Isle"
"29101",1522.08837890625,"Johnson"
"22067",1325.53662109375,"Morehouse"
"29157",1569.5078125,"Perry"
"13303",1618.46313476562,"Washington"
"20115",NA,"Marion"
"21029",1472.80224609375,"Bullitt"
"27101",1648.02465820312,"Murray"
"39041",1441.2060546875,"Delaware"
"40117",2244.03442382812,"Pawnee"
"49011",1030.44079589844,"Davis"
"48049",1840.86706542969,"Brown"
"39141",993.918212890625,"Ross"
"17181",1634.08728027344,"Union"
"08039",2424.24291992188,"Elbert"
"39145",1304.14526367188,"Scioto"
"19153",1322.37536621094,"Polk"
"48443",NA,"Terrell"
"13119",1434.94738769531,"Franklin"
"17203",1368.03015136719,"Woodford"
"51093",1759.42980957031,"Isle of Wight"
"44005",2255.17138671875,"Newport"
"55131",1194.07055664062,"Washington"
"29023",1988.18542480469,"Butler"
"41043",993.938720703125,"Linn"
"51105",953.062683105469,"Lee"
"53017",1086.03515625,"Douglas"
"15007",2277.23266601562,"Kauai"
"20149",1849.79235839844,"Pottawatomie"
"23019",1060.08422851562,"Penobscot"
"36095",1473.04125976562,"Schoharie"
"02188",NA,"Northwest Arctic"
"13151",1635.95715332031,"Henry"
"39127",1342.91748046875,"Perry"
"51133",1502.08117675781,"Northumberland"
"28083",1766.26770019531,"Leflore"
"38033",NA,"Golden Valley"
"26097",1382.5185546875,"Mackinac"
"53053",1290.93139648438,"Pierce"
"32021",1259.67028808594,"Mineral"
"27127",1640.08422851562,"Redwood"
"45071",1447.27038574219,"Newberry"
"18083",1552.38562011719,"Knox"
"12089",1748.71862792969,"Nassau"
"45077",1222.6171875,"Pickens"
"39075",1290.19519042969,"Holmes"
"12075",1762.96496582031,"Levy"
"19167",1305.029296875,"Sioux"
"48183",1373.76574707031,"Gregg"
"35059",1416.630859375,"Union"
"37039",1150.13146972656,"Cherokee"
"39151",1105.76293945312,"Stark"
"06039",1336.7080078125,"Madera"
"28071",2762.36181640625,"Lafayette"
"53065",1239.68615722656,"Stevens"
"32033",1049.974609375,"White Pine"
"01071",1561.95581054688,"Jackson"
"27173",1481.96118164062,"Yellow Medicine"
"23009",1252.64782714844,"Hancock"
"34027",1805.23486328125,"Morris"
"02090",1653.349609375,"Fairbanks North Star"
"40111",1847.60119628906,"Okmulgee"
"36003",1032.69616699219,"Allegany"
"48087",NA,"Collingsworth"
"49045",962.451843261719,"Tooele"
"13057",1760.94604492188,"Cherokee"
"17073",1270.35668945312,"Henry"
"21001",1527.14611816406,"Adair"
"22097",1754.69409179688,"St. Landry"
"30047",1355.47546386719,"Lake"
"01111",1601.81323242188,"Randolph"
"06081",1966.17578125,"San Mateo"
"26123",1399.08386230469,"Newaygo"
"37135",1445.82922363281,"Orange"
"19151",1570.67858886719,"Pocahontas"
"48153",NA,"Floyd"
"42013",930.405822753906,"Blair"
"37029",2187.39916992188,"Camden"
"31027",1363.28784179688,"Cedar"
"05119",1837.50109863281,"Pulaski"
"55073",1062.16101074219,"Marathon"
"06097",1503.74328613281,"Sonoma"
"27071",1357.189453125,"Koochiching"
"28025",2390.83227539062,"Clay"
"38013",NA,"Burke"
"24031",1401.15454101562,"Montgomery"
"54101",NA,"Webster"
"47071",1560.65258789062,"Hardin"
"36035",1578.2265625,"Fulton"
"48093",2135.5849609375,"Comanche"
"48453",1542.25219726562,"Travis"
"48203",1511.03271484375,"Harrison"
"54065",1217.89440917969,"Morgan"
"08021",1399.23046875,"Conejos"
"12033",2084.27221679688,"Escambia"
"48001",1496.1376953125,"Anderson"
"47019",1217.23876953125,"Carter"
"37087",1421.97900390625,"Haywood"
"49053",933.286499023438,"Washington"
"30003",1456.12744140625,"Big Horn"
"35045",1233.7421875,"San Juan"
"02130",1491.5498046875,"Ketchikan Gateway"
"01003",2413.33740234375,"Baldwin"
"22017",1563.22692871094,"Caddo"
"36051",1210.79870605469,"Livingston"
"51041",1261.30773925781,"Chesterfield"
"13257",1431.3125,"Stephens"
"40085",2042.13159179688,"Love"
"17091",1376.17846679688,"Kankakee"
"05145",1661.76208496094,"White"
"13157",1698.34216308594,"Jackson"
"35011",NA,"De Baca"
"38057",1912.09899902344,"Mercer"
"20117",1623.04113769531,"Marshall"
"06073",1569.49084472656,"San Diego"
"50021",1340.0078125,"Rutland"
"24013",1345.23303222656,"Carroll"
"06019",1181.04064941406,"Fresno"
"16035",1173.61083984375,"Clearwater"
"24023",1328.29638671875,"Garrett"
"48277",1538.90026855469,"Lamar"
"13127",2432.5556640625,"Glynn"
"39163",1607.01123046875,"Vinton"
"48373",1828.12377929688,"Polk"
"47043",1501.63940429688,"Dickson"
"55029",1015.90319824219,"Door"
"44009",2026.67504882812,"Washington"
"01033",1492.00036621094,"Colbert"
"21097",1332.65844726562,"Harrison"
"55117",974.197448730469,"Sheboygan"
"29187",1458.76989746094,"St. Francois"
"17021",1307.52856445312,"Christian"
"46023",NA,"Charles Mix"
"21101",2613.73413085938,"Henderson"
"51155",1032.80798339844,"Pulaski"
"06061",1469.57604980469,"Placer"
"18047",1376.60388183594,"Franklin"
"31133",NA,"Pawnee"
"31107",1549.32092285156,"Knox"
"37019",2577.56909179688,"Brunswick"
"21231",1371.26867675781,"Wayne"
"22003",1405.18347167969,"Allen"
"36029",1165.12976074219,"Erie"
"28093",1913.90942382812,"Marshall"
"05107",1497.17858886719,"Phillips"
"46102",NA,"Oglala Lakota"
"46099",1470.45544433594,"Minnehaha"
"39021",1276.04553222656,"Champaign"
"13197",1516.88452148438,"Marion"
"51095",1639.16040039062,"James City"
"19111",1358.01745605469,"Lee"
"48113",1661.603515625,"Dallas"
"41065",1071.12377929688,"Wasco"
"30007",1437.27062988281,"Broadwater"
"41061",1136.70336914062,"Union"
"12087",6040.43017578125,"Monroe"
"25027",1642.88562011719,"Worcester"
"28059",3000.96875,"Jackson"
"45013",2870.16479492188,"Beaufort"
"16049",1223.13342285156,"Idaho"
"24033",1752.07824707031,"Prince George's"
"28109",2341.97680664062,"Pearl River"
"34009",2083.95629882812,"Cape May"
"22057",2991.37841796875,"Lafourche"
"38053",1618.3369140625,"McKenzie"
"41005",1217.98913574219,"Clackamas"
"08073",2055.15478515625,"Lincoln"
"41033",1040.49365234375,"Josephine"
"02195",NA,"Petersburg"
"21121",1548.35522460938,"Knox"
"01041",1640.83898925781,"Crenshaw"
"06089",1240.05639648438,"Shasta"
"13013",1445.1181640625,"Barrow"
"18067",1219.47973632812,"Howard"
"20193",NA,"Thomas"
"21179",1616.67443847656,"Nelson"
"32027",991.700378417969,"Pershing"
"31053",1736.36828613281,"Dodge"
"40113",1986.60168457031,"Osage"
"49027",826.235229492188,"Millard"
"51001",1899.53588867188,"Accomack"
"02220",NA,"Sitka"
"41015",1109.92712402344,"Curry"
"05007",1708.46411132812,"Benton"
"22099",1807.421875,"St. Martin"
"51147",1158.77673339844,"Prince Edward"
"16007",1185.86047363281,"Bear Lake"
"48377",NA,"Presidio"
"48457",1776.4189453125,"Tyler"
"40033",2056.88696289062,"Cotton"
"22095",2337.97314453125,"St. John the Baptist"
"51061",1467.62170410156,"Fauquier"
"48367",2241.38598632812,"Parker"
"48073",2020.880859375,"Cherokee"
"01027",1553.34753417969,"Clay"
"49023",796.875915527344,"Juab"
"06105",1484.2197265625,"Trinity"
"06103",1269.01879882812,"Tehama"
"16023",1170.78491210938,"Butte"
"17113",1174.56982421875,"McLean"
"29095",1586.87292480469,"Jackson"
"37041",2036.99572753906,"Chowan"
"48197",NA,"Hardeman"
"36121",1096.31457519531,"Wyoming"
"25013",1343.45825195312,"Hampden"
"21125",1397.14916992188,"Laurel"
"18093",1506.86828613281,"Lawrence"
"55115",1040.51062011719,"Shawano"
"06045",1537.2744140625,"Mendocino"
"32031",1094.92687988281,"Washoe"
"46033",2113.20458984375,"Custer"
"01079",1635.08447265625,"Lawrence"
"16047",1086.36633300781,"Gooding"
"23021",1109.04626464844,"Piscataquis"
"46013",1649.26281738281,"Brown"
"20167",NA,"Russell"
"40075",2401.71362304688,"Kiowa"
"33013",1530.44848632812,"Merrimack"
"41031",973.647521972656,"Jefferson"
"47117",1289.41333007812,"Marshall"
"29003",1431.08056640625,"Andrew"
"51019",1082.30590820312,"Bedford"
"47189",1521.71691894531,"Wilson"
"48455",1832.8876953125,"Trinity"
"72035",NA,"Cayey"
"53035",1224.2998046875,"Kitsap"
"49041",896.723937988281,"Sevier"
"36047",2978.31396484375,"Kings"
"55003",1231.09582519531,"Ashland"
"55123",1304.29968261719,"Vernon"
"28149",1920.54040527344,"Warren"
"08014",1989.87805175781,"Broomfield"
"48041",1459.42163085938,"Brazos"
"30031",1623.80603027344,"Gallatin"
"30107",NA,"Wheatland"
"51520",1034.65686035156,"Bristol"
"18063",1469.58801269531,"Hendricks"
"55053",1412.54760742188,"Jackson"
"01125",1610.46850585938,"Tuscaloosa"
"51127",1291.0302734375,"New Kent"
"05011",1403.94616699219,"Bradley"
"32510",998.6064453125,"Carson City"
"37013",2257.63916015625,"Beaufort"
"01127",1692.69946289062,"Walker"
"13005",1768.92431640625,"Bacon"
"18045",1486.71545410156,"Fountain"
"21073",1391.04382324219,"Franklin"
"49037",965.683471679688,"San Juan"
"56029",1275.70153808594,"Park"
"18139",1420.92102050781,"Rush"
"26165",NA,"Wexford"
"37117",1611.31726074219,"Martin"
"48473",2359.5439453125,"Waller"
"48407",2085.56079101562,"San Jacinto"
"51069",1208.49169921875,"Frederick"
"30055",NA,"McCone"
"54047",NA,"McDowell"
"01037",1835.43115234375,"Coosa"
"16065",991.590942382812,"Madison"
"17147",1213.34216308594,"Piatt"
"42097",896.025024414062,"Northumberland"
"23029",1347.46594238281,"Washington"
"37143",2588.77026367188,"Perquimans"
"42035",1001.38818359375,"Clinton"
"30069",NA,"Petroleum"
"06021",1100.42724609375,"Glenn"
"17143",1213.31323242188,"Peoria"
"20067",2377.07055664062,"Grant"
"21233",1996.76306152344,"Webster"
"35051",1032.01586914062,"Sierra"
"35043",1217.14270019531,"Sandoval"
"06065",1511.79162597656,"Riverside"
"53007",1260.54724121094,"Chelan"
"05133",1444.59533691406,"Sevier"
"48333",NA,"Mills"
"39149",1109.25756835938,"Shelby"
"22075",3969.65478515625,"Plaquemines"
"06093",1240.79443359375,"Siskiyou"
"30023",1252.21606445312,"Deer Lodge"
"21195",1797.57824707031,"Pike"
"01049",1672.69812011719,"DeKalb"
"06077",1307.185546875,"San Joaquin"
"36007",1124.20178222656,"Broome"
"05073",NA,"Lafayette"
"51015",991.765869140625,"Augusta"
"42111",898.621337890625,"Somerset"
"48033",NA,"Borden"
"50015",1532.22045898438,"Lamoille"
"54039",1329.41418457031,"Kanawha"
"72151",NA,"Yabucoa"
"13099",1632.09143066406,"Early"
"13321",1409.65319824219,"Worth"
"26147",1417.29650878906,"St. Clair"
"30081",1362.14294433594,"Ravalli"
"28015",2049.59741210938,"Carroll"
"48043",1672.3505859375,"Brewster"
"53025",1214.35900878906,"Grant"
"51111",1118.13916015625,"Lunenburg"
"12067",1670.10046386719,"Lafayette"
"36019",1291.57983398438,"Clinton"
"22025",1654.38732910156,"Catahoula"
"39095",1198.37585449219,"Lucas"
"12133",1587.88391113281,"Washington"
"53037",1375.31713867188,"Kittitas"
"41067",1045.14270019531,"Washington"
"04005",1180.60412597656,"Coconino"
"36075",1701.41491699219,"Oswego"
"01055",1643.52795410156,"Etowah"
"21225",1898.17053222656,"Union"
"47121",1617.44519042969,"Meigs"
"01113",1424.45141601562,"Russell"
"08123",1835.41064453125,"Weld"
"48287",1730.40966796875,"Lee"
"72069",NA,"Humacao"
"53041",1275.08544921875,"Lewis"
"51735",2754.0546875,"Poquoson"
"41017",969.587646484375,"Deschutes"
"30035",1153.52478027344,"Glacier"
"56013",1278.72900390625,"Fremont"
"29165",1820.80712890625,"Platte"
"34037",1672.29479980469,"Sussex"
"40059",NA,"Harper"
"01073",1733.70080566406,"Jefferson"
"48141",1304.865234375,"El Paso"
"06085",1881.48864746094,"Santa Clara"
"28027",2136.888671875,"Coahoma"
"48177",1847.45007324219,"Gonzales"
"16059",1207.90393066406,"Lemhi"
"01069",1651.05676269531,"Houston"
"50027",1587.70043945312,"Windsor"
"47045",1647.55065917969,"Dyer"
"18019",1364.64025878906,"Clark"
"05005",1358.93017578125,"Baxter"
"13179",1622.88977050781,"Liberty"
"22077",1937.07165527344,"Pointe Coupee"
"30083",2141.11767578125,"Richland"
"08049",1348.62292480469,"Grand"
"05051",1724.38110351562,"Garland"
"48097",2179.2763671875,"Cooke"
"08103",1125.18603515625,"Rio Blanco"
"47013",1456.72570800781,"Campbell"
"27075",1449.04162597656,"Lake"
"37175",1262.86083984375,"Transylvania"
"28163",2262.97534179688,"Yazoo"
"53031",1088.52099609375,"Jefferson"
"27133",1348.90002441406,"Rock"
"50005",1554.4501953125,"Caledonia"
"48219",1918.0458984375,"Hockley"
"48063",1954.751953125,"Camp"
"29087",1780.06176757812,"Holt"
"06025",1224.71765136719,"Imperial"
"48077",1715.20666503906,"Clay"
"40141",1986.91613769531,"Tillman"
"26101",1711.61804199219,"Manistee"
"30105",2034.96228027344,"Valley"
"36105",1445.30444335938,"Sullivan"
"41019",1053.54931640625,"Douglas"
"53015",1099.19152832031,"Cowlitz"
"55075",1094.92663574219,"Marinette"
"17071",NA,"Henderson"
"05103",1563.28637695312,"Ouachita"
"32019",901.455444335938,"Lyon"
"42101",1454.55786132812,"Philadelphia"
"13023",1786.00903320312,"Bleckley"
"41007",1229.1259765625,"Clatsop"
"23003",891.844604492188,"Aroostook"
"30057",1493.35461425781,"Madison"
"13001",1603.06066894531,"Appling"
"08081",1197.5576171875,"Moffat"
"34013",2376.01220703125,"Essex"
"13175",2002.94921875,"Laurens"
"55041",1162.45288085938,"Forest"
"05077",1909.08679199219,"Lee"
"55083",1128.85766601562,"Oconto"
"56017",1245.41235351562,"Hot Springs"
"46119",NA,"Sully"
"48319",NA,"Mason"
"20019",NA,"Chautauqua"
"28063",2057.73095703125,"Jefferson"
"01103",1483.93347167969,"Morgan"
"28079",1866.72631835938,"Leake"
"54033",1134.50366210938,"Harrison"
"48485",1724.27453613281,"Wichita"
"20073",NA,"Greenwood"
"56033",1468.95776367188,"Sheridan"
"72099",NA,"Moca"
"51510",1716.3955078125,"Alexandria"
"28117",1699.15356445312,"Prentiss"
"12079",1611.42346191406,"Madison"
"13239",NA,"Quitman"
"27149",1578.7529296875,"Stevens"
"13305",1591.85668945312,"Wayne"
"17105",1191.48901367188,"Livingston"
"13073",1463.67065429688,"Columbia"
"04011",NA,"Greenlee"
"26031",1448.10986328125,"Cheboygan"
"36061",5848.025390625,"New York"
"01099",1717.06396484375,"Monroe"
"08097",2659.71020507812,"Pitkin"
"19065",1214.69506835938,"Fayette"
"40133",1990.05407714844,"Seminole"
"37103",1832.1533203125,"Jones"
"48245",2186.92822265625,"Jefferson"
"18009",1229.24645996094,"Blackford"
"22081",1472.23303222656,"Red River"
"47151",1713.57336425781,"Scott"
"55078",NA,"Menominee"
"05045",1752.51635742188,"Faulkner"
"13309",NA,"Wheeler"
"05097",1434.56872558594,"Montgomery"
"51187",1347.40441894531,"Warren"
"54021",NA,"Gilmer"
"54037",1321.609375,"Jefferson"
"13033",1516.28344726562,"Burke"
"54073",984.045776367188,"Pleasants"
"21069",1382.63452148438,"Fleming"
"24001",1298.16345214844,"Allegany"
"08065",1244.00463867188,"Lake"
"37151",1021.88983154297,"Randolph"
"47037",1575.73352050781,"Davidson"
"29071",1672.78735351562,"Franklin"
"48109",NA,"Culberson"
"21227",1673.44970703125,"Warren"
"48425",1667.09851074219,"Somervell"
"72105",NA,"Naranjito"
"53075",1178.63195800781,"Whitman"
"42003",1225.37353515625,"Allegheny"
"51570",1102.83764648438,"Colonial Heights"
"46117",2449.14379882812,"Stanley"
"54015",NA,"Clay"
"13213",1266.78479003906,"Murray"
"48323",1311.76647949219,"Maverick"
"47101",1449.00964355469,"Lewis"
"28013",1943.6865234375,"Calhoun"
"28035",2101.1494140625,"Forrest"
"72115",NA,"Quebradillas"
"54109",NA,"Wyoming"
"13181",1584.04223632812,"Lincoln"
"42049",888.934875488281,"Erie"
"19047",1245.02465820312,"Crawford"
"28049",2064.55737304688,"Hinds"
"47119",1307.00268554688,"Maury"
"01133",2116.50659179688,"Winston"
"48123",1849.14038085938,"DeWitt"
"47171",1358.94201660156,"Unicoi"
"22031",1044.478515625,"De Soto"
"42099",1065.81909179688,"Perry"
"09150",NA,"Northeastern Connecticut"
"46037",NA,"Day"
"55107",1166.60876464844,"Rusk"
"20101",NA,"Lane"
"72145",NA,"Vega Baja"
"51670",1017.89080810547,"Hopewell"
"13311",1538.32824707031,"White"
"15003",2180.15112304688,"Honolulu"
"40017",2524.818359375,"Canadian"
"40107",2559.66796875,"Okfuskee"
"13285",1483.44018554688,"Troup"
"20021",1668.31689453125,"Cherokee"
"40115",1689.61962890625,"Ottawa"
"01035",1804.36071777344,"Conecuh"
"08087",1947.10668945312,"Morgan"
"18023",1352.58032226562,"Clinton"
"21153",NA,"Magoffin"
"29055",1501.33239746094,"Crawford"
"28161",1844.16674804688,"Yalobusha"
"72103",NA,"Naguabo"
"54083",1121.1279296875,"Randolph"
"35023",1221.70947265625,"Hidalgo"
"20191",2147.6162109375,"Sumner"
"30041",1532.02746582031,"Hill"
"05137",1565.2548828125,"Stone"
"19125",1512.17407226562,"Marion"
"37139",1826.26379394531,"Pasquotank"
"34035",2049.861328125,"Somerset"
"48201",2142.18994140625,"Harris"
"55129",1480.65441894531,"Washburn"
"48209",1854.19372558594,"Hays"
"17157",1375.62414550781,"Randolph"
"42059",1139.08386230469,"Greene"
"27029",1419.93481445312,"Clearwater"
"36025",1216.6103515625,"Delaware"
"51059",1717.20935058594,"Fairfax"
"45059",1273.88317871094,"Laurens"
"47105",1429.71740722656,"Loudon"
"56025",1421.46008300781,"Natrona"
"72127",NA,"San Juan"
"47175",1485.52331542969,"Van Buren"
"51197",1078.48168945312,"Wythe"
"16041",1141.29553222656,"Franklin"
"21045",1533.92443847656,"Casey"
"26081",1400.18774414062,"Kent"
"28043",1815.79541015625,"Grenada"
"13313",1322.77783203125,"Whitfield"
"26151",1320.59045410156,"Sanilac"
"72015",NA,"Arroyo"
"21039",1714.85900878906,"Carlisle"
"31035",1707.18774414062,"Clay"
"42075",1054.46801757812,"Lebanon"
"47093",1392.10876464844,"Knox"
"08047",1867.84826660156,"Gilpin"
"42131",1201.24694824219,"Wyoming"
"42025",1075.80529785156,"Carbon"
"39153",1206.28857421875,"Summit"
"37049",1751.00305175781,"Craven"
"51145",1322.12719726562,"Powhatan"
"18057",1715.39221191406,"Hamilton"
"05141",1694.78393554688,"Van Buren"
"30019",1781.17468261719,"Daniels"
"48451",1396.27355957031,"Tom Green"
"01045",1695.85986328125,"Dale"
"13071",1481.27612304688,"Colquitt"
"20099",NA,"Labette"
"02198",NA,"Prince of Wales-Hyder"
"51193",1624.09484863281,"Westmoreland"
"23027",1186.43469238281,"Waldo"
"47025",1423.25842285156,"Claiborne"
"05085",1644.29907226562,"Lonoke"
"17065",NA,"Hamilton"
"18109",1561.34545898438,"Morgan"
"40039",2315.26220703125,"Custer"
"31149",NA,"Rock"
"37001",1344.52966308594,"Alamance"
"46135",NA,"Yankton"
"17127",1560.87316894531,"Massac"
"55061",1010.30358886719,"Kewaunee"
"46107",NA,"Potter"
"21049",1339.6171875,"Clark"
"13233",1474.91479492188,"Polk"
"18145",1462.01037597656,"Shelby"
"22111",1062.90661621094,"Union"
"35029",1165.04479980469,"Luna"
"18171",1527.73852539062,"Warren"
"27045",1655.86706542969,"Fillmore"
"31147",1687.91015625,"Richardson"
"26077",3281.38696289062,"Kalamazoo"
"02230",NA,"Skagway"
"26115",1777.79187011719,"Monroe"
"39165",1414.91015625,"Warren"
"29211",NA,"Sullivan"
"26037",1425.546875,"Clinton"
"01051",1462.93627929688,"Elmore"
"37197",1167.23474121094,"Yadkin"
"12055",1604.544921875,"Highlands"
"12111",1912.92456054688,"St. Lucie"
"40041",2020.86901855469,"Delaware"
"39103",1182.28601074219,"Medina"
"19055",1353.08288574219,"Delaware"
"39109",1156.58605957031,"Miami"
"01031",1685.70141601562,"Coffee"
"48251",1828.53588867188,"Johnson"
"48291",2326.53442382812,"Liberty"
"54097",1150.2197265625,"Upshur"
"55059",1250.02880859375,"Kenosha"
"31115",NA,"Loup"
"16005",1029.9423828125,"Bannock"
"45087",1289.55847167969,"Union"
"20165",NA,"Rush"
"37111",1097.83679199219,"McDowell"
"36083",1630.31494140625,"Rensselaer"
"23001",1027.40222167969,"Androscoggin"
"19073",1285.99157714844,"Greene"
"48125",NA,"Dickens"
"26085",2011.39404296875,"Lake"
"27017",1594.44140625,"Carlton"
"20025",NA,"Clark"
"26061",1162.54772949219,"Houghton"
"39079",1294.86535644531,"Jackson"
"37081",1120.52807617188,"Guilford"
"28075",1831.29968261719,"Lauderdale"
"22009",1262.31140136719,"Avoyelles"
"21217",1598.23425292969,"Taylor"
"18141",1257.98083496094,"St. Joseph"
"51630",1414.70385742188,"Fredericksburg"
"13031",1625.83190917969,"Bulloch"
"19083",1314.78100585938,"Hardin"
"13037",1724.62194824219,"Calhoun"
"48361",2130.74072265625,"Orange"
"08111",NA,"San Juan"
"51085",1236.28076171875,"Hanover"
"21053",1586.48291015625,"Clinton"
"39147",1173.70288085938,"Seneca"
"17191",1582.384765625,"Wayne"
"51036",1377.71069335938,"Charles City"
"21065",NA,"Estill"
"21075",1704.08227539062,"Fulton"
"06107",1152.55603027344,"Tulare"
"19011",1322.35986328125,"Benton"
"17169",NA,"Schuyler"
"38023",NA,"Divide"
"21203",1729.49450683594,"Rockcastle"
"47029",1336.67700195312,"Cocke"
"21215",1660.40576171875,"Spencer"
"38007",NA,"Billings"
"48259",2005.55798339844,"Kendall"
"55051",960.142272949219,"Iron"
"47053",1447.96032714844,"Gibson"
"45027",1549.48767089844,"Clarendon"
"20007",NA,"Barber"
"33007",1254.20825195312,"Coos"
"17077",1621.734375,"Jackson"
"37187",2115.947265625,"Washington"
"06071",1350.52453613281,"San Bernardino"
"17035",1334.72644042969,"Cumberland"
"12011",3405.29150390625,"Broward"
"13195",1408.57971191406,"Madison"
"48305",2603.92626953125,"Lynn"
"48329",1883.92944335938,"Midland"
"29123",1522.07653808594,"Madison"
"08041",1875.65002441406,"El Paso"
"22083",1251.7802734375,"Richland"
"08119",1939.70812988281,"Teller"
"40139",2090.61157226562,"Texas"
"18165",1376.02734375,"Vermillion"
"38025",2140.6083984375,"Dunn"
"30017",1833.95251464844,"Custer"
"17017",1277.77966308594,"Cass"
"42055",936.483215332031,"Franklin"
"21123",2014.86889648438,"Larue"
"35025",2117.91625976562,"Lea"
"01091",1869.03173828125,"Marengo"
"21061",1559.14758300781,"Edmonson"
"31041",1717.27978515625,"Custer"
"48139",1741.607421875,"Ellis"
"55077",1301.18896484375,"Marquette"
"20011",NA,"Bourbon"
"27113",1344.79260253906,"Pennington"
"23017",1230.744140625,"Oxford"
"36071",1624.30908203125,"Orange"
"22103",2248.39794921875,"St. Tammany"
"31145",1842.80322265625,"Red Willow"
"36031",1470.45654296875,"Essex"
"29213",1762.34545898438,"Taney"
"48379",1958.21557617188,"Rains"
"36023",1274.93188476562,"Cortland"
"48343",1776.22729492188,"Morris"
"36001",1554.36242675781,"Albany"
"51113",1259.69885253906,"Madison"
"51157",1572.46533203125,"Rappahannock"
"48395",1931.79541015625,"Robertson"
"40077",2056.27001953125,"Latimer"
"21151",1481.95959472656,"Madison"
"42067",986.737731933594,"Juniata"
"29107",1591.34216308594,"Lafayette"
"26093",2023.04528808594,"Livingston"
"29135",1598.84948730469,"Moniteau"
"36005",2818.21069335938,"Bronx"
"31123",2490.33569335938,"Morrill"
"05023",1674.39978027344,"Cleburne"
"05089",1465.78771972656,"Marion"
"36081",2380.58032226562,"Queens"
"01121",1687.478515625,"Talladega"
"18105",1443.40051269531,"Monroe"
"31073",1998.46044921875,"Gosper"
"45009",1592.67956542969,"Bamberg"
"48409",2438.728515625,"San Patricio"
"21229",1370.9111328125,"Washington"
"41001",934.915283203125,"Baker"
"01089",1656.96252441406,"Madison"
"38079",1305.89331054688,"Rolette"
"28031",2146.56909179688,"Covington"
"28151",2043.08203125,"Washington"
"46129",NA,"Walworth"
"48439",1792.60864257812,"Tarrant"
"39053",1610.42065429688,"Gallia"
"39111",1505.83142089844,"Monroe"
"42051",1031.48889160156,"Fayette"
"28053",NA,"Humphreys"
"51021",1057.01782226562,"Bland"
"39051",1195.4765625,"Fulton"
"12109",1884.93762207031,"St. Johns"
"13017",1439.77429199219,"Ben Hill"
"01123",1612.44897460938,"Tallapoosa"
"48147",1773.10144042969,"Fannin"
"35005",1550.40270996094,"Chaves"
"26103",1130.59204101562,"Marquette"
"29195",1382.61511230469,"Saline"
"34033",1984.01062011719,"Salem"
"17009",NA,"Brown"
"19195",1401.99084472656,"Worth"
"09110",NA,"Capitol"
"28139",1477.31323242188,"Tippah"
"01085",2004.38134765625,"Lowndes"
"16045",1105.44592285156,"Gem"
"27043",1421.60705566406,"Faribault"
"21019",1732.99572753906,"Boyd"
"54069",1192.88122558594,"Ohio"
"28143",1882.06689453125,"Tunica"
"41037",1138.826171875,"Lake"
"22043",828.186157226562,"Grant"
"21165",NA,"Menifee"
"39057",1301.0556640625,"Greene"
"19169",1366.623046875,"Story"
"54003",1168.22534179688,"Berkeley"
"01093",1639.98132324219,"Marion"
"55021",1346.18896484375,"Columbia"
"36009",1208.17065429688,"Cattaraugus"
"26025",NA,"Calhoun"
"39015",976.797119140625,"Brown"
"47141",1289.31774902344,"Putnam"
"39171",1029.54357910156,"Williams"
"38027",NA,"Eddy"
"17173",1338.60168457031,"Shelby"
"48081",NA,"Coke"
"47137",1854.12609863281,"Pickett"
"37167",1141.80395507812,"Stanly"
"48099",1130.0927734375,"Coryell"
"17029",1203.80712890625,"Coles"
"47153",1858.07275390625,"Sequatchie"
"19053",1797.82690429688,"Decatur"
"21127",1316.0517578125,"Lawrence"
"46059",NA,"Hand"
"42037",1002.59478759766,"Columbia"
"29009",1521.45642089844,"Barry"
"41069",NA,"Wheeler"
"29041",NA,"Chariton"
"51119",1560.81799316406,"Middlesex"
"50023",1330.94311523438,"Washington"
"13075",1364.23669433594,"Cook"
"51195",1176.90014648438,"Wise"
"45007",1212.169921875,"Anderson"
"72101",NA,"Morovis"
"47061",1446.50183105469,"Grundy"
"18161",1449.29541015625,"Union"
"26073",1349.87268066406,"Isabella"
"05055",1485.55480957031,"Greene"
"20133",NA,"Neosho"
"41021",881.362487792969,"Gilliam"
"08017",NA,"Cheyenne"
"17187",1352.458984375,"Warren"
"22063",1739.98278808594,"Livingston"
"26119",NA,"Montmorency"
"18015",1388.61376953125,"Carroll"
"26047",1479.39318847656,"Emmet"
"72095",NA,"Maunabo"
"18169",1203.16235351562,"Wabash"
"26075",1372.89587402344,"Jackson"
"49031",NA,"Piute"
"37183",1440.12829589844,"Wake"
"37123",1524.94995117188,"Montgomery"
"37165",1689.50500488281,"Scotland"
"17061",1462.84375,"Greene"
"06009",1444.35583496094,"Calaveras"
"21031",1546.40234375,"Butler"
"38005",NA,"Benson"
"19009",1393.83325195312,"Audubon"
"72053",NA,"Fajardo"
"20045",1852.79443359375,"Douglas"
"37189",1383.15600585938,"Watauga"
"30103",NA,"Treasure"
"55121",1274.41833496094,"Trempealeau"
"40011",2057.92260742188,"Blaine"
"72047",NA,"Corozal"
"47067",1397.68786621094,"Hancock"
"55033",1297.00439453125,"Dunn"
"37059",1371.30480957031,"Davie"
"05019",1992.7353515625,"Clark"
"40023",1940.83557128906,"Choctaw"
"05063",1582.96105957031,"Independence"
"20195",NA,"Trego"
"21077",1599.72180175781,"Gallatin"
"20177",1631.55358886719,"Shawnee"
"19171",1376.94848632812,"Tama"
"29019",1421.603515625,"Boone"
"19115",1492.66870117188,"Louisa"
"20039",NA,"Decatur"
"45091",1369.53051757812,"York"
"55005",1307.2470703125,"Barron"
"22021",1366.62292480469,"Caldwell"
"22037",1825.65588378906,"East Feliciana"
"46009",NA,"Bon Homme"
"47073",1200.90075683594,"Hawkins"
"45033",1413.4716796875,"Dillon"
"45037",1616.62426757812,"Edgefield"
"29027",1450.24401855469,"Callaway"
"47113",1580.90246582031,"Madison"
"56001",1389.57043457031,"Albany"
"51029",1140.37170410156,"Buckingham"
"12045",2571.345703125,"Gulf"
"13315",1825.55249023438,"Wilcox"
"05131",1572.10400390625,"Sebastian"
"05129",1594.28479003906,"Searcy"
"22019",1799.34143066406,"Calcasieu"
"40079",1928.20129394531,"Le Flore"
"21187",1570.76513671875,"Owen"
"38075",1658.068359375,"Renville"
"27125",1421.904296875,"Red Lake"
"40095",2236.92504882812,"Marshall"
"72121",NA,"Sabana Grande"
"24005",1454.8330078125,"Baltimore"
"28055",NA,"Issaquena"
"39083",1212.51867675781,"Knox"
"51175",1354.82385253906,"Southampton"
"55011",1193.91845703125,"Buffalo"
"22065",NA,"Madison"
"51800",1958.37316894531,"Suffolk"
"28051",1541.97973632812,"Holmes"
"72001",NA,"Adjuntas"
"72029",NA,"Canóvanas"
"72043",NA,"Coamo"
"45063",1321.51721191406,"Lexington"
"55105",1153.06469726562,"Rock"
"56023",1208.28637695312,"Lincoln"
"53013",1431.19384765625,"Columbia"
"27117",1564.40576171875,"Pipestone"
"51099",1370.87622070312,"King George"
"29043",1572.82263183594,"Christian"
"01011",2188.57104492188,"Bullock"
"13237",1596.60314941406,"Putnam"
"40007",2350.32470703125,"Beaver"
"31043",1621.31811523438,"Dakota"
"05105",1510.93701171875,"Perry"
"48351",1793.66979980469,"Newton"
"29039",1579.79333496094,"Cedar"
"31049",1974.62158203125,"Deuel"
"41071",1117.84545898438,"Yamhill"
"20079",1933.55004882812,"Harvey"
"27159",1542.65698242188,"Wadena"
"44001",2494.54931640625,"Bristol"
"47135",1489.78112792969,"Perry"
"34039",2012.98425292969,"Union"
"29147",1356.74621582031,"Nodaway"
"27095",1690.98583984375,"Mille Lacs"
"20071",NA,"Greeley"
"13141",1425.44079589844,"Hancock"
"12037",3485.24267578125,"Franklin"
"12117",1855.13354492188,"Seminole"
"28157",NA,"Wilkinson"
"05121",1427.00793457031,"Randolph"
"26019",NA,"Benzie"
"40045",NA,"Ellis"
"54071",NA,"Pendleton"
"29209",1834.29650878906,"Stone"
"29029",1772.50939941406,"Camden"
"38097",1538.33422851562,"Traill"
"42005",840.69775390625,"Armstrong"
"20013",NA,"Brown"
"18129",1474.66711425781,"Posey"
"08029",1094.72546386719,"Delta"
"13231",1484.052734375,"Pike"
"13319",1422.07458496094,"Wilkinson"
"39115",1209.49182128906,"Morgan"
"46121",NA,"Todd"
"30021",1918.36767578125,"Dawson"
"20091",2068.78051757812,"Johnson"
"20153",NA,"Rawlins"
"20127",NA,"Morris"
"48445",1932.43688964844,"Terry"
"13171",1506.99401855469,"Lamar"
"13199",1575.59436035156,"Meriwether"
"39143",1196.86413574219,"Sandusky"
"48353",1866.43798828125,"Nolan"
"22089",2912.92065429688,"St. Charles"
"13277",1460.23278808594,"Tift"
"38089",1832.76928710938,"Stark"
"32009",NA,"Esmeralda"
"28089",2072.84033203125,"Madison"
"55063",1149.21350097656,"La Crosse"
"72041",NA,"Cidra"
"29177",1635.04125976562,"Ray"
"31037",1582.00671386719,"Colfax"
"45041",1629.49243164062,"Florence"
"54001",1415.63537597656,"Barbour"
"13287",2024.53833007812,"Turner"
"37089",1343.39489746094,"Henderson"
"17183",1179.19287109375,"Vermilion"
"37129",2545.8330078125,"New Hanover"
"21071",1552.42248535156,"Floyd"
"48211",1638.61511230469,"Hemphill"
"20077",1995.67077636719,"Harper"
"27093",1564.25964355469,"Meeker"
"27059",1831.76318359375,"Isanti"
"27143",1558.86047363281,"Sibley"
"28121",1737.55505371094,"Rankin"
"37003",1274.44201660156,"Alexander"
"39001",1291.78210449219,"Adams"
"38017",1558.02856445312,"Cass"
"06031",1043.19897460938,"Kings"
"04019",1078.77453613281,"Pima"
"05125",1600.96008300781,"Saline"
"41047",983.381591796875,"Marion"
"23005",1209.94519042969,"Cumberland"
"48363",2250.98559570312,"Palo Pinto"
"41035",1017.14605712891,"Klamath"
"05059",1715.71166992188,"Hot Spring"
"08059",2103.302734375,"Jefferson"
"04001",1164.66357421875,"Apache"
"12083",1324.23950195312,"Marion"
"25005",1830.96020507812,"Bristol"
"49015",NA,"Emery"
"22117",1509.72827148438,"Washington"
"40089",1989.93176269531,"McCurtain"
"29171",NA,"Putnam"
"35061",1713.38671875,"Valencia"
"30049",1436.14916992188,"Lewis and Clark"
"24047",1729.58996582031,"Worcester"
"47157",2732.74658203125,"Shelby"
"56043",1350.10278320312,"Washakie"
"39061",1223.5068359375,"Hamilton"
"51199",1617.63659667969,"York"
"04007",1101.3916015625,"Gila"
"05049",1285.77087402344,"Fulton"
"13051",2520.14770507812,"Chatham"
"30059",1471.427734375,"Meagher"
"29035",NA,"Carter"
"28137",1758.15405273438,"Tate"
"72075",NA,"Juana Díaz"
"17015",1307.61157226562,"Carroll"
"12121",1657.63427734375,"Suwannee"
"17121",1423.13415527344,"Marion"
"13221",1401.38232421875,"Oglethorpe"
"35041",1876.83923339844,"Roosevelt"
"16013",1481.7490234375,"Blaine"
"35006",1198.98608398438,"Cibola"
"18025",1368.36352539062,"Crawford"
"47027",1210.32897949219,"Clay"
"30063",1329.67468261719,"Missoula"
"32003",1054.60498046875,"Clark"
"22033",1815.22180175781,"East Baton Rouge"
"12039",1572.86596679688,"Gadsden"
"12091",2074.38037109375,"Okaloosa"
"06033",1414.25146484375,"Lake"
"42021",851.837341308594,"Cambria"
"48437",1526.96105957031,"Swisher"
"08045",1791.27368164062,"Garfield"
"17075",1279.85217285156,"Iroquois"
"01067",1777.46557617188,"Henry"
"05135",1311.40075683594,"Sharp"
"48273",2150.369140625,"Kleberg"
"51153",1514.841796875,"Prince William"
"51097",1457.99377441406,"King and Queen"
"16021",1154.94702148438,"Boundary"
"37119",1396.1669921875,"Mecklenburg"
"36069",1506.33715820312,"Ontario"
"72091",NA,"Manatí"
"28105",1759.45715332031,"Oktibbeha"
"34003",2117.67504882812,"Bergen"
"06053",1477.36010742188,"Monterey"
"38051",NA,"McIntosh"
"26029",1605.51977539062,"Charlevoix"
"38095",NA,"Towner"
"13205",1812.27746582031,"Mitchell"
"02105",NA,"Hoonah-Angoon"
"08057",NA,"Jackson"
"30027",1542.09155273438,"Fergus"
"48065",1602.06872558594,"Carson"
"21147",1219.86157226562,"McCreary"
"72059",NA,"Guayanilla"
"48401",1384.87280273438,"Rusk"
"01057",1795.1630859375,"Fayette"
"42081",921.062072753906,"Lycoming"
"05001",1648.01477050781,"Arkansas"
"48085",2175.14892578125,"Collin"
"37051",1333.64233398438,"Cumberland"
"25001",2219.50366210938,"Barnstable"
"29143",1641.79296875,"New Madrid"
"42107",1012.05029296875,"Schuylkill"
"09160",NA,"Northwest Hills"
"30079",NA,"Prairie"
"54041",1429.86389160156,"Lewis"
"49047",995.842895507812,"Uintah"
"41057",1210.98254394531,"Tillamook"
"16077",955.166320800781,"Power"
"48419",1624.12280273438,"Shelby"
"06083",1305.33032226562,"Santa Barbara"
"20131",NA,"Nemaha"
"06063",1244.34521484375,"Plumas"
"12105",1775.27856445312,"Polk"
"12119",1125.00439453125,"Sumter"
"39159",1435.18103027344,"Union"
"45089",1725.00207519531,"Williamsburg"
"30097",1493.39331054688,"Sweet Grass"
"18005",1327.38623046875,"Bartholomew"
"22101",2603.63330078125,"St. Mary"
"16053",1059.1796875,"Jerome"
"51091",1074.7451171875,"Highland"
"06005",1401.36633300781,"Amador"
"06013",1675.05261230469,"Contra Costa"
"12123",1802.22387695312,"Taylor"
"46071",NA,"Jackson"
"45081",1384.78991699219,"Saluda"
"56009",1599.30676269531,"Converse"
"51610",3355.47802734375,"Falls Church"
"13049",1561.58190917969,"Charlton"
"47097",1486.16357421875,"Lauderdale"
"06049",1010.4833984375,"Modoc"
"51079",1136.78662109375,"Greene"
"15005",NA,"Kalawao"
"45019",3231.47875976562,"Charleston"
"01077",1590.03747558594,"Lauderdale"
"17109",1163.02319335938,"McDonough"
"41039",991.283874511719,"Lane"
"44007",1548.32873535156,"Providence"
"50009",1456.30969238281,"Essex"
"21155",1365.92419433594,"Marion"
"54067",1242.23498535156,"Nicholas"
"51181",1435.06555175781,"Surry"
"56035",1265.10668945312,"Sublette"
"26021",1698.85461425781,"Berrien"
"12086",3901.57202148438,"Miami-Dade"
"02100",NA,"Haines"
"39031",1204.49462890625,"Coshocton"
"13259",NA,"Stewart"
"41045",1044.6103515625,"Malheur"
"13317",1664.81066894531,"Wilkes"
"33009",1520.57775878906,"Grafton"
"08069",1621.55773925781,"Larimer"
"39113",1159.62316894531,"Montgomery"
"08077",1137.58972167969,"Mesa"
"13035",1403.37060546875,"Butts"
"01101",1468.88037109375,"Montgomery"
"51087",1179.17822265625,"Henrico"
"50001",1292.27490234375,"Addison"
"46061",NA,"Hanson"
"26035",1538.88757324219,"Clare"
"47129",1374.01586914062,"Morgan"
"37157",1026.18273925781,"Rockingham"
"39125",1111.71105957031,"Paulding"
"48461",NA,"Upton"
"48189",1637.35046386719,"Hale"
"46045",NA,"Edmunds"
"55025",1339.30847167969,"Dane"
"21087",1842.015625,"Green"
"41053",1122.98010253906,"Polk"
"45045",1262.26733398438,"Greenville"
"54043",1488.99633789062,"Lincoln"
"72063",NA,"Gurabo"
"51143",937.938110351562,"Pittsylvania"
"21015",1472.57800292969,"Boone"
"02275",NA,"Wrangell"
"48167",2539.01977539062,"Galveston"
"53047",1383.04138183594,"Okanogan"
"53005",1108.94250488281,"Benton"
"56007",1215.89782714844,"Carbon"
"49017",838.489562988281,"Garfield"
"30043",1627.01965332031,"Jefferson"
"29037",1648.78308105469,"Cass"
"48215",1694.27624511719,"Hidalgo"
"08109",1344.60009765625,"Saguache"
"48061",1814.662109375,"Cameron"
"39013",1193.51684570312,"Belmont"
"02060",NA,"Bristol Bay"
"18133",1565.63940429688,"Putnam"
"22013",1049.70751953125,"Bienville"
"29065",1557.29016113281,"Dent"
"35055",1502.66931152344,"Taos"
"35017",1115.25744628906,"Grant"
"51177",1302.4873046875,"Spotsylvania"
"37131",1407.40637207031,"Northampton"
"48083",NA,"Coleman"
"12021",2917.4794921875,"Collier"
"49029",1131.76318359375,"Morgan"
"48355",2329.78442382812,"Nueces"
"55101",1198.10424804688,"Racine"
"30073",1466.02355957031,"Pondera"
"39091",1236.4365234375,"Logan"
"21043",1450.68701171875,"Carter"
"46103",1666.45751953125,"Pennington"
"36049",1446.00036621094,"Lewis"
"06095",1354.96923828125,"Solano"
"23025",1091.07690429688,"Somerset"
"45057",1425.89367675781,"Lancaster"
"51077",871.898559570312,"Grayson"
"42077",1204.59606933594,"Lehigh"
"47107",1359.36486816406,"McMinn"
"18061",1445.56530761719,"Harrison"
"08083",1180.96142578125,"Montezuma"
"24029",2141.67724609375,"Kent"
"36011",1590.72607421875,"Cayuga"
"51141",1023.33361816406,"Patrick"
"05043",1644.95129394531,"Drew"
"49051",1206.69494628906,"Wasatch"
"13107",1676.08557128906,"Emanuel"
"37057",1029.72863769531,"Davidson"
"47077",1430.85095214844,"Henderson"
"31177",2144.95141601562,"Washington"
"51003",1312.94970703125,"Albemarle"
"53049",1145.20654296875,"Pacific"
"24015",1361.60754394531,"Cecil"
"17131",1343.41906738281,"Mercer"
"22113",2137.33422851562,"Vermilion"
"18163",1274.75146484375,"Vanderburgh"
"13093",1582.80102539062,"Dooly"
"02158",NA,"Kusilvak"
"48371",1288.85266113281,"Pecos"
"06001",1752.75402832031,"Alameda"
"41025",1131.5947265625,"Harney"
"27155",1277.03552246094,"Traverse"
"18021",1448.89758300781,"Clay"
"30053",1326.10656738281,"Lincoln"
"42127",1223.66760253906,"Wayne"
"30045",NA,"Judith Basin"
"06037",1445.43957519531,"Los Angeles"
"24045",1352.12329101562,"Wicomico"
"48143",1888.47888183594,"Erath"
"48119",NA,"Delta"
"06079",1443.25866699219,"San Luis Obispo"
"30033",NA,"Garfield"
"48175",2250.4716796875,"Goliad"
"42119",1140.33312988281,"Union"
"34011",1437.17309570312,"Cumberland"
"16085",1286.21984863281,"Valley"
"12101",1874.86547851562,"Pasco"
"51049",1236.02551269531,"Cumberland"
"51057",1377.97424316406,"Essex"
"55095",1453.48852539062,"Polk"
"56039",2121.23754882812,"Teton"
"42089",1260.494140625,"Monroe"
"05101",NA,"Newton"
"36091",1606.109375,"Saratoga"
"48423",1583.11022949219,"Smith"
"22107",NA,"Tensas"
"22005",1750.66723632812,"Ascension"
"36015",1320.759765625,"Chemung"
"17049",1243.58813476562,"Effingham"
"47163",1253.65490722656,"Sullivan"
"56011",NA,"Crook"
"27103",1536.55432128906,"Nicollet"
"30013",1344.80444335938,"Cascade"
"37179",1466.71813964844,"Union"
"24037",1481.94274902344,"St. Mary's"
"24039",2726.65405273438,"Somerset"
"24041",2207.53979492188,"Talbot"
"12125",1642.5126953125,"Union"
"72143",NA,"Vega Alta"
"16029",1016.41473388672,"Caribou"
"17135",1432.46496582031,"Montgomery"
"45083",1167.51391601562,"Spartanburg"
"22051",3445.89501953125,"Jefferson"
"36089",1309.63220214844,"St. Lawrence"
"30029",1319.51953125,"Flathead"
"21193",1621.08959960938,"Perry"
"26033",1753.80505371094,"Chippewa"
"35057",1374.7939453125,"Torrance"
"21237",NA,"Wolfe"
"31047",1855.68334960938,"Dawson"
"28125",NA,"Sharkey"
"46041",NA,"Dewey"
"36045",1357.28356933594,"Jefferson"
"08031",2104.18115234375,"Denver"
"30001",1489.83264160156,"Beaverhead"
"37055",3550.31225585938,"Dare"
"46055",NA,"Haakon"
"02066",NA,"Copper River"
"38085",NA,"Sioux"
"31169",1903.21875,"Thayer"
"06007",1271.04064941406,"Butte"
"15001",1650.05224609375,"Hawaii"
"45029",1776.87561035156,"Colleton"
"41023",NA,"Grant"
"39133",1254.349609375,"Portage"
"54089",NA,"Summers"
"53027",1396.46496582031,"Grays Harbor"
"18119",1542.40698242188,"Owen"
"17025",1366.53112792969,"Clay"
"42071",993.748901367188,"Lancaster"
"51047",1364.37145996094,"Culpeper"
"40013",1951.25537109375,"Bryan"
"48185",1888.09167480469,"Grimes"
"06011",1283.61291503906,"Colusa"
"38067",1389.63696289062,"Pembina"
"51005",1034.759765625,"Alleghany"
"12005",2183.51513671875,"Bay"
"54035",1207.17224121094,"Jackson"
"72037",NA,"Ceiba"
"28091",2404.74584960938,"Marion"
"37011",1385.62731933594,"Avery"
"13169",1746.00439453125,"Jones"
"41055",NA,"Sherman"
"23023",1088.14343261719,"Sagadahoc"
"35015",2085.43676757812,"Eddy"
"23007",1241.73059082031,"Franklin"
"21183",1425.09301757812,"Ohio"
"37153",1442.29467773438,"Richmond"
"26159",2404.60522460938,"Van Buren"
"17031",1887.93811035156,"Cook"
"72011",NA,"Añasco"
"26049",1492.06408691406,"Genesee"
"40121",1945.3349609375,"Pittsburg"
"06067",1238.76306152344,"Sacramento"
"13185",1327.59008789062,"Lowndes"
"23013",1360.50476074219,"Knox"
"39017",1258.89587402344,"Butler"
"50013",1591.92614746094,"Grand Isle"
"01023",2052.53076171875,"Choctaw"
"53023",1235.69653320312,"Garfield"
"16073",1109.01416015625,"Owyhee"
"28011",1900.25561523438,"Bolivar"
"28037",2223.873046875,"Franklin"
"21119",NA,"Knott"
"15009",1971.58508300781,"Maui"
"38101",1636.50952148438,"Ward"
"27007",1508.57263183594,"Beltrami"
"40101",1793.51330566406,"Muskogee"
"72113",NA,"Ponce"
"30005",1365.30090332031,"Blaine"
"20085",2106.802734375,"Jackson"
"20069",NA,"Gray"
"13103",1665.48217773438,"Effingham"
"22087",2297.806640625,"St. Bernard"
"12095",1784.94604492188,"Orange"
"21005",1435.77575683594,"Anderson"
"36043",1189.14440917969,"Herkimer"
"28081",1631.72985839844,"Lee"
"06027",1273.42041015625,"Inyo"
"17067",1352.29260253906,"Hancock"
"02063",NA,"Chugach"
"04009",1133.82348632812,"Graham"
"04012",1113.54638671875,"La Paz"
"48247",NA,"Jim Hogg"
"17097",1920.33349609375,"Lake"
"37199",1323.33959960938,"Yancey"
"38021",1665.86889648438,"Dickey"
"27167",1649.67663574219,"Wilkin"
"26089",2675.244140625,"Leelanau"
"13063",1594.01586914062,"Clayton"
"30011",NA,"Carter"
"36103",2832.85913085938,"Suffolk"
"49003",960.060729980469,"Box Elder"
"48293",1721.34350585938,"Limestone"
"48229",1446.51928710938,"Hudspeth"
"27163",2113.52026367188,"Washington"
"42095",1222.44470214844,"Northampton"
"34007",1593.76306152344,"Camden"
"55047",1097.54956054688,"Green Lake"
"29069",1461.65417480469,"Dunklin"
"39105",1454.77429199219,"Meigs"
"04015",982.955444335938,"Mohave"
"40067",NA,"Jefferson"
"29153",1765.00744628906,"Ozark"
"05117",1514.83581542969,"Prairie"
"02020",1666.24633789062,"Anchorage"
"02070",NA,"Dillingham"
"10005",1481.35290527344,"Sussex"
"37035",1066.7060546875,"Catawba"
"48137",NA,"Edwards"
"23031",1205.10656738281,"York"
"48015",1907.61145019531,"Austin"
"46027",1480.23547363281,"Clay"
"54099",1198.78955078125,"Wayne"
"39167",1310.72595214844,"Washington"
"51171",1192.67199707031,"Shenandoah"
"30077",1318.75,"Powell"
"48249",2280.42211914062,"Jim Wells"
"51149",1195.49291992188,"Prince George"
"05041",1512.56604003906,"Desha"
"54081",1257.14196777344,"Raleigh"
"04027",1023.00799560547,"Yuma"
"20183",NA,"Smith"
"22015",1610.32287597656,"Bossier"
"21135",1127.76733398438,"Lewis"
"21139",1508.603515625,"Livingston"
"21145",1772.15808105469,"McCracken"
"21159",NA,"Martin"
"02282",NA,"Yakutat"
"02240",NA,"Southeast Fairbanks"
"06109",1396.92395019531,"Tuolumne"
"33003",1429.69677734375,"Carroll"
"36065",1395.24487304688,"Oneida"
"21105",1662.20886230469,"Hickman"
"16037",1305.67443847656,"Custer"
"05069",1637.52270507812,"Jefferson"
"05083",1421.23461914062,"Logan"
"51620",1223.97424316406,"Franklin"
"42009",949.339599609375,"Bedford"
"39087",1333.07604980469,"Lawrence"
"33015",1567.1572265625,"Rockingham"
"51191",1128.96313476562,"Washington"
"48105",NA,"Crockett"
"37155",1858.29650878906,"Robeson"
"72087",NA,"Loíza"
