"GEOID","value","NAME"
"13027",1692.26123046875,"Brooks"
"31095",1647.46887207031,"Jefferson"
"51683",2330.943359375,"Manassas"
"56021",1876.45849609375,"Laramie"
"13135",1958.43981933594,"Gwinnett"
"20001",NA,"Allen"
"27065",2102.58740234375,"Kanabec"
"28107",1903.57006835938,"Panola"
"31185",1919.85412597656,"York"
"42063",942.128051757812,"Indiana"
"48327",NA,"Menard"
"29173",1592.07385253906,"Ralls"
"48151",NA,"Fisher"
"72081",NA,"Lares"
"51183",1420.10278320312,"Sussex"
"47183",1485.87573242188,"Weakley"
"26105",1668.8095703125,"Mason"
"48159",1889.6044921875,"Franklin"
"08075",2478.0556640625,"Logan"
"22119",1119.84448242188,"Webster"
"31045",2185.56665039062,"Dawes"
"51139",1311.40454101562,"Page"
"13161",1689.50256347656,"Jeff Davis"
"18117",1531.69543457031,"Orange"
"27015",1644.52209472656,"Brown"
"31079",1884.66943359375,"Hall"
"21223",1727.4169921875,"Trimble"
"55113",1409.09228515625,"Sawyer"
"41027",1093.32397460938,"Hood River"
"21169",1553.56652832031,"Metcalfe"
"26007",1499.66967773438,"Alpena"
"19095",1655.33227539062,"Iowa"
"13061",2539.91528320312,"Clay"
"18177",1215.8984375,"Wayne"
"29227",NA,"Worth"
"31157",2207.01489257812,"Scotts Bluff"
"39107",1124.56298828125,"Mercer"
"01015",1604.216796875,"Calhoun"
"37095",3063.42822265625,"Hyde"
"19019",1387.62829589844,"Buchanan"
"27121",1890.23840332031,"Pope"
"21181",1455.96057128906,"Nicholas"
"42053",1225.86413574219,"Forest"
"46077",1571.43127441406,"Kingsbury"
"48375",2013.40588378906,"Potter"
"48413",NA,"Schleicher"
"51580",1055.09448242188,"Covington"
"54063",NA,"Monroe"
"48499",1915.03833007812,"Wood"
"18041",1202.08752441406,"Fayette"
"28023",2172.6015625,"Clarke"
"04023",1153.46691894531,"Santa Cruz"
"17007",1578.5712890625,"Boone"
"28039",2174.31567382812,"George"
"37113",1197.91821289062,"Macon"
"40025",NA,"Cimarron"
"01043",1664.396484375,"Cullman"
"39065",1266.90441894531,"Hardin"
"20105",NA,"Lincoln"
"22059",1061.71166992188,"LaSalle"
"36123",1209.07995605469,"Yates"
"21035",2022.7568359375,"Calloway"
"48045",NA,"Briscoe"
"48265",1835.55505371094,"Kerr"
"72067",NA,"Hormigueros"
"20009",1974.26171875,"Barton"
"16075",1177.81567382812,"Payette"
"48269",NA,"King"
"39161",1202.09643554688,"Van Wert"
"46125",1880.42553710938,"Turner"
"19129",1939.97595214844,"Mills"
"26001",1266.92053222656,"Alcona"
"48165",2416.12329101562,"Gaines"
"13201",1952.4033203125,"Miller"
"18013",1690.82092285156,"Brown"
"19023",1401.85998535156,"Butler"
"40043",NA,"Dewey"
"31151",2007.64477539062,"Saline"
"37069",1546.75708007812,"Franklin"
"21219",1746.3232421875,"Todd"
"48393",NA,"Roberts"
"54031",1309.83190917969,"Hardy"
"48399",1799.37719726562,"Runnels"
"48301",NA,"Loving"
"31089",1883.26623535156,"Holt"
"17175",1082.26342773438,"Stark"
"48193",2571.23608398438,"Hamilton"
"16009",1322.05871582031,"Benewah"
"19109",1335.31481933594,"Kossuth"
"28141",1550.5595703125,"Tishomingo"
"31131",1960.97583007812,"Otoe"
"46051",NA,"Grant"
"16067",998.443420410156,"Minidoka"
"19157",1491.94860839844,"Poweshiek"
"22001",2030.96325683594,"Acadia"
"37079",1640.34509277344,"Greene"
"42011",1113.24194335938,"Berks"
"51600",1866.84521484375,"Fairfax"
"48335",1456.42346191406,"Mitchell"
"72073",NA,"Jayuya"
"51790",1088.60168457031,"Staunton"
"20171",NA,"Scott"
"31001",1931.99670410156,"Adams"
"45053",1885.72668457031,"Jasper"
"38047",NA,"Logan"
"29081",1306.39331054688,"Harrison"
"20157",NA,"Republic"
"28087",1819.70971679688,"Lowndes"
"51590",1095.44775390625,"Danville"
"51650",1808.13696289062,"Hampton"
"05029",1688.4658203125,"Conway"
"17139",1343.81335449219,"Moultrie"
"19105",1519.28942871094,"Jones"
"27097",1842.91955566406,"Morrison"
"29151",1672.50207519531,"Osage"
"40061",1931.64208984375,"Haskell"
"46057",NA,"Hamlin"
"54007",NA,"Braxton"
"05111",1523.22424316406,"Poinsett"
"21137",1501.31433105469,"Lincoln"
"17027",1621.44360351562,"Clinton"
"37147",1690.03881835938,"Pitt"
"29207",1605.8916015625,"Stoddard"
"17045",1339.28308105469,"Edgar"
"21191",1613.3544921875,"Pendleton"
"36073",1095.22607421875,"Orleans"
"38011",1868.31701660156,"Bowman"
"01117",1751.90124511719,"Shelby"
"13217",1731.1728515625,"Newton"
"39157",1140.93981933594,"Tuscarawas"
"19135",1470.89416503906,"Monroe"
"18113",1278.755859375,"Noble"
"29141",1617.16711425781,"Morgan"
"36067",1392.52111816406,"Onondaga"
"48493",1998.46850585938,"Wilson"
"46087",1881.56457519531,"McCook"
"48233",1833.28308105469,"Hutchinson"
"72019",NA,"Barranquitas"
"51840",1211.28771972656,"Winchester"
"40105",1860.43383789062,"Nowata"
"31129",1748.69287109375,"Nuckolls"
"48325",2154.47583007812,"Medina"
"17005",1664.96350097656,"Bond"
"45069",1272.55358886719,"Marlboro"
"39069",1440.86743164062,"Henry"
"21007",2105.18359375,"Ballard"
"46111",NA,"Sanborn"
"48009",2028.86047363281,"Archer"
"21063",NA,"Elliott"
"38065",NA,"Oliver"
"37063",1367.34826660156,"Durham"
"19165",1511.9912109375,"Shelby"
"19175",1521.10217285156,"Union"
"47065",1958.56201171875,"Hamilton"
"55087",1104.81005859375,"Outagamie"
"17165",1769.77465820312,"Saline"
"47109",1503.35864257812,"McNairy"
"31103",NA,"Keya Paha"
"31113",NA,"Logan"
"40053",1653.55798339844,"Grant"
"46007",NA,"Bennett"
"48195",1913.923828125,"Hansford"
"19103",1566.30517578125,"Johnson"
"17081",1682.15930175781,"Jefferson"
"47015",1654.97326660156,"Cannon"
"18085",1338.142578125,"Kosciusko"
"20059",1971.19763183594,"Franklin"
"27153",1600.52905273438,"Todd"
"38077",1510.61083984375,"Richland"
"23015",1303.64636230469,"Lincoln"
"20057",2118.25268554688,"Ford"
"17145",1637.75622558594,"Perry"
"17093",1755.59350585938,"Kendall"
"29099",1775.58068847656,"Jefferson"
"29105",1706.93603515625,"Laclede"
"26039",1405.66125488281,"Crawford"
"29127",1483.67407226562,"Marion"
"42093",1191.29138183594,"Montour"
"26143",1618.98645019531,"Roscommon"
"12009",2179.27001953125,"Brevard"
"31119",1926.01342773438,"Madison"
"31135",1899.80993652344,"Perkins"
"35021",NA,"Harding"
"51173",1054.96228027344,"Smyth"
"27085",1790.8125,"McLeod"
"48155",NA,"Foard"
"31167",1898.89831542969,"Stanton"
"31179",1738.76477050781,"Wayne"
"38045",1660.39685058594,"LaMoure"
"39089",1353.81311035156,"Licking"
"05053",1732.48059082031,"Grant"
"47111",1322.15991210938,"Macon"
"20107",NA,"Linn"
"20061",1823.26733398438,"Geary"
"19041",1597.45446777344,"Clay"
"20169",1697.81201171875,"Saline"
"20037",1856.6630859375,"Crawford"
"48095",NA,"Concho"
"48107",1874.17077636719,"Crosby"
"26043",1285.79663085938,"Dickinson"
"37163",1632.9775390625,"Sampson"
"48117",1847.66223144531,"Deaf Smith"
"26067",1705.41430664062,"Ionia"
"21141",1687.12951660156,"Logan"
"48127",1546.05688476562,"Dimmit"
"27055",1692.20849609375,"Houston"
"51025",1274.70104980469,"Brunswick"
"27039",1687.63745117188,"Dodge"
"27047",1633.34997558594,"Freeborn"
"26149",1660.06604003906,"St. Joseph"
"17051",1476.37841796875,"Fayette"
"17055",1560.85888671875,"Franklin"
"48131",1653.19677734375,"Duval"
"21025",NA,"Breathitt"
"27041",1698.93835449219,"Douglas"
"46067",NA,"Hutchinson"
"48023",2549.48803710938,"Baylor"
"46047",2200.78637695312,"Fall River"
"46097",NA,"Miner"
"25003",1313.59375,"Berkshire"
"27073",1718.09936523438,"Lac qui Parle"
"44003",1851.44641113281,"Kent"
"51011",1120.4970703125,"Appomattox"
"31003",1673.27014160156,"Antelope"
"56005",1764.69458007812,"Campbell"
"45061",1564.88293457031,"Lee"
"48047",NA,"Brooks"
"51013",1968.87023925781,"Arlington"
"51065",1279.96740722656,"Fluvanna"
"53021",1598.82446289062,"Franklin"
"53059",1374.59680175781,"Skamania"
"51109",1446.19567871094,"Louisa"
"51115",2028.49279785156,"Mathews"
"48191",NA,"Hall"
"31023",2105.31860351562,"Butler"
"05065",1660.53283691406,"Izard"
"38043",1596.12414550781,"Kidder"
"37077",1455.83850097656,"Granville"
"37109",1354.42517089844,"Lincoln"
"51660",1119.91784667969,"Harrisonburg"
"51690",1065.9599609375,"Martinsville"
"19001",1440.61511230469,"Adair"
"39073",1476.51257324219,"Hocking"
"13243",1661.33984375,"Randolph"
"48507",NA,"Zavala"
"48011",NA,"Armstrong"
"13265",NA,"Taliaferro"
"19035",1486.04809570312,"Cherokee"
"05025",1596.71813964844,"Cleveland"
"08091",1521.59167480469,"Ouray"
"05147",1440.84399414062,"Woodruff"
"48429",2348.18579101562,"Stephens"
"27109",1792.17004394531,"Olmsted"
"13301",2028.50012207031,"Warren"
"48359",NA,"Oldham"
"29089",1455.30065917969,"Howard"
"13125",NA,"Glascock"
"13085",1957.29748535156,"Dawson"
"05123",1773.140625,"St. Francis"
"55125",1336.62939453125,"Vilas"
"39093",1178.43383789062,"Lorain"
"28135",1919.46020507812,"Tallahatchie"
"29021",1477.01037597656,"Buchanan"
"48187",1774.69567871094,"Guadalupe"
"48235",NA,"Irion"
"12027",2180.24951171875,"DeSoto"
"18039",1243.31408691406,"Elkhart"
"48237",2433.03564453125,"Jack"
"40037",2220.43212890625,"Creek"
"29169",1695.73327636719,"Pulaski"
"19039",1600.60327148438,"Clarke"
"08079",NA,"Mineral"
"01061",1823.69860839844,"Geneva"
"01017",1526.9013671875,"Chambers"
"12081",2409.2685546875,"Manatee"
"08121",NA,"Washington"
"19079",1300.99951171875,"Hamilton"
"20139",2075.69116210938,"Osage"
"48311",NA,"McMullen"
"19093",NA,"Ida"
"08099",1837.30688476562,"Prowers"
"39135",1285.47497558594,"Preble"
"39137",1414.38500976562,"Putnam"
"17179",1310.54931640625,"Tazewell"
"19161",1503.65063476562,"Sac"
"48403",2328.63110351562,"Sabine"
"19181",1655.72436523438,"Warren"
"19107",1569.04028320312,"Keokuk"
"39155",1099.57360839844,"Trumbull"
"48463",1612.90087890625,"Uvalde"
"48469",2192.56274414062,"Victoria"
"08025",1837.64892578125,"Crowley"
"08027",2164.88818359375,"Custer"
"08005",2451.05053710938,"Arapahoe"
"08043",1581.91918945312,"Fremont"
"48261",NA,"Kenedy"
"48433",NA,"Stonewall"
"48227",1800.54772949219,"Howard"
"40001",1602.87219238281,"Adair"
"36039",1630.54809570312,"Greene"
"05047",1659.47631835938,"Franklin"
"36041",1324.95629882812,"Hamilton"
"36113",1750.09436035156,"Warren"
"36057",1617.77941894531,"Montgomery"
"36093",1854.73657226562,"Schenectady"
"51137",1352.29895019531,"Orange"
"40091",2248.71118164062,"McIntosh"
"37075",1412.48303222656,"Graham"
"01131",2093.1904296875,"Wilcox"
"01107",1706.05749511719,"Pickens"
"54061",1370.36437988281,"Monongalia"
"29063",1569.42895507812,"DeKalb"
"54085",1316.88928222656,"Ritchie"
"31061",1622.31506347656,"Franklin"
"12007",1748.29504394531,"Bradford"
"48021",1963.19384765625,"Bastrop"
"53051",1582.80187988281,"Pend Oreille"
"13019",1730.23254394531,"Berrien"
"28067",1956.23718261719,"Jones"
"51023",1130.66943359375,"Botetourt"
"51067",1255.66516113281,"Franklin"
"32029",1397.51318359375,"Storey"
"72139",NA,"Trujillo Alto"
"72133",NA,"Santa Isabel"
"29139",1931.29431152344,"Montgomery"
"13229",1703.64001464844,"Pierce"
"37127",1696.96472167969,"Nash"
"47051",1620.56750488281,"Franklin"
"18035",1317.93798828125,"Delaware"
"20159",NA,"Rice"
"38049",1579.77490234375,"McHenry"
"20103",2054.61108398438,"Leavenworth"
"13079",1747.9306640625,"Crawford"
"72123",NA,"Salinas"
"20141",NA,"Osborne"
"20163",NA,"Rooks"
"26087",1692.61450195312,"Lapeer"
"72009",NA,"Aibonito"
"38041",1677.26220703125,"Hettinger"
"18179",1270.58984375,"Wells"
"19087",1334.66149902344,"Henry"
"22091",2043.23095703125,"St. Helena"
"18097",1496.49377441406,"Marion"
"18159",1516.6611328125,"Tipton"
"17141",1494.18676757812,"Ogle"
"20161",1934.12756347656,"Riley"
"20089",NA,"Jewell"
"20143",1853.21740722656,"Ottawa"
"20179",NA,"Sheridan"
"13193",1604.28259277344,"Macon"
"29015",1651.84338378906,"Benton"
"13249",1693.59924316406,"Schley"
"22049",1047.19592285156,"Jackson"
"51720",1200.47265625,"Norton"
"29067",NA,"Douglas"
"51710",2029.67639160156,"Norfolk"
"08001",2164.22631835938,"Adams"
"51740",1596.24584960938,"Portsmouth"
"12023",1533.54138183594,"Columbia"
"54019",1236.42260742188,"Fayette"
"72031",NA,"Carolina"
"72065",NA,"Hatillo"
"28099",1851.3173828125,"Neshoba"
"12053",1663.77673339844,"Hernando"
"53069",1488.56616210938,"Wahkiakum"
"40119",2149.94750976562,"Payne"
"27139",2149.80908203125,"Scott"
"20145",NA,"Pawnee"
"19155",1618.36596679688,"Pottawattamie"
"27089",1698.81762695312,"Marshall"
"47131",1627.44384765625,"Obion"
"13227",1808.75048828125,"Pickens"
"18095",1349.90649414062,"Madison"
"19141",1455.81494140625,"O'Brien"
"31143",1947.29321289062,"Polk"
"48035",1968.8916015625,"Bosque"
"51167",1166.9970703125,"Russell"
"72055",NA,"Guánica"
"35028",1586.94519042969,"Los Alamos"
"20047",NA,"Edwards"
"06075",2603.29907226562,"San Francisco"
"20075",NA,"Hamilton"
"28003",2137.26806640625,"Alcorn"
"47115",1624.4384765625,"Marion"
"05095",1839.11315917969,"Monroe"
"17039",1415.09936523438,"De Witt"
"21085",1563.88720703125,"Grayson"
"29205",1620.80261230469,"Shelby"
"48347",1457.43798828125,"Nacogdoches"
"29181",NA,"Ripley"
"18147",1596.49072265625,"Spencer"
"20173",2087.52880859375,"Sedgwick"
"28005",2112.2548828125,"Amite"
"28033",1764.42724609375,"DeSoto"
"28085",2246.06176757812,"Lincoln"
"72083",NA,"Las Marías"
"72141",NA,"Utuado"
"01007",1611.28088378906,"Bibb"
"34019",2011.89685058594,"Hunterdon"
"54095",1024.83715820312,"Tyler"
"18031",1378.73352050781,"Decatur"
"27013",1678.45874023438,"Blue Earth"
"38061",1598.87365722656,"Mountrail"
"49007",977.652893066406,"Carbon"
"31009",NA,"Blaine"
"18087",1367.95007324219,"LaGrange"
"19015",1572.40649414062,"Boone"
"19099",1395.41833496094,"Jasper"
"11001",1841.83178710938,"District of Columbia"
"17195",1336.47546386719,"Whiteside"
"45003",1602.65356445312,"Aiken"
"51043",1879.18383789062,"Clarke"
"18157",1255.87646484375,"Tippecanoe"
"19081",1367.56188964844,"Hancock"
"31101",2181.671875,"Keith"
"48171",2614.02221679688,"Gillespie"
"55015",1062.89489746094,"Calumet"
"29051",1593.81640625,"Cole"
"28155",1647.66882324219,"Webster"
"36037",1234.72717285156,"Genesee"
"49039",1202.1396484375,"Sanpete"
"05127",1493.64892578125,"Scott"
"51135",1351.755859375,"Nottoway"
"13123",1702.60803222656,"Gilmer"
"19069",1324.84545898438,"Franklin"
"19123",1322.33935546875,"Mahaska"
"47079",1699.24182128906,"Henry"
"17115",1207.830078125,"Macon"
"17151",NA,"Pope"
"17155",1869.2470703125,"Putnam"
"46043",NA,"Douglas"
"40145",2202.34692382812,"Wagoner"
"48069",2335.2333984375,"Castro"
"29073",1573.26135253906,"Gasconade"
"42065",756.968200683594,"Jefferson"
"27105",1655.181640625,"Nobles"
"38031",1858.23193359375,"Foster"
"51169",1169.48315429688,"Scott"
"38039",NA,"Griggs"
"38073",1967.13989257812,"Ransom"
"17197",1749.03637695312,"Will"
"21107",1832.505859375,"Hopkins"
"17041",1578.23400878906,"Douglas"
"21157",1855.27856445312,"Marshall"
"28017",1967.76391601562,"Chickasaw"
"18151",1418.45947265625,"Steuben"
"36033",1228.17724609375,"Franklin"
"13129",1575.54272460938,"Gordon"
"39047",1287.31652832031,"Fayette"
"18053",1251.46557617188,"Grant"
"29059",1665.89514160156,"Dallas"
"29057",1590.06591796875,"Dade"
"48441",1874.2802734375,"Taylor"
"48303",1994.91137695312,"Lubbock"
"72003",NA,"Aguada"
"29155",1805.48645019531,"Pemiscot"
"48449",1882.09094238281,"Titus"
"39077",1244.70544433594,"Huron"
"13215",1589.33422851562,"Muscogee"
"26023",NA,"Branch"
"42001",1005.48547363281,"Adams"
"08003",1291.47619628906,"Alamosa"
"19183",1546.55139160156,"Washington"
"39097",1555.03283691406,"Madison"
"28123",2073.19897460938,"Scott"
"45079",1529.11596679688,"Richland"
"55017",1235.11071777344,"Chippewa"
"72119",NA,"Río Grande"
"31059",1920.62097167969,"Fillmore"
"48103",1799.41613769531,"Crane"
"20119",2184.8193359375,"Meade"
"19139",1346.72131347656,"Muscatine"
"39123",1478.22314453125,"Ottawa"
"08019",2216.99194335938,"Clear Creek"
"08035",2822.81469726562,"Douglas"
"20081",NA,"Haskell"
"27083",1679.88098144531,"Lyon"
"31017",1936.30993652344,"Brown"
"12113",2015.56018066406,"Santa Rosa"
"13025",1761.98266601562,"Brantley"
"17199",1808.40563964844,"Williamson"
"48243",NA,"Jeff Davis"
"39139",1189.99462890625,"Richland"
"20033",NA,"Comanche"
"26009",1466.48852539062,"Antrim"
"31105",2178.60961914062,"Kimball"
"45001",1337.13098144531,"Abbeville"
"08011",1883.66259765625,"Bent"
"18011",1867.22436523438,"Boone"
"21099",1676.50231933594,"Hart"
"54087",1494.59020996094,"Roane"
"26127",2162.001953125,"Oceana"
"27019",2237.06982421875,"Carver"
"46079",1845.15246582031,"Lake"
"48255",2064.36889648438,"Karnes"
"47125",1478.34741210938,"Montgomery"
"55099",1207.34521484375,"Price"
"55133",1270.4521484375,"Waukesha"
"54029",1144.91796875,"Hancock"
"48435",NA,"Sutton"
"55045",1360.53698730469,"Green"
"72109",NA,"Patillas"
"19127",1339.42810058594,"Marshall"
"40149",2242.75317382812,"Washita"
"41041",1235.36279296875,"Lincoln"
"26135",1588.07067871094,"Oscoda"
"17079",2025.86877441406,"Jasper"
"26155",1806.33923339844,"Shiawassee"
"51770",1051.52111816406,"Roanoke"
"39029",1216.43933105469,"Columbiana"
"20123",1827.09106445312,"Mitchell"
"55031",1248.09521484375,"Douglas"
"29093",1558.53979492188,"Iron"
"40015",2190.92626953125,"Caddo"
"28045",2946.64868164062,"Hancock"
"12131",2373.34033203125,"Walton"
"27111",1683.17907714844,"Otter Tail"
"18099",1450.25012207031,"Marshall"
"22007",2026.2431640625,"Assumption"
"18143",1533.03857421875,"Scott"
"13097",1722.86181640625,"Douglas"
"20151",NA,"Pratt"
"35007",1856.95654296875,"Colfax"
"48281",1878.01782226562,"Lampasas"
"29161",1673.23156738281,"Phelps"
"38091",1601.23168945312,"Steele"
"29217",1572.64929199219,"Vernon"
"40035",1918.07507324219,"Craig"
"13273",1926.97302246094,"Terrell"
"19017",1436.69226074219,"Bremer"
"19075",1366.13708496094,"Grundy"
"29159",1565.28674316406,"Pettis"
"13149",1505.7060546875,"Heard"
"38099",2118.48754882812,"Walsh"
"28019",1774.81616210938,"Choctaw"
"20003",1987.32214355469,"Anderson"
"37169",1126.31286621094,"Stokes"
"06091",1798.14538574219,"Sierra"
"20041",1980.19799804688,"Dickinson"
"08095",2471.91577148438,"Phillips"
"16081",1411.73205566406,"Teton"
"13059",1665.89416503906,"Clarke"
"48447",NA,"Throckmorton"
"12049",2076.67114257812,"Hardee"
"13183",1773.58911132812,"Long"
"48431",NA,"Sterling"
"48417",3040.3720703125,"Shackelford"
"48207",1870.71069335938,"Haskell"
"48051",2059.87524414062,"Burleson"
"36017",1340.52062988281,"Chenango"
"54009",1177.69006347656,"Brooke"
"05003",1661.34436035156,"Ashley"
"29197",NA,"Schuyler"
"19163",1420.42578125,"Scott"
"19189",1491.880859375,"Winnebago"
"31085",NA,"Hayes"
"05021",1527.18310546875,"Clay"
"48025",1903.66882324219,"Bee"
"42123",831.993041992188,"Warren"
"21021",2346.45654296875,"Boyle"
"19185",1522.92785644531,"Wayne"
"47055",1510.63562011719,"Giles"
"48161",2025.79333496094,"Freestone"
"17163",1850.87353515625,"St. Clair"
"18065",1347.59130859375,"Henry"
"21079",1491.3291015625,"Garrard"
"26129",1661.810546875,"Ogemaw"
"55069",1270.95886230469,"Lincoln"
"48391",2786.39794921875,"Refugio"
"17117",1669.02575683594,"Macoupin"
"31181",1905.76391601562,"Webster"
"20135",NA,"Ness"
"42083",982.355285644531,"McKean"
"31139",2029.03247070312,"Pierce"
"47133",1380.5673828125,"Overton"
"19027",1467.93371582031,"Carroll"
"26107",NA,"Mecosta"
"17053",1374.67590332031,"Ford"
"17063",1671.66528320312,"Grundy"
"48053",2227.01245117188,"Burnet"
"17083",1557.30541992188,"Jersey"
"18131",1480.83666992188,"Pulaski"
"31117",NA,"McPherson"
"37083",1223.91845703125,"Halifax"
"21033",1478.67443847656,"Caldwell"
"19119",1539.75109863281,"Lyon"
"31055",2247.09130859375,"Douglas"
"27131",1926.99743652344,"Rice"
"05113",1716.1259765625,"Polk"
"38035",1575.10461425781,"Grand Forks"
"51700",1421.34228515625,"Newport News"
"08125",2323.34057617188,"Yuma"
"39023",1181.24279785156,"Clark"
"37105",1397.11755371094,"Lee"
"38001",1526.47900390625,"Adams"
"29221",1570.07836914062,"Washington"
"33001",1479.07275390625,"Belknap"
"09140",NA,"Naugatuck Valley"
"24043",1491.08959960938,"Washington"
"20203",NA,"Wichita"
"48129",NA,"Donley"
"42023",968.892578125,"Cameron"
"51089",1032.57043457031,"Henry"
"05099",1800.03796386719,"Nevada"
"40055",2222.626953125,"Greer"
"55057",1314.47778320312,"Juneau"
"46017",NA,"Buffalo"
"06047",1204.50939941406,"Merced"
"16057",1175.22814941406,"Latah"
"39169",1096.74279785156,"Wayne"
"48471",1884.00512695312,"Walker"
"54013",NA,"Calhoun"
"32001",1150.70251464844,"Churchill"
"19197",1497.73168945312,"Wright"
"31039",1774.10705566406,"Cuming"
"47123",1472.19702148438,"Monroe"
"13253",2028.6630859375,"Seminole"
"13235",1708.09399414062,"Pulaski"
"13173",1728.4873046875,"Lanier"
"13255",1525.71801757812,"Spalding"
"17095",1261.75964355469,"Knox"
"29201",1854.48767089844,"Scott"
"48239",2361.06884765625,"Jackson"
"12041",1515.22631835938,"Gilchrist"
"37161",1250.42346191406,"Rutherford"
"13043",1980.83349609375,"Candler"
"19121",1779.52600097656,"Madison"
"48383",NA,"Reagan"
"40049",2167.70971679688,"Garvin"
"54051",1128.96130371094,"Marshall"
"55009",1032.30590820312,"Brown"
"21197",1361.85766601562,"Powell"
"18033",1275.47131347656,"DeKalb"
"27005",1823.8740234375,"Becker"
"36117",1137.37060546875,"Wayne"
"26069",1478.66369628906,"Iosco"
"28073",2263.26147460938,"Lamar"
"48179",2154.40112304688,"Gray"
"18081",1628.88171386719,"Johnson"
"18111",1551.83154296875,"Newton"
"27147",1712.60241699219,"Steele"
"28131",2108.62573242188,"Stone"
"46025",NA,"Clark"
"51595",1112.40930175781,"Emporia"
"21047",1776.88415527344,"Christian"
"31091",NA,"Hooker"
"17201",1301.94714355469,"Winnebago"
"21133",1559.77575683594,"Letcher"
"47057",1356.18969726562,"Grainger"
"27099",1639.59680175781,"Mower"
"13245",1482.57263183594,"Richmond"
"12069",1638.59936523438,"Lake"
"48279",2061.326171875,"Lamb"
"39099",1234.36975097656,"Mahoning"
"39011",1252.36596679688,"Auglaize"
"48253",2216.39306640625,"Jones"
"40125",2246.84448242188,"Pottawatomie"
"56041",1248.18395996094,"Uinta"
"13105",1513.89477539062,"Elbert"
"72097",NA,"Mayagüez"
"20065",NA,"Graham"
"72025",NA,"Caguas"
"72049",NA,"Culebra"
"29229",1532.75634765625,"Wright"
"31093",2102.23608398438,"Howard"
"47099",1490.10363769531,"Lawrence"
"51775",1082.30126953125,"Salem"
"51101",1428.89172363281,"King William"
"01013",1789.52111816406,"Butler"
"72051",NA,"Dorado"
"16063",1259.58471679688,"Lincoln"
"17189",2053.35693359375,"Washington"
"27107",1690.24768066406,"Norman"
"72147",NA,"Vieques"
"27141",2039.72717285156,"Sherburne"
"18167",1120.83374023438,"Vigo"
"08105",1217.91137695312,"Rio Grande"
"48213",1890.70141601562,"Henderson"
"31083",2121.07958984375,"Harlan"
"40021",1895.74987792969,"Cherokee"
"17011",1318.64758300781,"Bureau"
"37159",1227.52087402344,"Rowan"
"72057",NA,"Guayama"
"18029",1530.93359375,"Dearborn"
"55103",1277.73205566406,"Richland"
"53061",1352.91125488281,"Snohomish"
"54017",1368.82092285156,"Doddridge"
"48003",1857.87915039062,"Andrews"
"13081",2069.5009765625,"Crisp"
"13167",1586.81335449219,"Johnson"
"17125",1400.3671875,"Mason"
"26161",2150.681640625,"Washtenaw"
"27115",1798.55981445312,"Pine"
"20083",NA,"Hodgeman"
"29075",1563.91003417969,"Gentry"
"05031",1693.75500488281,"Craighead"
"16083",1131.46350097656,"Twin Falls"
"19143",1228.04125976562,"Osceola"
"16071",1278.76953125,"Oneida"
"21055",1536.74963378906,"Crittenden"
"28009",2147.70483398438,"Benton"
"28153",1826.60461425781,"Wayne"
"31015",NA,"Boyd"
"06015",1232.85131835938,"Del Norte"
"18091",1364.53137207031,"LaPorte"
"20181",1888.02478027344,"Sherman"
"22011",1320.27917480469,"Beauregard"
"34023",1755.25830078125,"Middlesex"
"46031",NA,"Corson"
"46127",2056.01513671875,"Union"
"45055",1566.56567382812,"Kershaw"
"36109",1898.18408203125,"Tompkins"
"29045",NA,"Clark"
"13089",2472.62377929688,"DeKalb"
"54079",1330.42956542969,"Putnam"
"01059",1722.53576660156,"Franklin"
"48467",2035.85620117188,"Van Zandt"
"37093",1511.76208496094,"Hoke"
"26015",2526.13159179688,"Barry"
"31007",NA,"Banner"
"55089",1376.43676757812,"Ozaukee"
"37033",1282.00622558594,"Caswell"
"29113",1691.4306640625,"Lincoln"
"45021",1254.45141601562,"Cherokee"
"12003",1755.31225585938,"Baker"
"18069",1253.11584472656,"Huntington"
"28057",1706.24865722656,"Itawamba"
"25015",1564.99267578125,"Hampshire"
"05149",1587.71533203125,"Yell"
"19149",1528.93493652344,"Plymouth"
"08061",NA,"Kiowa"
"01119",2139.18530273438,"Sumter"
"18175",1565.74743652344,"Washington"
"01001",1495.30920410156,"Autauga"
"02180",1517.50073242188,"Nome"
"13091",1655.50024414062,"Dodge"
"19091",1392.24340820312,"Humboldt"
"19013",1297.76440429688,"Black Hawk"
"20207",NA,"Woodson"
"27021",1783.89147949219,"Cass"
"21207",1489.955078125,"Russell"
"28029",2329.18481445312,"Copiah"
"29225",1743.19226074219,"Webster"
"30093",1318.41821289062,"Silver Bow"
"39131",1511.416015625,"Pike"
"47177",1460.83728027344,"Warren"
"48059",2287.7041015625,"Callahan"
"55001",1228.244140625,"Adams"
"54055",1225.16174316406,"Mercer"
"47147",1581.12463378906,"Robertson"
"39081",1261.65246582031,"Jefferson"
"01025",2020.41540527344,"Clarke"
"12019",1616.67224121094,"Clay"
"18055",1620.28771972656,"Greene"
"20055",2240.67651367188,"Finney"
"29085",NA,"Hickory"
"28065",2177.68115234375,"Jefferson Davis"
"22127",NA,"Winn"
"35047",1851.81213378906,"San Miguel"
"01087",1739.63635253906,"Macon"
"13029",2197.44750976562,"Bryan"
"17089",1681.02819824219,"Kane"
"18149",1410.43774414062,"Starke"
"20087",2024.27563476562,"Jefferson"
"22039",1532.80334472656,"Evangeline"
"40093",2451.79833984375,"Major"
"31171",NA,"Thomas"
"41003",1269.88220214844,"Benton"
"47007",1592.82165527344,"Bledsoe"
"21013",1454.96044921875,"Bell"
"47143",1417.59497070312,"Rhea"
"10001",1451.68103027344,"Kent"
"72131",NA,"San Sebastián"
"54049",1185.83752441406,"Marion"
"51810",1910.65588378906,"Virginia Beach"
"13039",1987.208984375,"Camden"
"24035",1752.53002929688,"Queen Anne's"
"19031",1419.92626953125,"Cedar"
"19113",1324.81140136719,"Linn"
"39003",1276.92504882812,"Allen"
"06059",1807.83813476562,"Orange"
"12057",2340.68286132812,"Hillsborough"
"16019",1156.33288574219,"Bonneville"
"48385",NA,"Real"
"46137",NA,"Ziebach"
"47159",1592.27978515625,"Smith"
"04017",1218.45959472656,"Navajo"
"55019",1259.84423828125,"Clark"
"13147",1560.31628417969,"Hart"
"31111",2016.03137207031,"Lincoln"
"21037",2734.02026367188,"Campbell"
"26027",1957.90698242188,"Cass"
"36111",1722.80676269531,"Ulster"
"18125",1576.20727539062,"Pike"
"18173",1634.96472167969,"Warrick"
"46073",NA,"Jerauld"
"12015",2360.56127929688,"Charlotte"
"13111",1820.05358886719,"Fannin"
"19159",1638.09020996094,"Ringgold"
"22125",1900.54833984375,"West Feliciana"
"28147",2279.09228515625,"Walthall"
"30061",1594.90283203125,"Mineral"
"34021",1699.87658691406,"Mercer"
"45011",1674.82763671875,"Barnwell"
"47095",1417.60925292969,"Lake"
"49009",NA,"Daggett"
"39043",1276.1171875,"Erie"
"02013",NA,"Aleutians East"
"12013",1801.62292480469,"Calhoun"
"16011",1330.23059082031,"Bingham"
"18071",1247.37976074219,"Jackson"
"20015",2265.48315429688,"Butler"
"40137",2180.76293945312,"Stephens"
"27145",1605.77001953125,"Stearns"
"29117",1443.06066894531,"Livingston"
"40031",2251.46118164062,"Comanche"
"38093",1663.33215332031,"Stutsman"
"45067",1698.36145019531,"Marion"
"48115",2173.64721679688,"Dawson"
"08009",NA,"Baca"
"55085",1237.85583496094,"Oneida"
"40071",2042.68786621094,"Kay"
"51037",1232.044921875,"Charlotte"
"42109",986.083190917969,"Snyder"
"16055",1168.85791015625,"Kootenai"
"17023",1706.89208984375,"Clark"
"27151",1552.02868652344,"Swift"
"38071",1376.78540039062,"Ramsey"
"28061",1755.97570800781,"Jasper"
"17085",1513.16064453125,"Jo Daviess"
"18077",1405.00024414062,"Jefferson"
"29163",1700.40246582031,"Pike"
"36055",1508.21960449219,"Monroe"
"36063",1670.93603515625,"Niagara"
"47167",1798.33532714844,"Tipton"
"51121",1433.78955078125,"Montgomery"
"55091",987.686706542969,"Pepin"
"05079",1494.45336914062,"Lincoln"
"16061",1447.27563476562,"Lewis"
"39055",1549.02392578125,"Geauga"
"21067",1847.97705078125,"Fayette"
"27061",1728.54553222656,"Itasca"
"28145",1570.98986816406,"Union"
"30095",2018.86962890625,"Stillwater"
"42047",838.269104003906,"Elk"
"21041",1515.91931152344,"Carroll"
"47023",1458.53442382812,"Chester"
"51685",1185.77026367188,"Manassas Park"
"48481",2593.54565429688,"Wharton"
"72007",NA,"Aguas Buenas"
"72079",NA,"Lajas"
"54091",1178.83508300781,"Taylor"
"55065",1411.03649902344,"Lafayette"
"29083",1569.873046875,"Henry"
"30099",1351.72241210938,"Teton"
"31025",2365.79052734375,"Cass"
"48405",NA,"San Augustine"
"26145",1688.19421386719,"Saginaw"
"28077",2831.28686523438,"Lawrence"
"20035",1951.90649414062,"Cowley"
"12017",1554.61083984375,"Citrus"
"13281",1523.3798828125,"Towns"
"25023",2324.77685546875,"Plymouth"
"26153",1358.42956542969,"Schoolcraft"
"28095",1882.05981445312,"Monroe"
"34015",1619.37878417969,"Gloucester"
"39039",1216.8818359375,"Defiance"
"42085",954.741271972656,"Mercer"
"51051",1031.21594238281,"Dickenson"
"01053",1815.75634765625,"Escambia"
"01039",1862.60852050781,"Covington"
"13101",1614.95483398438,"Echols"
"17003",NA,"Alexander"
"27169",1476.38073730469,"Winona"
"34031",1736.4609375,"Passaic"
"38087",NA,"Slope"
"42105",974.9814453125,"Potter"
"45005",NA,"Allendale"
"16043",1425.88000488281,"Fremont"
"17069",NA,"Hardin"
"18123",1425.57629394531,"Perry"
"27031",1788.18859863281,"Cook"
"49033",1342.9267578125,"Rich"
"51185",1182.14416503906,"Tazewell"
"53063",1107.17529296875,"Spokane"
"37181",1335.64721679688,"Vance"
"05071",1681.8701171875,"Johnson"
"08051",1825.66906738281,"Gunnison"
"12107",1569.40173339844,"Putnam"
"18079",1315.36975097656,"Jennings"
"40109",2781.4345703125,"Oklahoma"
"28115",1696.951171875,"Pontotoc"
"21175",2107.53540039062,"Morgan"
"31019",2205.31982421875,"Buffalo"
"27079",2125.81225585938,"Le Sueur"
"37125",1572.66381835938,"Moore"
"45047",1294.46960449219,"Greenwood"
"49035",1330.98132324219,"Salt Lake"
"48297",2019.2958984375,"Live Oak"
"56015",1746.90747070312,"Goshen"
"47161",1567.21826171875,"Stewart"
"01021",1640.41320800781,"Chilton"
"04021",1116.08605957031,"Pinal"
"13177",1646.40942382812,"Lee"
"13109",1451.80993652344,"Evans"
"19117",1612.32238769531,"Lucas"
"21211",1922.6650390625,"Shelby"
"27087",2048.79418945312,"Mahnomen"
"29167",1662.20959472656,"Polk"
"30037",NA,"Golden Valley"
"38069",1204.37646484375,"Pierce"
"48067",1798.74145507812,"Cass"
"21111",1760.32666015625,"Jefferson"
"48339",2176.98901367188,"Montgomery"
"48075",NA,"Childress"
"56003",1212.44909667969,"Big Horn"
"48489",2220.298828125,"Willacy"
"21167",1807.31701660156,"Mercer"
"21117",1929.30322265625,"Kenton"
"13117",2209.234375,"Forsyth"
"26131",NA,"Ontonagon"
"27003",1879.94958496094,"Anoka"
"28103",1966.71154785156,"Noxubee"
"01029",1570.98291015625,"Cleburne"
"42015",1007.23455810547,"Bradford"
"29061",1768.66943359375,"Daviess"
"21235",1821.11022949219,"Whitley"
"42115",1127.52368164062,"Susquehanna"
"48163",1905.09985351562,"Frio"
"45023",1325.37341308594,"Chester"
"48217",2140.76782226562,"Hill"
"47031",1562.39819335938,"Coffee"
"46083",1884.57019042969,"Lincoln"
"25025",2376.45458984375,"Suffolk"
"48005",1796.43627929688,"Angelina"
"48007",2804.05200195312,"Aransas"
"42017",1673.45593261719,"Bucks"
"19007",1294.75012207031,"Appanoose"
"21205",1459.12182617188,"Rowan"
"17019",1447.06127929688,"Champaign"
"35003",NA,"Catron"
"17167",1472.99731445312,"Sangamon"
"35039",1709.3642578125,"Rio Arriba"
"35031",1276.07641601562,"McKinley"
"38055",1742.64208984375,"McLean"
"37195",1286.69812011719,"Wilson"
"19191",1578.8994140625,"Winneshiek"
"51107",1953.09301757812,"Loudoun"
"47075",1615.4716796875,"Haywood"
"53019",1504.06677246094,"Ferry"
"37007",1445.77587890625,"Anson"
"21209",1466.36584472656,"Scott"
"13299",1555.52526855469,"Ware"
"48341",2218.5791015625,"Moore"
"17001",1394.01281738281,"Adams"
"26053",NA,"Gogebic"
"39027",1347.77734375,"Clinton"
"29179",1719.34448242188,"Reynolds"
"01083",1675.63220214844,"Limestone"
"19133",1454.08654785156,"Monona"
"20187",NA,"Stanton"
"18155",1501.6396484375,"Switzerland"
"22045",2328.76513671875,"Iberia"
"25021",2162.55908203125,"Norfolk"
"22115",1060.04418945312,"Vernon"
"36119",4449.9619140625,"Westchester"
"40009",2425.58715820312,"Beckham"
"47155",1407.75085449219,"Sevier"
"37133",1979.04040527344,"Onslow"
"06099",1184.21520996094,"Stanislaus"
"08055",1931.5361328125,"Huerfano"
"13069",1635.4130859375,"Coffee"
"18101",1570.76977539062,"Martin"
"18073",1454.20495605469,"Jasper"
"19137",1789.04272460938,"Montgomery"
"26065",1529.16833496094,"Ingham"
"35033",NA,"Mora"
"22121",1592.99597167969,"West Baton Rouge"
"36053",1334.54760742188,"Madison"
"27171",2143.23291015625,"Wright"
"40083",3328.66772460938,"Logan"
"21027",1582.86206054688,"Breckinridge"
"42033",937.82666015625,"Clearfield"
"54077",1368.94885253906,"Preston"
"72021",NA,"Bayamón"
"51163",1181.51818847656,"Rockbridge"
"30071",1747.73217773438,"Phillips"
"31127",1998.84814453125,"Nemaha"
"05039",1595.90869140625,"Dallas"
"13121",3490.4033203125,"Fulton"
"13289",2023.01245117188,"Twiggs"
"17057",1294.88391113281,"Fulton"
"20097",NA,"Kiowa"
"05081",1510.197265625,"Little River"
"48501",1482.4658203125,"Yoakum"
"39035",1259.3642578125,"Cuyahoga"
"23011",1104.63696289062,"Kennebec"
"08107",1864.32373046875,"Routt"
"02110",1250.94091796875,"Juneau"
"13007",NA,"Baker"
"08023",NA,"Costilla"
"37141",2596.39526367188,"Pender"
"21201",NA,"Robertson"
"21113",2054.904296875,"Jessamine"
"72111",NA,"Peñuelas"
"51009",1043.61206054688,"Amherst"
"22053",1831.00854492188,"Jefferson Davis"
"47179",1246.69555664062,"Washington"
"25011",1497.70983886719,"Franklin"
"42041",1062.34997558594,"Cumberland"
"29031",1714.42431640625,"Cape Girardeau"
"41013",1110.47485351562,"Crook"
"50003",2037.611328125,"Bennington"
"55071",963.757446289062,"Manitowoc"
"55055",1259.84436035156,"Jefferson"
"27137",1738.24536132812,"St. Louis"
"42007",996.165893554688,"Beaver"
"36013",1102.11218261719,"Chautauqua"
"37107",1491.35766601562,"Lenoir"
"48029",1726.42492675781,"Bexar"
"48271",NA,"Kinney"
"08053",NA,"Hinsdale"
"02122",2296.70434570312,"Kenai Peninsula"
"17087",1921.369140625,"Johnson"
"47005",1668.38952636719,"Benton"
"42073",1003.4169921875,"Lawrence"
"22079",1167.24243164062,"Rapides"
"21057",NA,"Cumberland"
"55097",1361.86889648438,"Portage"
"37045",1166.75622558594,"Cleveland"
"47011",1334.66577148438,"Bradley"
"55049",1428.208984375,"Iowa"
"18007",1398.92077636719,"Benton"
"27035",1912.58898925781,"Crow Wing"
"18001",1133.84948730469,"Adams"
"08015",1330.43859863281,"Chaffee"
"31063",2401.69384765625,"Frontier"
"31173",2028.13061523438,"Thurston"
"50017",1726.08203125,"Orange"
"35001",1270.33813476562,"Bernalillo"
"19131",1462.29248046875,"Mitchell"
"13211",1987.03735351562,"Morgan"
"27037",2082.79272460938,"Dakota"
"22093",2077.49560546875,"St. James"
"05139",1826.06005859375,"Union"
"19051",1803.83984375,"Davis"
"39117",1552.23376464844,"Morrow"
"06101",1266.09741210938,"Sutter"
"06035",1460.16015625,"Lassen"
"48381",2105.36279296875,"Randall"
"48427",2279.6826171875,"Starr"
"08067",1522.05932617188,"La Plata"
"46109",NA,"Roberts"
"12073",1558.74719238281,"Leon"
"37149",1358.09265136719,"Polk"
"37031",3070.60522460938,"Carteret"
"20121",2241.8486328125,"Miami"
"12059",1779.78308105469,"Holmes"
"21163",1713.77966308594,"Meade"
"46101",1926.10791015625,"Moody"
"06087",2046.11877441406,"Santa Cruz"
"47003",1448.09387207031,"Bedford"
"46019",1909.20532226562,"Butte"
"13067",2242.83081054688,"Cobb"
"12051",2468.73779296875,"Hendry"
"72005",NA,"Aguadilla"
"41009",1116.74462890625,"Columbia"
"13015",1606.17810058594,"Bartow"
"40135",1908.27294921875,"Sequoyah"
"37145",1287.8359375,"Person"
"20051",2113.91235351562,"Ellis"
"72153",NA,"Yauco"
"51550",1886.43530273438,"Chesapeake"
"38037",NA,"Grant"
"19057",1389.13525390625,"Des Moines"
"19173",1691.95727539062,"Taylor"
"20063",NA,"Gove"
"39175",1324.68115234375,"Wyandot"
"13191",2006.21020507812,"McIntosh"
"48483",2066.74145507812,"Wheeler"
"37091",1396.6220703125,"Hertford"
"30089",1495.56701660156,"Sanders"
"13241",1785.96252441406,"Rabun"
"37043",1538.13256835938,"Clay"
"38103",1848.6142578125,"Wells"
"21131",NA,"Leslie"
"21017",1566.38159179688,"Bourbon"
"31141",1919.54870605469,"Platte"
"51053",1500.72607421875,"Dinwiddie"
"72039",NA,"Ciales"
"29013",1738.60949707031,"Bates"
"36107",1477.58996582031,"Tioga"
"18115",1511.26879882812,"Ohio"
"30111",1947.31958007812,"Yellowstone"
"12129",1814.92602539062,"Wakulla"
"48181",2275.15283203125,"Grayson"
"12115",2146.8349609375,"Sarasota"
"13003",1652.52954101562,"Atkinson"
"24021",1499.05676269531,"Frederick"
"48135",1765.59484863281,"Ector"
"46115",1662.23254394531,"Spink"
"27077",1405.52075195312,"Lake of the Woods"
"31051",2156.90161132812,"Dixon"
"13261",1651.87963867188,"Sumter"
"48031",2085.22998046875,"Blanco"
"51830",1528.05065917969,"Williamsburg"
"06055",1702.13720703125,"Napa"
"22071",3739.03100585938,"Orleans"
"40143",2150.0595703125,"Tulsa"
"36115",1268.0791015625,"Washington"
"51031",1045.27734375,"Campbell"
"51027",1529.54016113281,"Buchanan"
"51165",1133.03393554688,"Rockingham"
"29025",1747.92993164062,"Caldwell"
"30091",1926.55126953125,"Sheridan"
"47081",1658.88732910156,"Hickman"
"48057",2280.56176757812,"Calhoun"
"06115",1432.17614746094,"Yuba"
"51083",1222.8076171875,"Halifax"
"13137",1792.43737792969,"Habersham"
"41011",1287.20935058594,"Coos"
"05087",1825.73059082031,"Madison"
"38059",1795.94970703125,"Morton"
"27063",1671.58911132812,"Jackson"
"20201",2227.08203125,"Washington"
"01097",2005.26782226562,"Mobile"
"72137",NA,"Toa Baja"
"26059",1747.70373535156,"Hillsdale"
"28159",2413.82421875,"Winston"
"20209",1744.21752929688,"Wyandotte"
"53033",1539.79931640625,"King"
"12035",1614.06274414062,"Flagler"
"12103",2799.81396484375,"Pinellas"
"13087",1794.99291992188,"Decatur"
"72089",NA,"Luquillo"
"72117",NA,"Rincón"
"22085",1372.25012207031,"Sabine"
"54027",1227.76989746094,"Hampshire"
"29145",1648.91040039062,"Newton"
"30101",1309.81970214844,"Toole"
"45017",1472.78137207031,"Calhoun"
"48479",1426.51171875,"Webb"
"40127",1952.65844726562,"Pushmataha"
"19043",1249.52404785156,"Clayton"
"21239",1547.42614746094,"Woodford"
"47127",1551.02270507812,"Moore"
"40123",2236.73950195312,"Pontotoc"
"02290",NA,"Yukon-Koyukuk"
"30085",NA,"Roosevelt"
"50019",1672.3125,"Orleans"
"72129",NA,"San Lorenzo"
"37193",1213.9189453125,"Wilkes"
"29007",1370.36047363281,"Audrain"
"47173",1382.15490722656,"Union"
"48299",1770.61145019531,"Llano"
"54103",1405.68933105469,"Wetzel"
"56037",1182.12194824219,"Sweetwater"
"25017",2051.66259765625,"Middlesex"
"42113",1109.69189453125,"Sullivan"
"49055",NA,"Wayne"
"48397",2595.50366210938,"Rockwall"
"19005",1367.25744628906,"Allamakee"
"38009",1736.89929199219,"Bottineau"
"29137",1548.76440429688,"Monroe"
"54025",1175.37646484375,"Greenbrier"
"17013",NA,"Calhoun"
"32015",1766.74401855469,"Lander"
"39085",1194.98266601562,"Lake"
"21003",1930.08508300781,"Allen"
"06069",1955.89794921875,"San Benito"
"20031",1906.57788085938,"Coffey"
"48289",2062.75634765625,"Leon"
"46091",1516.95812988281,"Marshall"
"32017",1126.65368652344,"Lincoln"
"41051",1302.86437988281,"Multnomah"
"20185",NA,"Stafford"
"47047",2158.029296875,"Fayette"
"55035",1155.61804199219,"Eau Claire"
"06057",2083.71997070312,"Nevada"
"05115",1696.96643066406,"Pope"
"48317",2451.13012695312,"Martin"
"72061",NA,"Guaynabo"
"26079",1506.27856445312,"Kalkaska"
"30065",1973.74438476562,"Musselshell"
"05009",1678.27294921875,"Boone"
"18089",1439.37866210938,"Lake"
"45051",2019.95239257812,"Horry"
"05109",1653.30383300781,"Pike"
"18137",1551.93408203125,"Ripley"
"39071",1287.02856445312,"Highland"
"31097",1931.76293945312,"Johnson"
"48017",2338.3544921875,"Bailey"
"04013",1304.34057617188,"Maricopa"
"29079",1376.93579101562,"Grundy"
"55141",1142.86437988281,"Wood"
"13143",2070.68676757812,"Haralson"
"02068",NA,"Denali"
"51530",989.097473144531,"Buena Vista"
"37097",1392.87634277344,"Iredell"
"08093",1876.20080566406,"Park"
"37015",1788.64916992188,"Bertie"
"48079",NA,"Cochran"
"33011",1624.57897949219,"Hillsborough"
"27161",1567.64013671875,"Waseca"
"48415",1856.81884765625,"Scurry"
"54093",1736.10192871094,"Tucker"
"48503",2170.97827148438,"Young"
"08033",1352.986328125,"Dolores"
"12077",1898.751953125,"Liberty"
"28041",2314.44116210938,"Greene"
"29111",NA,"Lewis"
"04003",1090.24768066406,"Cochise"
"21199",1631.29418945312,"Pulaski"
"51678",1170.50915527344,"Lexington"
"42031",956.173217773438,"Clarion"
"26121",1553.30078125,"Muskegon"
"49001",1032.71252441406,"Beaver"
"31183",NA,"Wheeler"
"21083",1908.71337890625,"Graves"
"51540",1356.96008300781,"Charlottesville"
"01075",1597.27551269531,"Lamar"
"51125",1481.16564941406,"Nelson"
"21103",1807.16259765625,"Henry"
"35019",1768.05798339844,"Guadalupe"
"19101",1753.29138183594,"Jefferson"
"20129",NA,"Morton"
"17101",1650.74645996094,"Lawrence"
"37115",1600.7705078125,"Madison"
"48221",2440.10620117188,"Hood"
"20023",NA,"Cheyenne"
"22023",2271.9443359375,"Cameron"
"13267",1654.56115722656,"Tattnall"
"16015",1536.41735839844,"Boise"
"13053",1589.77661132812,"Chattahoochee"
"13139",1819.49084472656,"Hall"
"34029",1957.76782226562,"Ocean"
"13223",1599.96362304688,"Paulding"
"42019",1099.22399902344,"Butler"
"21059",1006.26538085938,"Daviess"
"47049",1432.087890625,"Fentress"
"40003",NA,"Alfalfa"
"35035",1411.73754882812,"Otero"
"72027",NA,"Camuy"
"13279",1958.43603515625,"Toombs"
"33005",2346.10864257812,"Cheshire"
"02150",1563.58605957031,"Kodiak Island"
"29199",NA,"Scotland"
"29097",1607.36291503906,"Jasper"
"46053",NA,"Gregory"
"09130",NA,"Lower Connecticut River Valley"
"18121",1489.98034667969,"Parke"
"18027",1481.40283203125,"Daviess"
"31077",NA,"Greeley"
"39173",1396.78186035156,"Wood"
"48275",NA,"Knox"
"31155",2358.83081054688,"Saunders"
"48345",NA,"Motley"
"13189",1600.20349121094,"McDuffie"
"41063",1297.42504882812,"Wallowa"
"02050",NA,"Bethel"
"16039",1072.72375488281,"Elmore"
"26137",2038.23815917969,"Otsego"
"48039",2527.30981445312,"Brazoria"
"31153",2232.76147460938,"Sarpy"
"21089",1675.80639648438,"Greenup"
"20199",NA,"Wallace"
"19059",1658.09033203125,"Dickinson"
"21149",1400.68725585938,"McLean"
"29183",1843.50915527344,"St. Charles"
"37177",2067.28125,"Tyrrell"
"01081",1541.02416992188,"Lee"
"08085",1105.15502929688,"Montrose"
"13207",1930.88842773438,"Monroe"
"55023",1272.33618164062,"Crawford"
"05033",1720.5048828125,"Crawford"
"53003",1096.30480957031,"Asotin"
"47063",1197.78649902344,"Hamblen"
"37185",1449.20874023438,"Warren"
"38083",NA,"Sheridan"
"05091",1710.46691894531,"Miller"
"26063",1686.0439453125,"Huron"
"31065",2108.833984375,"Furnas"
"42057",1018.59735107422,"Fulton"
"26083",NA,"Keweenaw"
"26055",2094.59301757812,"Grand Traverse"
"31087",NA,"Hitchcock"
"31031",2044.00317382812,"Cherry"
"49021",927.235961914062,"Iron"
"13159",1907.04125976562,"Jasper"
"20205",NA,"Wilson"
"40069",1809.94262695312,"Johnston"
"47165",1741.89733886719,"Sumner"
"21011",NA,"Bath"
"47089",1404.044921875,"Jefferson"
"51033",1377.4013671875,"Caroline"
"45085",1546.4658203125,"Sumter"
"31069",NA,"Garden"
"51640",803.944702148438,"Galax"
"42121",828.337890625,"Venango"
"48225",1978.5703125,"Houston"
"01129",2141.44213867188,"Washington"
"30025",2425.22265625,"Fallon"
"46021",NA,"Campbell"
"17137",1287.13000488281,"Morgan"
"39009",1588.95385742188,"Athens"
"01065",2047.27355957031,"Hale"
"31121",1870.12084960938,"Merrick"
"55037",1632.21704101562,"Florence"
"13095",1704.49670410156,"Dougherty"
"17107",1340.16027832031,"Logan"
"26051",1522.00427246094,"Gladwin"
"31175",1932.91040039062,"Valley"
"31125",1731.11010742188,"Nance"
"47169",1652.58410644531,"Trousdale"
"48267",1419.23083496094,"Kimble"
"56019",1562.64660644531,"Johnson"
"27053",2090.94848632812,"Hennepin"
"13271",1703.30981445312,"Telfair"
"47087",1516.11315917969,"Jackson"
"46015",1906.47277832031,"Brule"
"51161",1099.84545898438,"Roanoke"
"48013",2102.93823242188,"Atascosa"
"21081",1727.37927246094,"Grant"
"46063",NA,"Harding"
"12047",1696.04138183594,"Hamilton"
"13163",1760.97998046875,"Jefferson"
"24017",1852.25830078125,"Charles"
"17099",1455.98791503906,"LaSalle"
"29017",1590.22143554688,"Bollinger"
"26057",2202.322265625,"Gratiot"
"21213",1653.88635253906,"Simpson"
"31161",1779.83923339844,"Sheridan"
"51730",1361.576171875,"Petersburg"
"05017",1957.25952148438,"Chicot"
"13113",2055.89331054688,"Fayette"
"40063",1863.29797363281,"Hughes"
"27027",1547.11584472656,"Clay"
"16025",NA,"Camas"
"31163",NA,"Sherman"
"46011",1614.64868164062,"Brookings"
"51680",1005.9521484375,"Lynchburg"
"13165",1794.79528808594,"Jenkins"
"48055",1829.4912109375,"Caldwell"
"28111",2438.27954101562,"Perry"
"12065",1784.42126464844,"Jefferson"
"24011",1356.99157714844,"Caroline"
"33017",1502.34326171875,"Strafford"
"51103",2119.52001953125,"Lancaster"
"51073",1565.24731445312,"Gloucester"
"28069",2323.93481445312,"Kemper"
"19063",1323.62756347656,"Emmet"
"13295",1511.56494140625,"Walker"
"16003",1437.2353515625,"Adams"
"20137",NA,"Norton"
"22029",1090.44958496094,"Concordia"
"51017",1144.44702148438,"Bath"
"02016",NA,"Aleutians West"
"31075",NA,"Grant"
"47041",1382.25134277344,"DeKalb"
"37053",2618.0947265625,"Currituck"
"26139",1593.99145507812,"Ottawa"
"22069",1449.20959472656,"Natchitoches"
"45075",1604.50927734375,"Orangeburg"
"17123",1325.55419921875,"Marshall"
"47069",1702.74780273438,"Hardeman"
"40081",2319.86108398438,"Lincoln"
"50025",1730.318359375,"Windham"
"55067",1042.34765625,"Langlade"
"37025",1374.82348632812,"Cabarrus"
"31011",2172.85107421875,"Boone"
"21115",1970.85021972656,"Johnson"
"17043",1700.36853027344,"DuPage"
"13011",1636.99548339844,"Banks"
"19147",1219.85949707031,"Palo Alto"
"21009",1612.57653808594,"Barren"
"31137",1859.25317382812,"Phelps"
"39067",1265.5009765625,"Harrison"
"29129",1317.44665527344,"Mercer"
"72085",NA,"Las Piedras"
"48331",1745.01196289062,"Milam"
"56031",1906.49475097656,"Platte"
"01095",1704.3994140625,"Marshall"
"02185",NA,"North Slope"
"06029",1188.37219238281,"Kern"
"19179",1239.53540039062,"Wapello"
"26111",1720.86547851562,"Midland"
"28101",2011.01892089844,"Newton"
"20189",2471.30615234375,"Stevens"
"27069",NA,"Kittson"
"01047",1893.75439453125,"Dallas"
"31159",2056.80126953125,"Seward"
"47033",1471.46899414062,"Crockett"
"46005",1557.45935058594,"Beadle"
"47017",1599.14111328125,"Carroll"
"19187",1366.1748046875,"Webster"
"24025",1745.21740722656,"Harford"
"51117",1369.98547363281,"Mecklenburg"
"45039",1730.47680664062,"Fairfield"
"53011",1268.86682128906,"Clark"
"29033",1828.47277832031,"Carroll"
"42133",1009.56597900391,"York"
"16027",1088.12023925781,"Canyon"
"13209",1688.07421875,"Montgomery"
"46095",NA,"Mellette"
"19025",1507.16455078125,"Calhoun"
"13293",1524.3818359375,"Upson"
"48421",NA,"Sherman"
"48169",1713.44909667969,"Garza"
"09180",NA,"Southeastern Connecticut"
"36079",2173.4013671875,"Putnam"
"36101",1301.51220703125,"Steuben"
"13021",1881.35217285156,"Bibb"
"18181",1475.4326171875,"White"
"29223",NA,"Wayne"
"27001",1677.14501953125,"Aitkin"
"48387",1929.33386230469,"Red River"
"47149",1577.49267578125,"Rutherford"
"01005",1591.46142578125,"Barbour"
"41049",1236.11389160156,"Morrow"
"16017",1439.43188476562,"Bonner"
"16033",NA,"Clark"
"20093",NA,"Kearny"
"29121",1432.29113769531,"Macon"
"29133",1620.03332519531,"Mississippi"
"42043",974.537902832031,"Dauphin"
"09190",NA,"Western Connecticut"
"37071",1195.06408691406,"Gaston"
"16031",1056.30749511719,"Cassia"
"06041",2661.13793945312,"Marin"
"48389",1969.55346679688,"Reeves"
"48315",2029.17517089844,"Marion"
"40029",2262.494140625,"Coal"
"31099",2144.28198242188,"Kearney"
"55127",1327.79992675781,"Walworth"
"40131",2139.7275390625,"Rogers"
"21177",1770.30541992188,"Muhlenberg"
"40073",2703.81494140625,"Kingfisher"
"46003",NA,"Aurora"
"48019",2155.5458984375,"Bandera"
"45025",1275.79162597656,"Chesterfield"
"42045",1817.22631835938,"Delaware"
"53077",1250.61889648438,"Yakima"
"29001",1501.65307617188,"Adair"
"48173",NA,"Glasscock"
"27129",1791.35571289062,"Renville"
"28001",2104.0498046875,"Adams"
"29186",1854.03552246094,"Ste. Genevieve"
"17033",1424.76025390625,"Crawford"
"17177",1303.88354492188,"Stephenson"
"22035",1128.97839355469,"East Carroll"
"27025",2065.88647460938,"Chisago"
"21095",1504.01879882812,"Harlan"
"26003",1494.18371582031,"Alger"
"21161",1266.43029785156,"Mason"
"48145",1968.84716796875,"Falls"
"51075",1803.90881347656,"Goochland"
"27081",1893.10131835938,"Lincoln"
"55109",1676.65612792969,"St. Croix"
"48199",2244.74780273438,"Hardin"
"26163",1911.22302246094,"Wayne"
"72013",NA,"Arecibo"
"47091",1389.50085449219,"Johnson"
"38081",1923.23608398438,"Sargent"
"26125",1642.36657714844,"Oakland"
"38019",NA,"Cavalier"
"27135",1498.02978515625,"Roseau"
"36087",2773.11987304688,"Rockland"
"50011",1784.30688476562,"Franklin"
"27049",1962.18627929688,"Goodhue"
"29131",1705.41931152344,"Miller"
"01109",1664.61242675781,"Pike"
"36085",2247.34057617188,"Richmond"
"05061",1716.47375488281,"Howard"
"42129",965.591491699219,"Westmoreland"
"08013",2318.52758789062,"Boulder"
"29049",1770.40502929688,"Clinton"
"51071",1224.43017578125,"Giles"
"72045",NA,"Comerío"
"54005",1594.93505859375,"Boone"
"72077",NA,"Juncos"
"72033",NA,"Cataño"
"72054",NA,"Florida"
"05035",1734.58752441406,"Crittenden"
"53009",1124.61572265625,"Clallam"
"42103",1194.25830078125,"Pike"
"31109",1827.23303222656,"Lancaster"
"48295",NA,"Lipscomb"
"28113",2153.9013671875,"Pike"
"28021",NA,"Claiborne"
"46049",NA,"Faulk"
"46089",NA,"McPherson"
"28047",2554.458984375,"Harrison"
"24027",2094.44262695312,"Howard"
"46065",1776.28344726562,"Hughes"
"28129",2128.32202148438,"Smith"
"46123",1675.73315429688,"Tripp"
"21185",2178.29418945312,"Oldham"
"13153",1803.85412597656,"Houston"
"48465",1294.98681640625,"Val Verde"
"29175",1451.56774902344,"Randolph"
"13145",1865.68249511719,"Harris"
"12043",2250.72192382812,"Glades"
"39025",1291.27014160156,"Clermont"
"39033",1415.44323730469,"Crawford"
"39059",1394.1279296875,"Guernsey"
"40065",2126.85571289062,"Jackson"
"22073",1339.89562988281,"Ouachita"
"29203",1251.37915039062,"Shannon"
"72093",NA,"Maricao"
"54075",1629.47448730469,"Pocahontas"
"18135",1360.126953125,"Randolph"
"55137",1225.18151855469,"Waushara"
"35049",1594.94567871094,"Santa Fe"
"06111",1659.45471191406,"Ventura"
"24019",1566.4052734375,"Dorchester"
"13131",1745.58569335938,"Grady"
"27123",2041.77185058594,"Ramsey"
"26109",2203.54541015625,"Menominee"
"05057",1622.85607910156,"Hempstead"
"17193",1575.86096191406,"White"
"20017",NA,"Chase"
"48133",2297.3955078125,"Eastland"
"19077",1689.34265136719,"Guthrie"
"17037",1418.65563964844,"DeKalb"
"18051",1550.5185546875,"Gibson"
"37137",2442.97021484375,"Pamlico"
"48357",1925.59533691406,"Ochiltree"
"47185",1437.59936523438,"White"
"38015",1953.02905273438,"Burleigh"
"46075",NA,"Jones"
"40151",2106.267578125,"Woods"
"18127",1527.04626464844,"Porter"
"17103",1449.5830078125,"Lee"
"08101",2012.78491210938,"Pueblo"
"48411",2121.6064453125,"San Saba"
"48475",2198.36108398438,"Ward"
"08071",1912.72229003906,"Las Animas"
"08089",2001.21411132812,"Otero"
"08117",2108.66137695312,"Summit"
"48263",NA,"Kent"
"48257",2353.64916992188,"Kaufman"
"05143",1803.4169921875,"Washington"
"40057",NA,"Harmon"
"48495",1463.32092285156,"Winkler"
"01115",1641.0927734375,"St. Clair"
"12097",1937.14428710938,"Osceola"
"20053",NA,"Ellsworth"
"36099",1234.19519042969,"Seneca"
"37065",1559.98059082031,"Edgecombe"
"48101",NA,"Cottle"
"48313",2012.2509765625,"Madison"
"37037",1610.87121582031,"Chatham"
"27033",1642.77893066406,"Cottonwood"
"17185",1568.22802734375,"Wabash"
"39119",1343.36096191406,"Muskingum"
"29215",1582.98352050781,"Texas"
"21093",1781.43505859375,"Hardin"
"27091",1501.10620117188,"Martin"
"40129",NA,"Roger Mills"
"42039",974.28125,"Crawford"
"34005",1696.49926757812,"Burlington"
"45015",2140.25561523438,"Berkeley"
"29053",1377.75817871094,"Cooper"
"30075",NA,"Powder River"
"20029",1875.34997558594,"Cloud"
"19071",1845.32556152344,"Fremont"
"51159",1364.75036621094,"Richmond"
"48157",2642.59399414062,"Fort Bend"
"40051",2622.72583007812,"Grady"
"05015",1785.82824707031,"Carroll"
"36077",1346.02087402344,"Otsego"
"40027",2549.69873046875,"Cleveland"
"48459",1953.30310058594,"Upshur"
"40087",2746.0859375,"McClain"
"31067",1941.61608886719,"Gage"
"48223",2217.84033203125,"Hopkins"
"72071",NA,"Isabela"
"55139",1101.48168945312,"Winnebago"
"53071",1205.58264160156,"Walla Walla"
"72107",NA,"Orocovis"
"40047",2237.17944335938,"Garfield"
"22105",1607.74975585938,"Tangipahoa"
"18043",1544.234375,"Floyd"
"38105",1580.08923339844,"Williams"
"46029",1620.95288085938,"Codington"
"04025",1139.68103027344,"Yavapai"
"13187",1763.58239746094,"Lumpkin"
"18059",1609.80712890625,"Hancock"
"20027",NA,"Clay"
"28127",2055.8583984375,"Simpson"
"36097",1257.28845214844,"Schuyler"
"45035",1888.95520019531,"Dorchester"
"72023",NA,"Cabo Rojo"
"47001",1427.52160644531,"Anderson"
"13115",1590.65771484375,"Floyd"
"13247",1921.76416015625,"Rockdale"
"16051",1270.93676757812,"Jefferson"
"42061",931.815307617188,"Huntingdon"
"20147",NA,"Phillips"
"48111",2135.52954101562,"Dallam"
"42069",1088.08959960938,"Lackawanna"
"42079",1045.54504394531,"Luzerne"
"47103",1546.6533203125,"Lincoln"
"37173",1311.06091308594,"Swain"
"40005",2022.26684570312,"Atoka"
"40019",2037.99011230469,"Carter"
"48477",1834.04333496094,"Washington"
"40099",1894.48559570312,"Murray"
"40147",1755.00366210938,"Washington"
"42125",1101.90441894531,"Washington"
"06017",2095.39599609375,"El Dorado"
"21171",1433.62768554688,"Monroe"
"29005",1231.29833984375,"Atchison"
"37005",1260.2548828125,"Alleghany"
"48487",2254.0830078125,"Wilbarger"
"01009",1672.7685546875,"Blount"
"13269",1959.6611328125,"Taylor"
"55043",1211.29846191406,"Grant"
"30051",NA,"Liberty"
"31033",2062.58862304688,"Cheyenne"
"26113",1736.91137695312,"Missaukee"
"18037",1418.17663574219,"Dubois"
"38029",1667.19958496094,"Emmons"
"01019",1736.32727050781,"Cherokee"
"17133",2159.48803710938,"Monroe"
"42087",930.020751953125,"Mifflin"
"29125",1724.99523925781,"Maries"
"42091",1650.53063964844,"Montgomery"
"22055",2229.54711914062,"Lafayette"
"39007",1116.46118164062,"Ashtabula"
"22061",1311.91577148438,"Lincoln"
"39019",1270.25830078125,"Carroll"
"06003",2229.16357421875,"Alpine"
"54053",1293.74841308594,"Mason"
"37099",1329.38354492188,"Jackson"
"01105",2062.86865234375,"Perry"
"54011",1289.13049316406,"Cabell"
"54045",1609.24340820312,"Logan"
"51045",1319.41687011719,"Craig"
"54057",1184.20983886719,"Mineral"
"54059",NA,"Mingo"
"28097",2546.7333984375,"Montgomery"
"29185",1697.6015625,"St. Clair"
"37027",996.978271484375,"Caldwell"
"45031",1674.46240234375,"Darlington"
"53073",1227.5009765625,"Whatcom"
"54023",1296.17272949219,"Grant"
"31081",2016.90686035156,"Hamilton"
"30015",1530.99926757812,"Chouteau"
"05067",1504.37902832031,"Jackson"
"37067",1211.62939453125,"Forsyth"
"05075",1369.84216308594,"Lawrence"
"34001",1816.88586425781,"Atlantic"
"29510",1748.29724121094,"St. Louis"
"48205",2148.64819335938,"Hartley"
"18049",1470.15856933594,"Fulton"
"10003",1484.62878417969,"New Castle"
"39063",1274.20788574219,"Hancock"
"35013",1328.21130371094,"Doña Ana"
"29109",1625.2080078125,"Lawrence"
"37009",1283.12524414062,"Ashe"
"05027",1677.23510742188,"Columbia"
"26041",1243.47644042969,"Delta"
"37021",1249.48718261719,"Buncombe"
"09120",NA,"Greater Bridgeport"
"28119",NA,"Quitman"
"28133",2467.65942382812,"Sunflower"
"51750",1101.86486816406,"Radford"
"51063",1218.04333496094,"Floyd"
"54107",1228.38098144531,"Wood"
"54105",NA,"Wirt"
"48027",1507.15209960938,"Bell"
"53043",1552.361328125,"Lincoln"
"53045",1220.86303710938,"Mason"
"26117",1807.92846679688,"Montcalm"
"27057",1696.68542480469,"Hubbard"
"37017",1930.00671386719,"Bladen"
"48231",2357.205078125,"Hunt"
"48307",2105.08740234375,"McCulloch"
"72017",NA,"Barceloneta"
"29011",1510.89892578125,"Barton"
"29149",NA,"Oregon"
"30067",1687.29418945312,"Park"
"13219",1822.39587402344,"Oconee"
"13225",1677.11267089844,"Peach"
"13251",1673.8798828125,"Screven"
"48505",1208.59484863281,"Zapata"
"24009",1760.6474609375,"Calvert"
"20043",NA,"Doniphan"
"13283",1708.67907714844,"Treutlen"
"48349",2037.65124511719,"Navarro"
"09170",NA,"South Central Connecticut"
"31165",NA,"Sioux"
"37023",1241.40539550781,"Burke"
"36059",4022.86352539062,"Nassau"
"34025",2397.13793945312,"Monmouth"
"51179",1735.85363769531,"Stafford"
"53055",1601.70397949219,"San Juan"
"53057",1345.77526855469,"Skagit"
"53067",1211.896484375,"Thurston"
"13047",1429.595703125,"Catoosa"
"13065",1831.0390625,"Clinch"
"53029",1302.31127929688,"Island"
"50007",1554.25085449219,"Chittenden"
"51820",1123.24938964844,"Waynesboro"
"48149",1963.10974121094,"Fayette"
"48089",2055.78686523438,"Colorado"
"19003",1802.99853515625,"Adams"
"25019",2290.044921875,"Nantucket"
"47009",1365.69714355469,"Blount"
"46039",1835.72229003906,"Deuel"
"16079",1207.15051269531,"Shoshone"
"17119",1533.99694824219,"Madison"
"48321",2756.63671875,"Matagorda"
"40097",1967.43127441406,"Mayes"
"05013",1845.51379394531,"Calhoun"
"17153",2616.19555664062,"Pulaski"
"27165",1614.60778808594,"Watonwan"
"39005",1229.77038574219,"Ashland"
"06043",1907.68041992188,"Mariposa"
"35009",1824.810546875,"Curry"
"33019",1547.89697265625,"Sullivan"
"37191",1529.46411132812,"Wayne"
"31029",2576.40209960938,"Chase"
"31057",NA,"Dundy"
"46069",NA,"Hyde"
"26005",1591.5009765625,"Allegan"
"21091",1777.50671386719,"Hancock"
"19033",1372.56506347656,"Cerro Gordo"
"19037",1387.70385742188,"Chickasaw"
"32013",1007.44342041016,"Humboldt"
"48491",1828.25366210938,"Williamson"
"72135",NA,"Toa Alta"
"72149",NA,"Villalba"
"19049",1816.51611328125,"Dallas"
"13263",1860.54821777344,"Talbot"
"37047",1940.95654296875,"Columbus"
"30109",NA,"Wibaux"
"16087",1278.36437988281,"Washington"
"17159",1390.19921875,"Richland"
"08007",1524.43530273438,"Archuleta"
"40153",2463.30444335938,"Woodward"
"35027",1609.5537109375,"Lincoln"
"35053",1514.01342773438,"Socorro"
"19193",1395.47961425781,"Woodbury"
"31013",2323.05029296875,"Box Butte"
"36021",1714.07885742188,"Columbia"
"31005",NA,"Arthur"
"13291",1546.19482421875,"Union"
"06023",1273.10083007812,"Humboldt"
"13297",1849.45642089844,"Walton"
"37121",1292.01049804688,"Mitchell"
"29115",1431.37744140625,"Linn"
"13307",NA,"Webster"
"20155",1885.71887207031,"Reno"
"47139",1650.74963378906,"Polk"
"24510",1567.83068847656,"Baltimore"
"48091",1773.36047363281,"Comal"
"48497",2543.34716796875,"Wise"
"19067",1362.38928222656,"Floyd"
"21109",1744.478515625,"Jackson"
"20049",NA,"Elk"
"26045",2160.47631835938,"Eaton"
"19085",1641.32568359375,"Harrison"
"46093",2113.421875,"Meade"
"12029",1588.64916992188,"Dixie"
"13155",1865.68286132812,"Irwin"
"30087",1719.90844726562,"Rosebud"
"26013",NA,"Baraga"
"20005",1814.44128417969,"Atchison"
"25007",2969.25341796875,"Dukes"
"12001",1545.47985839844,"Alachua"
"29077",1518.61938476562,"Greene"
"29103",NA,"Knox"
"32011",NA,"Eureka"
"30039",1670.76525878906,"Granite"
"39045",1350.28393554688,"Fairfield"
"38063",1807.67895507812,"Nelson"
"38003",1719.42333984375,"Barnes"
"41059",1137.97692871094,"Umatilla"
"13133",2343.0771484375,"Greene"
"55079",1259.388671875,"Milwaukee"
"55081",1435.82250976562,"Monroe"
"05037",1761.10388183594,"Cross"
"02170",1636.34802246094,"Matanuska-Susitna"
"20111",1663.40649414062,"Lyon"
"48121",2540.5166015625,"Denton"
"21129",NA,"Lee"
"20125",1928.15698242188,"Montgomery"
"26071",1630.98400878906,"Iron"
"20197",2298.62353515625,"Wabaunsee"
"27023",1729.10620117188,"Chippewa"
"49057",1133.23278808594,"Weber"
"37085",1475.89123535156,"Harnett"
"22109",2306.18017578125,"Terrebonne"
"47035",1384.35827636719,"Cumberland"
"18017",1189.42651367188,"Cass"
"19177",NA,"Van Buren"
"32023",1289.06921386719,"Nye"
"29189",1918.31945800781,"St. Louis"
"17171",NA,"Scott"
"26011",1724.01904296875,"Arenac"
"05093",NA,"Mississippi"
"12063",1705.16870117188,"Jackson"
"12127",1691.66186523438,"Volusia"
"13083",1890.84191894531,"Dade"
"26095",1196.45190429688,"Luce"
"37101",1353.65783691406,"Johnston"
"18153",1457.04846191406,"Sullivan"
"02164",NA,"Lake and Peninsula"
"34017",2339.30200195312,"Hudson"
"46035",1867.48889160156,"Davison"
"12031",1726.00793457031,"Duval"
"39129",1410.37048339844,"Pickaway"
"28007",1892.56896972656,"Attala"
"21173",1687.29602050781,"Montgomery"
"49049",1138.61071777344,"Utah"
"55027",1184.69836425781,"Dodge"
"21189",NA,"Owsley"
"26133",NA,"Osceola"
"21221",1938.32739257812,"Trigg"
"27051",1789.56994628906,"Grant"
"17047",1378.16540527344,"Edwards"
"17059",1477.73974609375,"Gallatin"
"26091",1962.46948242188,"Lenawee"
"55039",1154.45336914062,"Fond du Lac"
"26099",1415.70141601562,"Macomb"
"18183",1364.35229492188,"Whitley"
"26017",1307.77490234375,"Bay"
"72125",NA,"San Germán"
"26157",1459.98278808594,"Tuscola"
"32005",1226.02758789062,"Douglas"
"18003",1171.30590820312,"Allen"
"45073",959.191223144531,"Oconee"
"13275",2035.50952148438,"Thomas"
"20175",2201.17309570312,"Seward"
"24003",1745.81103515625,"Anne Arundel"
"34041",1618.22729492188,"Warren"
"42117",1063.84460449219,"Tioga"
"48071",2678.9892578125,"Chambers"
"29047",1768.85754394531,"Clay"
"39049",1290.36804199219,"Franklin"
"48337",2150.67358398438,"Montague"
"49013",1232.55883789062,"Duchesne"
"49019",951.730651855469,"Grand"
"29219",1757.64135742188,"Warren"
"13077",1703.08642578125,"Coweta"
"19021",1256.21813964844,"Buena Vista"
"27011",1567.6572265625,"Big Stone"
"48365",1810.43249511719,"Panola"
"27009",1750.31396484375,"Benton"
"21023",1603.88244628906,"Bracken"
"40103",2355.59814453125,"Noble"
"25009",2044.19787597656,"Essex"
"47039",1571.27221679688,"Decatur"
"47059",1232.81286621094,"Greene"
"32007",1190.16931152344,"Elko"
"22123",1072.58508300781,"West Carroll"
"01063",2034.88317871094,"Greene"
"18103",1354.45092773438,"Miami"
"18107",1396.13842773438,"Montgomery"
"06051",2176.23120117188,"Mono"
"20095",2036.6826171875,"Kingman"
"46105",NA,"Perkins"
"56045",1757.44006347656,"Weston"
"17129",1795.03576660156,"Menard"
"21143",1880.49108886719,"Lyon"
"21051",1968.55126953125,"Clay"
"27067",1721.71105957031,"Kandiyohi"
"31071",NA,"Garfield"
"48285",2215.9755859375,"Lavaca"
"47021",1708.64575195312,"Cheatham"
"47145",1457.56909179688,"Roane"
"08037",2021.46655273438,"Eagle"
"16001",1340.59985351562,"Ada"
"19029",1374.79016113281,"Cass"
"12061",2394.31396484375,"Indian River"
"13009",1706.7412109375,"Baldwin"
"51007",1284.92736816406,"Amelia"
"39101",1170.2451171875,"Marion"
"51035",921.255859375,"Carroll"
"08063",2413.66918945312,"Kit Carson"
"42027",966.638488769531,"Centre"
"46081",1982.01611328125,"Lawrence"
"42029",1695.17724609375,"Chester"
"47083",1477.56506347656,"Houston"
"47085",1529.35705566406,"Humphreys"
"48241",1894.39477539062,"Jasper"
"45043",2554.31372070312,"Georgetown"
"53001",1164.14733886719,"Adams"
"49043",1957.54357910156,"Summit"
"46085",NA,"Lyman"
"16069",1099.5,"Nez Perce"
"31021",1798.99768066406,"Burt"
"27119",1567.02709960938,"Polk"
"29119",1857.67053222656,"McDonald"
"55135",1112.37487792969,"Waupaca"
"12085",3142.99096679688,"Martin"
"55111",1236.16772460938,"Sauk"
"41029",980.541809082031,"Jackson"
"37061",1691.27734375,"Duplin"
"19145",1535.7080078125,"Page"
"19045",1384.63049316406,"Clinton"
"13055",1570.61633300781,"Chattooga"
"12071",2232.51879882812,"Lee"
"19061",1403.36987304688,"Dubuque"
"48283",NA,"La Salle"
"20113",1972.42858886719,"McPherson"
"12099",3449.02783203125,"Palm Beach"
"20109",NA,"Logan"
"48309",1608.42712402344,"McLennan"
"12093",2101.06860351562,"Okeechobee"
"19089",1250.53991699219,"Howard"
"30009",1788.5966796875,"Carbon"
"51760",1471.16479492188,"Richmond"
"49005",1018.46948242188,"Cache"
"53039",1529.39270019531,"Klickitat"
"45049",1548.52941894531,"Hampton"
"49025",964.566162109375,"Kane"
"55007",1300.79443359375,"Bayfield"
"55013",1429.49230957031,"Burnett"
"22041",1441.90637207031,"Franklin"
"22027",1365.89147949219,"Claiborne"
"51131",2020.91931152344,"Northampton"
"27157",1996.14123535156,"Wabasha"
"22047",1792.25512695312,"Iberville"
"17111",1589.13952636719,"McHenry"
"18075",1414.26733398438,"Jay"
"35037",1601.5234375,"Quay"
"37171",1340.69372558594,"Surry"
"48369",2322.56958007812,"Parmer"
"39037",1185.88806152344,"Darke"
"17149",1332.28369140625,"Pike"
"39121",1331.25134277344,"Noble"
"19097",1592.41491699219,"Jackson"
"13045",1554.44848632812,"Carroll"
"51081",1220.11572265625,"Greensville"
"17161",1271.48913574219,"Rock Island"
"08113",2019.39721679688,"San Miguel"
"08115",2520.533203125,"Sedgwick"
"55093",1536.39306640625,"Pierce"
"48037",1923.27099609375,"Bowie"
"47181",1579.24462890625,"Wayne"
"47187",2077.42041015625,"Williamson"
"45065",1535.65368652344,"McCormick"
"55119",1019.02270507812,"Taylor"
"56027",1763.08801269531,"Niobrara"
"36027",1866.29248046875,"Dutchess"
"37073",1614.29284667969,"Gates"
"06113",1300.11181640625,"Yolo"
"29091",1606.75183105469,"Howell"
"26141",1555.3798828125,"Presque Isle"
"29101",1765.69836425781,"Johnson"
"22067",1384.59399414062,"Morehouse"
"29157",1556.77514648438,"Perry"
"13303",1786.83142089844,"Washington"
"20115",2103.32250976562,"Marion"
"21029",1633.78466796875,"Bullitt"
"27101",1712.19116210938,"Murray"
"39041",1524.92822265625,"Delaware"
"40117",2073.95458984375,"Pawnee"
"49011",1110.01879882812,"Davis"
"48049",1878.23254394531,"Brown"
"39141",1377.71374511719,"Ross"
"17181",1980.74926757812,"Union"
"08039",2834.68896484375,"Elbert"
"39145",1356.43823242188,"Scioto"
"19153",1456.73229980469,"Polk"
"48443",NA,"Terrell"
"13119",1557.4892578125,"Franklin"
"17203",1439.39453125,"Woodford"
"51093",1794.74133300781,"Isle of Wight"
"44005",2492.29663085938,"Newport"
"55131",1207.91687011719,"Washington"
"29023",1706.08532714844,"Butler"
"41043",991.270751953125,"Linn"
"51105",1201.89636230469,"Lee"
"53017",1223.662109375,"Douglas"
"15007",2364.23950195312,"Kauai"
"20149",2061.80639648438,"Pottawatomie"
"23019",1035.97021484375,"Penobscot"
"36095",1403.50756835938,"Schoharie"
"02188",NA,"Northwest Arctic"
"13151",1806.01196289062,"Henry"
"39127",1420.1591796875,"Perry"
"51133",1716.06323242188,"Northumberland"
"28083",1833.67639160156,"Leflore"
"38033",NA,"Golden Valley"
"26097",1549.52795410156,"Mackinac"
"53053",1329.3095703125,"Pierce"
"32021",1193.55932617188,"Mineral"
"27127",1664.90551757812,"Redwood"
"45071",1535.7490234375,"Newberry"
"18083",1495.63623046875,"Knox"
"12089",1981.34069824219,"Nassau"
"45077",1254.15673828125,"Pickens"
"39075",1230.02062988281,"Holmes"
"12075",1868.970703125,"Levy"
"19167",1456.78454589844,"Sioux"
"48183",1465.62353515625,"Gregg"
"35059",1952.83203125,"Union"
"37039",1197.14135742188,"Cherokee"
"39151",1112.73815917969,"Stark"
"06039",1414.94970703125,"Madera"
"28071",3210.201171875,"Lafayette"
"53065",1356.03527832031,"Stevens"
"32033",1095.67651367188,"White Pine"
"01071",1629.18249511719,"Jackson"
"27173",1603.34375,"Yellow Medicine"
"23009",1258.26293945312,"Hancock"
"34027",1830.53576660156,"Morris"
"02090",1670.6796875,"Fairbanks North Star"
"40111",2065.10034179688,"Okmulgee"
"36003",1066.04821777344,"Allegany"
"48087",NA,"Collingsworth"
"49045",1436.98999023438,"Tooele"
"13057",1965.29272460938,"Cherokee"
"17073",1462.38415527344,"Henry"
"21001",1634.03405761719,"Adair"
"22097",1716.22668457031,"St. Landry"
"30047",1466.81787109375,"Lake"
"01111",1650.01696777344,"Randolph"
"06081",2134.994140625,"San Mateo"
"26123",1848.66979980469,"Newaygo"
"37135",1569.91430664062,"Orange"
"19151",1484.51318359375,"Pocahontas"
"48153",NA,"Floyd"
"42013",930.924621582031,"Blair"
"37029",2323.705078125,"Camden"
"31027",1551.28466796875,"Cedar"
"05119",1960.29833984375,"Pulaski"
"55073",1114.90270996094,"Marathon"
"06097",1673.751953125,"Sonoma"
"27071",1403.70288085938,"Koochiching"
"28025",2339.97998046875,"Clay"
"38013",NA,"Burke"
"24031",1678.58654785156,"Montgomery"
"54101",NA,"Webster"
"47071",1630.96337890625,"Hardin"
"36035",1190.37573242188,"Fulton"
"48093",2198.01098632812,"Comanche"
"48453",1805.46166992188,"Travis"
"48203",1506.27746582031,"Harrison"
"54065",1288.40026855469,"Morgan"
"08021",1621.95617675781,"Conejos"
"12033",2155.36401367188,"Escambia"
"48001",1754.99621582031,"Anderson"
"47019",1149.04956054688,"Carter"
"37087",1419.96606445312,"Haywood"
"49053",1022.50543212891,"Washington"
"30003",1526.18481445312,"Big Horn"
"35045",1254.74938964844,"San Juan"
"02130",1351.31958007812,"Ketchikan Gateway"
"01003",2226.47143554688,"Baldwin"
"22017",1174.99633789062,"Caddo"
"36051",1208.84924316406,"Livingston"
"51041",1466.51440429688,"Chesterfield"
"13257",1513.21447753906,"Stephens"
"40085",2121.01733398438,"Love"
"17091",1518.53979492188,"Kankakee"
"05145",1682.93542480469,"White"
"13157",1764.90356445312,"Jackson"
"35011",NA,"De Baca"
"38057",2657.53442382812,"Mercer"
"20117",2398.55151367188,"Marshall"
"06073",1735.54150390625,"San Diego"
"50021",1397.34008789062,"Rutland"
"24013",1511.88549804688,"Carroll"
"06019",1267.4384765625,"Fresno"
"16035",1417.41064453125,"Clearwater"
"24023",1458.40026855469,"Garrett"
"48277",1822.94091796875,"Lamar"
"13127",2290.73999023438,"Glynn"
"39163",1527.70324707031,"Vinton"
"48373",2125.02880859375,"Polk"
"47043",1571.67834472656,"Dickson"
"55029",1210.41394042969,"Door"
"44009",2206.79516601562,"Washington"
"01033",1533.44201660156,"Colbert"
"21097",1537.65686035156,"Harrison"
"55117",1028.32727050781,"Sheboygan"
"29187",1638.79736328125,"St. Francois"
"17021",1477.86096191406,"Christian"
"46023",NA,"Charles Mix"
"21101",1894.84912109375,"Henderson"
"51155",1121.28198242188,"Pulaski"
"06061",1587.44458007812,"Placer"
"18047",1359.40246582031,"Franklin"
"31133",NA,"Pawnee"
"31107",1656.99182128906,"Knox"
"37019",2708.70141601562,"Brunswick"
"21231",1533.130859375,"Wayne"
"22003",1509.40075683594,"Allen"
"36029",1246.90026855469,"Erie"
"28093",2000.08544921875,"Marshall"
"05107",1751.20788574219,"Phillips"
"46102",NA,"Oglala Lakota"
"46099",1814.177734375,"Minnehaha"
"39021",1296.82421875,"Champaign"
"13197",1827.68615722656,"Marion"
"51095",1541.72119140625,"James City"
"19111",1437.95520019531,"Lee"
"48113",2083.74975585938,"Dallas"
"41065",1177.70825195312,"Wasco"
"30007",1569.65307617188,"Broadwater"
"41061",1033.32592773438,"Union"
"12087",6023.05517578125,"Monroe"
"25027",1809.74279785156,"Worcester"
"28059",2727.02758789062,"Jackson"
"45013",2899.31494140625,"Beaufort"
"16049",1255.73840332031,"Idaho"
"24033",1874.11462402344,"Prince George's"
"28109",2259.96606445312,"Pearl River"
"34009",2036.3720703125,"Cape May"
"22057",2167.91772460938,"Lafourche"
"38053",1798.58325195312,"McKenzie"
"41005",1266.16320800781,"Clackamas"
"08073",2249.96118164062,"Lincoln"
"41033",1130.87683105469,"Josephine"
"02195",NA,"Petersburg"
"21121",1714.46691894531,"Knox"
"01041",1596.17626953125,"Crenshaw"
"06089",1383.25805664062,"Shasta"
"13013",1709.86083984375,"Barrow"
"18067",1256.35998535156,"Howard"
"20193",2123.39526367188,"Thomas"
"21179",1771.52160644531,"Nelson"
"32027",1043.8046875,"Pershing"
"31053",2336.2802734375,"Dodge"
"40113",2074.88061523438,"Osage"
"49027",988.674499511719,"Millard"
"51001",1753.85522460938,"Accomack"
"02220",NA,"Sitka"
"41015",1271.35180664062,"Curry"
"05007",1887.66430664062,"Benton"
"22099",1930.87463378906,"St. Martin"
"51147",1267.95129394531,"Prince Edward"
"16007",1162.41320800781,"Bear Lake"
"48377",1737.5439453125,"Presidio"
"48457",2072.00146484375,"Tyler"
"40033",2216.3359375,"Cotton"
"22095",2103.98168945312,"St. John the Baptist"
"51061",1710.95764160156,"Fauquier"
"48367",2584.24755859375,"Parker"
"48073",2096.82739257812,"Cherokee"
"01027",1736.45837402344,"Clay"
"49023",996.654602050781,"Juab"
"06105",1690.48095703125,"Trinity"
"06103",1448.07775878906,"Tehama"
"16023",1281.81762695312,"Butte"
"17113",1369.68286132812,"McLean"
"29095",1778.744140625,"Jackson"
"37041",2183.48852539062,"Chowan"
"48197",NA,"Hardeman"
"36121",1178.13781738281,"Wyoming"
"25013",1469.09814453125,"Hampden"
"21125",1556.22155761719,"Laurel"
"18093",1520.14379882812,"Lawrence"
"55115",1182.94323730469,"Shawano"
"06045",1661.80078125,"Mendocino"
"32031",1191.87536621094,"Washoe"
"46033",2427.5205078125,"Custer"
"01079",1717.07019042969,"Lawrence"
"16047",1117.6923828125,"Gooding"
"23021",1091.90869140625,"Piscataquis"
"46013",1875.90222167969,"Brown"
"20167",NA,"Russell"
"40075",2274.46948242188,"Kiowa"
"33013",1480.59753417969,"Merrimack"
"41031",1066.67578125,"Jefferson"
"47117",1511.16564941406,"Marshall"
"29003",1506.49975585938,"Andrew"
"51019",1201.884765625,"Bedford"
"47189",1644.60986328125,"Wilson"
"48455",1697.16418457031,"Trinity"
"72035",NA,"Cayey"
"53035",1213.24487304688,"Kitsap"
"49041",1036.97302246094,"Sevier"
"36047",3006.7958984375,"Kings"
"55003",1214.99499511719,"Ashland"
"55123",1463.1943359375,"Vernon"
"28149",2077.99633789062,"Warren"
"08014",2289.2724609375,"Broomfield"
"48041",1826.46362304688,"Brazos"
"30031",1751.36999511719,"Gallatin"
"30107",NA,"Wheatland"
"51520",1280.28771972656,"Bristol"
"18063",1608.42761230469,"Hendricks"
"55053",1278.69311523438,"Jackson"
"01125",1652.62768554688,"Tuscaloosa"
"51127",1524.06518554688,"New Kent"
"05011",1707.30603027344,"Bradley"
"32510",1040.35217285156,"Carson City"
"37013",2249.578125,"Beaufort"
"01127",1865.52795410156,"Walker"
"13005",1475.54760742188,"Bacon"
"18045",1470.51806640625,"Fountain"
"21073",1535.08154296875,"Franklin"
"49037",967.349548339844,"San Juan"
"56029",1378.25817871094,"Park"
"18139",1425.07641601562,"Rush"
"26165",2197.8818359375,"Wexford"
"37117",1625.25671386719,"Martin"
"48473",2710.28540039062,"Waller"
"48407",2135.9140625,"San Jacinto"
"51069",1314.76574707031,"Frederick"
"30055",NA,"McCone"
"54047",NA,"McDowell"
"01037",1740.98449707031,"Coosa"
"16065",1308.86840820312,"Madison"
"17147",1599.75378417969,"Piatt"
"42097",927.045043945312,"Northumberland"
"23029",1251.44323730469,"Washington"
"37143",2439.955078125,"Perquimans"
"42035",961.4482421875,"Clinton"
"30069",NA,"Petroleum"
"06021",1271.20776367188,"Glenn"
"17143",1336.04418945312,"Peoria"
"20067",2152.646484375,"Grant"
"21233",1984.15161132812,"Webster"
"35051",1190.97094726562,"Sierra"
"35043",1313.03833007812,"Sandoval"
"06065",1526.17687988281,"Riverside"
"53007",1359.73132324219,"Chelan"
"05133",1543.05615234375,"Sevier"
"48333",3598.92260742188,"Mills"
"39149",1192.63732910156,"Shelby"
"22075",3626.70043945312,"Plaquemines"
"06093",1485.42919921875,"Siskiyou"
"30023",1276.90612792969,"Deer Lodge"
"21195",2011.89245605469,"Pike"
"01049",1645.96643066406,"DeKalb"
"06077",1457.19311523438,"San Joaquin"
"36007",1166.56396484375,"Broome"
"05073",1512.03149414062,"Lafayette"
"51015",1089.53662109375,"Augusta"
"42111",970.486877441406,"Somerset"
"48033",NA,"Borden"
"50015",1879.18127441406,"Lamoille"
"54039",1372.94152832031,"Kanawha"
"72151",NA,"Yabucoa"
"13099",1928.76708984375,"Early"
"13321",1760.70495605469,"Worth"
"26147",1621.6220703125,"St. Clair"
"30081",1467.10424804688,"Ravalli"
"28015",2224.9521484375,"Carroll"
"48043",1720.37561035156,"Brewster"
"53025",1272.07702636719,"Grant"
"51111",1203.12121582031,"Lunenburg"
"12067",1914.07885742188,"Lafayette"
"36019",1429.19006347656,"Clinton"
"22025",1809.87744140625,"Catahoula"
"39095",1241.12414550781,"Lucas"
"12133",1734.27185058594,"Washington"
"53037",1456.02062988281,"Kittitas"
"41067",1188.92114257812,"Washington"
"04005",1242.00549316406,"Coconino"
"36075",1429.19201660156,"Oswego"
"01055",1670.2626953125,"Etowah"
"21225",1748.20373535156,"Union"
"47121",1675.93872070312,"Meigs"
"01113",1548.314453125,"Russell"
"08123",2041.36267089844,"Weld"
"48287",1941.86633300781,"Lee"
"72069",NA,"Humacao"
"53041",1374.26245117188,"Lewis"
"51735",2853.54052734375,"Poquoson"
"41017",1142.34936523438,"Deschutes"
"30035",1255.68896484375,"Glacier"
"56013",1404.77966308594,"Fremont"
"29165",1967.64599609375,"Platte"
"34037",1638.06030273438,"Sussex"
"40059",NA,"Harper"
"01073",1816.74584960938,"Jefferson"
"48141",1484.87585449219,"El Paso"
"06085",1847.75146484375,"Santa Clara"
"28027",1933.32653808594,"Coahoma"
"48177",1902.19323730469,"Gonzales"
"16059",1226.63293457031,"Lemhi"
"01069",1685.95690917969,"Houston"
"50027",1580.85900878906,"Windsor"
"47045",1690.1064453125,"Dyer"
"18019",1476.73791503906,"Clark"
"05005",1524.9443359375,"Baxter"
"13179",1901.80065917969,"Liberty"
"22077",1955.46569824219,"Pointe Coupee"
"30083",1861.47131347656,"Richland"
"08049",1423.33093261719,"Grand"
"05051",1926.88305664062,"Garland"
"48097",2899.12158203125,"Cooke"
"08103",1175.49743652344,"Rio Blanco"
"47013",1362.21569824219,"Campbell"
"27075",1512.09216308594,"Lake"
"37175",1414.04907226562,"Transylvania"
"28163",2278.56640625,"Yazoo"
"53031",1207.34985351562,"Jefferson"
"27133",1578.00927734375,"Rock"
"50005",1663.41625976562,"Caledonia"
"48219",2011.99743652344,"Hockley"
"48063",2028.779296875,"Camp"
"29087",1775.25463867188,"Holt"
"06025",1277.88244628906,"Imperial"
"48077",2033.91638183594,"Clay"
"40141",1904.65563964844,"Tillman"
"26101",1701.35473632812,"Manistee"
"30105",1824.25805664062,"Valley"
"36105",1543.93933105469,"Sullivan"
"41019",1089.99731445312,"Douglas"
"53015",1252.6328125,"Cowlitz"
"55075",1152.94641113281,"Marinette"
"17071",NA,"Henderson"
"05103",1754.17700195312,"Ouachita"
"32019",1002.58001708984,"Lyon"
"42101",1555.50769042969,"Philadelphia"
"13023",1898.76940917969,"Bleckley"
"41007",1335.8291015625,"Clatsop"
"23003",1094.60144042969,"Aroostook"
"30057",1590.75476074219,"Madison"
"13001",1720.08764648438,"Appling"
"08081",1134.27270507812,"Moffat"
"34013",2345.65698242188,"Essex"
"13175",1895.923828125,"Laurens"
"55041",1445.86047363281,"Forest"
"05077",1906.97253417969,"Lee"
"55083",1177.15466308594,"Oconto"
"56017",1369.49377441406,"Hot Springs"
"46119",NA,"Sully"
"48319",NA,"Mason"
"20019",NA,"Chautauqua"
"28063",NA,"Jefferson"
"01103",1612.46960449219,"Morgan"
"28079",1879.02783203125,"Leake"
"54033",1228.33142089844,"Harrison"
"48485",2000.91882324219,"Wichita"
"20073",NA,"Greenwood"
"56033",1551.23486328125,"Sheridan"
"72099",NA,"Moca"
"51510",2170.95190429688,"Alexandria"
"28117",1689.22009277344,"Prentiss"
"12079",1625.37951660156,"Madison"
"13239",NA,"Quitman"
"27149",1758.849609375,"Stevens"
"13305",1931.32775878906,"Wayne"
"17105",1543.2509765625,"Livingston"
"13073",1628.48962402344,"Columbia"
"04011",NA,"Greenlee"
"26031",1548.67407226562,"Cheboygan"
"36061",5276.89599609375,"New York"
"01099",1799.29858398438,"Monroe"
"08097",2848.5458984375,"Pitkin"
"19065",1328.05493164062,"Fayette"
"40133",2067.65698242188,"Seminole"
"37103",1834.71813964844,"Jones"
"48245",2319.02978515625,"Jefferson"
"18009",1283.08740234375,"Blackford"
"22081",1223.26342773438,"Red River"
"47151",1773.11315917969,"Scott"
"55078",NA,"Menominee"
"05045",1809.1171875,"Faulkner"
"13309",1671.31713867188,"Wheeler"
"05097",1601.44567871094,"Montgomery"
"51187",1465.72985839844,"Warren"
"54021",NA,"Gilmer"
"54037",1505.31457519531,"Jefferson"
"13033",1689.27856445312,"Burke"
"54073",1092.66662597656,"Pleasants"
"21069",1434.45776367188,"Fleming"
"24001",1342.55737304688,"Allegany"
"08065",1343.42541503906,"Lake"
"37151",1069.97473144531,"Randolph"
"47037",1661.279296875,"Davidson"
"29071",1752.04187011719,"Franklin"
"48109",NA,"Culberson"
"21227",1868.16772460938,"Warren"
"48425",1994.8154296875,"Somervell"
"72105",NA,"Naranjito"
"53075",1300.41882324219,"Whitman"
"42003",1267.58959960938,"Allegheny"
"51570",1281.87731933594,"Colonial Heights"
"46117",2553.17431640625,"Stanley"
"54015",NA,"Clay"
"13213",1382.09582519531,"Murray"
"48323",1490.85986328125,"Maverick"
"47101",1500.71704101562,"Lewis"
"28013",1820.73132324219,"Calhoun"
"28035",2129.18872070312,"Forrest"
"72115",NA,"Quebradillas"
"54109",NA,"Wyoming"
"13181",1995.05065917969,"Lincoln"
"42049",925.092651367188,"Erie"
"19047",1354.77758789062,"Crawford"
"28049",2142.54321289062,"Hinds"
"47119",1490.6630859375,"Maury"
"01133",1978.06518554688,"Winston"
"48123",2333.58862304688,"DeWitt"
"47171",1150.87390136719,"Unicoi"
"22031",1322.09912109375,"De Soto"
"42099",1032.97082519531,"Perry"
"09150",NA,"Northeastern Connecticut"
"46037",NA,"Day"
"55107",1182.23974609375,"Rusk"
"20101",NA,"Lane"
"72145",NA,"Vega Baja"
"51670",1194.22058105469,"Hopewell"
"13311",1732.03381347656,"White"
"15003",2395.45776367188,"Honolulu"
"40017",2606.37255859375,"Canadian"
"40107",2710.06640625,"Okfuskee"
"13285",1615.15734863281,"Troup"
"20021",1690.64636230469,"Cherokee"
"40115",1817.01098632812,"Ottawa"
"01035",1909.40441894531,"Conecuh"
"08087",2263.53515625,"Morgan"
"18023",1428.73315429688,"Clinton"
"21153",NA,"Magoffin"
"29055",1596.38696289062,"Crawford"
"28161",1854.7666015625,"Yalobusha"
"72103",NA,"Naguabo"
"54083",1486.83447265625,"Randolph"
"35023",1121.06494140625,"Hidalgo"
"20191",2180.97705078125,"Sumner"
"30041",1601.90368652344,"Hill"
"05137",1757.6279296875,"Stone"
"19125",1515.23742675781,"Marion"
"37139",1885.69580078125,"Pasquotank"
"34035",1931.33728027344,"Somerset"
"48201",2087.66430664062,"Harris"
"55129",1494.2607421875,"Washburn"
"48209",2105.83642578125,"Hays"
"17157",1612.58752441406,"Randolph"
"42059",1295.3212890625,"Greene"
"27029",1539.88549804688,"Clearwater"
"36025",1416.49438476562,"Delaware"
"51059",2134.91674804688,"Fairfax"
"45059",1343.46057128906,"Laurens"
"47105",1400.15112304688,"Loudon"
"56025",1510.3623046875,"Natrona"
"72127",NA,"San Juan"
"47175",1596.17053222656,"Van Buren"
"51197",1223.40515136719,"Wythe"
"16041",1269.77941894531,"Franklin"
"21045",1532.2802734375,"Casey"
"26081",1388.46520996094,"Kent"
"28043",2195.74877929688,"Grenada"
"13313",1357.82800292969,"Whitfield"
"26151",1347.95788574219,"Sanilac"
"72015",NA,"Arroyo"
"21039",2065.74145507812,"Carlisle"
"31035",2059.7919921875,"Clay"
"42075",969.816284179688,"Lebanon"
"47093",1394.66650390625,"Knox"
"08047",2121.63500976562,"Gilpin"
"42131",1517.81213378906,"Wyoming"
"42025",1072.23181152344,"Carbon"
"39153",1208.61389160156,"Summit"
"37049",1887.36779785156,"Craven"
"51145",1424.95703125,"Powhatan"
"18057",1845.42431640625,"Hamilton"
"05141",1707.39538574219,"Van Buren"
"30019",1566.71350097656,"Daniels"
"48451",1531.03039550781,"Tom Green"
"01045",1653.89538574219,"Dale"
"13071",1558.99536132812,"Colquitt"
"20099",NA,"Labette"
"02198",NA,"Prince of Wales-Hyder"
"51193",1769.98327636719,"Westmoreland"
"23027",1226.90686035156,"Waldo"
"47025",1377.76416015625,"Claiborne"
"05085",1864.0146484375,"Lonoke"
"17065",1572.8828125,"Hamilton"
"18109",1587.08740234375,"Morgan"
"40039",2523.65893554688,"Custer"
"31149",NA,"Rock"
"37001",1152.23205566406,"Alamance"
"46135",1811.92419433594,"Yankton"
"17127",1796.25793457031,"Massac"
"55061",1139.80236816406,"Kewaunee"
"46107",NA,"Potter"
"21049",1526.59851074219,"Clark"
"13233",1567.03247070312,"Polk"
"18145",1470.25378417969,"Shelby"
"22111",1187.70971679688,"Union"
"35029",1305.33618164062,"Luna"
"18171",1532.20495605469,"Warren"
"27045",1765.79345703125,"Fillmore"
"31147",1921.22338867188,"Richardson"
"26077",2913.68530273438,"Kalamazoo"
"02230",NA,"Skagway"
"26115",1715.97937011719,"Monroe"
"39165",1549.671875,"Warren"
"29211",1697.66625976562,"Sullivan"
"26037",1421.25134277344,"Clinton"
"01051",1595.98034667969,"Elmore"
"37197",1200.06518554688,"Yadkin"
"12055",1813.18640136719,"Highlands"
"12111",2148.52758789062,"St. Lucie"
"40041",2095.55688476562,"Delaware"
"39103",1167.82836914062,"Medina"
"19055",1640.68908691406,"Delaware"
"39109",1174.1025390625,"Miami"
"01031",1809.63293457031,"Coffee"
"48251",2177.13720703125,"Johnson"
"48291",2488.67041015625,"Liberty"
"54097",1381.9599609375,"Upshur"
"55059",1367.40063476562,"Kenosha"
"31115",NA,"Loup"
"16005",1050.83117675781,"Bannock"
"45087",1256.04174804688,"Union"
"20165",NA,"Rush"
"37111",1225.61767578125,"McDowell"
"36083",1680.63256835938,"Rensselaer"
"23001",982.337341308594,"Androscoggin"
"19073",1467.45544433594,"Greene"
"48125",NA,"Dickens"
"26085",1655.17102050781,"Lake"
"27017",1681.48352050781,"Carlton"
"20025",NA,"Clark"
"26061",1383.81091308594,"Houghton"
"39079",1414.23254394531,"Jackson"
"37081",1204.92529296875,"Guilford"
"28075",1936.45043945312,"Lauderdale"
"22009",1312.71740722656,"Avoyelles"
"21217",1675.98364257812,"Taylor"
"18141",1241.59204101562,"St. Joseph"
"51630",1494.51196289062,"Fredericksburg"
"13031",1799.015625,"Bulloch"
"19083",1441.36145019531,"Hardin"
"13037",2091.66577148438,"Calhoun"
"48361",2213.42919921875,"Orange"
"08111",1475.66931152344,"San Juan"
"51085",1417.27416992188,"Hanover"
"21053",1665.14465332031,"Clinton"
"39147",1219.71240234375,"Seneca"
"17191",2204.94091796875,"Wayne"
"51036",1584.54016113281,"Charles City"
"21065",NA,"Estill"
"21075",1952.72912597656,"Fulton"
"06107",1185.40454101562,"Tulare"
"19011",1368.86083984375,"Benton"
"17169",1432.49597167969,"Schuyler"
"38023",NA,"Divide"
"21203",1430.63427734375,"Rockcastle"
"47029",1364.3544921875,"Cocke"
"21215",1903.25012207031,"Spencer"
"38007",NA,"Billings"
"48259",2499.64184570312,"Kendall"
"55051",985.081848144531,"Iron"
"47053",1542.90539550781,"Gibson"
"45027",1607.81018066406,"Clarendon"
"20007",NA,"Barber"
"33007",1414.29577636719,"Coos"
"17077",1973.47387695312,"Jackson"
"37187",1969.51281738281,"Washington"
"06071",1421.21643066406,"San Bernardino"
"17035",1606.94934082031,"Cumberland"
"12011",3932.388671875,"Broward"
"13195",1527.17297363281,"Madison"
"48305",2882.74755859375,"Lynn"
"48329",2195.87231445312,"Midland"
"29123",1554.44543457031,"Madison"
"08041",2160.60766601562,"El Paso"
"22083",1336.97497558594,"Richland"
"08119",1998.95520019531,"Teller"
"40139",2337.98950195312,"Texas"
"18165",1401.56311035156,"Vermillion"
"38025",1985.85192871094,"Dunn"
"30017",2236.53344726562,"Custer"
"17017",1342.32006835938,"Cass"
"42055",982.250061035156,"Franklin"
"21123",2290.609375,"Larue"
"35025",2162.8876953125,"Lea"
"01091",2045.24255371094,"Marengo"
"21061",1623.87585449219,"Edmonson"
"31041",1791.7802734375,"Custer"
"48139",2248.76049804688,"Ellis"
"55077",1273.35119628906,"Marquette"
"20011",1699.34533691406,"Bourbon"
"27113",1481.76330566406,"Pennington"
"23017",1290.85974121094,"Oxford"
"36071",2506.66235351562,"Orange"
"22103",2178.455078125,"St. Tammany"
"31145",2067.33569335938,"Red Willow"
"36031",1527.30529785156,"Essex"
"29213",1780.06066894531,"Taney"
"48379",2217.2216796875,"Rains"
"36023",2015.27221679688,"Cortland"
"48343",2008.6640625,"Morris"
"36001",2230.24877929688,"Albany"
"51113",1550.30358886719,"Madison"
"51157",1645.94079589844,"Rappahannock"
"48395",2018.68591308594,"Robertson"
"40077",1988.28393554688,"Latimer"
"21151",1609.60693359375,"Madison"
"42067",919.215759277344,"Juniata"
"29107",1806.52526855469,"Lafayette"
"26093",2040.10595703125,"Livingston"
"29135",1662.65380859375,"Moniteau"
"36005",2694.40380859375,"Bronx"
"31123",2629.6689453125,"Morrill"
"05023",1719.91723632812,"Cleburne"
"05089",1581.98425292969,"Marion"
"36081",2376.28295898438,"Queens"
"01121",1736.34594726562,"Talladega"
"18105",1515.931640625,"Monroe"
"31073",2251.46118164062,"Gosper"
"45009",1616.92639160156,"Bamberg"
"48409",2483.14331054688,"San Patricio"
"21229",1489.46435546875,"Washington"
"41001",924.59423828125,"Baker"
"01089",1829.23425292969,"Madison"
"38079",1321.06359863281,"Rolette"
"28031",2301.03369140625,"Covington"
"28151",2010.81311035156,"Washington"
"46129",1705.2802734375,"Walworth"
"48439",2199.64624023438,"Tarrant"
"39053",1510.85864257812,"Gallia"
"39111",1300.46166992188,"Monroe"
"42051",972.143859863281,"Fayette"
"28053",2017.02172851562,"Humphreys"
"51021",1150.30932617188,"Bland"
"39051",1289.59375,"Fulton"
"12109",2047.29211425781,"St. Johns"
"13017",1673.03234863281,"Ben Hill"
"01123",1675.04516601562,"Tallapoosa"
"48147",2225.82177734375,"Fannin"
"35005",1749.5341796875,"Chaves"
"26103",1535.15319824219,"Marquette"
"29195",1509.78051757812,"Saline"
"34033",1874.89953613281,"Salem"
"17009",NA,"Brown"
"19195",1364.51025390625,"Worth"
"09110",NA,"Capitol"
"28139",1745.41430664062,"Tippah"
"01085",2209.12573242188,"Lowndes"
"16045",1079.25842285156,"Gem"
"27043",1537.75012207031,"Faribault"
"21019",1825.3486328125,"Boyd"
"54069",1291.70739746094,"Ohio"
"28143",1935.68884277344,"Tunica"
"41037",1246.42578125,"Lake"
"22043",985.6982421875,"Grant"
"21165",NA,"Menifee"
"39057",1366.9130859375,"Greene"
"19169",1525.11022949219,"Story"
"54003",1268.58825683594,"Berkeley"
"01093",1669.77990722656,"Marion"
"55021",1396.27783203125,"Columbia"
"36009",1149.18591308594,"Cattaraugus"
"26025",2495.74829101562,"Calhoun"
"39015",1418.35363769531,"Brown"
"47141",1354.525390625,"Putnam"
"39171",1069.32995605469,"Williams"
"38027",NA,"Eddy"
"17173",1305.7958984375,"Shelby"
"48081",1508.84240722656,"Coke"
"47137",1418.95617675781,"Pickett"
"37167",1233.70153808594,"Stanly"
"48099",1430.29797363281,"Coryell"
"17029",1391.34655761719,"Coles"
"47153",1883.52880859375,"Sequatchie"
"19053",1601.76306152344,"Decatur"
"21127",1585.84533691406,"Lawrence"
"46059",NA,"Hand"
"42037",987.458129882812,"Columbia"
"29009",1679.60607910156,"Barry"
"41069",NA,"Wheeler"
"29041",1626.94165039062,"Chariton"
"51119",1617.98608398438,"Middlesex"
"50023",1609.85827636719,"Washington"
"13075",1595.06188964844,"Cook"
"51195",1300.52221679688,"Wise"
"45007",1305.80053710938,"Anderson"
"72101",NA,"Morovis"
"47061",1577.74462890625,"Grundy"
"18161",1481.35083007812,"Union"
"26073",1332.17919921875,"Isabella"
"05055",1685.35583496094,"Greene"
"20133",NA,"Neosho"
"41021",1058.00866699219,"Gilliam"
"08017",NA,"Cheyenne"
"17187",1272.63073730469,"Warren"
"22063",1770.99475097656,"Livingston"
"26119",1646.52331542969,"Montmorency"
"18015",1481.59582519531,"Carroll"
"26047",1737.91589355469,"Emmet"
"72095",NA,"Maunabo"
"18169",1274.474609375,"Wabash"
"26075",1790.62475585938,"Jackson"
"49031",NA,"Piute"
"37183",1585.73449707031,"Wake"
"37123",1498.29992675781,"Montgomery"
"37165",1653.01550292969,"Scotland"
"17061",1561.78576660156,"Greene"
"06009",1828.78125,"Calaveras"
"21031",1724.515625,"Butler"
"38005",NA,"Benson"
"19009",1636.28186035156,"Audubon"
"72053",NA,"Fajardo"
"20045",1923.4755859375,"Douglas"
"37189",1401.02661132812,"Watauga"
"30103",NA,"Treasure"
"55121",1452.66137695312,"Trempealeau"
"40011",2632.126953125,"Blaine"
"72047",NA,"Corozal"
"47067",1406.462890625,"Hancock"
"55033",1346.02038574219,"Dunn"
"37059",1255.04406738281,"Davie"
"05019",1719.82116699219,"Clark"
"40023",1775.01257324219,"Choctaw"
"05063",1607.23400878906,"Independence"
"20195",NA,"Trego"
"21077",1747.58618164062,"Gallatin"
"20177",1761.16833496094,"Shawnee"
"19171",1442.50512695312,"Tama"
"29019",1555.10229492188,"Boone"
"19115",1336.96801757812,"Louisa"
"20039",NA,"Decatur"
"45091",1549.6669921875,"York"
"55005",1552.57775878906,"Barron"
"22021",1161.13830566406,"Caldwell"
"22037",1943.22485351562,"East Feliciana"
"46009",NA,"Bon Homme"
"47073",1218.75793457031,"Hawkins"
"45033",1570.07141113281,"Dillon"
"45037",1731.33728027344,"Edgefield"
"29027",2001.55932617188,"Callaway"
"47113",1652.73522949219,"Madison"
"56001",1631.10473632812,"Albany"
"51029",1220.83935546875,"Buckingham"
"12045",2807.43237304688,"Gulf"
"13315",1752.52429199219,"Wilcox"
"05131",1752.05126953125,"Sebastian"
"05129",1827.7294921875,"Searcy"
"22019",1865.69372558594,"Calcasieu"
"40079",1831.42602539062,"Le Flore"
"21187",1587.3388671875,"Owen"
"38075",1772.98193359375,"Renville"
"27125",1407.88610839844,"Red Lake"
"40095",2153.029296875,"Marshall"
"72121",NA,"Sabana Grande"
"24005",1587.86437988281,"Baltimore"
"28055",NA,"Issaquena"
"39083",1331.49633789062,"Knox"
"51175",1497.81884765625,"Southampton"
"55011",1402.94140625,"Buffalo"
"22065",NA,"Madison"
"51800",1999.67578125,"Suffolk"
"28051",1737.6806640625,"Holmes"
"72001",NA,"Adjuntas"
"72029",NA,"Canóvanas"
"72043",NA,"Coamo"
"45063",1394.86730957031,"Lexington"
"55105",1235.60327148438,"Rock"
"56023",1341.47436523438,"Lincoln"
"53013",1461.07934570312,"Columbia"
"27117",1704.81311035156,"Pipestone"
"51099",1627.11071777344,"King George"
"29043",1760.95446777344,"Christian"
"01011",2576.53881835938,"Bullock"
"13237",2006.6328125,"Putnam"
"40007",2691.91235351562,"Beaver"
"31043",1943.76977539062,"Dakota"
"05105",1630.87280273438,"Perry"
"48351",2098.37866210938,"Newton"
"29039",1656.42834472656,"Cedar"
"31049",2288.51806640625,"Deuel"
"41071",1041.50537109375,"Yamhill"
"20079",1913.873046875,"Harvey"
"27159",1560.29602050781,"Wadena"
"44001",2686.53271484375,"Bristol"
"47135",1562.2021484375,"Perry"
"34039",2017.99084472656,"Union"
"29147",1410.58642578125,"Nodaway"
"27095",1829.46557617188,"Mille Lacs"
"20071",NA,"Greeley"
"13141",1791.07263183594,"Hancock"
"12037",3695.89453125,"Franklin"
"12117",2134.30322265625,"Seminole"
"28157",NA,"Wilkinson"
"05121",1639.84045410156,"Randolph"
"26019",1802.02685546875,"Benzie"
"40045",1750.19128417969,"Ellis"
"54071",NA,"Pendleton"
"29209",1922.18920898438,"Stone"
"29029",1826.25463867188,"Camden"
"38097",1603.84436035156,"Traill"
"42005",853.878967285156,"Armstrong"
"20013",1560.41491699219,"Brown"
"18129",1529.84338378906,"Posey"
"08029",1204.63037109375,"Delta"
"13231",1614.94372558594,"Pike"
"13319",1604.4794921875,"Wilkinson"
"39115",1324.48657226562,"Morgan"
"46121",NA,"Todd"
"30021",1665.75952148438,"Dawson"
"20091",2154.35498046875,"Johnson"
"20153",NA,"Rawlins"
"20127",NA,"Morris"
"48445",2180.86157226562,"Terry"
"13171",1566.77404785156,"Lamar"
"13199",1876.46826171875,"Meriwether"
"39143",1268.12670898438,"Sandusky"
"48353",2028.02478027344,"Nolan"
"22089",2518.5673828125,"St. Charles"
"13277",1572.20166015625,"Tift"
"38089",1933.12915039062,"Stark"
"32009",NA,"Esmeralda"
"28089",2488.9873046875,"Madison"
"55063",1321.62463378906,"La Crosse"
"72041",NA,"Cidra"
"29177",1679.56787109375,"Ray"
"31037",1961.3662109375,"Colfax"
"45041",1664.23498535156,"Florence"
"54001",1441.962890625,"Barbour"
"13287",2099.91552734375,"Turner"
"37089",1349.63635253906,"Henderson"
"17183",1335.69030761719,"Vermilion"
"37129",2600.33715820312,"New Hanover"
"21071",1609.68200683594,"Floyd"
"48211",2270.32543945312,"Hemphill"
"20077",2003.91516113281,"Harper"
"27093",1756.55529785156,"Meeker"
"27059",1931.66442871094,"Isanti"
"27143",1754.41662597656,"Sibley"
"28121",1781.248046875,"Rankin"
"37003",1054.01062011719,"Alexander"
"39001",1534.24694824219,"Adams"
"38017",1663.67993164062,"Cass"
"06031",1101.82263183594,"Kings"
"04019",1150.28649902344,"Pima"
"05125",1812.12426757812,"Saline"
"41047",1129.19506835938,"Marion"
"23005",1200.47387695312,"Cumberland"
"48363",2520.859375,"Palo Pinto"
"41035",1089.24365234375,"Klamath"
"05059",1777.44079589844,"Hot Spring"
"08059",2369.40600585938,"Jefferson"
"04001",1230.74572753906,"Apache"
"12083",1396.35119628906,"Marion"
"25005",1998.04333496094,"Bristol"
"49015",NA,"Emery"
"22117",1495.08483886719,"Washington"
"40089",1996.73828125,"McCurtain"
"29171",1875.05310058594,"Putnam"
"35061",1867.88146972656,"Valencia"
"30049",1605.3994140625,"Lewis and Clark"
"24047",1760.41857910156,"Worcester"
"47157",2143.48364257812,"Shelby"
"56043",1368.501953125,"Washakie"
"39061",1348.85498046875,"Hamilton"
"51199",1247.91442871094,"York"
"04007",1118.53173828125,"Gila"
"05049",1629.76574707031,"Fulton"
"13051",2904.57470703125,"Chatham"
"30059",NA,"Meagher"
"29035",NA,"Carter"
"28137",1915.6533203125,"Tate"
"72075",NA,"Juana Díaz"
"17015",1544.61499023438,"Carroll"
"12121",1683.71362304688,"Suwannee"
"17121",1633.53845214844,"Marion"
"13221",1604.96166992188,"Oglethorpe"
"35041",2052.68115234375,"Roosevelt"
"16013",1553.46154785156,"Blaine"
"35006",1299.98364257812,"Cibola"
"18025",1638.70947265625,"Crawford"
"47027",1491.32507324219,"Clay"
"30063",1484.43872070312,"Missoula"
"32003",1171.76489257812,"Clark"
"22033",1755.69311523438,"East Baton Rouge"
"12039",1624.87121582031,"Gadsden"
"12091",2107.56127929688,"Okaloosa"
"06033",1645.90551757812,"Lake"
"42021",853.586486816406,"Cambria"
"48437",1690.40612792969,"Swisher"
"08045",1555.42443847656,"Garfield"
"17075",1465.28491210938,"Iroquois"
"01067",1766.48986816406,"Henry"
"05135",1553.29638671875,"Sharp"
"48273",2204.09619140625,"Kleberg"
"51153",1157.84338378906,"Prince William"
"51097",1498.2158203125,"King and Queen"
"16021",1291.74157714844,"Boundary"
"37119",1491.7998046875,"Mecklenburg"
"36069",1577.61853027344,"Ontario"
"72091",NA,"Manatí"
"28105",1964.76513671875,"Oktibbeha"
"34003",2129.13647460938,"Bergen"
"06053",1579.44934082031,"Monterey"
"38051",NA,"McIntosh"
"26029",1841.69445800781,"Charlevoix"
"38095",NA,"Towner"
"13205",1820.15295410156,"Mitchell"
"02105",NA,"Hoonah-Angoon"
"08057",NA,"Jackson"
"30027",1702.80224609375,"Fergus"
"48065",2257.11865234375,"Carson"
"21147",1237.03063964844,"McCreary"
"72059",NA,"Guayanilla"
"48401",1436.14318847656,"Rusk"
"01057",1790.01379394531,"Fayette"
"42081",924.077026367188,"Lycoming"
"05001",1624.92236328125,"Arkansas"
"48085",2636.2275390625,"Collin"
"37051",1542.12670898438,"Cumberland"
"25001",2373.40942382812,"Barnstable"
"29143",1672.19470214844,"New Madrid"
"42107",1056.18933105469,"Schuylkill"
"09160",NA,"Northwest Hills"
"30079",NA,"Prairie"
"54041",1366.09216308594,"Lewis"
"49047",1078.96142578125,"Uintah"
"41057",1304.96362304688,"Tillamook"
"16077",1120.8427734375,"Power"
"48419",1677.13781738281,"Shelby"
"06083",1451.62194824219,"Santa Barbara"
"20131",NA,"Nemaha"
"06063",1575.53186035156,"Plumas"
"12105",1938.57727050781,"Polk"
"12119",1365.90307617188,"Sumter"
"39159",1426.71057128906,"Union"
"45089",1818.29455566406,"Williamsburg"
"30097",1533.18591308594,"Sweet Grass"
"18005",1370.9404296875,"Bartholomew"
"22101",2473.27270507812,"St. Mary"
"16053",1247.50927734375,"Jerome"
"51091",1276.18530273438,"Highland"
"06005",1904.94287109375,"Amador"
"06013",1757.68920898438,"Contra Costa"
"12123",1942.3271484375,"Taylor"
"46071",NA,"Jackson"
"45081",1418.17797851562,"Saluda"
"56009",1766.11169433594,"Converse"
"51610",3118.77807617188,"Falls Church"
"13049",1542.02795410156,"Charlton"
"47097",1638.90808105469,"Lauderdale"
"06049",1243.07348632812,"Modoc"
"51079",1298.92846679688,"Greene"
"15005",NA,"Kalawao"
"45019",3145.02587890625,"Charleston"
"01077",1575.83898925781,"Lauderdale"
"17109",1264.79541015625,"McDonough"
"41039",1043.81115722656,"Lane"
"44007",1725.55908203125,"Providence"
"50009",1425.76037597656,"Essex"
"21155",1514.06530761719,"Marion"
"54067",1313.70971679688,"Nicholas"
"51181",1567.05151367188,"Surry"
"56035",1347.15551757812,"Sublette"
"26021",1901.71350097656,"Berrien"
"12086",4384.400390625,"Miami-Dade"
"02100",NA,"Haines"
"39031",1298.44567871094,"Coshocton"
"13259",2072.92553710938,"Stewart"
"41045",1060.07446289062,"Malheur"
"13317",1499.4921875,"Wilkes"
"33009",1549.21740722656,"Grafton"
"08069",1805.06640625,"Larimer"
"39113",1250.61450195312,"Montgomery"
"08077",1080.90344238281,"Mesa"
"13035",1534.71130371094,"Butts"
"01101",1624.93371582031,"Montgomery"
"51087",1298.33666992188,"Henrico"
"50001",1649.96911621094,"Addison"
"46061",NA,"Hanson"
"26035",1639.24951171875,"Clare"
"47129",1476.23132324219,"Morgan"
"37157",1087.38464355469,"Rockingham"
"39125",1254.30249023438,"Paulding"
"48461",NA,"Upton"
"48189",1955.50646972656,"Hale"
"46045",NA,"Edmunds"
"55025",1445.70007324219,"Dane"
"21087",1672.9306640625,"Green"
"41053",1305.86279296875,"Polk"
"45045",1331.73620605469,"Greenville"
"54043",1645.25207519531,"Lincoln"
"72063",NA,"Gurabo"
"51143",1158.31311035156,"Pittsylvania"
"21015",1610.7763671875,"Boone"
"02275",NA,"Wrangell"
"48167",2529.34887695312,"Galveston"
"53047",1423.73205566406,"Okanogan"
"53005",1227.43383789062,"Benton"
"56007",1331.22253417969,"Carbon"
"49017",1174.24304199219,"Garfield"
"30043",1632.61877441406,"Jefferson"
"29037",1878.20776367188,"Cass"
"48215",1613.92297363281,"Hidalgo"
"08109",1287.16027832031,"Saguache"
"48061",1807.87072753906,"Cameron"
"39013",1315.98291015625,"Belmont"
"02060",NA,"Bristol Bay"
"18133",1646.58459472656,"Putnam"
"22013",1149.95227050781,"Bienville"
"29065",1672.26965332031,"Dent"
"35055",1626.24938964844,"Taos"
"35017",1219.95520019531,"Grant"
"51177",1466.705078125,"Spotsylvania"
"37131",1507.23217773438,"Northampton"
"48083",NA,"Coleman"
"12021",3073.66748046875,"Collier"
"49029",1568.33483886719,"Morgan"
"48355",2400.24291992188,"Nueces"
"55101",1213.63781738281,"Racine"
"30073",1393.42077636719,"Pondera"
"39091",1353.50183105469,"Logan"
"21043",1546.21423339844,"Carter"
"46103",1902.63940429688,"Pennington"
"36049",1488.71130371094,"Lewis"
"06095",1468.67651367188,"Solano"
"23025",1041.33679199219,"Somerset"
"45057",1318.41540527344,"Lancaster"
"51077",1016.67755126953,"Grayson"
"42077",1199.06774902344,"Lehigh"
"47107",1408.02380371094,"McMinn"
"18061",1552.5771484375,"Harrison"
"08083",1234.30407714844,"Montezuma"
"24029",1398.865234375,"Kent"
"36011",1646.06079101562,"Cayuga"
"51141",1103.3642578125,"Patrick"
"05043",1799.75561523438,"Drew"
"49051",1345.67102050781,"Wasatch"
"13107",1808.52709960938,"Emanuel"
"37057",1075.42529296875,"Davidson"
"47077",1521.70361328125,"Henderson"
"31177",2544.49951171875,"Washington"
"51003",1455.09057617188,"Albemarle"
"53049",1290.59399414062,"Pacific"
"24015",1453.04187011719,"Cecil"
"17131",1436.60620117188,"Mercer"
"22113",2250.96240234375,"Vermilion"
"18163",1299.92834472656,"Vanderburgh"
"13093",1638.19775390625,"Dooly"
"02158",NA,"Kusilvak"
"48371",1710.73461914062,"Pecos"
"06001",1945.55041503906,"Alameda"
"41025",1285.99719238281,"Harney"
"27155",1742.05456542969,"Traverse"
"18021",1554.91101074219,"Clay"
"30053",1475.78173828125,"Lincoln"
"42127",1262.46643066406,"Wayne"
"30045",1785.7294921875,"Judith Basin"
"06037",1558.13745117188,"Los Angeles"
"24045",1502.33239746094,"Wicomico"
"48143",2139.38403320312,"Erath"
"48119",2221.71142578125,"Delta"
"06079",1493.49548339844,"San Luis Obispo"
"30033",NA,"Garfield"
"48175",2526.04248046875,"Goliad"
"42119",1000.19360351562,"Union"
"34011",1495.97314453125,"Cumberland"
"16085",1442.58911132812,"Valley"
"12101",1923.67810058594,"Pasco"
"51049",1256.44079589844,"Cumberland"
"51057",1461.52392578125,"Essex"
"55095",1160.5556640625,"Polk"
"56039",2393.03857421875,"Teton"
"42089",1200.95764160156,"Monroe"
"05101",NA,"Newton"
"36091",2847.82006835938,"Saratoga"
"48423",1887.24450683594,"Smith"
"22107",NA,"Tensas"
"22005",1833.99328613281,"Ascension"
"36015",1155.76416015625,"Chemung"
"17049",1547.03442382812,"Effingham"
"47163",1212.13891601562,"Sullivan"
"56011",NA,"Crook"
"27103",1663.15881347656,"Nicollet"
"30013",1518.35925292969,"Cascade"
"37179",1429.61267089844,"Union"
"24037",1682.5224609375,"St. Mary's"
"24039",1993.9697265625,"Somerset"
"24041",2389.22534179688,"Talbot"
"12125",1786.48620605469,"Union"
"72143",NA,"Vega Alta"
"16029",1119.68005371094,"Caribou"
"17135",1505.37487792969,"Montgomery"
"45083",1337.65222167969,"Spartanburg"
"22051",2757.03466796875,"Jefferson"
"36089",1381.19165039062,"St. Lawrence"
"30029",1508.44616699219,"Flathead"
"21193",1680.41186523438,"Perry"
"26033",1647.427734375,"Chippewa"
"35057",1518.65417480469,"Torrance"
"21237",NA,"Wolfe"
"31047",1917.58666992188,"Dawson"
"28125",NA,"Sharkey"
"46041",NA,"Dewey"
"36045",1332.99584960938,"Jefferson"
"08031",2265.64428710938,"Denver"
"30001",1606.38647460938,"Beaverhead"
"37055",3708.94482421875,"Dare"
"46055",NA,"Haakon"
"02066",NA,"Copper River"
"38085",NA,"Sioux"
"31169",2180.22143554688,"Thayer"
"06007",1471.1171875,"Butte"
"15001",1852.80859375,"Hawaii"
"45029",1837.69567871094,"Colleton"
"41023",NA,"Grant"
"39133",1289.125,"Portage"
"54089",1201.69580078125,"Summers"
"53027",1350.115234375,"Grays Harbor"
"18119",1714.2861328125,"Owen"
"17025",1819.52233886719,"Clay"
"42071",1012.59490966797,"Lancaster"
"51047",1417.67370605469,"Culpeper"
"40013",2034.17858886719,"Bryan"
"48185",2144.09838867188,"Grimes"
"06011",1277.720703125,"Colusa"
"38067",1550.07666015625,"Pembina"
"51005",1118.53637695312,"Alleghany"
"12005",2231.15893554688,"Bay"
"54035",1387.90515136719,"Jackson"
"72037",NA,"Ceiba"
"28091",2134.32763671875,"Marion"
"37011",1331.97875976562,"Avery"
"13169",1768.77856445312,"Jones"
"41055",NA,"Sherman"
"23023",1325.45166015625,"Sagadahoc"
"35015",2176.86694335938,"Eddy"
"23007",1256.03442382812,"Franklin"
"21183",1555.95886230469,"Ohio"
"37153",1478.298828125,"Richmond"
"26159",2275.30737304688,"Van Buren"
"17031",2082.46826171875,"Cook"
"72011",NA,"Añasco"
"26049",1711.41137695312,"Genesee"
"40121",1898.96520996094,"Pittsburg"
"06067",1347.84692382812,"Sacramento"
"13185",1515.49182128906,"Lowndes"
"23013",1418.29541015625,"Knox"
"39017",1260.74450683594,"Butler"
"50013",1470.67321777344,"Grand Isle"
"01023",2179.79736328125,"Choctaw"
"53023",1421.03869628906,"Garfield"
"16073",1158.2822265625,"Owyhee"
"28011",2105.13671875,"Bolivar"
"28037",2162.06372070312,"Franklin"
"21119",NA,"Knott"
"15009",2133.0859375,"Maui"
"38101",1887.87390136719,"Ward"
"27007",1564.9375,"Beltrami"
"40101",1810.84167480469,"Muskogee"
"72113",NA,"Ponce"
"30005",1509.26440429688,"Blaine"
"20085",1898.22277832031,"Jackson"
"20069",NA,"Gray"
"13103",1828.84985351562,"Effingham"
"22087",1959.42150878906,"St. Bernard"
"12095",2166.08959960938,"Orange"
"21005",1589.46044921875,"Anderson"
"36043",1283.35485839844,"Herkimer"
"28081",1692.11853027344,"Lee"
"06027",1315.71435546875,"Inyo"
"17067",1490.48693847656,"Hancock"
"02063",NA,"Chugach"
"04009",1258.55078125,"Graham"
"04012",1264.71264648438,"La Paz"
"48247",NA,"Jim Hogg"
"17097",2057.25439453125,"Lake"
"37199",1322.32275390625,"Yancey"
"38021",1337.52331542969,"Dickey"
"27167",1655.78466796875,"Wilkin"
"26089",2338.48046875,"Leelanau"
"13063",1788.34057617188,"Clayton"
"30011",NA,"Carter"
"36103",2848.8623046875,"Suffolk"
"49003",1027.24157714844,"Box Elder"
"48293",1715.74462890625,"Limestone"
"48229",NA,"Hudspeth"
"27163",2156.66723632812,"Washington"
"42095",1144.771484375,"Northampton"
"34007",1850.20288085938,"Camden"
"55047",1209.89611816406,"Green Lake"
"29069",1530.45654296875,"Dunklin"
"39105",1527.24719238281,"Meigs"
"04015",1012.28088378906,"Mohave"
"40067",NA,"Jefferson"
"29153",1772.71081542969,"Ozark"
"05117",1712.88146972656,"Prairie"
"02020",1725.65246582031,"Anchorage"
"02070",NA,"Dillingham"
"10005",1537.33520507812,"Sussex"
"37035",1091.05615234375,"Catawba"
"48137",NA,"Edwards"
"23031",1242.42529296875,"York"
"48015",2069.88598632812,"Austin"
"46027",1818.68444824219,"Clay"
"54099",1344.92224121094,"Wayne"
"39167",1350.95434570312,"Washington"
"51171",1339.76416015625,"Shenandoah"
"30077",1509.91491699219,"Powell"
"48249",2439.6572265625,"Jim Wells"
"51149",1417.21765136719,"Prince George"
"05041",1609.58605957031,"Desha"
"54081",1284.626953125,"Raleigh"
"04027",1033.45874023438,"Yuma"
"20183",NA,"Smith"
"22015",1776.90100097656,"Bossier"
"21135",1303.27453613281,"Lewis"
"21139",1455.62524414062,"Livingston"
"21145",1792.69934082031,"McCracken"
"21159",1935.17700195312,"Martin"
"02282",NA,"Yakutat"
"02240",NA,"Southeast Fairbanks"
"06109",1755.06359863281,"Tuolumne"
"33003",1533.8134765625,"Carroll"
"36065",1732.623046875,"Oneida"
"21105",1617.25,"Hickman"
"16037",1378.87329101562,"Custer"
"05069",1804.26318359375,"Jefferson"
"05083",1632.54748535156,"Logan"
"51620",1456.38488769531,"Franklin"
"42009",928.069091796875,"Bedford"
"39087",1303.77856445312,"Lawrence"
"33015",1856.33630371094,"Rockingham"
"51191",1209.74487304688,"Washington"
"48105",NA,"Crockett"
"37155",1908.474609375,"Robeson"
"72087",NA,"Loíza"
