"GEOID","value","NAME"
"13027",1712.92016601562,"Brooks"
"31095",1830.19140625,"Jefferson"
"51683",1578.79235839844,"Manassas"
"56021",1932.31506347656,"Laramie"
"13135",1952.75891113281,"Gwinnett"
"20001",NA,"Allen"
"27065",2220.31396484375,"Kanabec"
"28107",2013.05444335938,"Panola"
"31185",1991.41955566406,"York"
"42063",1018.24975585938,"Indiana"
"48327",NA,"Menard"
"29173",1656.80834960938,"Ralls"
"48151",NA,"Fisher"
"72081",NA,"Lares"
"51183",1435.90600585938,"Sussex"
"47183",1444.07946777344,"Weakley"
"26105",NA,"Mason"
"48159",1943.42687988281,"Franklin"
"08075",2698.40991210938,"Logan"
"22119",1154.66149902344,"Webster"
"31045",2231.1591796875,"Dawes"
"51139",1366.26123046875,"Page"
"13161",1639.86962890625,"Jeff Davis"
"18117",1569.03308105469,"Orange"
"27015",1730.64868164062,"Brown"
"31079",1869.15258789062,"Hall"
"21223",1703.17077636719,"Trimble"
"55113",1428.48315429688,"Sawyer"
"41027",1202.33666992188,"Hood River"
"21169",1461.85974121094,"Metcalfe"
"26007",1534.60852050781,"Alpena"
"19095",1622.74475097656,"Iowa"
"13061",2037.23315429688,"Clay"
"18177",1247.51098632812,"Wayne"
"29227",NA,"Worth"
"31157",2280.35400390625,"Scotts Bluff"
"39107",1143.22802734375,"Mercer"
"01015",1673.70922851562,"Calhoun"
"37095",3660.65112304688,"Hyde"
"19019",1418.38134765625,"Buchanan"
"27121",1761.19665527344,"Pope"
"21181",1610.79333496094,"Nicholas"
"42053",1234.19494628906,"Forest"
"46077",1447.6904296875,"Kingsbury"
"48375",1991.10400390625,"Potter"
"48413",NA,"Schleicher"
"51580",1126.24060058594,"Covington"
"54063",NA,"Monroe"
"48499",1908.25634765625,"Wood"
"18041",1242.04614257812,"Fayette"
"28023",2067.24951171875,"Clarke"
"04023",1201.91650390625,"Santa Cruz"
"17007",1594.14636230469,"Boone"
"28039",2209.919921875,"George"
"37113",1243.81823730469,"Macon"
"40025",NA,"Cimarron"
"01043",1748.181640625,"Cullman"
"39065",1304.90417480469,"Hardin"
"20105",NA,"Lincoln"
"22059",1006.22003173828,"LaSalle"
"36123",1136.55541992188,"Yates"
"21035",2055.873046875,"Calloway"
"48045",NA,"Briscoe"
"48265",1884.72839355469,"Kerr"
"72067",NA,"Hormigueros"
"20009",2008.51574707031,"Barton"
"16075",1476.94836425781,"Payette"
"48269",NA,"King"
"39161",1225.83166503906,"Van Wert"
"46125",2187.95947265625,"Turner"
"19129",1894.07202148438,"Mills"
"26001",1396.32153320312,"Alcona"
"48165",2133.16235351562,"Gaines"
"13201",2537.48486328125,"Miller"
"18013",1663.87866210938,"Brown"
"19023",1465.96545410156,"Butler"
"40043",NA,"Dewey"
"31151",2044.6025390625,"Saline"
"37069",1535.52673339844,"Franklin"
"21219",1613.72888183594,"Todd"
"48393",NA,"Roberts"
"54031",1388.14440917969,"Hardy"
"48399",2102.412109375,"Runnels"
"48301",NA,"Loving"
"31089",1770.39611816406,"Holt"
"17175",1416.99487304688,"Stark"
"48193",2677.78173828125,"Hamilton"
"16009",1473.28601074219,"Benewah"
"19109",1294.37902832031,"Kossuth"
"28141",1736.18481445312,"Tishomingo"
"31131",2086.88989257812,"Otoe"
"46051",NA,"Grant"
"16067",1079.20727539062,"Minidoka"
"19157",1460.02978515625,"Poweshiek"
"22001",2082.1904296875,"Acadia"
"37079",1678.98156738281,"Greene"
"42011",1138.88720703125,"Berks"
"51600",1864.11242675781,"Fairfax"
"48335",1448.02746582031,"Mitchell"
"72073",NA,"Jayuya"
"51790",1086.62744140625,"Staunton"
"20171",NA,"Scott"
"31001",1973.40222167969,"Adams"
"45053",1884.83911132812,"Jasper"
"38047",NA,"Logan"
"29081",1264.63037109375,"Harrison"
"20157",NA,"Republic"
"28087",1896.55786132812,"Lowndes"
"51590",1058.19213867188,"Danville"
"51650",1955.52941894531,"Hampton"
"05029",1608.54150390625,"Conway"
"17139",1451.38842773438,"Moultrie"
"19105",1490.47888183594,"Jones"
"27097",1743.35766601562,"Morrison"
"29151",1639.23681640625,"Osage"
"40061",2239.82958984375,"Haskell"
"46057",NA,"Hamlin"
"54007",NA,"Braxton"
"05111",1537.92419433594,"Poinsett"
"21137",1498.21228027344,"Lincoln"
"17027",1688.40283203125,"Clinton"
"37147",1853.67517089844,"Pitt"
"29207",1577.69604492188,"Stoddard"
"17045",1473.68774414062,"Edgar"
"21191",1624.13427734375,"Pendleton"
"36073",1132.79797363281,"Orleans"
"38011",1844.57275390625,"Bowman"
"01117",1809.97509765625,"Shelby"
"13217",1700.60375976562,"Newton"
"39157",1200.44006347656,"Tuscarawas"
"19135",1446.56958007812,"Monroe"
"18113",1275.77221679688,"Noble"
"29141",1837.4326171875,"Morgan"
"36067",1392.91796875,"Onondaga"
"48493",1815.7373046875,"Wilson"
"46087",2010.71459960938,"McCook"
"48233",1823.0146484375,"Hutchinson"
"72019",NA,"Barranquitas"
"51840",1243.50415039062,"Winchester"
"40105",1830.60070800781,"Nowata"
"31129",1661.71997070312,"Nuckolls"
"48325",2194.47924804688,"Medina"
"17005",1760.048828125,"Bond"
"45069",1442.4140625,"Marlboro"
"39069",1383.03332519531,"Henry"
"21007",2146.904296875,"Ballard"
"46111",NA,"Sanborn"
"48009",2022.65686035156,"Archer"
"21063",NA,"Elliott"
"38065",NA,"Oliver"
"37063",1560.94604492188,"Durham"
"19165",1561.71667480469,"Shelby"
"19175",1587.267578125,"Union"
"47065",1970.21850585938,"Hamilton"
"55087",1104.23303222656,"Outagamie"
"17165",1721.12622070312,"Saline"
"47109",1556.47668457031,"McNairy"
"31103",NA,"Keya Paha"
"31113",NA,"Logan"
"40053",1952.90173339844,"Grant"
"46007",NA,"Bennett"
"48195",1789.59326171875,"Hansford"
"19103",1551.42749023438,"Johnson"
"17081",1737.71569824219,"Jefferson"
"47015",1685.24829101562,"Cannon"
"18085",1372.36389160156,"Kosciusko"
"20059",2016.45092773438,"Franklin"
"27153",1598.58728027344,"Todd"
"38077",1683.95922851562,"Richland"
"23015",1417.88317871094,"Lincoln"
"20057",2049.49096679688,"Ford"
"17145",1699.005859375,"Perry"
"17093",1775.97839355469,"Kendall"
"29099",1757.78637695312,"Jefferson"
"29105",1752.11572265625,"Laclede"
"26039",1493.97180175781,"Crawford"
"29127",1468.06896972656,"Marion"
"42093",1029.66003417969,"Montour"
"26143",1741.39038085938,"Roscommon"
"12009",2275.38891601562,"Brevard"
"31119",2019.41735839844,"Madison"
"31135",NA,"Perkins"
"35021",NA,"Harding"
"51173",1103.18823242188,"Smyth"
"27085",1946.52868652344,"McLeod"
"48155",NA,"Foard"
"31167",1989.31018066406,"Stanton"
"31179",1746.22119140625,"Wayne"
"38045",1603.88305664062,"LaMoure"
"39089",1341.13134765625,"Licking"
"05053",1760.24377441406,"Grant"
"47111",1419.44018554688,"Macon"
"20107",NA,"Linn"
"20061",1935.38732910156,"Geary"
"19041",1532.14013671875,"Clay"
"20169",1752.01049804688,"Saline"
"20037",1838.77087402344,"Crawford"
"48095",NA,"Concho"
"48107",1719.11193847656,"Crosby"
"26043",1294.38012695312,"Dickinson"
"37163",1722.98046875,"Sampson"
"48117",2009.43518066406,"Deaf Smith"
"26067",1817.11145019531,"Ionia"
"21141",1673.11389160156,"Logan"
"48127",1702.88293457031,"Dimmit"
"27055",1780.2060546875,"Houston"
"51025",1317.09948730469,"Brunswick"
"27039",2050.62939453125,"Dodge"
"27047",1649.34008789062,"Freeborn"
"26149",2042.33142089844,"St. Joseph"
"17051",1701.68444824219,"Fayette"
"17055",1653.03283691406,"Franklin"
"48131",1375.19995117188,"Duval"
"21025",NA,"Breathitt"
"27041",1828.86511230469,"Douglas"
"46067",NA,"Hutchinson"
"48023",2229.75,"Baylor"
"46047",2238.27758789062,"Fall River"
"46097",NA,"Miner"
"25003",1516.05078125,"Berkshire"
"27073",1798.20556640625,"Lac qui Parle"
"44003",1980.66833496094,"Kent"
"51011",1139.96203613281,"Appomattox"
"31003",1902.41857910156,"Antelope"
"56005",1818.3505859375,"Campbell"
"45061",1611.73742675781,"Lee"
"48047",NA,"Brooks"
"51013",2133.89697265625,"Arlington"
"51065",1317.78015136719,"Fluvanna"
"53021",1165.19104003906,"Franklin"
"53059",1820.82189941406,"Skamania"
"51109",1475.16833496094,"Louisa"
"51115",2255.63012695312,"Mathews"
"48191",NA,"Hall"
"31023",1887.7734375,"Butler"
"05065",1710.05480957031,"Izard"
"38043",1817.341796875,"Kidder"
"37077",1484.15112304688,"Granville"
"37109",1518.69873046875,"Lincoln"
"51660",1199.16455078125,"Harrisonburg"
"51690",1122.43798828125,"Martinsville"
"19001",1499.57873535156,"Adair"
"39073",1602.3095703125,"Hocking"
"13243",1947.21667480469,"Randolph"
"48507",NA,"Zavala"
"48011",NA,"Armstrong"
"13265",NA,"Taliaferro"
"19035",1494.673828125,"Cherokee"
"05025",1637.98742675781,"Cleveland"
"08091",1515.50671386719,"Ouray"
"05147",1593.05749511719,"Woodruff"
"48429",2554.84204101562,"Stephens"
"27109",1847.73376464844,"Olmsted"
"13301",1944.5009765625,"Warren"
"48359",NA,"Oldham"
"29089",1619.39404296875,"Howard"
"13125",1729.52380371094,"Glascock"
"13085",1784.22766113281,"Dawson"
"05123",1760.71557617188,"St. Francis"
"55125",1344.1005859375,"Vilas"
"39093",1164.04797363281,"Lorain"
"28135",NA,"Tallahatchie"
"29021",1603.13903808594,"Buchanan"
"48187",1612.40979003906,"Guadalupe"
"48235",3356.85791015625,"Irion"
"12027",2091.37036132812,"DeSoto"
"18039",1334.95556640625,"Elkhart"
"48237",2655.03857421875,"Jack"
"40037",2272.97412109375,"Creek"
"29169",1760.5478515625,"Pulaski"
"19039",1570.09533691406,"Clarke"
"08079",NA,"Mineral"
"01061",1932.42163085938,"Geneva"
"01017",1574.13586425781,"Chambers"
"12081",2184.74291992188,"Manatee"
"08121",NA,"Washington"
"19079",1371.29699707031,"Hamilton"
"20139",2063.08251953125,"Osage"
"48311",NA,"McMullen"
"19093",1450.58361816406,"Ida"
"08099",1961.33056640625,"Prowers"
"39135",1321.42456054688,"Preble"
"39137",1408.59631347656,"Putnam"
"17179",1409.94689941406,"Tazewell"
"19161",1326.80200195312,"Sac"
"48403",2418.53344726562,"Sabine"
"19181",1631.73303222656,"Warren"
"19107",1350.93920898438,"Keokuk"
"39155",1096.53845214844,"Trumbull"
"48463",1721.47814941406,"Uvalde"
"48469",2045.34497070312,"Victoria"
"08025",1750.73645019531,"Crowley"
"08027",2174.8134765625,"Custer"
"08005",2614.58227539062,"Arapahoe"
"08043",1664.99548339844,"Fremont"
"48261",NA,"Kenedy"
"48433",NA,"Stonewall"
"48227",1752.58837890625,"Howard"
"40001",1607.21801757812,"Adair"
"36039",1745.26538085938,"Greene"
"05047",1600.48156738281,"Franklin"
"36041",1305.73767089844,"Hamilton"
"36113",2477.54907226562,"Warren"
"36057",1874.48327636719,"Montgomery"
"36093",1796.8837890625,"Schenectady"
"51137",1454.74035644531,"Orange"
"40091",2221.0634765625,"McIntosh"
"37075",1386.958984375,"Graham"
"01131",2103.61352539062,"Wilcox"
"01107",1824.07336425781,"Pickens"
"54061",1355.03698730469,"Monongalia"
"29063",1652.13452148438,"DeKalb"
"54085",1451.00756835938,"Ritchie"
"31061",NA,"Franklin"
"12007",1737.333984375,"Bradford"
"48021",1994.68481445312,"Bastrop"
"53051",1871.208984375,"Pend Oreille"
"13019",1805.52685546875,"Berrien"
"28067",1911.36975097656,"Jones"
"51023",1170.85021972656,"Botetourt"
"51067",1207.05810546875,"Franklin"
"32029",1351.64392089844,"Storey"
"72139",NA,"Trujillo Alto"
"72133",NA,"Santa Isabel"
"29139",1756.53063964844,"Montgomery"
"13229",1713.12561035156,"Pierce"
"37127",1768.89807128906,"Nash"
"47051",1590.59655761719,"Franklin"
"18035",1343.77783203125,"Delaware"
"20159",NA,"Rice"
"38049",1552.25305175781,"McHenry"
"20103",2167.71264648438,"Leavenworth"
"13079",1702.8955078125,"Crawford"
"72123",NA,"Salinas"
"20141",NA,"Osborne"
"20163",NA,"Rooks"
"26087",2138.21850585938,"Lapeer"
"72009",NA,"Aibonito"
"38041",NA,"Hettinger"
"18179",1319.70520019531,"Wells"
"19087",1365.22155761719,"Henry"
"22091",1767.830078125,"St. Helena"
"18097",1547.80944824219,"Marion"
"18159",1558.40747070312,"Tipton"
"17141",1690.77331542969,"Ogle"
"20161",2072.50244140625,"Riley"
"20089",NA,"Jewell"
"20143",1932.23669433594,"Ottawa"
"20179",NA,"Sheridan"
"13193",1715.61572265625,"Macon"
"29015",1574.7041015625,"Benton"
"13249",1748.76672363281,"Schley"
"22049",1138.87646484375,"Jackson"
"51720",981.078491210938,"Norton"
"29067",NA,"Douglas"
"51710",1977.52404785156,"Norfolk"
"08001",2354.13842773438,"Adams"
"51740",1642.52954101562,"Portsmouth"
"12023",1632.46704101562,"Columbia"
"54019",1156.17163085938,"Fayette"
"72031",NA,"Carolina"
"72065",NA,"Hatillo"
"28099",1881.78564453125,"Neshoba"
"12053",1717.00634765625,"Hernando"
"53069",1502.54235839844,"Wahkiakum"
"40119",2286.40942382812,"Payne"
"27139",2244.8193359375,"Scott"
"20145",NA,"Pawnee"
"19155",1626.5517578125,"Pottawattamie"
"27089",1584.23315429688,"Marshall"
"47131",1618.49816894531,"Obion"
"13227",1774.26293945312,"Pickens"
"18095",1374.05908203125,"Madison"
"19141",1414.13452148438,"O'Brien"
"31143",1782.18383789062,"Polk"
"48035",2139.10571289062,"Bosque"
"51167",1186.09887695312,"Russell"
"72055",NA,"Guánica"
"35028",1553.88537597656,"Los Alamos"
"20047",NA,"Edwards"
"06075",3262.4306640625,"San Francisco"
"20075",NA,"Hamilton"
"28003",2236.94702148438,"Alcorn"
"47115",1633.86596679688,"Marion"
"05095",1845.52307128906,"Monroe"
"17039",1456.71105957031,"De Witt"
"21085",1632.22839355469,"Grayson"
"29205",1700.98815917969,"Shelby"
"48347",1315.56298828125,"Nacogdoches"
"29181",1776.36083984375,"Ripley"
"18147",1591.89501953125,"Spencer"
"20173",2075.86694335938,"Sedgwick"
"28005",2074.767578125,"Amite"
"28033",1763.91320800781,"DeSoto"
"28085",2170.93701171875,"Lincoln"
"72083",NA,"Las Marías"
"72141",NA,"Utuado"
"01007",1696.84582519531,"Bibb"
"34019",2157.96484375,"Hunterdon"
"54095",1047.19018554688,"Tyler"
"18031",1417.78112792969,"Decatur"
"27013",1709.68994140625,"Blue Earth"
"38061",1724.685546875,"Mountrail"
"49007",1073.31896972656,"Carbon"
"31009",NA,"Blaine"
"18087",1339.62976074219,"LaGrange"
"19015",1584.79028320312,"Boone"
"19099",1458.07434082031,"Jasper"
"11001",1929.91235351562,"District of Columbia"
"17195",1418.08386230469,"Whiteside"
"45003",1588.5810546875,"Aiken"
"51043",1940.74890136719,"Clarke"
"18157",1305.40246582031,"Tippecanoe"
"19081",1364.68884277344,"Hancock"
"31101",2108.67138671875,"Keith"
"48171",2714.08081054688,"Gillespie"
"55015",1223.34204101562,"Calumet"
"29051",1651.51940917969,"Cole"
"28155",1702.32275390625,"Webster"
"36037",1257.77380371094,"Genesee"
"49039",1068.19006347656,"Sanpete"
"05127",1421.68310546875,"Scott"
"51135",1310.08996582031,"Nottoway"
"13123",1709.42944335938,"Gilmer"
"19069",1419.38110351562,"Franklin"
"19123",1391.78930664062,"Mahaska"
"47079",1643.94580078125,"Henry"
"17115",1349.40759277344,"Macon"
"17151",NA,"Pope"
"17155",1707.69750976562,"Putnam"
"46043",NA,"Douglas"
"40145",2205.27587890625,"Wagoner"
"48069",1893.9521484375,"Castro"
"29073",1580.64794921875,"Gasconade"
"42065",794.371215820312,"Jefferson"
"27105",1793.72241210938,"Nobles"
"38031",1860.85791015625,"Foster"
"51169",1182.44897460938,"Scott"
"38039",NA,"Griggs"
"38073",1931.67297363281,"Ransom"
"17197",1854.22839355469,"Will"
"21107",1901.31176757812,"Hopkins"
"17041",1624.94116210938,"Douglas"
"21157",1808.23083496094,"Marshall"
"28017",2074.76586914062,"Chickasaw"
"18151",1460.92370605469,"Steuben"
"36033",1266.94873046875,"Franklin"
"13129",1598.43347167969,"Gordon"
"39047",1281.5302734375,"Fayette"
"18053",1302.31616210938,"Grant"
"29059",1624.25476074219,"Dallas"
"29057",1458.67077636719,"Dade"
"48441",1886.63391113281,"Taylor"
"48303",1916.39599609375,"Lubbock"
"72003",NA,"Aguada"
"29155",1831.09301757812,"Pemiscot"
"48449",1620.93920898438,"Titus"
"39077",1225.26098632812,"Huron"
"13215",1644.77856445312,"Muscogee"
"26023",NA,"Branch"
"42001",1021.84906005859,"Adams"
"08003",1536.29663085938,"Alamosa"
"19183",1495.53381347656,"Washington"
"39097",1555.3896484375,"Madison"
"28123",2196.76513671875,"Scott"
"45079",1613.20520019531,"Richland"
"55017",1239.87133789062,"Chippewa"
"72119",NA,"Río Grande"
"31059",2144.87622070312,"Fillmore"
"48103",1678.89208984375,"Crane"
"20119",2175.83520507812,"Meade"
"19139",1343.94079589844,"Muscatine"
"39123",1457.9931640625,"Ottawa"
"08019",2491.06005859375,"Clear Creek"
"08035",2989.38916015625,"Douglas"
"20081",NA,"Haskell"
"27083",1816.91394042969,"Lyon"
"31017",2197.57153320312,"Brown"
"12113",2148.27514648438,"Santa Rosa"
"13025",1616.29418945312,"Brantley"
"17199",1857.63684082031,"Williamson"
"48243",NA,"Jeff Davis"
"39139",1297.81945800781,"Richland"
"20033",NA,"Comanche"
"26009",1933.11767578125,"Antrim"
"31105",2206.8525390625,"Kimball"
"45001",1272.35766601562,"Abbeville"
"08011",2058.36352539062,"Bent"
"18011",1841.52209472656,"Boone"
"21099",1502.4716796875,"Hart"
"54087",1413.8720703125,"Roane"
"26127",1801.54992675781,"Oceana"
"27019",2494.92749023438,"Carver"
"46079",1889.06494140625,"Lake"
"48255",2009.56030273438,"Karnes"
"47125",1692.93627929688,"Montgomery"
"55099",1233.01611328125,"Price"
"55133",1339.33947753906,"Waukesha"
"54029",1042.87512207031,"Hancock"
"48435",NA,"Sutton"
"55045",1469.56494140625,"Green"
"72109",NA,"Patillas"
"19127",1341.53601074219,"Marshall"
"40149",2434.58813476562,"Washita"
"41041",1376.01550292969,"Lincoln"
"26135",1481.58508300781,"Oscoda"
"17079",1678.36291503906,"Jasper"
"26155",1930.54321289062,"Shiawassee"
"51770",1035.82312011719,"Roanoke"
"39029",1220.94641113281,"Columbiana"
"20123",1749.15258789062,"Mitchell"
"55031",1287.74987792969,"Douglas"
"29093",1640.08740234375,"Iron"
"40015",1999.11108398438,"Caddo"
"28045",3066.88720703125,"Hancock"
"12131",2522.1904296875,"Walton"
"27111",1817.46875,"Otter Tail"
"18099",1434.76550292969,"Marshall"
"22007",2039.40576171875,"Assumption"
"18143",1624.86743164062,"Scott"
"13097",1646.25415039062,"Douglas"
"20151",NA,"Pratt"
"35007",1886.42517089844,"Colfax"
"48281",1780.27954101562,"Lampasas"
"29161",1728.66186523438,"Phelps"
"38091",1774.62097167969,"Steele"
"29217",1622.30859375,"Vernon"
"40035",1940.74084472656,"Craig"
"13273",2007.06774902344,"Terrell"
"19017",1629.88330078125,"Bremer"
"19075",1386.36462402344,"Grundy"
"29159",1684.82580566406,"Pettis"
"13149",1532.17126464844,"Heard"
"38099",2175.22924804688,"Walsh"
"28019",1801.91076660156,"Choctaw"
"20003",2096.21313476562,"Anderson"
"37169",1134.04223632812,"Stokes"
"06091",1931.984375,"Sierra"
"20041",2029.82604980469,"Dickinson"
"08095",2764.19677734375,"Phillips"
"16081",1575.96691894531,"Teton"
"13059",1660.89147949219,"Clarke"
"48447",NA,"Throckmorton"
"12049",2076.49487304688,"Hardee"
"13183",1846.40209960938,"Long"
"48431",NA,"Sterling"
"48417",2966.8017578125,"Shackelford"
"48207",1908.01635742188,"Haskell"
"48051",2033.44799804688,"Burleson"
"36017",1325.8388671875,"Chenango"
"54009",1156.51708984375,"Brooke"
"05003",1665.50317382812,"Ashley"
"29197",NA,"Schuyler"
"19163",1347.65991210938,"Scott"
"19189",1605.318359375,"Winnebago"
"31085",NA,"Hayes"
"05021",1557.30444335938,"Clay"
"48025",2253.6630859375,"Bee"
"42123",844.44287109375,"Warren"
"21021",2420.57885742188,"Boyle"
"19185",1517.36022949219,"Wayne"
"47055",1489.43823242188,"Giles"
"48161",1908.59594726562,"Freestone"
"17163",1943.486328125,"St. Clair"
"18065",1431.478515625,"Henry"
"21079",1487.85095214844,"Garrard"
"26129",1704.51916503906,"Ogemaw"
"55069",1213.98364257812,"Lincoln"
"48391",2680.02709960938,"Refugio"
"17117",1701.93481445312,"Macoupin"
"31181",2040.21997070312,"Webster"
"20135",NA,"Ness"
"42083",1022.68444824219,"McKean"
"31139",2073.50561523438,"Pierce"
"47133",1429.09301757812,"Overton"
"19027",1448.34338378906,"Carroll"
"26107",NA,"Mecosta"
"17053",1414.07604980469,"Ford"
"17063",1721.98095703125,"Grundy"
"48053",2150.7685546875,"Burnet"
"17083",1684.12145996094,"Jersey"
"18131",1575.27941894531,"Pulaski"
"31117",NA,"McPherson"
"37083",1239.58935546875,"Halifax"
"21033",1672.42639160156,"Caldwell"
"19119",1516.64501953125,"Lyon"
"31055",2334.40966796875,"Douglas"
"27131",2009.08508300781,"Rice"
"05113",1782.21533203125,"Polk"
"38035",1602.84240722656,"Grand Forks"
"51700",1507.79162597656,"Newport News"
"08125",2440.9443359375,"Yuma"
"39023",1262.88122558594,"Clark"
"37105",1442.09533691406,"Lee"
"38001",1718.34301757812,"Adams"
"29221",1553.75793457031,"Washington"
"33001",1517.78662109375,"Belknap"
"09140",NA,"Naugatuck Valley"
"24043",1547.24780273438,"Washington"
"20203",NA,"Wichita"
"48129",NA,"Donley"
"42023",852.216918945312,"Cameron"
"51089",1034.93188476562,"Henry"
"05099",1888.50939941406,"Nevada"
"40055",2303.17114257812,"Greer"
"55057",1439.47387695312,"Juneau"
"46017",NA,"Buffalo"
"06047",1313.6533203125,"Merced"
"16057",1425.09533691406,"Latah"
"39169",1113.70458984375,"Wayne"
"48471",1806.96850585938,"Walker"
"54013",NA,"Calhoun"
"32001",1213.3837890625,"Churchill"
"19197",1569.32312011719,"Wright"
"31039",1916.37780761719,"Cuming"
"47123",1463.86596679688,"Monroe"
"13253",1946.05786132812,"Seminole"
"13235",1751.6884765625,"Pulaski"
"13173",1876.2900390625,"Lanier"
"13255",1588.96130371094,"Spalding"
"17095",1320.40319824219,"Knox"
"29201",1799.84045410156,"Scott"
"48239",2090.7587890625,"Jackson"
"12041",1645.7724609375,"Gilchrist"
"37161",1345.55834960938,"Rutherford"
"13043",1950.65930175781,"Candler"
"19121",1679.21215820312,"Madison"
"48383",NA,"Reagan"
"40049",2217.39233398438,"Garvin"
"54051",1077.06433105469,"Marshall"
"55009",1037.27844238281,"Brown"
"21197",1413.00500488281,"Powell"
"18033",1287.09887695312,"DeKalb"
"27005",1917.13195800781,"Becker"
"36117",1213.49731445312,"Wayne"
"26069",1551.6884765625,"Iosco"
"28073",2264.71215820312,"Lamar"
"48179",2005.99768066406,"Gray"
"18081",1574.3408203125,"Johnson"
"18111",1526.96704101562,"Newton"
"27147",1859.32348632812,"Steele"
"28131",2201.71948242188,"Stone"
"46025",NA,"Clark"
"51595",1316.95068359375,"Emporia"
"21047",1824.38134765625,"Christian"
"31091",NA,"Hooker"
"17201",1400.15673828125,"Winnebago"
"21133",1858.13488769531,"Letcher"
"47057",1450.27734375,"Grainger"
"27099",1737.47998046875,"Mower"
"13245",1524.56982421875,"Richmond"
"12069",1754.08154296875,"Lake"
"48279",2085.92236328125,"Lamb"
"39099",1125.48461914062,"Mahoning"
"39011",1250.82946777344,"Auglaize"
"48253",2092.72094726562,"Jones"
"40125",2272.23779296875,"Pottawatomie"
"56041",1282.42016601562,"Uinta"
"13105",1501.70678710938,"Elbert"
"72097",NA,"Mayagüez"
"20065",NA,"Graham"
"72025",NA,"Caguas"
"72049",NA,"Culebra"
"29229",1570.58386230469,"Wright"
"31093",2100.20581054688,"Howard"
"47099",1435.71081542969,"Lawrence"
"51775",1115.57775878906,"Salem"
"51101",1416.16650390625,"King William"
"01013",1749.81579589844,"Butler"
"72051",NA,"Dorado"
"16063",1299.91552734375,"Lincoln"
"17189",1875.96923828125,"Washington"
"27107",1641.15026855469,"Norman"
"72147",NA,"Vieques"
"27141",2359.8505859375,"Sherburne"
"18167",1401.06799316406,"Vigo"
"08105",1349.36828613281,"Rio Grande"
"48213",2036.84118652344,"Henderson"
"31083",2148.32202148438,"Harlan"
"40021",1987.775390625,"Cherokee"
"17011",1447.38635253906,"Bureau"
"37159",1353.56970214844,"Rowan"
"72057",NA,"Guayama"
"18029",1634.88122558594,"Dearborn"
"55103",1326.11437988281,"Richland"
"53061",1709.46533203125,"Snohomish"
"54017",1313.66674804688,"Doddridge"
"48003",1788.11572265625,"Andrews"
"13081",2301.34326171875,"Crisp"
"13167",1565.29931640625,"Johnson"
"17125",1531.73303222656,"Mason"
"26161",2404.07421875,"Washtenaw"
"27115",1750.72216796875,"Pine"
"20083",NA,"Hodgeman"
"29075",1631.40417480469,"Gentry"
"05031",1800.26037597656,"Craighead"
"16083",1155.58068847656,"Twin Falls"
"19143",1253.04956054688,"Osceola"
"16071",1370.42907714844,"Oneida"
"21055",1614.88000488281,"Crittenden"
"28009",2096.23510742188,"Benton"
"28153",2040.96899414062,"Wayne"
"31015",NA,"Boyd"
"06015",1385.37756347656,"Del Norte"
"18091",1400.38598632812,"LaPorte"
"20181",1834.22082519531,"Sherman"
"22011",1320.85046386719,"Beauregard"
"34023",1940.86755371094,"Middlesex"
"46031",NA,"Corson"
"46127",2211.27294921875,"Union"
"45055",1541.42797851562,"Kershaw"
"36109",2098.00512695312,"Tompkins"
"29045",NA,"Clark"
"13089",2400.78759765625,"DeKalb"
"54079",1361.50415039062,"Putnam"
"01059",1706.21362304688,"Franklin"
"48467",2048.86889648438,"Van Zandt"
"37093",1608.59228515625,"Hoke"
"26015",2368.39379882812,"Barry"
"31007",NA,"Banner"
"55089",1411.78076171875,"Ozaukee"
"37033",1319.43420410156,"Caswell"
"29113",1692.23950195312,"Lincoln"
"45021",1227.33337402344,"Cherokee"
"12003",1732.724609375,"Baker"
"18069",1267.11791992188,"Huntington"
"28057",1753.78161621094,"Itawamba"
"25015",1749.77685546875,"Hampshire"
"05149",1681.10070800781,"Yell"
"19149",1563.87512207031,"Plymouth"
"08061",NA,"Kiowa"
"01119",2187.541015625,"Sumter"
"18175",1624.01599121094,"Washington"
"01001",1610.43115234375,"Autauga"
"02180",1846.27014160156,"Nome"
"13091",1776.22937011719,"Dodge"
"19091",1536.91711425781,"Humboldt"
"19013",1286.38073730469,"Black Hawk"
"20207",NA,"Woodson"
"27021",1856.75280761719,"Cass"
"21207",1462.60595703125,"Russell"
"28029",2326.61108398438,"Copiah"
"29225",1790.73937988281,"Webster"
"30093",1318.99475097656,"Silver Bow"
"39131",1531.64721679688,"Pike"
"47177",1521.07763671875,"Warren"
"48059",2454.1337890625,"Callahan"
"55001",1206.35021972656,"Adams"
"54055",1189.98522949219,"Mercer"
"47147",1667.53283691406,"Robertson"
"39081",1202.44055175781,"Jefferson"
"01025",1976.02258300781,"Clarke"
"12019",1783.70373535156,"Clay"
"18055",1686.35766601562,"Greene"
"20055",2182.07568359375,"Finney"
"29085",1555.953125,"Hickory"
"28065",2526.45336914062,"Jefferson Davis"
"22127",NA,"Winn"
"35047",1951.55737304688,"San Miguel"
"01087",1866.68701171875,"Macon"
"13029",2198.50927734375,"Bryan"
"17089",1926.48181152344,"Kane"
"18149",1503.70080566406,"Starke"
"20087",2014.87036132812,"Jefferson"
"22039",1501.04370117188,"Evangeline"
"40093",2352.82543945312,"Major"
"31171",NA,"Thomas"
"41003",1217.45324707031,"Benton"
"47007",1686.95776367188,"Bledsoe"
"21013",1414.61511230469,"Bell"
"47143",1452.56811523438,"Rhea"
"10001",1492.29406738281,"Kent"
"72131",NA,"San Sebastián"
"54049",1188.7822265625,"Marion"
"51810",2009.24719238281,"Virginia Beach"
"13039",2063.3984375,"Camden"
"24035",1764.05102539062,"Queen Anne's"
"19031",1438.90466308594,"Cedar"
"19113",1351.3408203125,"Linn"
"39003",1264.54345703125,"Allen"
"06059",2006.87329101562,"Orange"
"12057",2470.12377929688,"Hillsborough"
"16019",1275.3740234375,"Bonneville"
"48385",2400.61254882812,"Real"
"46137",NA,"Ziebach"
"47159",1656.32995605469,"Smith"
"04017",1303.63024902344,"Navajo"
"55019",1369.78479003906,"Clark"
"13147",1670.47534179688,"Hart"
"31111",2038.94213867188,"Lincoln"
"21037",2758.6708984375,"Campbell"
"26027",2054.818359375,"Cass"
"36111",1715.96911621094,"Ulster"
"18125",1680.78942871094,"Pike"
"18173",1649.31530761719,"Warrick"
"46073",NA,"Jerauld"
"12015",2439.74096679688,"Charlotte"
"13111",1838.21008300781,"Fannin"
"19159",1413.09777832031,"Ringgold"
"22125",1985.90600585938,"West Feliciana"
"28147",2144.15478515625,"Walthall"
"30061",1647.26892089844,"Mineral"
"34021",1965.39794921875,"Mercer"
"45011",1504.30603027344,"Barnwell"
"47095",1400.5869140625,"Lake"
"49009",NA,"Daggett"
"39043",1166.12670898438,"Erie"
"02013",NA,"Aleutians East"
"12013",1985.72058105469,"Calhoun"
"16011",1521.35290527344,"Bingham"
"18071",1371.53332519531,"Jackson"
"20015",2244.80224609375,"Butler"
"40137",2225.19580078125,"Stephens"
"27145",1728.23681640625,"Stearns"
"29117",1490.94995117188,"Livingston"
"40031",2201.3603515625,"Comanche"
"38093",1686.30651855469,"Stutsman"
"45067",1770.03796386719,"Marion"
"48115",2015.97790527344,"Dawson"
"08009",NA,"Baca"
"55085",1357.65991210938,"Oneida"
"40071",2030.81994628906,"Kay"
"51037",1386.49890136719,"Charlotte"
"42109",980.46337890625,"Snyder"
"16055",1217.68725585938,"Kootenai"
"17023",1663.48120117188,"Clark"
"27151",1639.38415527344,"Swift"
"38071",1470.62756347656,"Ramsey"
"28061",1980.08166503906,"Jasper"
"17085",1588.63012695312,"Jo Daviess"
"18077",1530.61401367188,"Jefferson"
"29163",1657.81823730469,"Pike"
"36055",1421.11584472656,"Monroe"
"36063",1689.09155273438,"Niagara"
"47167",1786.7734375,"Tipton"
"51121",1485.00146484375,"Montgomery"
"55091",1223.3173828125,"Pepin"
"05079",1378.95642089844,"Lincoln"
"16061",1466.67016601562,"Lewis"
"39055",1530.49731445312,"Geauga"
"21067",1899.20446777344,"Fayette"
"27061",1713.20593261719,"Itasca"
"28145",1602.65100097656,"Union"
"30095",1981.4306640625,"Stillwater"
"42047",858.300109863281,"Elk"
"21041",1497.01696777344,"Carroll"
"47023",1470.9912109375,"Chester"
"51685",1251.03466796875,"Manassas Park"
"48481",2554.18823242188,"Wharton"
"72007",NA,"Aguas Buenas"
"72079",NA,"Lajas"
"54091",1211.04553222656,"Taylor"
"55065",1392.75915527344,"Lafayette"
"29083",1679.14904785156,"Henry"
"30099",1552.3056640625,"Teton"
"31025",2419.1904296875,"Cass"
"48405",2175.86669921875,"San Augustine"
"26145",1816.89343261719,"Saginaw"
"28077",2493.876953125,"Lawrence"
"20035",1971.58349609375,"Cowley"
"12017",1677.0595703125,"Citrus"
"13281",1588.46240234375,"Towns"
"25023",2425.37060546875,"Plymouth"
"26153",1378.6572265625,"Schoolcraft"
"28095",1817.8193359375,"Monroe"
"34015",1812.34643554688,"Gloucester"
"39039",1231.9560546875,"Defiance"
"42085",962.169555664062,"Mercer"
"51051",1051.31713867188,"Dickenson"
"01053",1900.21008300781,"Escambia"
"01039",1910.36840820312,"Covington"
"13101",1821.35986328125,"Echols"
"17003",NA,"Alexander"
"27169",1522.63403320312,"Winona"
"34031",2004.48205566406,"Passaic"
"38087",NA,"Slope"
"42105",1022.59002685547,"Potter"
"45005",NA,"Allendale"
"16043",1454.68933105469,"Fremont"
"17069",NA,"Hardin"
"18123",1392.43713378906,"Perry"
"27031",1731.74792480469,"Cook"
"49033",1839.44360351562,"Rich"
"51185",1151.87048339844,"Tazewell"
"53063",1210.71643066406,"Spokane"
"37181",1348.07495117188,"Vance"
"05071",1651.89916992188,"Johnson"
"08051",2033.68200683594,"Gunnison"
"12107",1668.54528808594,"Putnam"
"18079",1317.0537109375,"Jennings"
"40109",2737.28930664062,"Oklahoma"
"28115",1659.12487792969,"Pontotoc"
"21175",2027.32006835938,"Morgan"
"31019",2303.97607421875,"Buffalo"
"27079",1953.09619140625,"Le Sueur"
"37125",1815.29272460938,"Moore"
"45047",1232.01904296875,"Greenwood"
"49035",1351.91088867188,"Salt Lake"
"48297",2145.9384765625,"Live Oak"
"56015",1770.30834960938,"Goshen"
"47161",1641.62219238281,"Stewart"
"01021",1674.3896484375,"Chilton"
"04021",1151.92407226562,"Pinal"
"13177",1586.44750976562,"Lee"
"13109",1452.38720703125,"Evans"
"19117",1607.79467773438,"Lucas"
"21211",1922.59387207031,"Shelby"
"27087",1988.38879394531,"Mahnomen"
"29167",1749.58520507812,"Polk"
"30037",NA,"Golden Valley"
"38069",1341.83666992188,"Pierce"
"48067",1700.46276855469,"Cass"
"21111",1729.34765625,"Jefferson"
"48339",2139.283203125,"Montgomery"
"48075",2050.25024414062,"Childress"
"56003",1259.32348632812,"Big Horn"
"48489",2613.5009765625,"Willacy"
"21167",1720.97729492188,"Mercer"
"21117",1973.16235351562,"Kenton"
"13117",2095.22265625,"Forsyth"
"26131",NA,"Ontonagon"
"27003",2083.490234375,"Anoka"
"28103",2002.96948242188,"Noxubee"
"01029",1697.05346679688,"Cleburne"
"42015",1023.00079345703,"Bradford"
"29061",1851.70874023438,"Daviess"
"21235",1925.52160644531,"Whitley"
"42115",1123.12756347656,"Susquehanna"
"48163",2147.94189453125,"Frio"
"45023",1367.92626953125,"Chester"
"48217",2014.80126953125,"Hill"
"47031",1563.99926757812,"Coffee"
"46083",1915.68933105469,"Lincoln"
"25025",2541.56518554688,"Suffolk"
"48005",1652.18371582031,"Angelina"
"48007",2935.48754882812,"Aransas"
"42017",1764.8056640625,"Bucks"
"19007",1427.27600097656,"Appanoose"
"21205",1450.0244140625,"Rowan"
"17019",1495.11022949219,"Champaign"
"35003",NA,"Catron"
"17167",1545.83703613281,"Sangamon"
"35039",1713.60900878906,"Rio Arriba"
"35031",1320.60046386719,"McKinley"
"38055",1831.12927246094,"McLean"
"37195",1316.59594726562,"Wilson"
"19191",1528.44677734375,"Winneshiek"
"51107",2116.30029296875,"Loudoun"
"47075",1593.1884765625,"Haywood"
"53019",1666.48669433594,"Ferry"
"37007",1344.74291992188,"Anson"
"21209",1463.86767578125,"Scott"
"13299",1503.51000976562,"Ware"
"48341",2156.69580078125,"Moore"
"17001",1469.43273925781,"Adams"
"26053",NA,"Gogebic"
"39027",1307.22485351562,"Clinton"
"29179",1662.79809570312,"Reynolds"
"01083",1776.66442871094,"Limestone"
"19133",1426.31665039062,"Monona"
"20187",NA,"Stanton"
"18155",1578.21130371094,"Switzerland"
"22045",2247.36694335938,"Iberia"
"25021",2331.72045898438,"Norfolk"
"22115",1106.25146484375,"Vernon"
"36119",3891.35595703125,"Westchester"
"40009",2399.76123046875,"Beckham"
"47155",1398.10388183594,"Sevier"
"37133",2062.11743164062,"Onslow"
"06099",1225.18640136719,"Stanislaus"
"08055",1970.01818847656,"Huerfano"
"13069",1716.43322753906,"Coffee"
"18101",1649.29370117188,"Martin"
"18073",1429.89953613281,"Jasper"
"19137",1646.87072753906,"Montgomery"
"26065",2107.271484375,"Ingham"
"35033",NA,"Mora"
"22121",1466.19409179688,"West Baton Rouge"
"36053",1335.6962890625,"Madison"
"27171",2162.3076171875,"Wright"
"40083",3322.03149414062,"Logan"
"21027",1577.45446777344,"Breckinridge"
"42033",906.843994140625,"Clearfield"
"54077",1390.95190429688,"Preston"
"72021",NA,"Bayamón"
"51163",1234.66772460938,"Rockbridge"
"30071",1953.71801757812,"Phillips"
"31127",2007.39575195312,"Nemaha"
"05039",1588.55578613281,"Dallas"
"13121",2897.158203125,"Fulton"
"13289",1969.24938964844,"Twiggs"
"17057",1295.42358398438,"Fulton"
"20097",NA,"Kiowa"
"05081",1780.728515625,"Little River"
"48501",1992.66967773438,"Yoakum"
"39035",1191.29675292969,"Cuyahoga"
"23011",1131.59716796875,"Kennebec"
"08107",2107.41137695312,"Routt"
"02110",1308.25805664062,"Juneau"
"13007",NA,"Baker"
"08023",NA,"Costilla"
"37141",2679.95776367188,"Pender"
"21201",NA,"Robertson"
"21113",2354.86889648438,"Jessamine"
"72111",NA,"Peñuelas"
"51009",1088.65698242188,"Amherst"
"22053",1888.54626464844,"Jefferson Davis"
"47179",1261.85412597656,"Washington"
"25011",1655.7529296875,"Franklin"
"42041",1128.51379394531,"Cumberland"
"29031",1723.87084960938,"Cape Girardeau"
"41013",1173.99047851562,"Crook"
"50003",2007.85363769531,"Bennington"
"55071",1020.6533203125,"Manitowoc"
"55055",1328.51672363281,"Jefferson"
"27137",1641.685546875,"St. Louis"
"42007",1059.31530761719,"Beaver"
"36013",1177.65283203125,"Chautauqua"
"37107",1620.05944824219,"Lenoir"
"48029",1662.14831542969,"Bexar"
"48271",NA,"Kinney"
"08053",NA,"Hinsdale"
"02122",1820.03173828125,"Kenai Peninsula"
"17087",1808.55615234375,"Johnson"
"47005",1606.5498046875,"Benton"
"42073",1077.21179199219,"Lawrence"
"22079",1200.97729492188,"Rapides"
"21057",NA,"Cumberland"
"55097",1335.19152832031,"Portage"
"37045",1188.35888671875,"Cleveland"
"47011",1422.72998046875,"Bradley"
"55049",1479.27978515625,"Iowa"
"18007",1618.72424316406,"Benton"
"27035",1928.04516601562,"Crow Wing"
"18001",1098.40576171875,"Adams"
"08015",1574.23278808594,"Chaffee"
"31063",2504.92211914062,"Frontier"
"31173",1931.98669433594,"Thurston"
"50017",1687.77941894531,"Orange"
"35001",1310.87829589844,"Bernalillo"
"19131",1412.03076171875,"Mitchell"
"13211",1986.43249511719,"Morgan"
"27037",2248.71044921875,"Dakota"
"22093",1909.4794921875,"St. James"
"05139",1812.77221679688,"Union"
"19051",1841.34851074219,"Davis"
"39117",1509.93151855469,"Morrow"
"06101",1316.23083496094,"Sutter"
"06035",1531.24194335938,"Lassen"
"48381",2033.17663574219,"Randall"
"48427",3591.857421875,"Starr"
"08067",1605.986328125,"La Plata"
"46109",NA,"Roberts"
"12073",1605.609375,"Leon"
"37149",1598.873046875,"Polk"
"37031",3255.64965820312,"Carteret"
"20121",2135.68115234375,"Miami"
"12059",2000.09533691406,"Holmes"
"21163",1703.44226074219,"Meade"
"46101",1863.01281738281,"Moody"
"06087",2266.67504882812,"Santa Cruz"
"47003",1490.39428710938,"Bedford"
"46019",2002.80444335938,"Butte"
"13067",2154.373046875,"Cobb"
"12051",2356.9892578125,"Hendry"
"72005",NA,"Aguadilla"
"41009",1203.32556152344,"Columbia"
"13015",1640.08374023438,"Bartow"
"40135",1995.00305175781,"Sequoyah"
"37145",1325.20751953125,"Person"
"20051",2139.41943359375,"Ellis"
"72153",NA,"Yauco"
"51550",1892.61547851562,"Chesapeake"
"38037",NA,"Grant"
"19057",1403.09350585938,"Des Moines"
"19173",1928.06420898438,"Taylor"
"20063",2097.64526367188,"Gove"
"39175",1397.95251464844,"Wyandot"
"13191",2182.65551757812,"McIntosh"
"48483",2475.28002929688,"Wheeler"
"37091",1435.26574707031,"Hertford"
"30089",1446.25122070312,"Sanders"
"13241",1777.25769042969,"Rabun"
"37043",1427.54125976562,"Clay"
"38103",1640.86059570312,"Wells"
"21131",1982.04211425781,"Leslie"
"21017",1696.54077148438,"Bourbon"
"31141",1811.99768066406,"Platte"
"51053",1612.57800292969,"Dinwiddie"
"72039",NA,"Ciales"
"29013",1943.59729003906,"Bates"
"36107",1328.38891601562,"Tioga"
"18115",1568.22839355469,"Ohio"
"30111",1984.40954589844,"Yellowstone"
"12129",1880.14099121094,"Wakulla"
"48181",2175.66430664062,"Grayson"
"12115",2250.17749023438,"Sarasota"
"13003",1606.94177246094,"Atkinson"
"24021",1602.25061035156,"Frederick"
"48135",1674.07641601562,"Ector"
"46115",1577.2509765625,"Spink"
"27077",1472.79711914062,"Lake of the Woods"
"31051",2209.08203125,"Dixon"
"13261",1739.50866699219,"Sumter"
"48031",1948.19970703125,"Blanco"
"51830",1698.16064453125,"Williamsburg"
"06055",1921.79260253906,"Napa"
"22071",3959.48657226562,"Orleans"
"40143",2141.85620117188,"Tulsa"
"36115",1442.89782714844,"Washington"
"51031",1095.81384277344,"Campbell"
"51027",1508.697265625,"Buchanan"
"51165",1130.91052246094,"Rockingham"
"29025",1853.62524414062,"Caldwell"
"30091",1968.66235351562,"Sheridan"
"47081",1582.70007324219,"Hickman"
"48057",2369.53125,"Calhoun"
"06115",1516.87268066406,"Yuba"
"51083",1204.67700195312,"Halifax"
"13137",1767.80725097656,"Habersham"
"41011",1146.30395507812,"Coos"
"05087",1852.64221191406,"Madison"
"38059",1708.15466308594,"Morton"
"27063",1608.17004394531,"Jackson"
"20201",2114.78833007812,"Washington"
"01097",2070.66528320312,"Mobile"
"72137",NA,"Toa Baja"
"26059",1882.82312011719,"Hillsdale"
"28159",2155.55859375,"Winston"
"20209",1777.75012207031,"Wyandotte"
"53033",1870.08312988281,"King"
"12035",1658.32641601562,"Flagler"
"12103",2756.82958984375,"Pinellas"
"13087",1832.88598632812,"Decatur"
"72089",NA,"Luquillo"
"72117",NA,"Rincón"
"22085",1433.06079101562,"Sabine"
"54027",1231.62768554688,"Hampshire"
"29145",1697.10974121094,"Newton"
"30101",1405.70788574219,"Toole"
"45017",1471.00219726562,"Calhoun"
"48479",1327.36987304688,"Webb"
"40127",2130.88037109375,"Pushmataha"
"19043",1321.701171875,"Clayton"
"21239",1537.70361328125,"Woodford"
"47127",1669.94055175781,"Moore"
"40123",2278.90258789062,"Pontotoc"
"02290",NA,"Yukon-Koyukuk"
"30085",NA,"Roosevelt"
"50019",1461.15124511719,"Orleans"
"72129",NA,"San Lorenzo"
"37193",1308.76013183594,"Wilkes"
"29007",1395.47802734375,"Audrain"
"47173",1361.68664550781,"Union"
"48299",1945.38671875,"Llano"
"54103",1272.80224609375,"Wetzel"
"56037",1167.19897460938,"Sweetwater"
"25017",2282.68798828125,"Middlesex"
"42113",1065.96350097656,"Sullivan"
"49055",NA,"Wayne"
"48397",2489.58618164062,"Rockwall"
"19005",1261.23498535156,"Allamakee"
"38009",1876.67272949219,"Bottineau"
"29137",1619.47802734375,"Monroe"
"54025",1231.69384765625,"Greenbrier"
"17013",NA,"Calhoun"
"32015",1910.90637207031,"Lander"
"39085",1135.89978027344,"Lake"
"21003",1953.92248535156,"Allen"
"06069",1847.77404785156,"San Benito"
"20031",1978.00476074219,"Coffey"
"48289",1994.78771972656,"Leon"
"46091",1719.46606445312,"Marshall"
"32017",992.806640625,"Lincoln"
"41051",1187.02966308594,"Multnomah"
"20185",NA,"Stafford"
"47047",2152.79760742188,"Fayette"
"55035",1161.53491210938,"Eau Claire"
"06057",2467.86352539062,"Nevada"
"05115",1676.15502929688,"Pope"
"48317",2402.42065429688,"Martin"
"72061",NA,"Guaynabo"
"26079",1652.41052246094,"Kalkaska"
"30065",2021.25122070312,"Musselshell"
"05009",1586.44470214844,"Boone"
"18089",1409.23950195312,"Lake"
"45051",2064.0791015625,"Horry"
"05109",1582.52868652344,"Pike"
"18137",1634.61389160156,"Ripley"
"39071",1332.66333007812,"Highland"
"31097",1988.50927734375,"Johnson"
"48017",2103.84985351562,"Bailey"
"04013",1329.49890136719,"Maricopa"
"29079",1412.54223632812,"Grundy"
"55141",1179.23022460938,"Wood"
"13143",2098.93505859375,"Haralson"
"02068",NA,"Denali"
"51530",1043.36596679688,"Buena Vista"
"37097",1558.35180664062,"Iredell"
"08093",2009.07958984375,"Park"
"37015",1972.59045410156,"Bertie"
"48079",NA,"Cochran"
"33011",1474.63793945312,"Hillsborough"
"27161",1712.83825683594,"Waseca"
"48415",1932.35546875,"Scurry"
"54093",1641.18127441406,"Tucker"
"48503",2064.9970703125,"Young"
"08033",1661.34521484375,"Dolores"
"12077",1870.08874511719,"Liberty"
"28041",2298.80688476562,"Greene"
"29111",NA,"Lewis"
"04003",1165.15246582031,"Cochise"
"21199",1612.68322753906,"Pulaski"
"51678",1186.72033691406,"Lexington"
"42031",977.854064941406,"Clarion"
"26121",1700.73083496094,"Muskegon"
"49001",1158.50988769531,"Beaver"
"31183",NA,"Wheeler"
"21083",1915.45251464844,"Graves"
"51540",1446.73229980469,"Charlottesville"
"01075",1794.74169921875,"Lamar"
"51125",1462.23864746094,"Nelson"
"21103",1783.99035644531,"Henry"
"35019",1689.75622558594,"Guadalupe"
"19101",1474.04541015625,"Jefferson"
"20129",NA,"Morton"
"17101",1538.84729003906,"Lawrence"
"37115",1515.93896484375,"Madison"
"48221",2499.33862304688,"Hood"
"20023",NA,"Cheyenne"
"22023",2201.822265625,"Cameron"
"13267",1718.04089355469,"Tattnall"
"16015",1611.68774414062,"Boise"
"13053",1555.64526367188,"Chattahoochee"
"13139",1745.36120605469,"Hall"
"34029",2041.56457519531,"Ocean"
"13223",1614.34106445312,"Paulding"
"42019",1109.90234375,"Butler"
"21059",1266.37390136719,"Daviess"
"47049",1494.14831542969,"Fentress"
"40003",NA,"Alfalfa"
"35035",1527.046875,"Otero"
"72027",NA,"Camuy"
"13279",1956.70080566406,"Toombs"
"33005",2414.49243164062,"Cheshire"
"02150",1481.98815917969,"Kodiak Island"
"29199",NA,"Scotland"
"29097",1674.81176757812,"Jasper"
"46053",NA,"Gregory"
"09130",NA,"Lower Connecticut River Valley"
"18121",1594.45336914062,"Parke"
"18027",1527.58837890625,"Daviess"
"31077",NA,"Greeley"
"39173",1408.7294921875,"Wood"
"48275",NA,"Knox"
"31155",2403.26586914062,"Saunders"
"48345",NA,"Motley"
"13189",1523.43603515625,"McDuffie"
"41063",1444.92395019531,"Wallowa"
"02050",NA,"Bethel"
"16039",1244.26782226562,"Elmore"
"26137",2056.84643554688,"Otsego"
"48039",2406.66430664062,"Brazoria"
"31153",2327.9111328125,"Sarpy"
"21089",1732.90771484375,"Greenup"
"20199",NA,"Wallace"
"19059",1631.52026367188,"Dickinson"
"21149",1384.33312988281,"McLean"
"29183",1923.79235839844,"St. Charles"
"37177",2703.57788085938,"Tyrrell"
"01081",1644.17333984375,"Lee"
"08085",1206.16931152344,"Montrose"
"13207",1843.31884765625,"Monroe"
"55023",1282.81665039062,"Crawford"
"05033",1776.25402832031,"Crawford"
"53003",1139.61242675781,"Asotin"
"47063",1210.22338867188,"Hamblen"
"37185",1474.0771484375,"Warren"
"38083",NA,"Sheridan"
"05091",1615.48815917969,"Miller"
"26063",1786.16613769531,"Huron"
"31065",2174.1044921875,"Furnas"
"42057",978.9619140625,"Fulton"
"26083",NA,"Keweenaw"
"26055",1779.42700195312,"Grand Traverse"
"31087",NA,"Hitchcock"
"31031",1994.91589355469,"Cherry"
"49021",987.145202636719,"Iron"
"13159",1904.84057617188,"Jasper"
"20205",NA,"Wilson"
"40069",1827.52722167969,"Johnston"
"47165",1922.26110839844,"Sumner"
"21011",NA,"Bath"
"47089",1461.46887207031,"Jefferson"
"51033",1410.93603515625,"Caroline"
"45085",1609.29016113281,"Sumter"
"31069",NA,"Garden"
"51640",913.072631835938,"Galax"
"42121",864.196533203125,"Venango"
"48225",1881.20202636719,"Houston"
"01129",2264.99072265625,"Washington"
"30025",2583.51586914062,"Fallon"
"46021",NA,"Campbell"
"17137",1329.7529296875,"Morgan"
"39009",1504.84985351562,"Athens"
"01065",2016.17565917969,"Hale"
"31121",2001.35180664062,"Merrick"
"55037",1709.12060546875,"Florence"
"13095",1655.56970214844,"Dougherty"
"17107",1466.48767089844,"Logan"
"26051",1757.90490722656,"Gladwin"
"31175",2066.38500976562,"Valley"
"31125",1977.70715332031,"Nance"
"47169",1864.73950195312,"Trousdale"
"48267",1336.62670898438,"Kimble"
"56019",1582.18542480469,"Johnson"
"27053",2157.03930664062,"Hennepin"
"13271",1892.4716796875,"Telfair"
"47087",1543.45104980469,"Jackson"
"46015",1766.89660644531,"Brule"
"51161",1170.59094238281,"Roanoke"
"48013",1875.16418457031,"Atascosa"
"21081",1624.64318847656,"Grant"
"46063",NA,"Harding"
"12047",1637.76245117188,"Hamilton"
"13163",1827.50622558594,"Jefferson"
"24017",1916.02233886719,"Charles"
"17099",1535.23413085938,"LaSalle"
"29017",1339.70227050781,"Bollinger"
"26057",2084.04565429688,"Gratiot"
"21213",1562.84814453125,"Simpson"
"31161",1906.82971191406,"Sheridan"
"51730",1416.23205566406,"Petersburg"
"05017",1926.57141113281,"Chicot"
"13113",2100.10205078125,"Fayette"
"40063",1962.70874023438,"Hughes"
"27027",1708.12878417969,"Clay"
"16025",1424.54406738281,"Camas"
"31163",NA,"Sherman"
"46011",1709.89526367188,"Brookings"
"51680",1109.18664550781,"Lynchburg"
"13165",2036.49877929688,"Jenkins"
"48055",1856.34899902344,"Caldwell"
"28111",2209.13037109375,"Perry"
"12065",1936.00634765625,"Jefferson"
"24011",1409.96350097656,"Caroline"
"33017",1454.36437988281,"Strafford"
"51103",2095.98510742188,"Lancaster"
"51073",1630.50439453125,"Gloucester"
"28069",2515.45483398438,"Kemper"
"19063",1324.041015625,"Emmet"
"13295",1481.705078125,"Walker"
"16003",1191.376953125,"Adams"
"20137",NA,"Norton"
"22029",1209.65747070312,"Concordia"
"51017",1190.98059082031,"Bath"
"02016",NA,"Aleutians West"
"31075",NA,"Grant"
"47041",1446.94384765625,"DeKalb"
"37053",2534.36938476562,"Currituck"
"26139",1493.24304199219,"Ottawa"
"22069",1354.15686035156,"Natchitoches"
"45075",1613.21533203125,"Orangeburg"
"17123",1491.19360351562,"Marshall"
"47069",1674.69897460938,"Hardeman"
"40081",2394.375,"Lincoln"
"50025",1947.55517578125,"Windham"
"55067",1154.62023925781,"Langlade"
"37025",1394.09643554688,"Cabarrus"
"31011",2261.916015625,"Boone"
"21115",1992.345703125,"Johnson"
"17043",1953.55932617188,"DuPage"
"13011",1703.24279785156,"Banks"
"19147",1311.0009765625,"Palo Alto"
"21009",1578.23046875,"Barren"
"31137",1939.27258300781,"Phelps"
"39067",1352.15747070312,"Harrison"
"29129",1557.72937011719,"Mercer"
"72085",NA,"Las Piedras"
"48331",1822.94201660156,"Milam"
"56031",1821.93103027344,"Platte"
"01095",1855.58044433594,"Marshall"
"02185",NA,"North Slope"
"06029",1290.27514648438,"Kern"
"19179",1266.41870117188,"Wapello"
"26111",1804.20886230469,"Midland"
"28101",2093.97875976562,"Newton"
"20189",1946.89697265625,"Stevens"
"27069",NA,"Kittson"
"01047",1973.32641601562,"Dallas"
"31159",2087.22021484375,"Seward"
"47033",1458.51196289062,"Crockett"
"46005",1613.35693359375,"Beadle"
"47017",1579.41186523438,"Carroll"
"19187",1456.94946289062,"Webster"
"24025",1784.50024414062,"Harford"
"51117",1446.22021484375,"Mecklenburg"
"45039",1869.85693359375,"Fairfield"
"53011",1278.60278320312,"Clark"
"29033",1771.60510253906,"Carroll"
"42133",1041.46667480469,"York"
"16027",1198.42138671875,"Canyon"
"13209",1804.55993652344,"Montgomery"
"46095",NA,"Mellette"
"19025",1407.88708496094,"Calhoun"
"13293",1665.10766601562,"Upson"
"48421",NA,"Sherman"
"48169",1840.95825195312,"Garza"
"09180",NA,"Southeastern Connecticut"
"36079",2218.17358398438,"Putnam"
"36101",1900.18737792969,"Steuben"
"13021",1676.51696777344,"Bibb"
"18181",1422.1416015625,"White"
"29223",1765.92395019531,"Wayne"
"27001",1756.46911621094,"Aitkin"
"48387",1966.83605957031,"Red River"
"47149",1926.81665039062,"Rutherford"
"01005",1622.40991210938,"Barbour"
"41049",1265.32421875,"Morrow"
"16017",1791.55859375,"Bonner"
"16033",NA,"Clark"
"20093",NA,"Kearny"
"29121",1457.96374511719,"Macon"
"29133",1672.52197265625,"Mississippi"
"42043",1036.3466796875,"Dauphin"
"09190",NA,"Western Connecticut"
"37071",1431.43041992188,"Gaston"
"16031",1177.19287109375,"Cassia"
"06041",3143.72900390625,"Marin"
"48389",2030.95568847656,"Reeves"
"48315",1825.03527832031,"Marion"
"40029",2089.19995117188,"Coal"
"31099",2282.86401367188,"Kearney"
"55127",1448.13244628906,"Walworth"
"40131",2112.20556640625,"Rogers"
"21177",1748.833984375,"Muhlenberg"
"40073",2697.23559570312,"Kingfisher"
"46003",1695.03137207031,"Aurora"
"48019",2032.20739746094,"Bandera"
"45025",1151.8173828125,"Chesterfield"
"42045",1867.38134765625,"Delaware"
"53077",1350.07885742188,"Yakima"
"29001",1567.87780761719,"Adair"
"48173",NA,"Glasscock"
"27129",1888.46081542969,"Renville"
"28001",2205.18798828125,"Adams"
"29186",1790.39440917969,"Ste. Genevieve"
"17033",1549.69958496094,"Crawford"
"17177",1332.81188964844,"Stephenson"
"22035",NA,"East Carroll"
"27025",2083.05517578125,"Chisago"
"21095",1625.01293945312,"Harlan"
"26003",1462.396484375,"Alger"
"21161",1165.55261230469,"Mason"
"48145",1883.24877929688,"Falls"
"51075",1900.59301757812,"Goochland"
"27081",2003.70446777344,"Lincoln"
"55109",1713.8857421875,"St. Croix"
"48199",2181.20556640625,"Hardin"
"26163",2102.28686523438,"Wayne"
"72013",NA,"Arecibo"
"47091",1303.99194335938,"Johnson"
"38081",1738.265625,"Sargent"
"26125",2054.6259765625,"Oakland"
"38019",1411.66540527344,"Cavalier"
"27135",1656.79357910156,"Roseau"
"36087",2603.78540039062,"Rockland"
"50011",1651.6884765625,"Franklin"
"27049",1979.49060058594,"Goodhue"
"29131",1668.33178710938,"Miller"
"01109",1771.02197265625,"Pike"
"36085",2272.1064453125,"Richmond"
"05061",1711.81628417969,"Howard"
"42129",1008.859375,"Westmoreland"
"08013",2652.18408203125,"Boulder"
"29049",1901.38623046875,"Clinton"
"51071",1226.60327148438,"Giles"
"72045",NA,"Comerío"
"54005",1585.74731445312,"Boone"
"72077",NA,"Juncos"
"72033",NA,"Cataño"
"72054",NA,"Florida"
"05035",1873.36572265625,"Crittenden"
"53009",1472.1396484375,"Clallam"
"42103",1140.03039550781,"Pike"
"31109",1973.6806640625,"Lancaster"
"48295",NA,"Lipscomb"
"28113",2207.28881835938,"Pike"
"28021",NA,"Claiborne"
"46049",NA,"Faulk"
"46089",NA,"McPherson"
"28047",2612.40966796875,"Harrison"
"24027",2358.88256835938,"Howard"
"46065",1614.67004394531,"Hughes"
"28129",1868.04138183594,"Smith"
"46123",1685.81030273438,"Tripp"
"21185",2100.9296875,"Oldham"
"13153",1835.54357910156,"Houston"
"48465",1380.19812011719,"Val Verde"
"29175",1509.35620117188,"Randolph"
"13145",1935.21020507812,"Harris"
"12043",2357.02490234375,"Glades"
"39025",1273.18359375,"Clermont"
"39033",1374.09289550781,"Crawford"
"39059",1482.54016113281,"Guernsey"
"40065",2320.43212890625,"Jackson"
"22073",1355.65673828125,"Ouachita"
"29203",1532.67443847656,"Shannon"
"72093",NA,"Maricao"
"54075",1513.34497070312,"Pocahontas"
"18135",1393.25354003906,"Randolph"
"55137",1307.80224609375,"Waushara"
"35049",1653.88806152344,"Santa Fe"
"06111",1841.33020019531,"Ventura"
"24019",1592.72546386719,"Dorchester"
"13131",1845.53356933594,"Grady"
"27123",2100.14794921875,"Ramsey"
"26109",2230.76831054688,"Menominee"
"05057",1619.44885253906,"Hempstead"
"17193",1597.15270996094,"White"
"20017",NA,"Chase"
"48133",2341.03369140625,"Eastland"
"19077",1590.27954101562,"Guthrie"
"17037",1559.11840820312,"DeKalb"
"18051",1554.61193847656,"Gibson"
"37137",2543.51782226562,"Pamlico"
"48357",1855.54797363281,"Ochiltree"
"47185",1489.24560546875,"White"
"38015",1984.74450683594,"Burleigh"
"46075",NA,"Jones"
"40151",2039.58081054688,"Woods"
"18127",1503.29357910156,"Porter"
"17103",1462.19946289062,"Lee"
"08101",2145.49731445312,"Pueblo"
"48411",1993.48669433594,"San Saba"
"48475",2297.0546875,"Ward"
"08071",2061.806640625,"Las Animas"
"08089",2180.150390625,"Otero"
"08117",2270.17260742188,"Summit"
"48263",NA,"Kent"
"48257",2222.93725585938,"Kaufman"
"05143",1836.96069335938,"Washington"
"40057",NA,"Harmon"
"48495",1840.109375,"Winkler"
"01115",1725.50634765625,"St. Clair"
"12097",2063.8037109375,"Osceola"
"20053",NA,"Ellsworth"
"36099",1243.92492675781,"Seneca"
"37065",1609.02612304688,"Edgecombe"
"48101",NA,"Cottle"
"48313",1954.75622558594,"Madison"
"37037",1744.42028808594,"Chatham"
"27033",1529.04418945312,"Cottonwood"
"17185",1567.81896972656,"Wabash"
"39119",1351.49682617188,"Muskingum"
"29215",1623.57202148438,"Texas"
"21093",1775.65771484375,"Hardin"
"27091",1547.63549804688,"Martin"
"40129",NA,"Roger Mills"
"42039",1013.75897216797,"Crawford"
"34005",1933.28393554688,"Burlington"
"45015",2052.83715820312,"Berkeley"
"29053",1507.44201660156,"Cooper"
"30075",NA,"Powder River"
"20029",1938.41064453125,"Cloud"
"19071",1752.4833984375,"Fremont"
"51159",1283.37084960938,"Richmond"
"48157",2448.67236328125,"Fort Bend"
"40051",2599.76782226562,"Grady"
"05015",1740.78735351562,"Carroll"
"36077",1408.47106933594,"Otsego"
"40027",2547.2373046875,"Cleveland"
"48459",1857.36755371094,"Upshur"
"40087",2811.23852539062,"McClain"
"31067",1944.91455078125,"Gage"
"48223",2042.97802734375,"Hopkins"
"72071",NA,"Isabela"
"55139",1199.33605957031,"Winnebago"
"53071",1311.029296875,"Walla Walla"
"72107",NA,"Orocovis"
"40047",2226.7080078125,"Garfield"
"22105",1635.66906738281,"Tangipahoa"
"18043",1583.3427734375,"Floyd"
"38105",1722.8857421875,"Williams"
"46029",1640.408203125,"Codington"
"04025",1217.50390625,"Yavapai"
"13187",1815.74438476562,"Lumpkin"
"18059",1652.7802734375,"Hancock"
"20027",NA,"Clay"
"28127",2121.900390625,"Simpson"
"36097",1644.14001464844,"Schuyler"
"45035",1992.7509765625,"Dorchester"
"72023",NA,"Cabo Rojo"
"47001",1428.00073242188,"Anderson"
"13115",1658.54150390625,"Floyd"
"13247",1914.6591796875,"Rockdale"
"16051",1351.55969238281,"Jefferson"
"42061",1027.22216796875,"Huntingdon"
"20147",NA,"Phillips"
"48111",2157.56103515625,"Dallam"
"42069",1213.96557617188,"Lackawanna"
"42079",1080.47912597656,"Luzerne"
"47103",1546.76782226562,"Lincoln"
"37173",1394.73620605469,"Swain"
"40005",2055.65234375,"Atoka"
"40019",2065.3876953125,"Carter"
"48477",1911.8583984375,"Washington"
"40099",1903.3251953125,"Murray"
"40147",1838.37219238281,"Washington"
"42125",1209.62915039062,"Washington"
"06017",2342.38256835938,"El Dorado"
"21171",1597.39477539062,"Monroe"
"29005",1374.24890136719,"Atchison"
"37005",1337.64978027344,"Alleghany"
"48487",2227.24291992188,"Wilbarger"
"01009",1694.98461914062,"Blount"
"13269",1937.09033203125,"Taylor"
"55043",1293.55029296875,"Grant"
"30051",NA,"Liberty"
"31033",1988.09716796875,"Cheyenne"
"26113",1799.78942871094,"Missaukee"
"18037",1447.8955078125,"Dubois"
"38029",1673.36999511719,"Emmons"
"01019",1766.36120605469,"Cherokee"
"17133",2145.72900390625,"Monroe"
"42087",891.603942871094,"Mifflin"
"29125",1799.66491699219,"Maries"
"42091",1725.63293457031,"Montgomery"
"22055",2392.37817382812,"Lafayette"
"39007",1169.38830566406,"Ashtabula"
"22061",1336.84887695312,"Lincoln"
"39019",1309.71179199219,"Carroll"
"06003",3009.322265625,"Alpine"
"54053",1285.11865234375,"Mason"
"37099",1290.60717773438,"Jackson"
"01105",2103.03271484375,"Perry"
"54011",1273.34533691406,"Cabell"
"54045",1579.48181152344,"Logan"
"51045",1329.19250488281,"Craig"
"54057",1157.64758300781,"Mineral"
"54059",NA,"Mingo"
"28097",2310.98364257812,"Montgomery"
"29185",1807.85534667969,"St. Clair"
"37027",1206.65209960938,"Caldwell"
"45031",1684.54077148438,"Darlington"
"53073",1400.54565429688,"Whatcom"
"54023",1334.37060546875,"Grant"
"31081",1983.59643554688,"Hamilton"
"30015",1590.9833984375,"Chouteau"
"05067",1538.44665527344,"Jackson"
"37067",1267.32043457031,"Forsyth"
"05075",1394.29064941406,"Lawrence"
"34001",2021.92797851562,"Atlantic"
"29510",1885.64489746094,"St. Louis"
"48205",2270.14526367188,"Hartley"
"18049",1527.2138671875,"Fulton"
"10003",1480.96057128906,"New Castle"
"39063",1359.69714355469,"Hancock"
"35013",1311.19091796875,"Doña Ana"
"29109",1680.14404296875,"Lawrence"
"37009",1303.76647949219,"Ashe"
"05027",1605.55126953125,"Columbia"
"26041",1463.12280273438,"Delta"
"37021",1290.72399902344,"Buncombe"
"09120",NA,"Greater Bridgeport"
"28119",NA,"Quitman"
"28133",2261.18041992188,"Sunflower"
"51750",1137.13073730469,"Radford"
"51063",1154.43420410156,"Floyd"
"54107",1173.20568847656,"Wood"
"54105",NA,"Wirt"
"48027",1473.0751953125,"Bell"
"53043",1514.80041503906,"Lincoln"
"53045",1903.93530273438,"Mason"
"26117",2109.29052734375,"Montcalm"
"27057",1752.865234375,"Hubbard"
"37017",2003.96997070312,"Bladen"
"48231",2318.1005859375,"Hunt"
"48307",1891.42663574219,"McCulloch"
"72017",NA,"Barceloneta"
"29011",1594.17041015625,"Barton"
"29149",1889.45654296875,"Oregon"
"30067",1755.8427734375,"Park"
"13219",1745.88708496094,"Oconee"
"13225",1706.28674316406,"Peach"
"13251",1786.21545410156,"Screven"
"48505",1155.06774902344,"Zapata"
"24009",1841.76049804688,"Calvert"
"20043",NA,"Doniphan"
"13283",1817.68054199219,"Treutlen"
"48349",1930.35339355469,"Navarro"
"09170",NA,"South Central Connecticut"
"31165",NA,"Sioux"
"37023",1337.91320800781,"Burke"
"36059",4364.84423828125,"Nassau"
"34025",2503.39208984375,"Monmouth"
"51179",1821.56994628906,"Stafford"
"53055",1918.23254394531,"San Juan"
"53057",1515.12097167969,"Skagit"
"53067",1359.421875,"Thurston"
"13047",1413.28344726562,"Catoosa"
"13065",1844.80615234375,"Clinch"
"53029",1525.00903320312,"Island"
"50007",1748.62158203125,"Chittenden"
"51820",1054.75842285156,"Waynesboro"
"48149",1986.56506347656,"Fayette"
"48089",2011.34521484375,"Colorado"
"19003",1487.87268066406,"Adams"
"25019",3560.70336914062,"Nantucket"
"47009",1521.51110839844,"Blount"
"46039",1611.47619628906,"Deuel"
"16079",1338.17724609375,"Shoshone"
"17119",1717.09094238281,"Madison"
"48321",2686.70385742188,"Matagorda"
"40097",2015.40856933594,"Mayes"
"05013",1553.36376953125,"Calhoun"
"17153",2363.9228515625,"Pulaski"
"27165",1647.86633300781,"Watonwan"
"39005",1187.62719726562,"Ashland"
"06043",2059.60693359375,"Mariposa"
"35009",1884.34509277344,"Curry"
"33019",1547.02368164062,"Sullivan"
"37191",1585.89147949219,"Wayne"
"31029",2541.3125,"Chase"
"31057",NA,"Dundy"
"46069",NA,"Hyde"
"26005",1601.35961914062,"Allegan"
"21091",1759.61279296875,"Hancock"
"19033",1295.42651367188,"Cerro Gordo"
"19037",1393.29870605469,"Chickasaw"
"32013",1076.60095214844,"Humboldt"
"48491",1772.57263183594,"Williamson"
"72135",NA,"Toa Alta"
"72149",NA,"Villalba"
"19049",1694.84326171875,"Dallas"
"13263",1771.57409667969,"Talbot"
"37047",2132.74291992188,"Columbus"
"30109",NA,"Wibaux"
"16087",1420.88330078125,"Washington"
"17159",1513.15405273438,"Richland"
"08007",1515.75170898438,"Archuleta"
"40153",2348.505859375,"Woodward"
"35027",1648.119140625,"Lincoln"
"35053",1459.87426757812,"Socorro"
"19193",1412.86669921875,"Woodbury"
"31013",2277.8759765625,"Box Butte"
"36021",1777.19323730469,"Columbia"
"31005",NA,"Arthur"
"13291",1519.03540039062,"Union"
"06023",1443.41955566406,"Humboldt"
"13297",1860.38781738281,"Walton"
"37121",1137.74865722656,"Mitchell"
"29115",1575.45373535156,"Linn"
"13307",NA,"Webster"
"20155",1876.93920898438,"Reno"
"47139",1605.67492675781,"Polk"
"24510",1610.24401855469,"Baltimore"
"48091",1845.833984375,"Comal"
"48497",2465.07495117188,"Wise"
"19067",1319.89538574219,"Floyd"
"21109",1957.30236816406,"Jackson"
"20049",NA,"Elk"
"26045",2116.51440429688,"Eaton"
"19085",1702.09558105469,"Harrison"
"46093",2096.48095703125,"Meade"
"12029",1701.189453125,"Dixie"
"13155",1877.97509765625,"Irwin"
"30087",1784.32446289062,"Rosebud"
"26013",1633.62329101562,"Baraga"
"20005",1984.45092773438,"Atchison"
"25007",2728.18383789062,"Dukes"
"12001",1685.44860839844,"Alachua"
"29077",1615.46008300781,"Greene"
"29103",NA,"Knox"
"32011",NA,"Eureka"
"30039",1586.37670898438,"Granite"
"39045",1459.51000976562,"Fairfield"
"38063",2328.93041992188,"Nelson"
"38003",1653.58959960938,"Barnes"
"41059",1123.45349121094,"Umatilla"
"13133",2093.27905273438,"Greene"
"55079",1387.62609863281,"Milwaukee"
"55081",1405.23132324219,"Monroe"
"05037",1778.58190917969,"Cross"
"02170",1733.94921875,"Matanuska-Susitna"
"20111",1698.67749023438,"Lyon"
"48121",2462.13989257812,"Denton"
"21129",NA,"Lee"
"20125",1786.01196289062,"Montgomery"
"26071",1479.00122070312,"Iron"
"20197",2273.8515625,"Wabaunsee"
"27023",1764.07287597656,"Chippewa"
"49057",1095.34704589844,"Weber"
"37085",1571.71105957031,"Harnett"
"22109",2304.78881835938,"Terrebonne"
"47035",1418.06408691406,"Cumberland"
"18017",1303.55725097656,"Cass"
"19177",NA,"Van Buren"
"32023",1367.34851074219,"Nye"
"29189",2020.21313476562,"St. Louis"
"17171",NA,"Scott"
"26011",1641.96716308594,"Arenac"
"05093",NA,"Mississippi"
"12063",1766.61694335938,"Jackson"
"12127",1818.98596191406,"Volusia"
"13083",1841.7109375,"Dade"
"26095",1027.212890625,"Luce"
"37101",1536.27038574219,"Johnston"
"18153",1504.74426269531,"Sullivan"
"02164",NA,"Lake and Peninsula"
"34017",2236.22387695312,"Hudson"
"46035",1693.0927734375,"Davison"
"12031",1805.81433105469,"Duval"
"39129",1410.21948242188,"Pickaway"
"28007",1849.58557128906,"Attala"
"21173",1721.09326171875,"Montgomery"
"49049",1114.056640625,"Utah"
"55027",1214.27319335938,"Dodge"
"21189",NA,"Owsley"
"26133",NA,"Osceola"
"21221",1904.20690917969,"Trigg"
"27051",1754.07165527344,"Grant"
"17047",NA,"Edwards"
"17059",1395.58911132812,"Gallatin"
"26091",1577.74670410156,"Lenawee"
"55039",1217.74072265625,"Fond du Lac"
"26099",1613.609375,"Macomb"
"18183",1348.70471191406,"Whitley"
"26017",1350.63452148438,"Bay"
"72125",NA,"San Germán"
"26157",2064.84448242188,"Tuscola"
"32005",1389.275390625,"Douglas"
"18003",1176.03356933594,"Allen"
"45073",1391.54797363281,"Oconee"
"13275",2065.70385742188,"Thomas"
"20175",2064.91357421875,"Seward"
"24003",1796.28369140625,"Anne Arundel"
"34041",1800.76110839844,"Warren"
"42117",1088.9306640625,"Tioga"
"48071",2544.443359375,"Chambers"
"29047",1992.05187988281,"Clay"
"39049",1267.26281738281,"Franklin"
"48337",2247.95703125,"Montague"
"49013",1237.9658203125,"Duchesne"
"49019",1026.49743652344,"Grand"
"29219",1805.55981445312,"Warren"
"13077",1634.78747558594,"Coweta"
"19021",1276.33679199219,"Buena Vista"
"27011",1581.82897949219,"Big Stone"
"48365",1716.57971191406,"Panola"
"27009",1783.25024414062,"Benton"
"21023",1363.32348632812,"Bracken"
"40103",2321.33154296875,"Noble"
"25009",2160.29541015625,"Essex"
"47039",1606.55163574219,"Decatur"
"47059",1240.16564941406,"Greene"
"32007",1156.98767089844,"Elko"
"22123",1081.52416992188,"West Carroll"
"01063",1957.8330078125,"Greene"
"18103",1577.12280273438,"Miami"
"18107",1435.45947265625,"Montgomery"
"06051",2343.37768554688,"Mono"
"20095",1992.82385253906,"Kingman"
"46105",NA,"Perkins"
"56045",1700.8857421875,"Weston"
"17129",2087.14111328125,"Menard"
"21143",1795.07067871094,"Lyon"
"21051",1765.60791015625,"Clay"
"27067",1817.72277832031,"Kandiyohi"
"31071",NA,"Garfield"
"48285",1876.1669921875,"Lavaca"
"47021",1673.28930664062,"Cheatham"
"47145",1464.7978515625,"Roane"
"08037",2269.65771484375,"Eagle"
"16001",1481.92138671875,"Ada"
"19029",1452.62463378906,"Cass"
"12061",2473.39501953125,"Indian River"
"13009",1788.8701171875,"Baldwin"
"51007",1283.43701171875,"Amelia"
"39101",1384.61840820312,"Marion"
"51035",1074.77978515625,"Carroll"
"08063",2552.32983398438,"Kit Carson"
"42027",1010.73693847656,"Centre"
"46081",1960.95703125,"Lawrence"
"42029",1750.9892578125,"Chester"
"47083",1473.83044433594,"Houston"
"47085",1489.96740722656,"Humphreys"
"48241",1841.5654296875,"Jasper"
"45043",2691.642578125,"Georgetown"
"53001",1480.66577148438,"Adams"
"49043",2000.25939941406,"Summit"
"46085",NA,"Lyman"
"16069",1132.17028808594,"Nez Perce"
"31021",2015.83239746094,"Burt"
"27119",1649.67077636719,"Polk"
"29119",1936.78515625,"McDonald"
"55135",1173.50561523438,"Waupaca"
"12085",3246.0283203125,"Martin"
"55111",1285.97668457031,"Sauk"
"41029",1079.60192871094,"Jackson"
"37061",1832.71350097656,"Duplin"
"19145",1531.14562988281,"Page"
"19045",1378.07348632812,"Clinton"
"13055",1597.08984375,"Chattooga"
"12071",2291.7109375,"Lee"
"19061",1422.33996582031,"Dubuque"
"48283",NA,"La Salle"
"20113",1981.31616210938,"McPherson"
"12099",3777.38720703125,"Palm Beach"
"20109",NA,"Logan"
"48309",1577.17663574219,"McLennan"
"12093",2109.91235351562,"Okeechobee"
"19089",1403.29577636719,"Howard"
"30009",1930.78454589844,"Carbon"
"51760",1532.96203613281,"Richmond"
"49005",1079.44555664062,"Cache"
"53039",1582.22277832031,"Klickitat"
"45049",1667.30737304688,"Hampton"
"49025",942.608154296875,"Kane"
"55007",1372.85229492188,"Bayfield"
"55013",1615.89880371094,"Burnett"
"22041",1238.11560058594,"Franklin"
"22027",1243.37805175781,"Claiborne"
"51131",2003.22619628906,"Northampton"
"27157",1853.77990722656,"Wabasha"
"22047",1834.78552246094,"Iberville"
"17111",1822.79931640625,"McHenry"
"18075",1512.42431640625,"Jay"
"35037",1675.04052734375,"Quay"
"37171",1324.01477050781,"Surry"
"48369",2144.86083984375,"Parmer"
"39037",1185.24719238281,"Darke"
"17149",1531.55322265625,"Pike"
"39121",1413.94067382812,"Noble"
"19097",1390.5048828125,"Jackson"
"13045",1661.30615234375,"Carroll"
"51081",1318.7626953125,"Greensville"
"17161",1380.61218261719,"Rock Island"
"08113",2322.2939453125,"San Miguel"
"08115",2639.36547851562,"Sedgwick"
"55093",1609.11926269531,"Pierce"
"48037",1828.71667480469,"Bowie"
"47181",1477.67565917969,"Wayne"
"47187",2192.6533203125,"Williamson"
"45065",1581.76440429688,"McCormick"
"55119",1200.21252441406,"Taylor"
"56027",1391.77758789062,"Niobrara"
"36027",1898.30920410156,"Dutchess"
"37073",1839.86791992188,"Gates"
"06113",1484.06396484375,"Yolo"
"29091",1634.90026855469,"Howell"
"26141",1532.57373046875,"Presque Isle"
"29101",1810.85327148438,"Johnson"
"22067",1380.54919433594,"Morehouse"
"29157",1586.15124511719,"Perry"
"13303",1854.46154785156,"Washington"
"20115",2170.96313476562,"Marion"
"21029",1747.30810546875,"Bullitt"
"27101",1796.74975585938,"Murray"
"39041",1496.63293457031,"Delaware"
"40117",1986.74487304688,"Pawnee"
"49011",1148.44787597656,"Davis"
"48049",1996.16674804688,"Brown"
"39141",1463.02026367188,"Ross"
"17181",2142.87622070312,"Union"
"08039",3083.54248046875,"Elbert"
"39145",1491.91882324219,"Scioto"
"19153",1459.04333496094,"Polk"
"48443",NA,"Terrell"
"13119",1689.78161621094,"Franklin"
"17203",1528.80480957031,"Woodford"
"51093",1952.970703125,"Isle of Wight"
"44005",2703.20043945312,"Newport"
"55131",1238.75073242188,"Washington"
"29023",1771.39270019531,"Butler"
"41043",1003.58422851562,"Linn"
"51105",1097.02307128906,"Lee"
"53017",1347.927734375,"Douglas"
"15007",2551.908203125,"Kauai"
"20149",2034.97692871094,"Pottawatomie"
"23019",1057.34924316406,"Penobscot"
"36095",1420.88195800781,"Schoharie"
"02188",NA,"Northwest Arctic"
"13151",1850.298828125,"Henry"
"39127",1419.80261230469,"Perry"
"51133",1811.23999023438,"Northumberland"
"28083",1975.25708007812,"Leflore"
"38033",NA,"Golden Valley"
"26097",1649.27563476562,"Mackinac"
"53053",1528.65942382812,"Pierce"
"32021",1232.07092285156,"Mineral"
"27127",1603.7177734375,"Redwood"
"45071",1523.37219238281,"Newberry"
"18083",1561.05603027344,"Knox"
"12089",1976.69580078125,"Nassau"
"45077",1305.70104980469,"Pickens"
"39075",1299.15588378906,"Holmes"
"12075",1813.28515625,"Levy"
"19167",1638.009765625,"Sioux"
"48183",1523.74304199219,"Gregg"
"35059",1926.86303710938,"Union"
"37039",1246.14514160156,"Cherokee"
"39151",1130.13647460938,"Stark"
"06039",1596.44055175781,"Madera"
"28071",3142.3857421875,"Lafayette"
"53065",1413.03002929688,"Stevens"
"32033",1084.71472167969,"White Pine"
"01071",1665.68395996094,"Jackson"
"27173",1719.34436035156,"Yellow Medicine"
"23009",1358.74291992188,"Hancock"
"34027",2044.32080078125,"Morris"
"02090",1814.21301269531,"Fairbanks North Star"
"40111",2080.58129882812,"Okmulgee"
"36003",1269.96813964844,"Allegany"
"48087",3075.76782226562,"Collingsworth"
"49045",1106.38110351562,"Tooele"
"13057",1850.73852539062,"Cherokee"
"17073",1547.2607421875,"Henry"
"21001",1633.04504394531,"Adair"
"22097",1682.42993164062,"St. Landry"
"30047",1476.3310546875,"Lake"
"01111",1800.37329101562,"Randolph"
"06081",3075.79443359375,"San Mateo"
"26123",1994.45849609375,"Newaygo"
"37135",1722.56848144531,"Orange"
"19151",1457.10754394531,"Pocahontas"
"48153",NA,"Floyd"
"42013",925.032653808594,"Blair"
"37029",2317.50463867188,"Camden"
"31027",1813.4541015625,"Cedar"
"05119",1947.06774902344,"Pulaski"
"55073",1269.56286621094,"Marathon"
"06097",1857.33203125,"Sonoma"
"27071",1408.61511230469,"Koochiching"
"28025",2427.12133789062,"Clay"
"38013",NA,"Burke"
"24031",1850.46008300781,"Montgomery"
"54101",NA,"Webster"
"47071",1664.82568359375,"Hardin"
"36035",1812.26965332031,"Fulton"
"48093",1799.11657714844,"Comanche"
"48453",1736.56140136719,"Travis"
"48203",1534.02844238281,"Harrison"
"54065",1315.12194824219,"Morgan"
"08021",1626.24267578125,"Conejos"
"12033",2221.77514648438,"Escambia"
"48001",1559.28259277344,"Anderson"
"47019",1189.45947265625,"Carter"
"37087",1429.20458984375,"Haywood"
"49053",1057.60668945312,"Washington"
"30003",1501.67126464844,"Big Horn"
"35045",1209.63745117188,"San Juan"
"02130",1487.69982910156,"Ketchikan Gateway"
"01003",2316.4658203125,"Baldwin"
"22017",1187.61975097656,"Caddo"
"36051",1190.9765625,"Livingston"
"51041",1553.73779296875,"Chesterfield"
"13257",1608.20336914062,"Stephens"
"40085",2083.79443359375,"Love"
"17091",1609.67810058594,"Kankakee"
"05145",1691.32885742188,"White"
"13157",1683.09020996094,"Jackson"
"35011",NA,"De Baca"
"38057",2410.98266601562,"Mercer"
"20117",2399.98779296875,"Marshall"
"06073",1892.28747558594,"San Diego"
"50021",1618.52966308594,"Rutland"
"24013",1600.28527832031,"Carroll"
"06019",1346.57421875,"Fresno"
"16035",1350.455078125,"Clearwater"
"24023",1541.34411621094,"Garrett"
"48277",1880.30700683594,"Lamar"
"13127",2379.45458984375,"Glynn"
"39163",1632.68518066406,"Vinton"
"48373",2124.29614257812,"Polk"
"47043",1674.36669921875,"Dickson"
"55029",1299.80029296875,"Door"
"44009",2346.93823242188,"Washington"
"01033",1583.18811035156,"Colbert"
"21097",1528.47241210938,"Harrison"
"55117",1069.09204101562,"Sheboygan"
"29187",1713.16625976562,"St. Francois"
"17021",1517.36791992188,"Christian"
"46023",NA,"Charles Mix"
"21101",1876.20056152344,"Henderson"
"51155",1142.55126953125,"Pulaski"
"06061",1748.57739257812,"Placer"
"18047",1465.29248046875,"Franklin"
"31133",NA,"Pawnee"
"31107",1671.39221191406,"Knox"
"37019",2810.80224609375,"Brunswick"
"21231",1468.34606933594,"Wayne"
"22003",1429.10803222656,"Allen"
"36029",1289.1884765625,"Erie"
"28093",2010.96545410156,"Marshall"
"05107",1744.38720703125,"Phillips"
"46102",NA,"Oglala Lakota"
"46099",1665.84313964844,"Minnehaha"
"39021",1382.61267089844,"Champaign"
"13197",1787.39611816406,"Marion"
"51095",1570.13635253906,"James City"
"19111",1466.81518554688,"Lee"
"48113",1987.89343261719,"Dallas"
"41065",1236.14282226562,"Wasco"
"30007",1730.89013671875,"Broadwater"
"41061",1056.94262695312,"Union"
"12087",6280.20751953125,"Monroe"
"25027",1846.44848632812,"Worcester"
"28059",2737.29614257812,"Jackson"
"45013",2904.85498046875,"Beaufort"
"16049",1444.82336425781,"Idaho"
"24033",1883.87683105469,"Prince George's"
"28109",2241.82250976562,"Pearl River"
"34009",2116.15942382812,"Cape May"
"22057",2153.39501953125,"Lafourche"
"38053",1834.14831542969,"McKenzie"
"41005",1487.09765625,"Clackamas"
"08073",2412.42309570312,"Lincoln"
"41033",1224.07983398438,"Josephine"
"02195",NA,"Petersburg"
"21121",1754.13879394531,"Knox"
"01041",1631.78442382812,"Crenshaw"
"06089",1527.18774414062,"Shasta"
"13013",1528.05505371094,"Barrow"
"18067",1347.51330566406,"Howard"
"20193",1866.87768554688,"Thomas"
"21179",1765.89282226562,"Nelson"
"32027",1121.97143554688,"Pershing"
"31053",2170.1689453125,"Dodge"
"40113",2163.10717773438,"Osage"
"49027",1035.80895996094,"Millard"
"51001",1855.46008300781,"Accomack"
"02220",NA,"Sitka"
"41015",1271.43310546875,"Curry"
"05007",1846.87658691406,"Benton"
"22099",1901.00622558594,"St. Martin"
"51147",1394.94311523438,"Prince Edward"
"16007",1220.19177246094,"Bear Lake"
"48377",1541.32080078125,"Presidio"
"48457",1997.22766113281,"Tyler"
"40033",2029.11828613281,"Cotton"
"22095",2253.28857421875,"St. John the Baptist"
"51061",1738.66088867188,"Fauquier"
"48367",2669.10791015625,"Parker"
"48073",2006.97473144531,"Cherokee"
"01027",1901.87646484375,"Clay"
"49023",1026.65954589844,"Juab"
"06105",2028.06323242188,"Trinity"
"06103",1572.09375,"Tehama"
"16023",1486.125,"Butte"
"17113",1388.20556640625,"McLean"
"29095",1915.43151855469,"Jackson"
"37041",2338.34936523438,"Chowan"
"48197",NA,"Hardeman"
"36121",1176.89880371094,"Wyoming"
"25013",1583.41162109375,"Hampden"
"21125",1577.54565429688,"Laurel"
"18093",1543.91198730469,"Lawrence"
"55115",1240.74963378906,"Shawano"
"06045",1888.78747558594,"Mendocino"
"32031",1287.76672363281,"Washoe"
"46033",2635.1572265625,"Custer"
"01079",1775.24938964844,"Lawrence"
"16047",1164.15747070312,"Gooding"
"23021",1063.28662109375,"Piscataquis"
"46013",1711.41857910156,"Brown"
"20167",NA,"Russell"
"40075",2349.28881835938,"Kiowa"
"33013",1748.71655273438,"Merrimack"
"41031",1068.82861328125,"Jefferson"
"47117",1479.57238769531,"Marshall"
"29003",1627.8271484375,"Andrew"
"51019",1233.73010253906,"Bedford"
"47189",1671.99194335938,"Wilson"
"48455",2007.75268554688,"Trinity"
"72035",NA,"Cayey"
"53035",1425.93347167969,"Kitsap"
"49041",1012.48419189453,"Sevier"
"36047",3316.666015625,"Kings"
"55003",1203.7451171875,"Ashland"
"55123",1522.22583007812,"Vernon"
"28149",2219.44506835938,"Warren"
"08014",2389.09057617188,"Broomfield"
"48041",1703.85864257812,"Brazos"
"30031",1810.48498535156,"Gallatin"
"30107",NA,"Wheatland"
"51520",1226.39526367188,"Bristol"
"18063",1601.01281738281,"Hendricks"
"55053",1523.96557617188,"Jackson"
"01125",1703.62365722656,"Tuscaloosa"
"51127",1414.75634765625,"New Kent"
"05011",1656.8212890625,"Bradley"
"32510",1160.22937011719,"Carson City"
"37013",2207.91430664062,"Beaufort"
"01127",1881.92028808594,"Walker"
"13005",1593.99536132812,"Bacon"
"18045",1355.11462402344,"Fountain"
"21073",1545.45764160156,"Franklin"
"49037",997.611755371094,"San Juan"
"56029",1425.23852539062,"Park"
"18139",1490.97509765625,"Rush"
"26165",1973.64025878906,"Wexford"
"37117",1636.79260253906,"Martin"
"48473",2452.54443359375,"Waller"
"48407",2092.62646484375,"San Jacinto"
"51069",1370.70666503906,"Frederick"
"30055",NA,"McCone"
"54047",NA,"McDowell"
"01037",1752.1728515625,"Coosa"
"16065",1374.00158691406,"Madison"
"17147",1595.1806640625,"Piatt"
"42097",938.98681640625,"Northumberland"
"23029",1439.42199707031,"Washington"
"37143",2546.58813476562,"Perquimans"
"42035",967.335876464844,"Clinton"
"30069",NA,"Petroleum"
"06021",1342.24926757812,"Glenn"
"17143",1444.22033691406,"Peoria"
"20067",2208.63012695312,"Grant"
"21233",1945.62463378906,"Webster"
"35051",1208.14135742188,"Sierra"
"35043",1421.30786132812,"Sandoval"
"06065",1669.96020507812,"Riverside"
"53007",1471.39575195312,"Chelan"
"05133",1530.07604980469,"Sevier"
"48333",2689.7421875,"Mills"
"39149",1291.04711914062,"Shelby"
"22075",3573.90893554688,"Plaquemines"
"06093",1652.99829101562,"Siskiyou"
"30023",1315.76989746094,"Deer Lodge"
"21195",1977.06201171875,"Pike"
"01049",1772.30395507812,"DeKalb"
"06077",1422.37731933594,"San Joaquin"
"36007",1043.08044433594,"Broome"
"05073",1958.26306152344,"Lafayette"
"51015",1079.9951171875,"Augusta"
"42111",987.9296875,"Somerset"
"48033",NA,"Borden"
"50015",2073.11303710938,"Lamoille"
"54039",1375.50305175781,"Kanawha"
"72151",NA,"Yabucoa"
"13099",1956.05871582031,"Early"
"13321",1770.95166015625,"Worth"
"26147",1878.93542480469,"St. Clair"
"30081",1571.84948730469,"Ravalli"
"28015",2027.02954101562,"Carroll"
"48043",1899.05554199219,"Brewster"
"53025",1309.20544433594,"Grant"
"51111",1289.19580078125,"Lunenburg"
"12067",1897.07885742188,"Lafayette"
"36019",1296.64868164062,"Clinton"
"22025",1803.46105957031,"Catahoula"
"39095",1218.12927246094,"Lucas"
"12133",1778.97473144531,"Washington"
"53037",1547.87219238281,"Kittitas"
"41067",1158.890625,"Washington"
"04005",1284.01245117188,"Coconino"
"36075",1661.95764160156,"Oswego"
"01055",1703.45263671875,"Etowah"
"21225",1864.48742675781,"Union"
"47121",1690.31420898438,"Meigs"
"01113",1695.69372558594,"Russell"
"08123",2249.08178710938,"Weld"
"48287",1813.52490234375,"Lee"
"72069",NA,"Humacao"
"53041",1548.61877441406,"Lewis"
"51735",2888.6142578125,"Poquoson"
"41017",1084.33361816406,"Deschutes"
"30035",1383.11755371094,"Glacier"
"56013",1414.61535644531,"Fremont"
"29165",2146.99291992188,"Platte"
"34037",1864.51452636719,"Sussex"
"40059",NA,"Harper"
"01073",1945.38073730469,"Jefferson"
"48141",1385.08740234375,"El Paso"
"06085",2257.70288085938,"Santa Clara"
"28027",1945.98901367188,"Coahoma"
"48177",1649.46997070312,"Gonzales"
"16059",1283.23376464844,"Lemhi"
"01069",1836.55517578125,"Houston"
"50027",1738.45837402344,"Windsor"
"47045",1647.6904296875,"Dyer"
"18019",1489.66259765625,"Clark"
"05005",1631.37634277344,"Baxter"
"13179",1943.64428710938,"Liberty"
"22077",1995.17419433594,"Pointe Coupee"
"30083",1986.22570800781,"Richland"
"08049",1691.87902832031,"Grand"
"05051",1861.55285644531,"Garland"
"48097",2527.736328125,"Cooke"
"08103",1218.99731445312,"Rio Blanco"
"47013",1345.17358398438,"Campbell"
"27075",1647.46862792969,"Lake"
"37175",1706.82922363281,"Transylvania"
"28163",2281.615234375,"Yazoo"
"53031",1534.91430664062,"Jefferson"
"27133",1532.67749023438,"Rock"
"50005",1818.47351074219,"Caledonia"
"48219",2050.42822265625,"Hockley"
"48063",1761.72314453125,"Camp"
"29087",1946.16906738281,"Holt"
"06025",1328.22131347656,"Imperial"
"48077",2010.78002929688,"Clay"
"40141",1798.82678222656,"Tillman"
"26101",1691.521484375,"Manistee"
"30105",1885.73229980469,"Valley"
"36105",1549.32800292969,"Sullivan"
"41019",1073.57116699219,"Douglas"
"53015",1445.6513671875,"Cowlitz"
"55075",1182.70971679688,"Marinette"
"17071",1512.85864257812,"Henderson"
"05103",1621.35607910156,"Ouachita"
"32019",1099.79711914062,"Lyon"
"42101",1380.58642578125,"Philadelphia"
"13023",1995.83898925781,"Bleckley"
"41007",1469.29138183594,"Clatsop"
"23003",1053.71618652344,"Aroostook"
"30057",1663.12963867188,"Madison"
"13001",1731.05749511719,"Appling"
"08081",1176.16760253906,"Moffat"
"34013",2545.3525390625,"Essex"
"13175",1875.20678710938,"Laurens"
"55041",1488.41528320312,"Forest"
"05077",1773.25732421875,"Lee"
"55083",1235.087890625,"Oconto"
"56017",1231.30749511719,"Hot Springs"
"46119",NA,"Sully"
"48319",2731.64428710938,"Mason"
"20019",NA,"Chautauqua"
"28063",NA,"Jefferson"
"01103",1635.78955078125,"Morgan"
"28079",1905.49108886719,"Leake"
"54033",1212.40563964844,"Harrison"
"48485",2001.150390625,"Wichita"
"20073",NA,"Greenwood"
"56033",1551.81188964844,"Sheridan"
"72099",NA,"Moca"
"51510",2175.00341796875,"Alexandria"
"28117",1814.80737304688,"Prentiss"
"12079",1597.82568359375,"Madison"
"13239",NA,"Quitman"
"27149",1798.54455566406,"Stevens"
"13305",1829.53466796875,"Wayne"
"17105",1634.58862304688,"Livingston"
"13073",1681.42944335938,"Columbia"
"04011",NA,"Greenlee"
"26031",1707.18957519531,"Cheboygan"
"36061",7150.77001953125,"New York"
"01099",1779.60241699219,"Monroe"
"08097",2779.52661132812,"Pitkin"
"19065",1402.3583984375,"Fayette"
"40133",2049.86889648438,"Seminole"
"37103",2001.67785644531,"Jones"
"48245",2381.30151367188,"Jefferson"
"18009",1318.10021972656,"Blackford"
"22081",1014.90325927734,"Red River"
"47151",1703.18310546875,"Scott"
"55078",NA,"Menominee"
"05045",1780.67260742188,"Faulkner"
"13309",1892.50354003906,"Wheeler"
"05097",1655.90698242188,"Montgomery"
"51187",1463.45080566406,"Warren"
"54021",1298.82360839844,"Gilmer"
"54037",1481.33850097656,"Jefferson"
"13033",1677.22033691406,"Burke"
"54073",1126.04711914062,"Pleasants"
"21069",1365.76037597656,"Fleming"
"24001",1377.14758300781,"Allegany"
"08065",1640.13293457031,"Lake"
"37151",1125.97924804688,"Randolph"
"47037",1771.05322265625,"Davidson"
"29071",1811.33020019531,"Franklin"
"48109",NA,"Culberson"
"21227",1761.02807617188,"Warren"
"48425",1780.09765625,"Somervell"
"72105",NA,"Naranjito"
"53075",1343.37963867188,"Whitman"
"42003",1321.48278808594,"Allegheny"
"51570",1327.07568359375,"Colonial Heights"
"46117",2426.31958007812,"Stanley"
"54015",NA,"Clay"
"13213",1259.27905273438,"Murray"
"48323",1360.18566894531,"Maverick"
"47101",1415.29150390625,"Lewis"
"28013",1802.80517578125,"Calhoun"
"28035",2100.95751953125,"Forrest"
"72115",NA,"Quebradillas"
"54109",NA,"Wyoming"
"13181",1886.26550292969,"Lincoln"
"42049",924.79541015625,"Erie"
"19047",1472.91381835938,"Crawford"
"28049",2171.50854492188,"Hinds"
"47119",1511.28015136719,"Maury"
"01133",2045.32482910156,"Winston"
"48123",2120.8623046875,"DeWitt"
"47171",1220.23681640625,"Unicoi"
"22031",1249.93493652344,"De Soto"
"42099",1040.50561523438,"Perry"
"09150",NA,"Northeastern Connecticut"
"46037",NA,"Day"
"55107",1232.76318359375,"Rusk"
"20101",NA,"Lane"
"72145",NA,"Vega Baja"
"51670",1194.46716308594,"Hopewell"
"13311",1676.86962890625,"White"
"15003",2552.26782226562,"Honolulu"
"40017",2563.60009765625,"Canadian"
"40107",2682.10546875,"Okfuskee"
"13285",1634.34509277344,"Troup"
"20021",1747.16491699219,"Cherokee"
"40115",1766.57299804688,"Ottawa"
"01035",1969.18835449219,"Conecuh"
"08087",2550.72143554688,"Morgan"
"18023",1436.31555175781,"Clinton"
"21153",NA,"Magoffin"
"29055",1588.04174804688,"Crawford"
"28161",1995.66931152344,"Yalobusha"
"72103",NA,"Naguabo"
"54083",1366.7998046875,"Randolph"
"35023",1224.7021484375,"Hidalgo"
"20191",2117.5634765625,"Sumner"
"30041",1664.01147460938,"Hill"
"05137",1627.69958496094,"Stone"
"19125",1517.23193359375,"Marion"
"37139",1960.82702636719,"Pasquotank"
"34035",2115.00659179688,"Somerset"
"48201",2104.55517578125,"Harris"
"55129",1685.71130371094,"Washburn"
"48209",1931.81665039062,"Hays"
"17157",1667.9501953125,"Randolph"
"42059",1451.08984375,"Greene"
"27029",1641.82739257812,"Clearwater"
"36025",1569.4873046875,"Delaware"
"51059",1965.56469726562,"Fairfax"
"45059",1336.24182128906,"Laurens"
"47105",1413.21923828125,"Loudon"
"56025",1519.3720703125,"Natrona"
"72127",NA,"San Juan"
"47175",1598.86108398438,"Van Buren"
"51197",1117.08325195312,"Wythe"
"16041",1220.62524414062,"Franklin"
"21045",1520.494140625,"Casey"
"26081",1494.4228515625,"Kent"
"28043",2175.11401367188,"Grenada"
"13313",1353.0439453125,"Whitfield"
"26151",1857.22265625,"Sanilac"
"72015",NA,"Arroyo"
"21039",2216.02490234375,"Carlisle"
"31035",2249.45336914062,"Clay"
"42075",1031.91198730469,"Lebanon"
"47093",1415.33422851562,"Knox"
"08047",2255.9833984375,"Gilpin"
"42131",1335.76098632812,"Wyoming"
"42025",1186.275390625,"Carbon"
"39153",1231.23132324219,"Summit"
"37049",1983.83361816406,"Craven"
"51145",1490.515625,"Powhatan"
"18057",1850.11669921875,"Hamilton"
"05141",1766.89819335938,"Van Buren"
"30019",NA,"Daniels"
"48451",1518.68395996094,"Tom Green"
"01045",1851.14721679688,"Dale"
"13071",1557.15991210938,"Colquitt"
"20099",NA,"Labette"
"02198",NA,"Prince of Wales-Hyder"
"51193",1734.9365234375,"Westmoreland"
"23027",1334.01013183594,"Waldo"
"47025",1356.53088378906,"Claiborne"
"05085",1843.89477539062,"Lonoke"
"17065",1538.33508300781,"Hamilton"
"18109",1604.1787109375,"Morgan"
"40039",2548.75732421875,"Custer"
"31149",NA,"Rock"
"37001",1266.05639648438,"Alamance"
"46135",1843.58557128906,"Yankton"
"17127",1670.31262207031,"Massac"
"55061",1175.79016113281,"Kewaunee"
"46107",NA,"Potter"
"21049",1529.69799804688,"Clark"
"13233",1613.24487304688,"Polk"
"18145",1509.09204101562,"Shelby"
"22111",1139.28540039062,"Union"
"35029",1310.94787597656,"Luna"
"18171",1482.59777832031,"Warren"
"27045",1700.37622070312,"Fillmore"
"31147",1980.94653320312,"Richardson"
"26077",2581.162109375,"Kalamazoo"
"02230",NA,"Skagway"
"26115",2021.98803710938,"Monroe"
"39165",1520.75439453125,"Warren"
"29211",1726.75646972656,"Sullivan"
"26037",2059.63159179688,"Clinton"
"01051",1646.837890625,"Elmore"
"37197",1254.84594726562,"Yadkin"
"12055",1820.64831542969,"Highlands"
"12111",2292.470703125,"St. Lucie"
"40041",2146.11572265625,"Delaware"
"39103",1265.66967773438,"Medina"
"19055",1399.75927734375,"Delaware"
"39109",1291.22021484375,"Miami"
"01031",1988.15893554688,"Coffee"
"48251",2190.77490234375,"Johnson"
"48291",2415.01831054688,"Liberty"
"54097",1239.04345703125,"Upshur"
"55059",1298.41711425781,"Kenosha"
"31115",NA,"Loup"
"16005",1322.82214355469,"Bannock"
"45087",1392.04638671875,"Union"
"20165",NA,"Rush"
"37111",1404.65356445312,"McDowell"
"36083",2410.47412109375,"Rensselaer"
"23001",1026.23303222656,"Androscoggin"
"19073",1516.978515625,"Greene"
"48125",NA,"Dickens"
"26085",1596.12084960938,"Lake"
"27017",1742.19934082031,"Carlton"
"20025",NA,"Clark"
"26061",1358.17468261719,"Houghton"
"39079",1404.53564453125,"Jackson"
"37081",1273.44787597656,"Guilford"
"28075",1961.77709960938,"Lauderdale"
"22009",1319.58605957031,"Avoyelles"
"21217",1681.83972167969,"Taylor"
"18141",1253.97045898438,"St. Joseph"
"51630",1780.82177734375,"Fredericksburg"
"13031",1757.990234375,"Bulloch"
"19083",1542.67224121094,"Hardin"
"13037",2131.00366210938,"Calhoun"
"48361",2304.92749023438,"Orange"
"08111",1936.2392578125,"San Juan"
"51085",1420.46459960938,"Hanover"
"21053",1852.39270019531,"Clinton"
"39147",1195.845703125,"Seneca"
"17191",1719.68505859375,"Wayne"
"51036",1445.53137207031,"Charles City"
"21065",NA,"Estill"
"21075",1696.2431640625,"Fulton"
"06107",1228.98266601562,"Tulare"
"19011",1404.5419921875,"Benton"
"17169",1639.09716796875,"Schuyler"
"38023",1431.78149414062,"Divide"
"21203",1536.69079589844,"Rockcastle"
"47029",1406.7392578125,"Cocke"
"21215",1863.05993652344,"Spencer"
"38007",NA,"Billings"
"48259",2411.9794921875,"Kendall"
"55051",1070.43701171875,"Iron"
"47053",1602.74304199219,"Gibson"
"45027",1724.81884765625,"Clarendon"
"20007",NA,"Barber"
"33007",1289.0732421875,"Coos"
"17077",2019.82482910156,"Jackson"
"37187",2145.74780273438,"Washington"
"06071",1579.45080566406,"San Bernardino"
"17035",2039.2880859375,"Cumberland"
"12011",4126.4306640625,"Broward"
"13195",1619.20837402344,"Madison"
"48305",2777.984375,"Lynn"
"48329",2096.46948242188,"Midland"
"29123",1533.53063964844,"Madison"
"08041",2410.52758789062,"El Paso"
"22083",1376.83264160156,"Richland"
"08119",2343.31298828125,"Teller"
"40139",2252.97045898438,"Texas"
"18165",1576.02758789062,"Vermillion"
"38025",2002.92236328125,"Dunn"
"30017",2228.37573242188,"Custer"
"17017",1507.11926269531,"Cass"
"42055",1024.32678222656,"Franklin"
"21123",2344.25708007812,"Larue"
"35025",2315.43310546875,"Lea"
"01091",2031.625,"Marengo"
"21061",1690.60827636719,"Edmonson"
"31041",1979.17211914062,"Custer"
"48139",2109.54833984375,"Ellis"
"55077",1421.82958984375,"Marquette"
"20011",1800.76049804688,"Bourbon"
"27113",1503.20336914062,"Pennington"
"23017",1281.13513183594,"Oxford"
"36071",2320.10205078125,"Orange"
"22103",2214.390625,"St. Tammany"
"31145",2196.70678710938,"Red Willow"
"36031",1501.34130859375,"Essex"
"29213",1800.630859375,"Taney"
"48379",2167.92919921875,"Rains"
"36023",1576.5322265625,"Cortland"
"48343",1954.27600097656,"Morris"
"36001",2321.18188476562,"Albany"
"51113",1424.22814941406,"Madison"
"51157",1631.21228027344,"Rappahannock"
"48395",2191.12939453125,"Robertson"
"40077",1816.69079589844,"Latimer"
"21151",1540.87609863281,"Madison"
"42067",1133.75085449219,"Juniata"
"29107",1886.3828125,"Lafayette"
"26093",2206.75439453125,"Livingston"
"29135",1681.00891113281,"Moniteau"
"36005",2756.63549804688,"Bronx"
"31123",2626.0224609375,"Morrill"
"05023",1652.9091796875,"Cleburne"
"05089",1453.12060546875,"Marion"
"36081",2469.21875,"Queens"
"01121",1825.78942871094,"Talladega"
"18105",1528.65026855469,"Monroe"
"31073",2286.04443359375,"Gosper"
"45009",1560.83056640625,"Bamberg"
"48409",2389.51440429688,"San Patricio"
"21229",1352.44458007812,"Washington"
"41001",1017.67144775391,"Baker"
"01089",1947.20556640625,"Madison"
"38079",1565.94213867188,"Rolette"
"28031",2215.77978515625,"Covington"
"28151",2072.44458007812,"Washington"
"46129",1753.85778808594,"Walworth"
"48439",2202.41918945312,"Tarrant"
"39053",1503.30541992188,"Gallia"
"39111",1440.12915039062,"Monroe"
"42051",1040.22009277344,"Fayette"
"28053",2100.80322265625,"Humphreys"
"51021",1113.23950195312,"Bland"
"39051",1290.65808105469,"Fulton"
"12109",2254.24731445312,"St. Johns"
"13017",1624.29333496094,"Ben Hill"
"01123",1855.65930175781,"Tallapoosa"
"48147",2240.17163085938,"Fannin"
"35005",1810.193359375,"Chaves"
"26103",1467.95874023438,"Marquette"
"29195",1486.62780761719,"Saline"
"34033",2043.18737792969,"Salem"
"17009",NA,"Brown"
"19195",1253.60363769531,"Worth"
"09110",NA,"Capitol"
"28139",1806.26879882812,"Tippah"
"01085",2428.43774414062,"Lowndes"
"16045",1260.86279296875,"Gem"
"27043",1621.57836914062,"Faribault"
"21019",1837.0205078125,"Boyd"
"54069",1293.72436523438,"Ohio"
"28143",2116.38208007812,"Tunica"
"41037",1430.09411621094,"Lake"
"22043",982.449462890625,"Grant"
"21165",NA,"Menifee"
"39057",1489.09460449219,"Greene"
"19169",1522.82482910156,"Story"
"54003",1260.42553710938,"Berkeley"
"01093",1666.39331054688,"Marion"
"55021",1499.33935546875,"Columbia"
"36009",1301.94689941406,"Cattaraugus"
"26025",2567.79174804688,"Calhoun"
"39015",1354.48120117188,"Brown"
"47141",1385.04467773438,"Putnam"
"39171",1094.84033203125,"Williams"
"38027",NA,"Eddy"
"17173",1410.04650878906,"Shelby"
"48081",1757.8232421875,"Coke"
"47137",1593.13696289062,"Pickett"
"37167",1264.75952148438,"Stanly"
"48099",1502.63012695312,"Coryell"
"17029",1409.724609375,"Coles"
"47153",2170.37817382812,"Sequatchie"
"19053",1672.76843261719,"Decatur"
"21127",1618.24389648438,"Lawrence"
"46059",NA,"Hand"
"42037",1095.29846191406,"Columbia"
"29009",1671.41931152344,"Barry"
"41069",NA,"Wheeler"
"29041",1777.0439453125,"Chariton"
"51119",1650.41076660156,"Middlesex"
"50023",1703.205078125,"Washington"
"13075",1670.46398925781,"Cook"
"51195",1236.81982421875,"Wise"
"45007",1337.02331542969,"Anderson"
"72101",NA,"Morovis"
"47061",1532.49951171875,"Grundy"
"18161",1508.71447753906,"Union"
"26073",1932.2568359375,"Isabella"
"05055",1634.71850585938,"Greene"
"20133",NA,"Neosho"
"41021",1077.80236816406,"Gilliam"
"08017",NA,"Cheyenne"
"17187",1372.7294921875,"Warren"
"22063",1810.3740234375,"Livingston"
"26119",1732.58996582031,"Montmorency"
"18015",1570.4404296875,"Carroll"
"26047",1883.68383789062,"Emmet"
"72095",NA,"Maunabo"
"18169",1297.36633300781,"Wabash"
"26075",1818.22619628906,"Jackson"
"49031",NA,"Piute"
"37183",1699.66748046875,"Wake"
"37123",1668.37744140625,"Montgomery"
"37165",1696.49291992188,"Scotland"
"17061",1550.83203125,"Greene"
"06009",2022.79943847656,"Calaveras"
"21031",1732.89331054688,"Butler"
"38005",NA,"Benson"
"19009",1548.20068359375,"Audubon"
"72053",NA,"Fajardo"
"20045",1961.81713867188,"Douglas"
"37189",1530.87670898438,"Watauga"
"30103",NA,"Treasure"
"55121",1657.81591796875,"Trempealeau"
"40011",2110.06420898438,"Blaine"
"72047",NA,"Corozal"
"47067",1317.5419921875,"Hancock"
"55033",1502.38659667969,"Dunn"
"37059",1286.17553710938,"Davie"
"05019",1767.33776855469,"Clark"
"40023",1774.16369628906,"Choctaw"
"05063",1614.82067871094,"Independence"
"20195",1716.98681640625,"Trego"
"21077",1522.18225097656,"Gallatin"
"20177",1856.11328125,"Shawnee"
"19171",1376.68432617188,"Tama"
"29019",1625.55712890625,"Boone"
"19115",1596.62231445312,"Louisa"
"20039",NA,"Decatur"
"45091",1485.712890625,"York"
"55005",1484.74743652344,"Barron"
"22021",1254.83862304688,"Caldwell"
"22037",1834.96228027344,"East Feliciana"
"46009",NA,"Bon Homme"
"47073",1243.29895019531,"Hawkins"
"45033",1657.38500976562,"Dillon"
"45037",1747.55114746094,"Edgefield"
"29027",1647.10192871094,"Callaway"
"47113",1613.61755371094,"Madison"
"56001",1659.98071289062,"Albany"
"51029",1165.75366210938,"Buckingham"
"12045",2562.876953125,"Gulf"
"13315",1867.66027832031,"Wilcox"
"05131",1704.07556152344,"Sebastian"
"05129",1752.9892578125,"Searcy"
"22019",1870.36450195312,"Calcasieu"
"40079",1845.93212890625,"Le Flore"
"21187",1660.79565429688,"Owen"
"38075",1545.46606445312,"Renville"
"27125",1402.87609863281,"Red Lake"
"40095",2282.95385742188,"Marshall"
"72121",NA,"Sabana Grande"
"24005",1633.59545898438,"Baltimore"
"28055",NA,"Issaquena"
"39083",1325.26403808594,"Knox"
"51175",1552.64392089844,"Southampton"
"55011",1388.42443847656,"Buffalo"
"22065",NA,"Madison"
"51800",2002.35314941406,"Suffolk"
"28051",2010.65893554688,"Holmes"
"72001",NA,"Adjuntas"
"72029",NA,"Canóvanas"
"72043",NA,"Coamo"
"45063",1431.66125488281,"Lexington"
"55105",1392.32568359375,"Rock"
"56023",1301.00415039062,"Lincoln"
"53013",1296.40710449219,"Columbia"
"27117",1666.69738769531,"Pipestone"
"51099",1669.06140136719,"King George"
"29043",1857.09423828125,"Christian"
"01011",2558.64331054688,"Bullock"
"13237",1827.23168945312,"Putnam"
"40007",2798.59204101562,"Beaver"
"31043",1922.92553710938,"Dakota"
"05105",1653.56652832031,"Perry"
"48351",1864.08374023438,"Newton"
"29039",1619.2861328125,"Cedar"
"31049",2287.806640625,"Deuel"
"41071",1050.18823242188,"Yamhill"
"20079",1869.78002929688,"Harvey"
"27159",1568.97290039062,"Wadena"
"44001",2869.2626953125,"Bristol"
"47135",1766.86804199219,"Perry"
"34039",2129.45947265625,"Union"
"29147",1505.12109375,"Nodaway"
"27095",1863.44506835938,"Mille Lacs"
"20071",NA,"Greeley"
"13141",1934.41223144531,"Hancock"
"12037",3994.06787109375,"Franklin"
"12117",2243.25512695312,"Seminole"
"28157",NA,"Wilkinson"
"05121",1603.35302734375,"Randolph"
"26019",1622.96838378906,"Benzie"
"40045",2203.05078125,"Ellis"
"54071",NA,"Pendleton"
"29209",2036.935546875,"Stone"
"29029",1884.03356933594,"Camden"
"38097",1530.11877441406,"Traill"
"42005",863.714416503906,"Armstrong"
"20013",1486.56640625,"Brown"
"18129",1564.43579101562,"Posey"
"08029",1262.11535644531,"Delta"
"13231",1619.01208496094,"Pike"
"13319",1704.69677734375,"Wilkinson"
"39115",1502.65075683594,"Morgan"
"46121",NA,"Todd"
"30021",1723.41369628906,"Dawson"
"20091",2163.32983398438,"Johnson"
"20153",NA,"Rawlins"
"20127",NA,"Morris"
"48445",2116.2109375,"Terry"
"13171",1608.80456542969,"Lamar"
"13199",1832.75500488281,"Meriwether"
"39143",1241.97680664062,"Sandusky"
"48353",2069.53491210938,"Nolan"
"22089",2517.13818359375,"St. Charles"
"13277",1593.61486816406,"Tift"
"38089",1954.09582519531,"Stark"
"32009",NA,"Esmeralda"
"28089",2357.83935546875,"Madison"
"55063",1489.93078613281,"La Crosse"
"72041",NA,"Cidra"
"29177",1743.15856933594,"Ray"
"31037",1916.88061523438,"Colfax"
"45041",1651.85034179688,"Florence"
"54001",1504.99243164062,"Barbour"
"13287",2065.4677734375,"Turner"
"37089",1557.99194335938,"Henderson"
"17183",1426.72424316406,"Vermilion"
"37129",2742.20678710938,"New Hanover"
"21071",1556.86047363281,"Floyd"
"48211",2206.24560546875,"Hemphill"
"20077",2035.91625976562,"Harper"
"27093",1858.10119628906,"Meeker"
"27059",1924.46069335938,"Isanti"
"27143",1977.95812988281,"Sibley"
"28121",1815.79406738281,"Rankin"
"37003",1120.89013671875,"Alexander"
"39001",1625.19299316406,"Adams"
"38017",1676.26623535156,"Cass"
"06031",1149.34814453125,"Kings"
"04019",1214.18225097656,"Pima"
"05125",1761.0888671875,"Saline"
"41047",1078.23974609375,"Marion"
"23005",1278.015625,"Cumberland"
"48363",2539.287109375,"Palo Pinto"
"41035",1075.13562011719,"Klamath"
"05059",1745.470703125,"Hot Spring"
"08059",2494.9833984375,"Jefferson"
"04001",1277.99182128906,"Apache"
"12083",1475.5224609375,"Marion"
"25005",2003.74035644531,"Bristol"
"49015",NA,"Emery"
"22117",1527.52270507812,"Washington"
"40089",2126.34326171875,"McCurtain"
"29171",2118.5927734375,"Putnam"
"35061",1875.18322753906,"Valencia"
"30049",1628.57336425781,"Lewis and Clark"
"24047",1836.7734375,"Worcester"
"47157",2248.96801757812,"Shelby"
"56043",1322.98779296875,"Washakie"
"39061",1399.3798828125,"Hamilton"
"51199",1675.0576171875,"York"
"04007",1199.0439453125,"Gila"
"05049",1526.62219238281,"Fulton"
"13051",2747.95288085938,"Chatham"
"30059",2645.41235351562,"Meagher"
"29035",NA,"Carter"
"28137",1815.73315429688,"Tate"
"72075",NA,"Juana Díaz"
"17015",1421.28015136719,"Carroll"
"12121",1860.93981933594,"Suwannee"
"17121",1652.14489746094,"Marion"
"13221",1823.4130859375,"Oglethorpe"
"35041",2064.89697265625,"Roosevelt"
"16013",1816.29821777344,"Blaine"
"35006",1264.54125976562,"Cibola"
"18025",1533.1708984375,"Crawford"
"47027",1489.93310546875,"Clay"
"30063",1622.28186035156,"Missoula"
"32003",1240.18481445312,"Clark"
"22033",1718.92761230469,"East Baton Rouge"
"12039",1712.53247070312,"Gadsden"
"12091",2305.5576171875,"Okaloosa"
"06033",1881.16528320312,"Lake"
"42021",888.909240722656,"Cambria"
"48437",1900.44848632812,"Swisher"
"08045",1654.97436523438,"Garfield"
"17075",1632.65588378906,"Iroquois"
"01067",1842.3955078125,"Henry"
"05135",1479.27075195312,"Sharp"
"48273",2325.07397460938,"Kleberg"
"51153",1247.54992675781,"Prince William"
"51097",1480.94213867188,"King and Queen"
"16021",1410.15478515625,"Boundary"
"37119",1740.31628417969,"Mecklenburg"
"36069",3137.5185546875,"Ontario"
"72091",NA,"Manatí"
"28105",1902.05310058594,"Oktibbeha"
"34003",2229.49462890625,"Bergen"
"06053",1692.70007324219,"Monterey"
"38051",NA,"McIntosh"
"26029",1771.42150878906,"Charlevoix"
"38095",NA,"Towner"
"13205",1796.24426269531,"Mitchell"
"02105",NA,"Hoonah-Angoon"
"08057",1512.74255371094,"Jackson"
"30027",1792.74877929688,"Fergus"
"48065",2215.6640625,"Carson"
"21147",1259.9755859375,"McCreary"
"72059",NA,"Guayanilla"
"48401",1517.78796386719,"Rusk"
"01057",1995.0390625,"Fayette"
"42081",937.087280273438,"Lycoming"
"05001",1576.12646484375,"Arkansas"
"48085",2378.66870117188,"Collin"
"37051",1604.77978515625,"Cumberland"
"25001",2467.02612304688,"Barnstable"
"29143",1747.24792480469,"New Madrid"
"42107",1090.04150390625,"Schuylkill"
"09160",NA,"Northwest Hills"
"30079",NA,"Prairie"
"54041",1240.72314453125,"Lewis"
"49047",1135.87939453125,"Uintah"
"41057",1336.89660644531,"Tillamook"
"16077",1463.9736328125,"Power"
"48419",1720.6064453125,"Shelby"
"06083",1678.85571289062,"Santa Barbara"
"20131",NA,"Nemaha"
"06063",2041.93383789062,"Plumas"
"12105",1949.51257324219,"Polk"
"12119",1549.78454589844,"Sumter"
"39159",1526.66333007812,"Union"
"45089",1695.80383300781,"Williamsburg"
"30097",1468.54711914062,"Sweet Grass"
"18005",1381.33557128906,"Bartholomew"
"22101",2573.57397460938,"St. Mary"
"16053",1208.66882324219,"Jerome"
"51091",1209.27453613281,"Highland"
"06005",1985.24609375,"Amador"
"06013",1953.73864746094,"Contra Costa"
"12123",1990.58264160156,"Taylor"
"46071",NA,"Jackson"
"45081",1406.02819824219,"Saluda"
"56009",1805.49963378906,"Converse"
"51610",3563.837890625,"Falls Church"
"13049",1559.17956542969,"Charlton"
"47097",1585.93737792969,"Lauderdale"
"06049",1578.10314941406,"Modoc"
"51079",1371.42956542969,"Greene"
"15005",NA,"Kalawao"
"45019",3304.76440429688,"Charleston"
"01077",1625.5478515625,"Lauderdale"
"17109",1379.32287597656,"McDonough"
"41039",1100.59387207031,"Lane"
"44007",1842.94128417969,"Providence"
"50009",1708.62194824219,"Essex"
"21155",1462.63305664062,"Marion"
"54067",1210.62353515625,"Nicholas"
"51181",1371.19958496094,"Surry"
"56035",1461.81469726562,"Sublette"
"26021",1821.25280761719,"Berrien"
"12086",4507.37451171875,"Miami-Dade"
"02100",NA,"Haines"
"39031",1243.99035644531,"Coshocton"
"13259",1739.89013671875,"Stewart"
"41045",1268.74377441406,"Malheur"
"13317",1557.18151855469,"Wilkes"
"33009",1729.90698242188,"Grafton"
"08069",2061.36987304688,"Larimer"
"39113",1287.71887207031,"Montgomery"
"08077",1104.81384277344,"Mesa"
"13035",1653.17077636719,"Butts"
"01101",1715.20617675781,"Montgomery"
"51087",1347.27880859375,"Henrico"
"50001",2141.85424804688,"Addison"
"46061",NA,"Hanson"
"26035",1631.68286132812,"Clare"
"47129",1462.77282714844,"Morgan"
"37157",1118.93957519531,"Rockingham"
"39125",1354.78381347656,"Paulding"
"48461",NA,"Upton"
"48189",1838.12609863281,"Hale"
"46045",NA,"Edmunds"
"55025",1648.20568847656,"Dane"
"21087",1810.53076171875,"Green"
"41053",1048.26354980469,"Polk"
"45045",1336.4716796875,"Greenville"
"54043",1446.56616210938,"Lincoln"
"72063",NA,"Gurabo"
"51143",1108.57861328125,"Pittsylvania"
"21015",1632.89575195312,"Boone"
"02275",NA,"Wrangell"
"48167",2571.63989257812,"Galveston"
"53047",1508.71411132812,"Okanogan"
"53005",1409.10656738281,"Benton"
"56007",1383.79125976562,"Carbon"
"49017",1184.15600585938,"Garfield"
"30043",1685.76232910156,"Jefferson"
"29037",1982.84228515625,"Cass"
"48215",1571.77783203125,"Hidalgo"
"08109",1509.64318847656,"Saguache"
"48061",1716.64831542969,"Cameron"
"39013",1273.00671386719,"Belmont"
"02060",NA,"Bristol Bay"
"18133",1670.35852050781,"Putnam"
"22013",1152.31762695312,"Bienville"
"29065",1710.232421875,"Dent"
"35055",1785.48486328125,"Taos"
"35017",1244.22412109375,"Grant"
"51177",1494.72229003906,"Spotsylvania"
"37131",1534.56042480469,"Northampton"
"48083",NA,"Coleman"
"12021",3127.48706054688,"Collier"
"49029",1541.45556640625,"Morgan"
"48355",2248.15234375,"Nueces"
"55101",1266.16735839844,"Racine"
"30073",1411.02478027344,"Pondera"
"39091",1438.95947265625,"Logan"
"21043",1521.130859375,"Carter"
"46103",1946.86352539062,"Pennington"
"36049",1460.93981933594,"Lewis"
"06095",1552.18176269531,"Solano"
"23025",1065.00012207031,"Somerset"
"45057",1337.04760742188,"Lancaster"
"51077",1153.20373535156,"Grayson"
"42077",1289.15881347656,"Lehigh"
"47107",1405.94641113281,"McMinn"
"18061",1564.70166015625,"Harrison"
"08083",1230.71740722656,"Montezuma"
"24029",1440.80883789062,"Kent"
"36011",1633.91625976562,"Cayuga"
"51141",1077.69470214844,"Patrick"
"05043",1733.14099121094,"Drew"
"49051",1305.06774902344,"Wasatch"
"13107",1787.30944824219,"Emanuel"
"37057",1096.29064941406,"Davidson"
"47077",1519.21765136719,"Henderson"
"31177",2567.24975585938,"Washington"
"51003",1541.81323242188,"Albemarle"
"53049",1322.30139160156,"Pacific"
"24015",1490.85888671875,"Cecil"
"17131",1487.84802246094,"Mercer"
"22113",2356.55493164062,"Vermilion"
"18163",1334.92578125,"Vanderburgh"
"13093",1791.10437011719,"Dooly"
"02158",NA,"Kusilvak"
"48371",1585.45629882812,"Pecos"
"06001",2117.3701171875,"Alameda"
"41025",1406.88122558594,"Harney"
"27155",1948.81237792969,"Traverse"
"18021",1602.02746582031,"Clay"
"30053",1560.66418457031,"Lincoln"
"42127",1397.40026855469,"Wayne"
"30045",1692.64294433594,"Judith Basin"
"06037",1990.17736816406,"Los Angeles"
"24045",1654.51782226562,"Wicomico"
"48143",2042.14099121094,"Erath"
"48119",1882.1064453125,"Delta"
"06079",1580.92846679688,"San Luis Obispo"
"30033",NA,"Garfield"
"48175",2466.09887695312,"Goliad"
"42119",1060.58422851562,"Union"
"34011",1621.56689453125,"Cumberland"
"16085",1664.98510742188,"Valley"
"12101",2078.779296875,"Pasco"
"51049",1341.43090820312,"Cumberland"
"51057",1503.41247558594,"Essex"
"55095",1534.47412109375,"Polk"
"56039",2407.93212890625,"Teton"
"42089",1354.10424804688,"Monroe"
"05101",NA,"Newton"
"36091",2347.8720703125,"Saratoga"
"48423",1928.96923828125,"Smith"
"22107",NA,"Tensas"
"22005",1760.89782714844,"Ascension"
"36015",1416.3544921875,"Chemung"
"17049",1711.89624023438,"Effingham"
"47163",1212.13269042969,"Sullivan"
"56011",NA,"Crook"
"27103",1698.66870117188,"Nicollet"
"30013",1587.73059082031,"Cascade"
"37179",1498.92407226562,"Union"
"24037",1744.35095214844,"St. Mary's"
"24039",2028.833984375,"Somerset"
"24041",2459.19384765625,"Talbot"
"12125",1862.24694824219,"Union"
"72143",NA,"Vega Alta"
"16029",1199.88244628906,"Caribou"
"17135",1622.23205566406,"Montgomery"
"45083",1271.81518554688,"Spartanburg"
"22051",2763.11499023438,"Jefferson"
"36089",1381.00524902344,"St. Lawrence"
"30029",1454.16125488281,"Flathead"
"21193",1896.57385253906,"Perry"
"26033",1721.01708984375,"Chippewa"
"35057",1644.2001953125,"Torrance"
"21237",NA,"Wolfe"
"31047",1995.349609375,"Dawson"
"28125",NA,"Sharkey"
"46041",NA,"Dewey"
"36045",1478.33251953125,"Jefferson"
"08031",2491.92529296875,"Denver"
"30001",1430.20373535156,"Beaverhead"
"37055",3602.52124023438,"Dare"
"46055",NA,"Haakon"
"02066",NA,"Copper River"
"38085",NA,"Sioux"
"31169",2118.45727539062,"Thayer"
"06007",1569.58422851562,"Butte"
"15001",2002.79663085938,"Hawaii"
"45029",1806.35424804688,"Colleton"
"41023",NA,"Grant"
"39133",1268.51818847656,"Portage"
"54089",1191.5234375,"Summers"
"53027",1425.34887695312,"Grays Harbor"
"18119",1709.21716308594,"Owen"
"17025",1704.68420410156,"Clay"
"42071",1026.43127441406,"Lancaster"
"51047",1476.16943359375,"Culpeper"
"40013",2084.9150390625,"Bryan"
"48185",1917.72888183594,"Grimes"
"06011",1396.87548828125,"Colusa"
"38067",1572.50170898438,"Pembina"
"51005",1161.09692382812,"Alleghany"
"12005",2233.70385742188,"Bay"
"54035",1329.90270996094,"Jackson"
"72037",NA,"Ceiba"
"28091",2224.77783203125,"Marion"
"37011",1497.12658691406,"Avery"
"13169",1793.28649902344,"Jones"
"41055",NA,"Sherman"
"23023",1245.29443359375,"Sagadahoc"
"35015",2188.31689453125,"Eddy"
"23007",1212.27429199219,"Franklin"
"21183",1539.63891601562,"Ohio"
"37153",1457.87707519531,"Richmond"
"26159",2184.65991210938,"Van Buren"
"17031",2150.25122070312,"Cook"
"72011",NA,"Añasco"
"26049",1535.84008789062,"Genesee"
"40121",1973.37329101562,"Pittsburg"
"06067",1402.70642089844,"Sacramento"
"13185",1527.3271484375,"Lowndes"
"23013",1458.11853027344,"Knox"
"39017",1257.58874511719,"Butler"
"50013",1615.88110351562,"Grand Isle"
"01023",1981.63513183594,"Choctaw"
"53023",1867.43420410156,"Garfield"
"16073",1277.47668457031,"Owyhee"
"28011",1873.57177734375,"Bolivar"
"28037",2382.05395507812,"Franklin"
"21119",NA,"Knott"
"15009",2337.80615234375,"Maui"
"38101",1653.30236816406,"Ward"
"27007",1672.82238769531,"Beltrami"
"40101",1813.75573730469,"Muskogee"
"72113",NA,"Ponce"
"30005",1701.63745117188,"Blaine"
"20085",2007.0478515625,"Jackson"
"20069",NA,"Gray"
"13103",1858.87316894531,"Effingham"
"22087",1948.83923339844,"St. Bernard"
"12095",2279.83715820312,"Orange"
"21005",1590.00756835938,"Anderson"
"36043",1346.30700683594,"Herkimer"
"28081",1744.05126953125,"Lee"
"06027",1396.26025390625,"Inyo"
"17067",1597.37487792969,"Hancock"
"02063",NA,"Chugach"
"04009",1306.43017578125,"Graham"
"04012",1376.48852539062,"La Paz"
"48247",NA,"Jim Hogg"
"17097",2186.9716796875,"Lake"
"37199",1322.83630371094,"Yancey"
"38021",1536.35656738281,"Dickey"
"27167",1983.42541503906,"Wilkin"
"26089",2074.63256835938,"Leelanau"
"13063",1741.15734863281,"Clayton"
"30011",NA,"Carter"
"36103",2936.11181640625,"Suffolk"
"49003",1079.23400878906,"Box Elder"
"48293",1754.04821777344,"Limestone"
"48229",NA,"Hudspeth"
"27163",2221.79370117188,"Washington"
"42095",1181.09631347656,"Northampton"
"34007",1970.25024414062,"Camden"
"55047",1253.09887695312,"Green Lake"
"29069",1554.81225585938,"Dunklin"
"39105",1527.3115234375,"Meigs"
"04015",1021.30822753906,"Mohave"
"40067",1786.07775878906,"Jefferson"
"29153",1739.88952636719,"Ozark"
"05117",1747.72229003906,"Prairie"
"02020",2001.93920898438,"Anchorage"
"02070",NA,"Dillingham"
"10005",1572.84411621094,"Sussex"
"37035",1220.12561035156,"Catawba"
"48137",NA,"Edwards"
"23031",1261.03723144531,"York"
"48015",1922.12683105469,"Austin"
"46027",1741.13269042969,"Clay"
"54099",1290.09069824219,"Wayne"
"39167",1386.77722167969,"Washington"
"51171",1327.23852539062,"Shenandoah"
"30077",1360.66784667969,"Powell"
"48249",2209.32055664062,"Jim Wells"
"51149",1450.25183105469,"Prince George"
"05041",1655.40576171875,"Desha"
"54081",1240.62487792969,"Raleigh"
"04027",1088.33435058594,"Yuma"
"20183",NA,"Smith"
"22015",2018.31799316406,"Bossier"
"21135",1361.66345214844,"Lewis"
"21139",1473.1005859375,"Livingston"
"21145",2001.42639160156,"McCracken"
"21159",1826.72570800781,"Martin"
"02282",NA,"Yakutat"
"02240",NA,"Southeast Fairbanks"
"06109",2015.64660644531,"Tuolumne"
"33003",1630.14526367188,"Carroll"
"36065",1794.47436523438,"Oneida"
"21105",1715.00146484375,"Hickman"
"16037",1557.58276367188,"Custer"
"05069",1798.58276367188,"Jefferson"
"05083",1380.31530761719,"Logan"
"51620",1491.529296875,"Franklin"
"42009",942.380676269531,"Bedford"
"39087",1415.83215332031,"Lawrence"
"33015",1796.54479980469,"Rockingham"
"51191",1232.64404296875,"Washington"
"48105",2562.84252929688,"Crockett"
"37155",1965.17822265625,"Robeson"
"72087",NA,"Loíza"
