"GEOID","value","NAME"
"13027",1939.58984375,"Brooks"
"31095",1763.53894042969,"Jefferson"
"51683",1484.90197753906,"Manassas"
"56021",2095.69140625,"Laramie"
"13135",2015.39147949219,"Gwinnett"
"20001",NA,"Allen"
"27065",2328.3935546875,"Kanabec"
"28107",1938.56494140625,"Panola"
"31185",2305.8330078125,"York"
"42063",1069.68615722656,"Indiana"
"48327",NA,"Menard"
"29173",1766.89733886719,"Ralls"
"48151",NA,"Fisher"
"72081",NA,"Lares"
"51183",1473.44274902344,"Sussex"
"47183",1510.80334472656,"Weakley"
"26105",NA,"Mason"
"48159",1964.93225097656,"Franklin"
"08075",2748.923828125,"Logan"
"22119",1360.01293945312,"Webster"
"31045",2367.03369140625,"Dawes"
"51139",1456.68823242188,"Page"
"13161",1765.76892089844,"Jeff Davis"
"18117",1679.53356933594,"Orange"
"27015",1868.92736816406,"Brown"
"31079",1953.16381835938,"Hall"
"21223",1733.33801269531,"Trimble"
"55113",1653.01574707031,"Sawyer"
"41027",1308.0234375,"Hood River"
"21169",1581.43054199219,"Metcalfe"
"26007",1536.48559570312,"Alpena"
"19095",1742.91394042969,"Iowa"
"13061",NA,"Clay"
"18177",1184.80798339844,"Wayne"
"29227",NA,"Worth"
"31157",2398.44799804688,"Scotts Bluff"
"39107",1244.55065917969,"Mercer"
"01015",1739.69848632812,"Calhoun"
"37095",3633.90063476562,"Hyde"
"19019",1524.56323242188,"Buchanan"
"27121",1885.87707519531,"Pope"
"21181",1594.13879394531,"Nicholas"
"42053",1212.75695800781,"Forest"
"46077",1773.52673339844,"Kingsbury"
"48375",2036.72290039062,"Potter"
"48413",NA,"Schleicher"
"51580",1153.91259765625,"Covington"
"54063",NA,"Monroe"
"48499",1815.59997558594,"Wood"
"18041",1383.95812988281,"Fayette"
"28023",2141.01953125,"Clarke"
"04023",1265.82312011719,"Santa Cruz"
"17007",1603.24841308594,"Boone"
"28039",2273.19604492188,"George"
"37113",1289.06335449219,"Macon"
"40025",NA,"Cimarron"
"01043",1772.77868652344,"Cullman"
"39065",1441.67358398438,"Hardin"
"20105",NA,"Lincoln"
"22059",1164.72387695312,"LaSalle"
"36123",1213.45300292969,"Yates"
"21035",2236.41040039062,"Calloway"
"48045",NA,"Briscoe"
"48265",1828.27575683594,"Kerr"
"72067",NA,"Hormigueros"
"20009",2135.00268554688,"Barton"
"16075",1309.34704589844,"Payette"
"48269",NA,"King"
"39161",1367.18737792969,"Van Wert"
"46125",2015.177734375,"Turner"
"19129",2070.39428710938,"Mills"
"26001",1784.87817382812,"Alcona"
"48165",2184.28491210938,"Gaines"
"13201",2147.66870117188,"Miller"
"18013",1774.28576660156,"Brown"
"19023",1510.17797851562,"Butler"
"40043",NA,"Dewey"
"31151",2304.14526367188,"Saline"
"37069",1609.20336914062,"Franklin"
"21219",1926.53051757812,"Todd"
"48393",NA,"Roberts"
"54031",1387.20581054688,"Hardy"
"48399",2092.41186523438,"Runnels"
"48301",NA,"Loving"
"31089",1945.189453125,"Holt"
"17175",NA,"Stark"
"48193",2644.39794921875,"Hamilton"
"16009",1566.1982421875,"Benewah"
"19109",1516.15808105469,"Kossuth"
"28141",1665.62609863281,"Tishomingo"
"31131",2169.60961914062,"Otoe"
"46051",NA,"Grant"
"16067",1192.05786132812,"Minidoka"
"19157",1646.51501464844,"Poweshiek"
"22001",2127.6416015625,"Acadia"
"37079",1631.21765136719,"Greene"
"42011",1139.75817871094,"Berks"
"51600",1809.50390625,"Fairfax"
"48335",1605.77575683594,"Mitchell"
"72073",NA,"Jayuya"
"51790",1112.68017578125,"Staunton"
"20171",NA,"Scott"
"31001",2101.07275390625,"Adams"
"45053",2056.29174804688,"Jasper"
"38047",NA,"Logan"
"29081",1501.14697265625,"Harrison"
"20157",NA,"Republic"
"28087",1907.98461914062,"Lowndes"
"51590",1100.4111328125,"Danville"
"51650",1961.7158203125,"Hampton"
"05029",1893.86474609375,"Conway"
"17139",1751.50024414062,"Moultrie"
"19105",1605.10131835938,"Jones"
"27097",1828.46655273438,"Morrison"
"29151",1796.49768066406,"Osage"
"40061",2383.32885742188,"Haskell"
"46057",NA,"Hamlin"
"54007",NA,"Braxton"
"05111",1625.75219726562,"Poinsett"
"21137",1542.68811035156,"Lincoln"
"17027",1683.19177246094,"Clinton"
"37147",1888.40405273438,"Pitt"
"29207",1742.61193847656,"Stoddard"
"17045",1839.96948242188,"Edgar"
"21191",1628.19665527344,"Pendleton"
"36073",1210.18811035156,"Orleans"
"38011",1873.74682617188,"Bowman"
"01117",1829.0517578125,"Shelby"
"13217",1716.44555664062,"Newton"
"39157",1219.01586914062,"Tuscarawas"
"19135",1562.81506347656,"Monroe"
"18113",1327.94323730469,"Noble"
"29141",1830.34814453125,"Morgan"
"36067",1561.11486816406,"Onondaga"
"48493",1876.73645019531,"Wilson"
"46087",2134.43188476562,"McCook"
"48233",1762.92492675781,"Hutchinson"
"72019",NA,"Barranquitas"
"51840",1275.75805664062,"Winchester"
"40105",2237.5205078125,"Nowata"
"31129",NA,"Nuckolls"
"48325",2092.861328125,"Medina"
"17005",1914.74365234375,"Bond"
"45069",1422.37133789062,"Marlboro"
"39069",1734.58129882812,"Henry"
"21007",2180.09716796875,"Ballard"
"46111",NA,"Sanborn"
"48009",2187.47119140625,"Archer"
"21063",NA,"Elliott"
"38065",NA,"Oliver"
"37063",1481.11608886719,"Durham"
"19165",1686.26086425781,"Shelby"
"19175",1695.6513671875,"Union"
"47065",2004.41577148438,"Hamilton"
"55087",1191.3291015625,"Outagamie"
"17165",1997.97033691406,"Saline"
"47109",1654.26940917969,"McNairy"
"31103",NA,"Keya Paha"
"31113",NA,"Logan"
"40053",2060.73291015625,"Grant"
"46007",NA,"Bennett"
"48195",NA,"Hansford"
"19103",1674.38403320312,"Johnson"
"17081",2076.8125,"Jefferson"
"47015",1752.39697265625,"Cannon"
"18085",1380.79663085938,"Kosciusko"
"20059",2049.3212890625,"Franklin"
"27153",1698.51953125,"Todd"
"38077",1639.93273925781,"Richland"
"23015",1264.3427734375,"Lincoln"
"20057",2164.08911132812,"Ford"
"17145",1881.4365234375,"Perry"
"17093",1850.45593261719,"Kendall"
"29099",1776.26208496094,"Jefferson"
"29105",1819.56823730469,"Laclede"
"26039",1851.15942382812,"Crawford"
"29127",1605.71032714844,"Marion"
"42093",1124.74780273438,"Montour"
"26143",1739.34020996094,"Roscommon"
"12009",2620.6943359375,"Brevard"
"31119",2082.64428710938,"Madison"
"31135",NA,"Perkins"
"35021",NA,"Harding"
"51173",1151.95642089844,"Smyth"
"27085",1909.35852050781,"McLeod"
"48155",NA,"Foard"
"31167",2023.62841796875,"Stanton"
"31179",2017.21496582031,"Wayne"
"38045",1805.03588867188,"LaMoure"
"39089",1535.81579589844,"Licking"
"05053",1784.13525390625,"Grant"
"47111",1452.66687011719,"Macon"
"20107",NA,"Linn"
"20061",2128.296875,"Geary"
"19041",1692.43188476562,"Clay"
"20169",1771.67419433594,"Saline"
"20037",1906.30737304688,"Crawford"
"48095",NA,"Concho"
"48107",2227.2509765625,"Crosby"
"26043",1272.92492675781,"Dickinson"
"37163",1794.86535644531,"Sampson"
"48117",1961.3671875,"Deaf Smith"
"26067",1917.53735351562,"Ionia"
"21141",1759.92822265625,"Logan"
"48127",1744.85888671875,"Dimmit"
"27055",1674.6484375,"Houston"
"51025",1365.34692382812,"Brunswick"
"27039",1898.69116210938,"Dodge"
"27047",1752.88720703125,"Freeborn"
"26149",1967.42602539062,"St. Joseph"
"17051",1684.05126953125,"Fayette"
"17055",1885.05920410156,"Franklin"
"48131",1819.32067871094,"Duval"
"21025",NA,"Breathitt"
"27041",1794.12072753906,"Douglas"
"46067",NA,"Hutchinson"
"48023",2707.39599609375,"Baylor"
"46047",2302.38452148438,"Fall River"
"46097",NA,"Miner"
"25003",1415.69396972656,"Berkshire"
"27073",1942.68603515625,"Lac qui Parle"
"44003",1838.32263183594,"Kent"
"51011",1144.763671875,"Appomattox"
"31003",2196.37841796875,"Antelope"
"56005",1930.86755371094,"Campbell"
"45061",1450.14782714844,"Lee"
"48047",NA,"Brooks"
"51013",2145.73559570312,"Arlington"
"51065",1297.61364746094,"Fluvanna"
"53021",1227.75573730469,"Franklin"
"53059",1603.35290527344,"Skamania"
"51109",1498.02453613281,"Louisa"
"51115",2202.65161132812,"Mathews"
"48191",NA,"Hall"
"31023",2085.95434570312,"Butler"
"05065",1958.48718261719,"Izard"
"38043",NA,"Kidder"
"37077",1462.17944335938,"Granville"
"37109",1370.96887207031,"Lincoln"
"51660",1220.67004394531,"Harrisonburg"
"51690",1139.09912109375,"Martinsville"
"19001",1505.17663574219,"Adair"
"39073",1531.3642578125,"Hocking"
"13243",NA,"Randolph"
"48507",NA,"Zavala"
"48011",NA,"Armstrong"
"13265",NA,"Taliaferro"
"19035",1744.65356445312,"Cherokee"
"05025",1820.18444824219,"Cleveland"
"08091",1535.99963378906,"Ouray"
"05147",1925.708984375,"Woodruff"
"48429",2122.12426757812,"Stephens"
"27109",1812.28540039062,"Olmsted"
"13301",2297.42456054688,"Warren"
"48359",NA,"Oldham"
"29089",1958.1552734375,"Howard"
"13125",NA,"Glascock"
"13085",1930.12548828125,"Dawson"
"05123",1678.28295898438,"St. Francis"
"55125",1271.72253417969,"Vilas"
"39093",1206.04125976562,"Lorain"
"28135",NA,"Tallahatchie"
"29021",1602.74328613281,"Buchanan"
"48187",1650.32690429688,"Guadalupe"
"48235",NA,"Irion"
"12027",2264.48193359375,"DeSoto"
"18039",1316.19348144531,"Elkhart"
"48237",2152.16479492188,"Jack"
"40037",2403.08837890625,"Creek"
"29169",1821.76904296875,"Pulaski"
"19039",1714.36193847656,"Clarke"
"08079",NA,"Mineral"
"01061",2086.560546875,"Geneva"
"01017",1640.91442871094,"Chambers"
"12081",2370.021484375,"Manatee"
"08121",NA,"Washington"
"19079",1556.81103515625,"Hamilton"
"20139",2232.68041992188,"Osage"
"48311",NA,"McMullen"
"19093",NA,"Ida"
"08099",2112.69116210938,"Prowers"
"39135",1487.67492675781,"Preble"
"39137",1672.3408203125,"Putnam"
"17179",1402.46118164062,"Tazewell"
"19161",1658.88513183594,"Sac"
"48403",2551.7998046875,"Sabine"
"19181",1639.82531738281,"Warren"
"19107",1603.2919921875,"Keokuk"
"39155",1180.75549316406,"Trumbull"
"48463",1606.1357421875,"Uvalde"
"48469",2014.7900390625,"Victoria"
"08025",NA,"Crowley"
"08027",2158.79125976562,"Custer"
"08005",2663.244140625,"Arapahoe"
"08043",1706.81018066406,"Fremont"
"48261",NA,"Kenedy"
"48433",NA,"Stonewall"
"48227",1814.79162597656,"Howard"
"40001",1882.93383789062,"Adair"
"36039",1456.13525390625,"Greene"
"05047",1603.03198242188,"Franklin"
"36041",1496.48181152344,"Hamilton"
"36113",2651.61254882812,"Warren"
"36057",2109.755859375,"Montgomery"
"36093",1796.38098144531,"Schenectady"
"51137",1433.28479003906,"Orange"
"40091",2159.08666992188,"McIntosh"
"37075",1368.22534179688,"Graham"
"01131",1996.25439453125,"Wilcox"
"01107",1916.98205566406,"Pickens"
"54061",1400.17358398438,"Monongalia"
"29063",1769.677734375,"DeKalb"
"54085",1723.67053222656,"Ritchie"
"31061",NA,"Franklin"
"12007",1935.2177734375,"Bradford"
"48021",1770.97509765625,"Bastrop"
"53051",1788.54772949219,"Pend Oreille"
"13019",1884.26147460938,"Berrien"
"28067",1950.63330078125,"Jones"
"51023",1164.30395507812,"Botetourt"
"51067",1291.32629394531,"Franklin"
"32029",1612.81982421875,"Storey"
"72139",NA,"Trujillo Alto"
"72133",NA,"Santa Isabel"
"29139",1904.98999023438,"Montgomery"
"13229",1693.02001953125,"Pierce"
"37127",1814.5400390625,"Nash"
"47051",1756.01403808594,"Franklin"
"18035",1332.82836914062,"Delaware"
"20159",NA,"Rice"
"38049",1804.47326660156,"McHenry"
"20103",2203.466796875,"Leavenworth"
"13079",1811.27551269531,"Crawford"
"72123",NA,"Salinas"
"20141",NA,"Osborne"
"20163",NA,"Rooks"
"26087",1965.05126953125,"Lapeer"
"72009",NA,"Aibonito"
"38041",NA,"Hettinger"
"18179",1288.63061523438,"Wells"
"19087",1425.4150390625,"Henry"
"22091",1920.96435546875,"St. Helena"
"18097",1567.88317871094,"Marion"
"18159",1645.28454589844,"Tipton"
"17141",1637.10400390625,"Ogle"
"20161",2106.60522460938,"Riley"
"20089",NA,"Jewell"
"20143",1974.13415527344,"Ottawa"
"20179",NA,"Sheridan"
"13193",1843.73718261719,"Macon"
"29015",1834.24182128906,"Benton"
"13249",1729.72253417969,"Schley"
"22049",1232.24145507812,"Jackson"
"51720",1239.13684082031,"Norton"
"29067",1816.52587890625,"Douglas"
"51710",1890.40563964844,"Norfolk"
"08001",2321.38354492188,"Adams"
"51740",1659.39501953125,"Portsmouth"
"12023",1827.54443359375,"Columbia"
"54019",1272.88037109375,"Fayette"
"72031",NA,"Carolina"
"72065",NA,"Hatillo"
"28099",1995.58825683594,"Neshoba"
"12053",1790.41369628906,"Hernando"
"53069",1714.1962890625,"Wahkiakum"
"40119",2433.5888671875,"Payne"
"27139",2308.22045898438,"Scott"
"20145",NA,"Pawnee"
"19155",1757.21801757812,"Pottawattamie"
"27089",1739.1357421875,"Marshall"
"47131",1648.57299804688,"Obion"
"13227",1890.89794921875,"Pickens"
"18095",1380.57531738281,"Madison"
"19141",1643.37731933594,"O'Brien"
"31143",2041.32629394531,"Polk"
"48035",2119.41430664062,"Bosque"
"51167",1185.3740234375,"Russell"
"72055",NA,"Guánica"
"35028",1771.54650878906,"Los Alamos"
"20047",NA,"Edwards"
"06075",2759.53369140625,"San Francisco"
"20075",NA,"Hamilton"
"28003",2332.251953125,"Alcorn"
"47115",1607.11804199219,"Marion"
"05095",1979.79223632812,"Monroe"
"17039",1495.20629882812,"De Witt"
"21085",1722.03234863281,"Grayson"
"29205",NA,"Shelby"
"48347",1362.03088378906,"Nacogdoches"
"29181",1763.88806152344,"Ripley"
"18147",1630.28588867188,"Spencer"
"20173",2173.86474609375,"Sedgwick"
"28005",2559.228515625,"Amite"
"28033",1819.20495605469,"DeSoto"
"28085",2292.54956054688,"Lincoln"
"72083",NA,"Las Marías"
"72141",NA,"Utuado"
"01007",1700.44543457031,"Bibb"
"34019",2061.59423828125,"Hunterdon"
"54095",1305.12548828125,"Tyler"
"18031",1428.12194824219,"Decatur"
"27013",1808.59265136719,"Blue Earth"
"38061",1928.88269042969,"Mountrail"
"49007",1241.35388183594,"Carbon"
"31009",NA,"Blaine"
"18087",1331.54968261719,"LaGrange"
"19015",1696.46875,"Boone"
"19099",1526.13745117188,"Jasper"
"11001",2006.65551757812,"District of Columbia"
"17195",1491.45043945312,"Whiteside"
"45003",1604.46740722656,"Aiken"
"51043",1821.89965820312,"Clarke"
"18157",1339.6416015625,"Tippecanoe"
"19081",1551.75329589844,"Hancock"
"31101",2338.9345703125,"Keith"
"48171",2509.38916015625,"Gillespie"
"55015",1170.59448242188,"Calumet"
"29051",1790.11840820312,"Cole"
"28155",1873.53540039062,"Webster"
"36037",1466.5947265625,"Genesee"
"49039",1099.44299316406,"Sanpete"
"05127",1539.69750976562,"Scott"
"51135",1367.95239257812,"Nottoway"
"13123",1742.49731445312,"Gilmer"
"19069",1698.6435546875,"Franklin"
"19123",1451.53979492188,"Mahaska"
"47079",1772.4052734375,"Henry"
"17115",1430.03283691406,"Macon"
"17151",NA,"Pope"
"17155",1604.58959960938,"Putnam"
"46043",NA,"Douglas"
"40145",2385.751953125,"Wagoner"
"48069",1783.13305664062,"Castro"
"29073",1684.35278320312,"Gasconade"
"42065",854.240051269531,"Jefferson"
"27105",1737.90441894531,"Nobles"
"38031",NA,"Foster"
"51169",1270.42687988281,"Scott"
"38039",NA,"Griggs"
"38073",2131.80615234375,"Ransom"
"17197",1769.51525878906,"Will"
"21107",1928.06262207031,"Hopkins"
"17041",1834.89916992188,"Douglas"
"21157",2028.94921875,"Marshall"
"28017",2459.84814453125,"Chickasaw"
"18151",1454.25158691406,"Steuben"
"36033",1288.51965332031,"Franklin"
"13129",1573.36657714844,"Gordon"
"39047",1293.95446777344,"Fayette"
"18053",1304.60070800781,"Grant"
"29059",1822.85583496094,"Dallas"
"29057",1708.48303222656,"Dade"
"48441",1821.31921386719,"Taylor"
"48303",1988.46459960938,"Lubbock"
"72003",NA,"Aguada"
"29155",1993.65783691406,"Pemiscot"
"48449",1695.38623046875,"Titus"
"39077",1288.23229980469,"Huron"
"13215",1734.88952636719,"Muscogee"
"26023",NA,"Branch"
"42001",990.721374511719,"Adams"
"08003",1504.13647460938,"Alamosa"
"19183",1505.7724609375,"Washington"
"39097",1651.44787597656,"Madison"
"28123",2263.08837890625,"Scott"
"45079",1598.21411132812,"Richland"
"55017",1412.34130859375,"Chippewa"
"72119",NA,"Río Grande"
"31059",2575.56616210938,"Fillmore"
"48103",1675.7001953125,"Crane"
"20119",2179.16430664062,"Meade"
"19139",1463.33776855469,"Muscatine"
"39123",1537.41235351562,"Ottawa"
"08019",2617.64233398438,"Clear Creek"
"08035",3040.32373046875,"Douglas"
"20081",NA,"Haskell"
"27083",1857.40869140625,"Lyon"
"31017",NA,"Brown"
"12113",2556.93334960938,"Santa Rosa"
"13025",1642.39526367188,"Brantley"
"17199",2064.19067382812,"Williamson"
"48243",NA,"Jeff Davis"
"39139",1303.46252441406,"Richland"
"20033",NA,"Comanche"
"26009",1922.73095703125,"Antrim"
"31105",2296.47485351562,"Kimball"
"45001",1409.88110351562,"Abbeville"
"08011",NA,"Bent"
"18011",1820.42260742188,"Boone"
"21099",1715.29663085938,"Hart"
"54087",1517.24914550781,"Roane"
"26127",1877.73754882812,"Oceana"
"27019",2393.30712890625,"Carver"
"46079",2148.26293945312,"Lake"
"48255",1822.38610839844,"Karnes"
"47125",1594.310546875,"Montgomery"
"55099",1502.99096679688,"Price"
"55133",1372.88500976562,"Waukesha"
"54029",1139.86450195312,"Hancock"
"48435",NA,"Sutton"
"55045",1512.13244628906,"Green"
"72109",NA,"Patillas"
"19127",1435.38208007812,"Marshall"
"40149",2702.02490234375,"Washita"
"41041",1332.48608398438,"Lincoln"
"26135",1799.53955078125,"Oscoda"
"17079",NA,"Jasper"
"26155",2035.87683105469,"Shiawassee"
"51770",1068.53039550781,"Roanoke"
"39029",1244.52368164062,"Columbiana"
"20123",1810.3369140625,"Mitchell"
"55031",1367.24658203125,"Douglas"
"29093",1819.69177246094,"Iron"
"40015",2311.95678710938,"Caddo"
"28045",3165.44165039062,"Hancock"
"12131",2956.740234375,"Walton"
"27111",1810.47961425781,"Otter Tail"
"18099",1453.5400390625,"Marshall"
"22007",2090.78491210938,"Assumption"
"18143",1585.93701171875,"Scott"
"13097",1793.03393554688,"Douglas"
"20151",NA,"Pratt"
"35007",2056.296875,"Colfax"
"48281",1727.41064453125,"Lampasas"
"29161",1866.49914550781,"Phelps"
"38091",NA,"Steele"
"29217",1750.73388671875,"Vernon"
"40035",2048.48461914062,"Craig"
"13273",2402.78857421875,"Terrell"
"19017",1533.5927734375,"Bremer"
"19075",1616.36962890625,"Grundy"
"29159",1605.59826660156,"Pettis"
"13149",1641.78125,"Heard"
"38099",2107.40356445312,"Walsh"
"28019",2061.6416015625,"Choctaw"
"20003",2062.36083984375,"Anderson"
"37169",1208.25341796875,"Stokes"
"06091",2141.28295898438,"Sierra"
"20041",2168.47583007812,"Dickinson"
"08095",2876.83154296875,"Phillips"
"16081",1615.06628417969,"Teton"
"13059",1693.42492675781,"Clarke"
"48447",NA,"Throckmorton"
"12049",2384.16284179688,"Hardee"
"13183",1897.35339355469,"Long"
"48431",NA,"Sterling"
"48417",NA,"Shackelford"
"48207",2040.38513183594,"Haskell"
"48051",1882.00390625,"Burleson"
"36017",1458.58605957031,"Chenango"
"54009",1297.91650390625,"Brooke"
"05003",1763.61511230469,"Ashley"
"29197",NA,"Schuyler"
"19163",1438.69128417969,"Scott"
"19189",1625.45715332031,"Winnebago"
"31085",NA,"Hayes"
"05021",1420.50659179688,"Clay"
"48025",1990.70617675781,"Bee"
"42123",936.225402832031,"Warren"
"21021",2582.74755859375,"Boyle"
"19185",2055.33666992188,"Wayne"
"47055",1610.66223144531,"Giles"
"48161",1985.15783691406,"Freestone"
"17163",2088.43383789062,"St. Clair"
"18065",1479.41052246094,"Henry"
"21079",1689.15551757812,"Garrard"
"26129",2113.60107421875,"Ogemaw"
"55069",1265.62219238281,"Lincoln"
"48391",2897.12548828125,"Refugio"
"17117",1844.41357421875,"Macoupin"
"31181",1967.55322265625,"Webster"
"20135",NA,"Ness"
"42083",1105.32043457031,"McKean"
"31139",1978.98278808594,"Pierce"
"47133",1482.10437011719,"Overton"
"19027",1594.97668457031,"Carroll"
"26107",NA,"Mecosta"
"17053",1586.16735839844,"Ford"
"17063",1784.56372070312,"Grundy"
"48053",1965.46984863281,"Burnet"
"17083",1769.35913085938,"Jersey"
"18131",1739.84643554688,"Pulaski"
"31117",NA,"McPherson"
"37083",1412.14367675781,"Halifax"
"21033",1621.63989257812,"Caldwell"
"19119",1414.89172363281,"Lyon"
"31055",2490.05126953125,"Douglas"
"27131",2101.24853515625,"Rice"
"05113",1840.76062011719,"Polk"
"38035",1593.00048828125,"Grand Forks"
"51700",1516.60913085938,"Newport News"
"08125",2406.97509765625,"Yuma"
"39023",1280.78747558594,"Clark"
"37105",1554.25341796875,"Lee"
"38001",NA,"Adams"
"29221",1904.28063964844,"Washington"
"33001",1529.6083984375,"Belknap"
"09140",NA,"Naugatuck Valley"
"24043",1548.35473632812,"Washington"
"20203",NA,"Wichita"
"48129",NA,"Donley"
"42023",NA,"Cameron"
"51089",1119.81164550781,"Henry"
"05099",1929.97802734375,"Nevada"
"40055",2260.96215820312,"Greer"
"55057",1437.62145996094,"Juneau"
"46017",NA,"Buffalo"
"06047",1281.15356445312,"Merced"
"16057",1290.25244140625,"Latah"
"39169",1286.75231933594,"Wayne"
"48471",1747.92260742188,"Walker"
"54013",NA,"Calhoun"
"32001",1194.58276367188,"Churchill"
"19197",1639.21984863281,"Wright"
"31039",2072.40112304688,"Cuming"
"47123",1592.97131347656,"Monroe"
"13253",2295.92016601562,"Seminole"
"13235",1942.615234375,"Pulaski"
"13173",1686.61328125,"Lanier"
"13255",1589.85021972656,"Spalding"
"17095",1327.09350585938,"Knox"
"29201",1811.89465332031,"Scott"
"48239",2335.396484375,"Jackson"
"12041",1792.3486328125,"Gilchrist"
"37161",1222.9951171875,"Rutherford"
"13043",1991.8291015625,"Candler"
"19121",1854.79943847656,"Madison"
"48383",NA,"Reagan"
"40049",2259.00366210938,"Garvin"
"54051",1163.68395996094,"Marshall"
"55009",1100.12390136719,"Brown"
"21197",1656.79626464844,"Powell"
"18033",1313.41955566406,"DeKalb"
"27005",1887.75158691406,"Becker"
"36117",1202.37255859375,"Wayne"
"26069",1547.3447265625,"Iosco"
"28073",2258.09790039062,"Lamar"
"48179",2136.837890625,"Gray"
"18081",1554.50170898438,"Johnson"
"18111",1615.91174316406,"Newton"
"27147",1878.79675292969,"Steele"
"28131",2278.11254882812,"Stone"
"46025",NA,"Clark"
"51595",1341.71374511719,"Emporia"
"21047",1858.77465820312,"Christian"
"31091",NA,"Hooker"
"17201",1394.564453125,"Winnebago"
"21133",NA,"Letcher"
"47057",1437.41833496094,"Grainger"
"27099",1606.46862792969,"Mower"
"13245",1532.62902832031,"Richmond"
"12069",1913.17395019531,"Lake"
"48279",2189.16235351562,"Lamb"
"39099",1190.6357421875,"Mahoning"
"39011",1381.56372070312,"Auglaize"
"48253",2174.07055664062,"Jones"
"40125",2382.50048828125,"Pottawatomie"
"56041",1223.5,"Uinta"
"13105",1511.79406738281,"Elbert"
"72097",NA,"Mayagüez"
"20065",NA,"Graham"
"72025",NA,"Caguas"
"72049",NA,"Culebra"
"29229",1822.86743164062,"Wright"
"31093",2189.34008789062,"Howard"
"47099",1510.45654296875,"Lawrence"
"51775",1143.50744628906,"Salem"
"51101",1467.10729980469,"King William"
"01013",1840.34387207031,"Butler"
"72051",NA,"Dorado"
"16063",1303.91027832031,"Lincoln"
"17189",1909.31469726562,"Washington"
"27107",1798.16870117188,"Norman"
"72147",NA,"Vieques"
"27141",2213.80688476562,"Sherburne"
"18167",1501.36828613281,"Vigo"
"08105",1494.54211425781,"Rio Grande"
"48213",2027.55236816406,"Henderson"
"31083",2332.42163085938,"Harlan"
"40021",2229.56689453125,"Cherokee"
"17011",1500.02526855469,"Bureau"
"37159",1281.9970703125,"Rowan"
"72057",NA,"Guayama"
"18029",1636.84069824219,"Dearborn"
"55103",1519.23608398438,"Richland"
"53061",1438.40344238281,"Snohomish"
"54017",NA,"Doddridge"
"48003",1952.79272460938,"Andrews"
"13081",2204.92504882812,"Crisp"
"13167",1598.12109375,"Johnson"
"17125",1550.52160644531,"Mason"
"26161",2491.75805664062,"Washtenaw"
"27115",1868.37780761719,"Pine"
"20083",NA,"Hodgeman"
"29075",1944.4130859375,"Gentry"
"05031",1731.10205078125,"Craighead"
"16083",1148.99340820312,"Twin Falls"
"19143",NA,"Osceola"
"16071",1475.39086914062,"Oneida"
"21055",1735.61437988281,"Crittenden"
"28009",2225.91381835938,"Benton"
"28153",2098.90063476562,"Wayne"
"31015",NA,"Boyd"
"06015",1610.92407226562,"Del Norte"
"18091",1481.40844726562,"LaPorte"
"20181",1964.22534179688,"Sherman"
"22011",1367.29174804688,"Beauregard"
"34023",1619.734375,"Middlesex"
"46031",NA,"Corson"
"46127",2300.31518554688,"Union"
"45055",1547.11071777344,"Kershaw"
"36109",2165.05688476562,"Tompkins"
"29045",NA,"Clark"
"13089",2431.86352539062,"DeKalb"
"54079",1389.81591796875,"Putnam"
"01059",1815.6904296875,"Franklin"
"48467",2142.69750976562,"Van Zandt"
"37093",1565.13500976562,"Hoke"
"26015",2257.78979492188,"Barry"
"31007",NA,"Banner"
"55089",1418.78149414062,"Ozaukee"
"37033",1220.79443359375,"Caswell"
"29113",1743.54833984375,"Lincoln"
"45021",1249.89099121094,"Cherokee"
"12003",1743.04211425781,"Baker"
"18069",1385.40393066406,"Huntington"
"28057",1755.8193359375,"Itawamba"
"25015",1597.66455078125,"Hampshire"
"05149",1810.71020507812,"Yell"
"19149",1601.64501953125,"Plymouth"
"08061",NA,"Kiowa"
"01119",1855.95263671875,"Sumter"
"18175",1655.38244628906,"Washington"
"01001",1699.36926269531,"Autauga"
"02180",1754.19177246094,"Nome"
"13091",1972.80676269531,"Dodge"
"19091",1593.09777832031,"Humboldt"
"19013",1381.96105957031,"Black Hawk"
"20207",NA,"Woodson"
"27021",1760.65417480469,"Cass"
"21207",1637.86254882812,"Russell"
"28029",2253.1826171875,"Copiah"
"29225",1883.88610839844,"Webster"
"30093",1318.19909667969,"Silver Bow"
"39131",1497.46606445312,"Pike"
"47177",1639.68859863281,"Warren"
"48059",2273.572265625,"Callahan"
"55001",1372.59655761719,"Adams"
"54055",1232.16467285156,"Mercer"
"47147",1644.93884277344,"Robertson"
"39081",1178.66052246094,"Jefferson"
"01025",2111.42651367188,"Clarke"
"12019",1926.79174804688,"Clay"
"18055",1804.33337402344,"Greene"
"20055",2263.24462890625,"Finney"
"29085",1933.23425292969,"Hickory"
"28065",2113.78100585938,"Jefferson Davis"
"22127",NA,"Winn"
"35047",1891.6083984375,"San Miguel"
"01087",1983.94775390625,"Macon"
"13029",2227.57495117188,"Bryan"
"17089",1716.45007324219,"Kane"
"18149",1512.8837890625,"Starke"
"20087",2167.13525390625,"Jefferson"
"22039",1642.39709472656,"Evangeline"
"40093",2705.65478515625,"Major"
"31171",NA,"Thomas"
"41003",1179.35290527344,"Benton"
"47007",1716.158203125,"Bledsoe"
"21013",1356.40710449219,"Bell"
"47143",1452.22802734375,"Rhea"
"10001",1457.00830078125,"Kent"
"72131",NA,"San Sebastián"
"54049",1201.00659179688,"Marion"
"51810",1956.83374023438,"Virginia Beach"
"13039",1972.39294433594,"Camden"
"24035",1753.00634765625,"Queen Anne's"
"19031",1570.6318359375,"Cedar"
"19113",1445.81176757812,"Linn"
"39003",1324.74768066406,"Allen"
"06059",1849.42736816406,"Orange"
"12057",2573.578125,"Hillsborough"
"16019",1225.55920410156,"Bonneville"
"48385",2129.70385742188,"Real"
"46137",NA,"Ziebach"
"47159",1724.20727539062,"Smith"
"04017",1295.9111328125,"Navajo"
"55019",1446.84387207031,"Clark"
"13147",1709.22241210938,"Hart"
"31111",2192.1962890625,"Lincoln"
"21037",2810.80346679688,"Campbell"
"26027",2019.70544433594,"Cass"
"36111",1622.4609375,"Ulster"
"18125",1690.52661132812,"Pike"
"18173",1723.61389160156,"Warrick"
"46073",NA,"Jerauld"
"12015",2627.67553710938,"Charlotte"
"13111",1906.92639160156,"Fannin"
"19159",NA,"Ringgold"
"22125",2138.01293945312,"West Feliciana"
"28147",2483.59985351562,"Walthall"
"30061",1579.17395019531,"Mineral"
"34021",1736.48950195312,"Mercer"
"45011",1554.00854492188,"Barnwell"
"47095",NA,"Lake"
"49009",NA,"Daggett"
"39043",1249.27954101562,"Erie"
"02013",NA,"Aleutians East"
"12013",2448.6298828125,"Calhoun"
"16011",1378.3466796875,"Bingham"
"18071",1353.65686035156,"Jackson"
"20015",2379.32421875,"Butler"
"40137",2285.33959960938,"Stephens"
"27145",1762.765625,"Stearns"
"29117",1593.26794433594,"Livingston"
"40031",2325.85791015625,"Comanche"
"38093",1697.30419921875,"Stutsman"
"45067",1712.6689453125,"Marion"
"48115",2244.28588867188,"Dawson"
"08009",NA,"Baca"
"55085",1398.99475097656,"Oneida"
"40071",2140.21752929688,"Kay"
"51037",1236.30114746094,"Charlotte"
"42109",994.508117675781,"Snyder"
"16055",1168.94799804688,"Kootenai"
"17023",1695.04614257812,"Clark"
"27151",1829.95178222656,"Swift"
"38071",1476.08422851562,"Ramsey"
"28061",2294.78466796875,"Jasper"
"17085",1649.65808105469,"Jo Daviess"
"18077",1520.06604003906,"Jefferson"
"29163",1736.59545898438,"Pike"
"36055",1436.19689941406,"Monroe"
"36063",1756.00061035156,"Niagara"
"47167",1843.23486328125,"Tipton"
"51121",1452.52453613281,"Montgomery"
"55091",1232.92272949219,"Pepin"
"05079",1562.65002441406,"Lincoln"
"16061",1632.66821289062,"Lewis"
"39055",1622.73840332031,"Geauga"
"21067",1917.47619628906,"Fayette"
"27061",1689.53454589844,"Itasca"
"28145",1815.69604492188,"Union"
"30095",2316.02294921875,"Stillwater"
"42047",958.321166992188,"Elk"
"21041",1860.28332519531,"Carroll"
"47023",1500.34118652344,"Chester"
"51685",1302.01501464844,"Manassas Park"
"48481",2335.58935546875,"Wharton"
"72007",NA,"Aguas Buenas"
"72079",NA,"Lajas"
"54091",1358.63818359375,"Taylor"
"55065",1371.97290039062,"Lafayette"
"29083",1765.66784667969,"Henry"
"30099",1522.82275390625,"Teton"
"31025",2520.75341796875,"Cass"
"48405",NA,"San Augustine"
"26145",1930.08361816406,"Saginaw"
"28077",2324.29833984375,"Lawrence"
"20035",2017.04113769531,"Cowley"
"12017",1848.80773925781,"Citrus"
"13281",1664.52014160156,"Towns"
"25023",2279.26000976562,"Plymouth"
"26153",1237.53881835938,"Schoolcraft"
"28095",1890.23364257812,"Monroe"
"34015",1580.25354003906,"Gloucester"
"39039",1437.47229003906,"Defiance"
"42085",1029.70166015625,"Mercer"
"51051",1223.96350097656,"Dickenson"
"01053",2030.13122558594,"Escambia"
"01039",2055.99682617188,"Covington"
"13101",1845.13916015625,"Echols"
"17003",NA,"Alexander"
"27169",1574.27978515625,"Winona"
"34031",1752.58239746094,"Passaic"
"38087",NA,"Slope"
"42105",1209.05529785156,"Potter"
"45005",NA,"Allendale"
"16043",1448.91662597656,"Fremont"
"17069",NA,"Hardin"
"18123",1537.32897949219,"Perry"
"27031",1615.83923339844,"Cook"
"49033",NA,"Rich"
"51185",1230.77856445312,"Tazewell"
"53063",1304.57934570312,"Spokane"
"37181",1352.07983398438,"Vance"
"05071",1737.47106933594,"Johnson"
"08051",1776.10534667969,"Gunnison"
"12107",1896.744140625,"Putnam"
"18079",1446.34936523438,"Jennings"
"40109",2699.51538085938,"Oklahoma"
"28115",1700.12878417969,"Pontotoc"
"21175",2171.48754882812,"Morgan"
"31019",2352.76708984375,"Buffalo"
"27079",2068.7509765625,"Le Sueur"
"37125",1589.10607910156,"Moore"
"45047",1296.99609375,"Greenwood"
"49035",1194.12243652344,"Salt Lake"
"48297",2462.80810546875,"Live Oak"
"56015",1906.63317871094,"Goshen"
"47161",1785.46936035156,"Stewart"
"01021",1709.48425292969,"Chilton"
"04021",1182.90124511719,"Pinal"
"13177",1600.71948242188,"Lee"
"13109",1662.03271484375,"Evans"
"19117",1777.73181152344,"Lucas"
"21211",1915.30541992188,"Shelby"
"27087",2112.01000976562,"Mahnomen"
"29167",1871.99816894531,"Polk"
"30037",NA,"Golden Valley"
"38069",1824.81506347656,"Pierce"
"48067",1724.49230957031,"Cass"
"21111",1752.08410644531,"Jefferson"
"48339",2109.94775390625,"Montgomery"
"48075",2117.71069335938,"Childress"
"56003",1392.56848144531,"Big Horn"
"48489",2356.95532226562,"Willacy"
"21167",1914.26184082031,"Mercer"
"21117",1989.78637695312,"Kenton"
"13117",2137.50244140625,"Forsyth"
"26131",NA,"Ontonagon"
"27003",2024.26916503906,"Anoka"
"28103",NA,"Noxubee"
"01029",1731.77319335938,"Cleburne"
"42015",1058.5419921875,"Bradford"
"29061",1930.89367675781,"Daviess"
"21235",2005.88220214844,"Whitley"
"42115",1135.58874511719,"Susquehanna"
"48163",2129.2294921875,"Frio"
"45023",1375.18566894531,"Chester"
"48217",2093.05541992188,"Hill"
"47031",1703.96447753906,"Coffee"
"46083",2073.62426757812,"Lincoln"
"25025",2600.59936523438,"Suffolk"
"48005",1687.31958007812,"Angelina"
"48007",2894.05444335938,"Aransas"
"42017",1728.67333984375,"Bucks"
"19007",1391.57653808594,"Appanoose"
"21205",1579.7177734375,"Rowan"
"17019",1537.86364746094,"Champaign"
"35003",NA,"Catron"
"17167",1572.95361328125,"Sangamon"
"35039",1791.72961425781,"Rio Arriba"
"35031",1364.61145019531,"McKinley"
"38055",1704.40063476562,"McLean"
"37195",1377.07958984375,"Wilson"
"19191",1666.14440917969,"Winneshiek"
"51107",2113.7099609375,"Loudoun"
"47075",1662.23815917969,"Haywood"
"53019",1612.20629882812,"Ferry"
"37007",1498.02978515625,"Anson"
"21209",1581.330078125,"Scott"
"13299",1650.05822753906,"Ware"
"48341",2227.1025390625,"Moore"
"17001",1434.36364746094,"Adams"
"26053",NA,"Gogebic"
"39027",1408.40759277344,"Clinton"
"29179",2018.865234375,"Reynolds"
"01083",1914.60852050781,"Limestone"
"19133",1596.28356933594,"Monona"
"20187",NA,"Stanton"
"18155",1526.36743164062,"Switzerland"
"22045",2353.9208984375,"Iberia"
"25021",2176.14038085938,"Norfolk"
"22115",1244.24035644531,"Vernon"
"36119",3694.73217773438,"Westchester"
"40009",2588.546875,"Beckham"
"47155",1421.43273925781,"Sevier"
"37133",2081.52612304688,"Onslow"
"06099",1287.20397949219,"Stanislaus"
"08055",2211.57592773438,"Huerfano"
"13069",1775.86535644531,"Coffee"
"18101",1607.69458007812,"Martin"
"18073",1492.9677734375,"Jasper"
"19137",1945.60461425781,"Montgomery"
"26065",2210.86962890625,"Ingham"
"35033",NA,"Mora"
"22121",1558.99035644531,"West Baton Rouge"
"36053",1300.62915039062,"Madison"
"27171",2124.51953125,"Wright"
"40083",3241.12329101562,"Logan"
"21027",1749.4462890625,"Breckinridge"
"42033",976.376342773438,"Clearfield"
"54077",1510.5537109375,"Preston"
"72021",NA,"Bayamón"
"51163",1230.15759277344,"Rockbridge"
"30071",1876.24145507812,"Phillips"
"31127",2264.67407226562,"Nemaha"
"05039",1706.78125,"Dallas"
"13121",2788.01025390625,"Fulton"
"13289",1951.02624511719,"Twiggs"
"17057",1452.63586425781,"Fulton"
"20097",NA,"Kiowa"
"05081",1799.88146972656,"Little River"
"48501",2150.39892578125,"Yoakum"
"39035",1294.58654785156,"Cuyahoga"
"23011",1047.42102050781,"Kennebec"
"08107",2078.40551757812,"Routt"
"02110",1298.27136230469,"Juneau"
"13007",NA,"Baker"
"08023",NA,"Costilla"
"37141",2887.97290039062,"Pender"
"21201",NA,"Robertson"
"21113",2451.15698242188,"Jessamine"
"72111",NA,"Peñuelas"
"51009",1074.56665039062,"Amherst"
"22053",1989.86022949219,"Jefferson Davis"
"47179",1269.48168945312,"Washington"
"25011",1551.3125,"Franklin"
"42041",1102.70910644531,"Cumberland"
"29031",1862.00463867188,"Cape Girardeau"
"41013",1203.02111816406,"Crook"
"50003",1763.30224609375,"Bennington"
"55071",1061.87060546875,"Manitowoc"
"55055",1339.74389648438,"Jefferson"
"27137",1581.58666992188,"St. Louis"
"42007",1008.39727783203,"Beaver"
"36013",1161.86083984375,"Chautauqua"
"37107",1764.11328125,"Lenoir"
"48029",1654.92749023438,"Bexar"
"48271",NA,"Kinney"
"08053",NA,"Hinsdale"
"02122",1595.12194824219,"Kenai Peninsula"
"17087",2016.98596191406,"Johnson"
"47005",1715.58215332031,"Benton"
"42073",1047.8447265625,"Lawrence"
"22079",1345.31274414062,"Rapides"
"21057",NA,"Cumberland"
"55097",1340.66137695312,"Portage"
"37045",1241.0693359375,"Cleveland"
"47011",1414.43420410156,"Bradley"
"55049",1728.68334960938,"Iowa"
"18007",1648.41198730469,"Benton"
"27035",1949.13586425781,"Crow Wing"
"18001",1151.03100585938,"Adams"
"08015",1430.24340820312,"Chaffee"
"31063",2772.34106445312,"Frontier"
"31173",1942.11181640625,"Thurston"
"50017",2062.28784179688,"Orange"
"35001",1346.32287597656,"Bernalillo"
"19131",1579.76477050781,"Mitchell"
"13211",1960.345703125,"Morgan"
"27037",2207.85302734375,"Dakota"
"22093",1990.12622070312,"St. James"
"05139",1845.81567382812,"Union"
"19051",2099.01196289062,"Davis"
"39117",1771.82336425781,"Morrow"
"06101",1445.68737792969,"Sutter"
"06035",1796.783203125,"Lassen"
"48381",2092.87109375,"Randall"
"48427",1650.02612304688,"Starr"
"08067",1716.76550292969,"La Plata"
"46109",NA,"Roberts"
"12073",1804.99523925781,"Leon"
"37149",1493.16015625,"Polk"
"37031",3505.72412109375,"Carteret"
"20121",2151.53393554688,"Miami"
"12059",2153.37109375,"Holmes"
"21163",1843.27648925781,"Meade"
"46101",2385.19653320312,"Moody"
"06087",2306.55395507812,"Santa Cruz"
"47003",1571.19384765625,"Bedford"
"46019",2109.18090820312,"Butte"
"13067",2203.03662109375,"Cobb"
"12051",2652.34814453125,"Hendry"
"72005",NA,"Aguadilla"
"41009",1194.4111328125,"Columbia"
"13015",1711.22607421875,"Bartow"
"40135",2181.11669921875,"Sequoyah"
"37145",1312.67004394531,"Person"
"20051",2120.21166992188,"Ellis"
"72153",NA,"Yauco"
"51550",1762.18933105469,"Chesapeake"
"38037",NA,"Grant"
"19057",1476.31982421875,"Des Moines"
"19173",1853.51403808594,"Taylor"
"20063",NA,"Gove"
"39175",1465.05456542969,"Wyandot"
"13191",2340.17358398438,"McIntosh"
"48483",2250.33227539062,"Wheeler"
"37091",1433.14855957031,"Hertford"
"30089",1410.91064453125,"Sanders"
"13241",1751.01770019531,"Rabun"
"37043",1566.72473144531,"Clay"
"38103",NA,"Wells"
"21131",NA,"Leslie"
"21017",1800.93872070312,"Bourbon"
"31141",1954.25537109375,"Platte"
"51053",1528.96313476562,"Dinwiddie"
"72039",NA,"Ciales"
"29013",1836.73962402344,"Bates"
"36107",1409.90087890625,"Tioga"
"18115",1458.76904296875,"Ohio"
"30111",2128.14282226562,"Yellowstone"
"12129",2050.34545898438,"Wakulla"
"48181",2208.04931640625,"Grayson"
"12115",2456.30151367188,"Sarasota"
"13003",1857.298828125,"Atkinson"
"24021",1569.34020996094,"Frederick"
"48135",1774.12536621094,"Ector"
"46115",1901.26110839844,"Spink"
"27077",1771.123046875,"Lake of the Woods"
"31051",2298.162109375,"Dixon"
"13261",1730.0078125,"Sumter"
"48031",1660.169921875,"Blanco"
"51830",1718.55749511719,"Williamsburg"
"06055",1878.99011230469,"Napa"
"22071",3992.48901367188,"Orleans"
"40143",2215.607421875,"Tulsa"
"36115",1288.33679199219,"Washington"
"51031",1072.65637207031,"Campbell"
"51027",1301.95349121094,"Buchanan"
"51165",1153.96618652344,"Rockingham"
"29025",1780.837890625,"Caldwell"
"30091",1849.83081054688,"Sheridan"
"47081",1618.7783203125,"Hickman"
"48057",2403.23291015625,"Calhoun"
"06115",1638.654296875,"Yuba"
"51083",1275.86340332031,"Halifax"
"13137",1742.22924804688,"Habersham"
"41011",1141.59741210938,"Coos"
"05087",1949.14489746094,"Madison"
"38059",1876.96264648438,"Morton"
"27063",1803.57043457031,"Jackson"
"20201",NA,"Washington"
"01097",2186.197265625,"Mobile"
"72137",NA,"Toa Baja"
"26059",1944.75354003906,"Hillsdale"
"28159",2389.99438476562,"Winston"
"20209",1871.8427734375,"Wyandotte"
"53033",1672.59338378906,"King"
"12035",1964.63513183594,"Flagler"
"12103",3051.48193359375,"Pinellas"
"13087",1803.60583496094,"Decatur"
"72089",NA,"Luquillo"
"72117",NA,"Rincón"
"22085",1519.85314941406,"Sabine"
"54027",1301.24780273438,"Hampshire"
"29145",1845.36657714844,"Newton"
"30101",1465.00524902344,"Toole"
"45017",1574.30798339844,"Calhoun"
"48479",1230.90173339844,"Webb"
"40127",NA,"Pushmataha"
"19043",1423.88989257812,"Clayton"
"21239",1765.65307617188,"Woodford"
"47127",1727.42456054688,"Moore"
"40123",2319.4609375,"Pontotoc"
"02290",NA,"Yukon-Koyukuk"
"30085",2338.76171875,"Roosevelt"
"50019",1246.09497070312,"Orleans"
"72129",NA,"San Lorenzo"
"37193",1335.45922851562,"Wilkes"
"29007",1433.27685546875,"Audrain"
"47173",1320.01794433594,"Union"
"48299",1749.89489746094,"Llano"
"54103",1702.05651855469,"Wetzel"
"56037",1163.22509765625,"Sweetwater"
"25017",2075.34887695312,"Middlesex"
"42113",1147.71228027344,"Sullivan"
"49055",NA,"Wayne"
"48397",2496.39282226562,"Rockwall"
"19005",1491.58557128906,"Allamakee"
"38009",1814.25427246094,"Bottineau"
"29137",1900.00134277344,"Monroe"
"54025",1276.57080078125,"Greenbrier"
"17013",NA,"Calhoun"
"32015",1985.59240722656,"Lander"
"39085",1184.16394042969,"Lake"
"21003",2214.16137695312,"Allen"
"06069",2158.05712890625,"San Benito"
"20031",2048.01025390625,"Coffey"
"48289",2026.99792480469,"Leon"
"46091",1734.29455566406,"Marshall"
"32017",1067.7900390625,"Lincoln"
"41051",1165.98950195312,"Multnomah"
"20185",NA,"Stafford"
"47047",2091.69799804688,"Fayette"
"55035",1317.24536132812,"Eau Claire"
"06057",2849.24340820312,"Nevada"
"05115",1731.45825195312,"Pope"
"48317",2461.4501953125,"Martin"
"72061",NA,"Guaynabo"
"26079",1682.16772460938,"Kalkaska"
"30065",2195.78662109375,"Musselshell"
"05009",1780.11108398438,"Boone"
"18089",1484.740234375,"Lake"
"45051",2155.40576171875,"Horry"
"05109",1534.7470703125,"Pike"
"18137",1578.02355957031,"Ripley"
"39071",1403.404296875,"Highland"
"31097",2268.20434570312,"Johnson"
"48017",2136.45703125,"Bailey"
"04013",1288.25158691406,"Maricopa"
"29079",1592.41076660156,"Grundy"
"55141",1203.12622070312,"Wood"
"13143",2269.8662109375,"Haralson"
"02068",NA,"Denali"
"51530",1055.62426757812,"Buena Vista"
"37097",1487.86950683594,"Iredell"
"08093",2087.54858398438,"Park"
"37015",2019.599609375,"Bertie"
"48079",NA,"Cochran"
"33011",1649.302734375,"Hillsborough"
"27161",1784.90747070312,"Waseca"
"48415",2000.2587890625,"Scurry"
"54093",NA,"Tucker"
"48503",2166.34057617188,"Young"
"08033",1287.09448242188,"Dolores"
"12077",2199.01611328125,"Liberty"
"28041",2670.90112304688,"Greene"
"29111",NA,"Lewis"
"04003",1198.37194824219,"Cochise"
"21199",1641.50354003906,"Pulaski"
"51678",1184.82653808594,"Lexington"
"42031",1066.44006347656,"Clarion"
"26121",1902.064453125,"Muskegon"
"49001",1018.74554443359,"Beaver"
"31183",NA,"Wheeler"
"21083",2016.765625,"Graves"
"51540",1440.78637695312,"Charlottesville"
"01075",1767.42260742188,"Lamar"
"51125",1499.54248046875,"Nelson"
"21103",1993.42651367188,"Henry"
"35019",NA,"Guadalupe"
"19101",1718.27001953125,"Jefferson"
"20129",NA,"Morton"
"17101",1765.76257324219,"Lawrence"
"37115",1874.15869140625,"Madison"
"48221",2524.51196289062,"Hood"
"20023",NA,"Cheyenne"
"22023",2123.96606445312,"Cameron"
"13267",1806.70715332031,"Tattnall"
"16015",1451.66723632812,"Boise"
"13053",1701.15539550781,"Chattahoochee"
"13139",1772.30310058594,"Hall"
"34029",1894.2900390625,"Ocean"
"13223",1643.11120605469,"Paulding"
"42019",1102.25317382812,"Butler"
"21059",1452.99877929688,"Daviess"
"47049",1488.00964355469,"Fentress"
"40003",NA,"Alfalfa"
"35035",1541.64465332031,"Otero"
"72027",NA,"Camuy"
"13279",2086.23803710938,"Toombs"
"33005",1935.36437988281,"Cheshire"
"02150",1481.72180175781,"Kodiak Island"
"29199",NA,"Scotland"
"29097",1760.85034179688,"Jasper"
"46053",NA,"Gregory"
"09130",NA,"Lower Connecticut River Valley"
"18121",1632.44763183594,"Parke"
"18027",1605.42919921875,"Daviess"
"31077",NA,"Greeley"
"39173",1675.94311523438,"Wood"
"48275",NA,"Knox"
"31155",2503.86206054688,"Saunders"
"48345",NA,"Motley"
"13189",1705.48022460938,"McDuffie"
"41063",1395.43859863281,"Wallowa"
"02050",NA,"Bethel"
"16039",1231.47412109375,"Elmore"
"26137",1974.05419921875,"Otsego"
"48039",2431.32666015625,"Brazoria"
"31153",2471.14477539062,"Sarpy"
"21089",1990.4375,"Greenup"
"20199",NA,"Wallace"
"19059",1665.84045410156,"Dickinson"
"21149",1515.4306640625,"McLean"
"29183",1972.80737304688,"St. Charles"
"37177",2896.09130859375,"Tyrrell"
"01081",1663.53674316406,"Lee"
"08085",1138.80163574219,"Montrose"
"13207",1934.39807128906,"Monroe"
"55023",1463.13745117188,"Crawford"
"05033",1748.99877929688,"Crawford"
"53003",1208.69030761719,"Asotin"
"47063",1256.11096191406,"Hamblen"
"37185",1552.26989746094,"Warren"
"38083",NA,"Sheridan"
"05091",1755.0244140625,"Miller"
"26063",2052.33081054688,"Huron"
"31065",2666.36596679688,"Furnas"
"42057",1020.09692382812,"Fulton"
"26083",NA,"Keweenaw"
"26055",1824.52062988281,"Grand Traverse"
"31087",NA,"Hitchcock"
"31031",2318.90185546875,"Cherry"
"49021",1016.52197265625,"Iron"
"13159",1813.34118652344,"Jasper"
"20205",NA,"Wilson"
"40069",2013.53576660156,"Johnston"
"47165",1709.5107421875,"Sumner"
"21011",NA,"Bath"
"47089",1396.95056152344,"Jefferson"
"51033",1415.35192871094,"Caroline"
"45085",1587.26184082031,"Sumter"
"31069",NA,"Garden"
"51640",971.508117675781,"Galax"
"42121",953.768371582031,"Venango"
"48225",1989.97680664062,"Houston"
"01129",2384.44384765625,"Washington"
"30025",2661.6640625,"Fallon"
"46021",NA,"Campbell"
"17137",1634.89819335938,"Morgan"
"39009",1782.30310058594,"Athens"
"01065",1836.96557617188,"Hale"
"31121",1939.9404296875,"Merrick"
"55037",1507.58093261719,"Florence"
"13095",1651.63330078125,"Dougherty"
"17107",1517.21875,"Logan"
"26051",1635.080078125,"Gladwin"
"31175",2067.74975585938,"Valley"
"31125",NA,"Nance"
"47169",1693.28002929688,"Trousdale"
"48267",1498.14184570312,"Kimble"
"56019",1638.60485839844,"Johnson"
"27053",2176.6337890625,"Hennepin"
"13271",2139.34912109375,"Telfair"
"47087",1683.8349609375,"Jackson"
"46015",1747.77685546875,"Brule"
"51161",1143.48181152344,"Roanoke"
"48013",1873.27709960938,"Atascosa"
"21081",1685.83874511719,"Grant"
"46063",NA,"Harding"
"12047",1765.234375,"Hamilton"
"13163",1903.40295410156,"Jefferson"
"24017",1889.65979003906,"Charles"
"17099",1553.16809082031,"LaSalle"
"29017",1667.05383300781,"Bollinger"
"26057",2428.58959960938,"Gratiot"
"21213",1668.27722167969,"Simpson"
"31161",2232.00390625,"Sheridan"
"51730",1452.47436523438,"Petersburg"
"05017",2194.724609375,"Chicot"
"13113",2111.84936523438,"Fayette"
"40063",2254.53393554688,"Hughes"
"27027",1703.15405273438,"Clay"
"16025",NA,"Camas"
"31163",NA,"Sherman"
"46011",1777.69848632812,"Brookings"
"51680",1043.09399414062,"Lynchburg"
"13165",2010.6494140625,"Jenkins"
"48055",1803.36340332031,"Caldwell"
"28111",2465.72119140625,"Perry"
"12065",2163.81298828125,"Jefferson"
"24011",1427.22204589844,"Caroline"
"33017",1536.498046875,"Strafford"
"51103",2057.47021484375,"Lancaster"
"51073",1692.16650390625,"Gloucester"
"28069",2549.71313476562,"Kemper"
"19063",1261.40161132812,"Emmet"
"13295",1618.90075683594,"Walker"
"16003",1404.09448242188,"Adams"
"20137",NA,"Norton"
"22029",1060.77746582031,"Concordia"
"51017",1384.13513183594,"Bath"
"02016",NA,"Aleutians West"
"31075",NA,"Grant"
"47041",1519.91052246094,"DeKalb"
"37053",2525.77416992188,"Currituck"
"26139",1442.49011230469,"Ottawa"
"22069",1508.45239257812,"Natchitoches"
"45075",1670.97839355469,"Orangeburg"
"17123",1435.77819824219,"Marshall"
"47069",1838.25549316406,"Hardeman"
"40081",2494.91357421875,"Lincoln"
"50025",1731.02124023438,"Windham"
"55067",1216.25988769531,"Langlade"
"37025",1662.60107421875,"Cabarrus"
"31011",2606.65893554688,"Boone"
"21115",2308.28784179688,"Johnson"
"17043",1868.99462890625,"DuPage"
"13011",1598.47045898438,"Banks"
"19147",1399.87060546875,"Palo Alto"
"21009",1639.83569335938,"Barren"
"31137",2245.59057617188,"Phelps"
"39067",1230.57287597656,"Harrison"
"29129",NA,"Mercer"
"72085",NA,"Las Piedras"
"48331",1800.46447753906,"Milam"
"56031",1949.68444824219,"Platte"
"01095",1908.79638671875,"Marshall"
"02185",NA,"North Slope"
"06029",1335.39282226562,"Kern"
"19179",1347.4755859375,"Wapello"
"26111",1928.13781738281,"Midland"
"28101",2056.56420898438,"Newton"
"20189",2586.02905273438,"Stevens"
"27069",NA,"Kittson"
"01047",2087.56396484375,"Dallas"
"31159",2374.21484375,"Seward"
"47033",1668.02111816406,"Crockett"
"46005",1910.77587890625,"Beadle"
"47017",1713.111328125,"Carroll"
"19187",1536.72937011719,"Webster"
"24025",1798.83703613281,"Harford"
"51117",1434.61291503906,"Mecklenburg"
"45039",1758.73522949219,"Fairfield"
"53011",1334.85803222656,"Clark"
"29033",1829.86706542969,"Carroll"
"42133",1044.84826660156,"York"
"16027",1247.63146972656,"Canyon"
"13209",1877.22229003906,"Montgomery"
"46095",NA,"Mellette"
"19025",1439.72717285156,"Calhoun"
"13293",1647.47338867188,"Upson"
"48421",NA,"Sherman"
"48169",1625.20336914062,"Garza"
"09180",NA,"Southeastern Connecticut"
"36079",2067.62768554688,"Putnam"
"36101",2352.87744140625,"Steuben"
"13021",1738.7138671875,"Bibb"
"18181",1395.6474609375,"White"
"29223",2236.78930664062,"Wayne"
"27001",1849.34680175781,"Aitkin"
"48387",1573.77673339844,"Red River"
"47149",1918.23291015625,"Rutherford"
"01005",1995.15454101562,"Barbour"
"41049",1264.19616699219,"Morrow"
"16017",1505.87902832031,"Bonner"
"16033",NA,"Clark"
"20093",NA,"Kearny"
"29121",1927.01892089844,"Macon"
"29133",1785.68469238281,"Mississippi"
"42043",1030.38122558594,"Dauphin"
"09190",NA,"Western Connecticut"
"37071",1254.31469726562,"Gaston"
"16031",1236.8876953125,"Cassia"
"06041",3045.03466796875,"Marin"
"48389",1881.20690917969,"Reeves"
"48315",1776.1455078125,"Marion"
"40029",NA,"Coal"
"31099",2499.447265625,"Kearney"
"55127",1392.26135253906,"Walworth"
"40131",2263.94580078125,"Rogers"
"21177",1929.73852539062,"Muhlenberg"
"40073",2920.37744140625,"Kingfisher"
"46003",NA,"Aurora"
"48019",2279.62548828125,"Bandera"
"45025",1054.49548339844,"Chesterfield"
"42045",1722.04614257812,"Delaware"
"53077",1411.68041992188,"Yakima"
"29001",1788.25256347656,"Adair"
"48173",NA,"Glasscock"
"27129",1889.62536621094,"Renville"
"28001",2251.35693359375,"Adams"
"29186",1789.09558105469,"Ste. Genevieve"
"17033",1534.94885253906,"Crawford"
"17177",1493.54187011719,"Stephenson"
"22035",NA,"East Carroll"
"27025",2123.91674804688,"Chisago"
"21095",1702.244140625,"Harlan"
"26003",1586.70544433594,"Alger"
"21161",1289.72058105469,"Mason"
"48145",1981.97253417969,"Falls"
"51075",1920.96704101562,"Goochland"
"27081",1994.59558105469,"Lincoln"
"55109",1698.55212402344,"St. Croix"
"48199",2246.35546875,"Hardin"
"26163",1941.96313476562,"Wayne"
"72013",NA,"Arecibo"
"47091",1501.00500488281,"Johnson"
"38081",1501.34985351562,"Sargent"
"26125",1663.75610351562,"Oakland"
"38019",NA,"Cavalier"
"27135",1891.69921875,"Roseau"
"36087",2324.53344726562,"Rockland"
"50011",1539.78234863281,"Franklin"
"27049",2042.06115722656,"Goodhue"
"29131",1891.74572753906,"Miller"
"01109",1739.8779296875,"Pike"
"36085",1979.07043457031,"Richmond"
"05061",1801.62390136719,"Howard"
"42129",984.081115722656,"Westmoreland"
"08013",2685.00708007812,"Boulder"
"29049",1981.72570800781,"Clinton"
"51071",1271.98120117188,"Giles"
"72045",NA,"Comerío"
"54005",1592.95776367188,"Boone"
"72077",NA,"Juncos"
"72033",NA,"Cataño"
"72054",NA,"Florida"
"05035",1794.06555175781,"Crittenden"
"53009",1463.32360839844,"Clallam"
"42103",1191.82250976562,"Pike"
"31109",1995.65295410156,"Lancaster"
"48295",NA,"Lipscomb"
"28113",2292.94677734375,"Pike"
"28021",NA,"Claiborne"
"46049",NA,"Faulk"
"46089",NA,"McPherson"
"28047",2634.27563476562,"Harrison"
"24027",2143.14916992188,"Howard"
"46065",1672.34228515625,"Hughes"
"28129",2123.32958984375,"Smith"
"46123",1784.53576660156,"Tripp"
"21185",2142.46557617188,"Oldham"
"13153",1839.35363769531,"Houston"
"48465",1600.23034667969,"Val Verde"
"29175",1608.61303710938,"Randolph"
"13145",2042.03820800781,"Harris"
"12043",2478.5400390625,"Glades"
"39025",1503.03564453125,"Clermont"
"39033",1509.73449707031,"Crawford"
"39059",1411.03125,"Guernsey"
"40065",2292.001953125,"Jackson"
"22073",1464.61499023438,"Ouachita"
"29203",1791.98352050781,"Shannon"
"72093",NA,"Maricao"
"54075",NA,"Pocahontas"
"18135",1403.81457519531,"Randolph"
"55137",1379.8310546875,"Waushara"
"35049",1745.119140625,"Santa Fe"
"06111",1735.23510742188,"Ventura"
"24019",1556.1796875,"Dorchester"
"13131",1810.16955566406,"Grady"
"27123",1970.06115722656,"Ramsey"
"26109",2270.93041992188,"Menominee"
"05057",1739.57385253906,"Hempstead"
"17193",1667.48779296875,"White"
"20017",NA,"Chase"
"48133",2637.40893554688,"Eastland"
"19077",1739.15026855469,"Guthrie"
"17037",1535.98596191406,"DeKalb"
"18051",1545.89270019531,"Gibson"
"37137",2652.06494140625,"Pamlico"
"48357",2152.07763671875,"Ochiltree"
"47185",1618.32116699219,"White"
"38015",2009.93591308594,"Burleigh"
"46075",NA,"Jones"
"40151",2186.62622070312,"Woods"
"18127",1542.61547851562,"Porter"
"17103",1479.28112792969,"Lee"
"08101",2121.30786132812,"Pueblo"
"48411",NA,"San Saba"
"48475",1880.185546875,"Ward"
"08071",2083.619140625,"Las Animas"
"08089",2195.43603515625,"Otero"
"08117",2274.88720703125,"Summit"
"48263",NA,"Kent"
"48257",2142.90576171875,"Kaufman"
"05143",1911.68859863281,"Washington"
"40057",NA,"Harmon"
"48495",1864.81701660156,"Winkler"
"01115",1738.64978027344,"St. Clair"
"12097",2221.45556640625,"Osceola"
"20053",NA,"Ellsworth"
"36099",1213.49340820312,"Seneca"
"37065",1722.06567382812,"Edgecombe"
"48101",NA,"Cottle"
"48313",1888.23876953125,"Madison"
"37037",1673.86682128906,"Chatham"
"27033",1702.15209960938,"Cottonwood"
"17185",1427.47814941406,"Wabash"
"39119",1342.56481933594,"Muskingum"
"29215",1821.53540039062,"Texas"
"21093",1814.25634765625,"Hardin"
"27091",1762.37145996094,"Martin"
"40129",NA,"Roger Mills"
"42039",1061.61462402344,"Crawford"
"34005",1645.35375976562,"Burlington"
"45015",2040.87243652344,"Berkeley"
"29053",1571.42211914062,"Cooper"
"30075",NA,"Powder River"
"20029",2073.66040039062,"Cloud"
"19071",1954.01611328125,"Fremont"
"51159",1323.24890136719,"Richmond"
"48157",2469.21215820312,"Fort Bend"
"40051",2665.76196289062,"Grady"
"05015",1921.15270996094,"Carroll"
"36077",1372.70654296875,"Otsego"
"40027",2536.7734375,"Cleveland"
"48459",1820.85461425781,"Upshur"
"40087",2857.61987304688,"McClain"
"31067",2084.00073242188,"Gage"
"48223",2002.00549316406,"Hopkins"
"72071",NA,"Isabela"
"55139",1268.76171875,"Winnebago"
"53071",1276.75720214844,"Walla Walla"
"72107",NA,"Orocovis"
"40047",2247.1474609375,"Garfield"
"22105",1658,"Tangipahoa"
"18043",1553.82104492188,"Floyd"
"38105",1873.75622558594,"Williams"
"46029",1710.70556640625,"Codington"
"04025",1205.81652832031,"Yavapai"
"13187",1716.25463867188,"Lumpkin"
"18059",1631.66809082031,"Hancock"
"20027",NA,"Clay"
"28127",2144.46484375,"Simpson"
"36097",2083.4267578125,"Schuyler"
"45035",1920.87170410156,"Dorchester"
"72023",NA,"Cabo Rojo"
"47001",1466.396484375,"Anderson"
"13115",1716.80505371094,"Floyd"
"13247",2011.71801757812,"Rockdale"
"16051",1345.29724121094,"Jefferson"
"42061",968.745300292969,"Huntingdon"
"20147",NA,"Phillips"
"48111",2308.11328125,"Dallam"
"42069",1221.00769042969,"Lackawanna"
"42079",1064.97814941406,"Luzerne"
"47103",1633.15954589844,"Lincoln"
"37173",1353.10266113281,"Swain"
"40005",2294.29833984375,"Atoka"
"40019",2203.65283203125,"Carter"
"48477",1753.4755859375,"Washington"
"40099",2223.80224609375,"Murray"
"40147",1965.79541015625,"Washington"
"42125",1190.15991210938,"Washington"
"06017",2493.39453125,"El Dorado"
"21171",1581.54345703125,"Monroe"
"29005",1653.70434570312,"Atchison"
"37005",1366.05419921875,"Alleghany"
"48487",2329.310546875,"Wilbarger"
"01009",1782.20446777344,"Blount"
"13269",1782.1513671875,"Taylor"
"55043",1573.13195800781,"Grant"
"30051",NA,"Liberty"
"31033",2366.35375976562,"Cheyenne"
"26113",1754.66491699219,"Missaukee"
"18037",1560.78295898438,"Dubois"
"38029",NA,"Emmons"
"01019",1792.19958496094,"Cherokee"
"17133",2025.71667480469,"Monroe"
"42087",932.716674804688,"Mifflin"
"29125",1845.68139648438,"Maries"
"42091",1662.73901367188,"Montgomery"
"22055",1765.13159179688,"Lafayette"
"39007",1261.67578125,"Ashtabula"
"22061",1388.43347167969,"Lincoln"
"39019",1358.70129394531,"Carroll"
"06003",3545.60375976562,"Alpine"
"54053",1358.67163085938,"Mason"
"37099",1384.47399902344,"Jackson"
"01105",2201.49194335938,"Perry"
"54011",1286.79553222656,"Cabell"
"54045",1850.11254882812,"Logan"
"51045",1335.08459472656,"Craig"
"54057",1230.66650390625,"Mineral"
"54059",NA,"Mingo"
"28097",NA,"Montgomery"
"29185",1919.30346679688,"St. Clair"
"37027",1257.32470703125,"Caldwell"
"45031",1651.14233398438,"Darlington"
"53073",1344.51477050781,"Whatcom"
"54023",1868.41943359375,"Grant"
"31081",2011.96472167969,"Hamilton"
"30015",1589.33947753906,"Chouteau"
"05067",1666.22766113281,"Jackson"
"37067",1271.40698242188,"Forsyth"
"05075",1506.98742675781,"Lawrence"
"34001",1827.66381835938,"Atlantic"
"29510",1840.25805664062,"St. Louis"
"48205",1982.79577636719,"Hartley"
"18049",1529.93493652344,"Fulton"
"10003",1407.89477539062,"New Castle"
"39063",1366.86840820312,"Hancock"
"35013",1322.35009765625,"Doña Ana"
"29109",1747.65966796875,"Lawrence"
"37009",1384.86608886719,"Ashe"
"05027",1766.62963867188,"Columbia"
"26041",1790.67687988281,"Delta"
"37021",1354.19018554688,"Buncombe"
"09120",NA,"Greater Bridgeport"
"28119",NA,"Quitman"
"28133",2212.97631835938,"Sunflower"
"51750",1122.7470703125,"Radford"
"51063",1239.83386230469,"Floyd"
"54107",1228.07849121094,"Wood"
"54105",NA,"Wirt"
"48027",1412.07751464844,"Bell"
"53043",1725.69921875,"Lincoln"
"53045",1600.36474609375,"Mason"
"26117",2215.1484375,"Montcalm"
"27057",1709.35266113281,"Hubbard"
"37017",2066.77221679688,"Bladen"
"48231",2329.59423828125,"Hunt"
"48307",1913.53723144531,"McCulloch"
"72017",NA,"Barceloneta"
"29011",1731.42114257812,"Barton"
"29149",1853.26647949219,"Oregon"
"30067",1779.60778808594,"Park"
"13219",1836.98767089844,"Oconee"
"13225",1760.23950195312,"Peach"
"13251",1792.00964355469,"Screven"
"48505",1157.04553222656,"Zapata"
"24009",1843.68505859375,"Calvert"
"20043",NA,"Doniphan"
"13283",1975.68627929688,"Treutlen"
"48349",1936.2646484375,"Navarro"
"09170",NA,"South Central Connecticut"
"31165",NA,"Sioux"
"37023",1283.95654296875,"Burke"
"36059",4198.7861328125,"Nassau"
"34025",2226.4951171875,"Monmouth"
"51179",1714.69372558594,"Stafford"
"53055",1725.7607421875,"San Juan"
"53057",1468.23107910156,"Skagit"
"53067",1360.56176757812,"Thurston"
"13047",1472.53723144531,"Catoosa"
"13065",1961.00720214844,"Clinch"
"53029",1452.08520507812,"Island"
"50007",1795.37194824219,"Chittenden"
"51820",1120.66259765625,"Waynesboro"
"48149",1987.60205078125,"Fayette"
"48089",1945.27941894531,"Colorado"
"19003",NA,"Adams"
"25019",3293.60620117188,"Nantucket"
"47009",1775.087890625,"Blount"
"46039",1804.99841308594,"Deuel"
"16079",1314.22692871094,"Shoshone"
"17119",1715.83435058594,"Madison"
"48321",2591.12841796875,"Matagorda"
"40097",2218.0048828125,"Mayes"
"05013",2148.7392578125,"Calhoun"
"17153",NA,"Pulaski"
"27165",1801.42150878906,"Watonwan"
"39005",1269.46826171875,"Ashland"
"06043",2357.96606445312,"Mariposa"
"35009",2076.93432617188,"Curry"
"33019",1634.86096191406,"Sullivan"
"37191",1599.77380371094,"Wayne"
"31029",NA,"Chase"
"31057",NA,"Dundy"
"46069",NA,"Hyde"
"26005",1859.14794921875,"Allegan"
"21091",2102.37182617188,"Hancock"
"19033",1453.56604003906,"Cerro Gordo"
"19037",1392.69482421875,"Chickasaw"
"32013",1127.27978515625,"Humboldt"
"48491",1560.52294921875,"Williamson"
"72135",NA,"Toa Alta"
"72149",NA,"Villalba"
"19049",1729.99389648438,"Dallas"
"13263",1864.90344238281,"Talbot"
"37047",2266.87866210938,"Columbus"
"30109",NA,"Wibaux"
"16087",1397.03015136719,"Washington"
"17159",1668.77954101562,"Richland"
"08007",1541.92138671875,"Archuleta"
"40153",2542.68359375,"Woodward"
"35027",1843.51452636719,"Lincoln"
"35053",1533.23913574219,"Socorro"
"19193",1434.0537109375,"Woodbury"
"31013",2549.07421875,"Box Butte"
"36021",1875.71765136719,"Columbia"
"31005",NA,"Arthur"
"13291",1685.21240234375,"Union"
"06023",1400.88415527344,"Humboldt"
"13297",1952.48376464844,"Walton"
"37121",1264.12573242188,"Mitchell"
"29115",1779.08215332031,"Linn"
"13307",NA,"Webster"
"20155",1919.55126953125,"Reno"
"47139",1757.15942382812,"Polk"
"24510",1637.68408203125,"Baltimore"
"48091",1597.17565917969,"Comal"
"48497",2377.62280273438,"Wise"
"19067",1688.18115234375,"Floyd"
"21109",2073.21655273438,"Jackson"
"20049",NA,"Elk"
"26045",2158.56909179688,"Eaton"
"19085",1921.69836425781,"Harrison"
"46093",2237.94458007812,"Meade"
"12029",2194.095703125,"Dixie"
"13155",1972.95324707031,"Irwin"
"30087",1948.15856933594,"Rosebud"
"26013",1674.67663574219,"Baraga"
"20005",1938.06188964844,"Atchison"
"25007",3202.27587890625,"Dukes"
"12001",1707.09411621094,"Alachua"
"29077",1695.04833984375,"Greene"
"29103",NA,"Knox"
"32011",NA,"Eureka"
"30039",1793.49938964844,"Granite"
"39045",1445.92297363281,"Fairfield"
"38063",NA,"Nelson"
"38003",1604.744140625,"Barnes"
"41059",1194.14416503906,"Umatilla"
"13133",2166.95385742188,"Greene"
"55079",1394.97546386719,"Milwaukee"
"55081",1642.65002441406,"Monroe"
"05037",1966.16918945312,"Cross"
"02170",1771.353515625,"Matanuska-Susitna"
"20111",1934.89196777344,"Lyon"
"48121",2446.35034179688,"Denton"
"21129",NA,"Lee"
"20125",1823.50439453125,"Montgomery"
"26071",1318.31298828125,"Iron"
"20197",NA,"Wabaunsee"
"27023",1941.92114257812,"Chippewa"
"49057",1093.30603027344,"Weber"
"37085",1655.15954589844,"Harnett"
"22109",2372.18579101562,"Terrebonne"
"47035",1441.97692871094,"Cumberland"
"18017",1381.68518066406,"Cass"
"19177",NA,"Van Buren"
"32023",1361.18627929688,"Nye"
"29189",1979.74572753906,"St. Louis"
"17171",NA,"Scott"
"26011",1737.41394042969,"Arenac"
"05093",NA,"Mississippi"
"12063",2051.09887695312,"Jackson"
"12127",2069.01098632812,"Volusia"
"13083",1912.23217773438,"Dade"
"26095",1035.81286621094,"Luce"
"37101",1498.56018066406,"Johnston"
"18153",1615.56030273438,"Sullivan"
"02164",NA,"Lake and Peninsula"
"34017",2043.26403808594,"Hudson"
"46035",1748.46508789062,"Davison"
"12031",2036.18273925781,"Duval"
"39129",1589.79553222656,"Pickaway"
"28007",1891.25964355469,"Attala"
"21173",1874.92578125,"Montgomery"
"49049",1217.36706542969,"Utah"
"55027",1243.11291503906,"Dodge"
"21189",NA,"Owsley"
"26133",NA,"Osceola"
"21221",2082.859375,"Trigg"
"27051",1961.99670410156,"Grant"
"17047",NA,"Edwards"
"17059",NA,"Gallatin"
"26091",1767.50561523438,"Lenawee"
"55039",1200.67309570312,"Fond du Lac"
"26099",1423.90478515625,"Macomb"
"18183",1387.53491210938,"Whitley"
"26017",1526.18835449219,"Bay"
"72125",NA,"San Germán"
"26157",1956.51342773438,"Tuscola"
"32005",1358.90307617188,"Douglas"
"18003",1176.07409667969,"Allen"
"45073",1486.32971191406,"Oconee"
"13275",2161.86791992188,"Thomas"
"20175",2172.90576171875,"Seward"
"24003",1709.56091308594,"Anne Arundel"
"34041",1552.97644042969,"Warren"
"42117",1151.05883789062,"Tioga"
"48071",2577.73559570312,"Chambers"
"29047",1950.00231933594,"Clay"
"39049",1439.28076171875,"Franklin"
"48337",2255.15185546875,"Montague"
"49013",1153.28381347656,"Duchesne"
"49019",1201.69128417969,"Grand"
"29219",1862.56005859375,"Warren"
"13077",1844.67700195312,"Coweta"
"19021",1458.27404785156,"Buena Vista"
"27011",1709.1298828125,"Big Stone"
"48365",1793.71569824219,"Panola"
"27009",1833.79846191406,"Benton"
"21023",1961.33349609375,"Bracken"
"40103",2606.38720703125,"Noble"
"25009",2118.71801757812,"Essex"
"47039",1764.31408691406,"Decatur"
"47059",1281.78063964844,"Greene"
"32007",1230.39111328125,"Elko"
"22123",1301.66955566406,"West Carroll"
"01063",NA,"Greene"
"18103",1504.11267089844,"Miami"
"18107",1450.17211914062,"Montgomery"
"06051",2550.88745117188,"Mono"
"20095",2179.4892578125,"Kingman"
"46105",NA,"Perkins"
"56045",1778.24853515625,"Weston"
"17129",1748.67639160156,"Menard"
"21143",2081.67529296875,"Lyon"
"21051",1822.90930175781,"Clay"
"27067",1841.88732910156,"Kandiyohi"
"31071",NA,"Garfield"
"48285",2250.33081054688,"Lavaca"
"47021",1723.98217773438,"Cheatham"
"47145",1573.5166015625,"Roane"
"08037",2309.90283203125,"Eagle"
"16001",1113.02478027344,"Ada"
"19029",1491.32482910156,"Cass"
"12061",2747.68115234375,"Indian River"
"13009",1848.78942871094,"Baldwin"
"51007",1368.42346191406,"Amelia"
"39101",1367.95324707031,"Marion"
"51035",1024.85815429688,"Carroll"
"08063",2680.33471679688,"Kit Carson"
"42027",979.006469726562,"Centre"
"46081",2254.01879882812,"Lawrence"
"42029",1768.30676269531,"Chester"
"47083",1680.49182128906,"Houston"
"47085",1769.27880859375,"Humphreys"
"48241",1859.99633789062,"Jasper"
"45043",2792.32763671875,"Georgetown"
"53001",1516.654296875,"Adams"
"49043",1961.02819824219,"Summit"
"46085",NA,"Lyman"
"16069",1135.76696777344,"Nez Perce"
"31021",2336.9306640625,"Burt"
"27119",1737.76586914062,"Polk"
"29119",2136.57055664062,"McDonald"
"55135",1169.70300292969,"Waupaca"
"12085",3735.69311523438,"Martin"
"55111",1541.38159179688,"Sauk"
"41029",1048.29821777344,"Jackson"
"37061",1937.60803222656,"Duplin"
"19145",1757.77062988281,"Page"
"19045",1431.59899902344,"Clinton"
"13055",1541.96484375,"Chattooga"
"12071",2508.76171875,"Lee"
"19061",1436.38464355469,"Dubuque"
"48283",NA,"La Salle"
"20113",2098.6845703125,"McPherson"
"12099",3919.95166015625,"Palm Beach"
"20109",NA,"Logan"
"48309",1532.51794433594,"McLennan"
"12093",2353.50390625,"Okeechobee"
"19089",NA,"Howard"
"30009",2083.6923828125,"Carbon"
"51760",1469.00207519531,"Richmond"
"49005",953.274291992188,"Cache"
"53039",1512.068359375,"Klickitat"
"45049",1527.51379394531,"Hampton"
"49025",1101.84643554688,"Kane"
"55007",1392.89282226562,"Bayfield"
"55013",1560.22106933594,"Burnett"
"22041",1356.08312988281,"Franklin"
"22027",1342.99621582031,"Claiborne"
"51131",2068.7958984375,"Northampton"
"27157",1963.99194335938,"Wabasha"
"22047",1928.11328125,"Iberville"
"17111",1759.46130371094,"McHenry"
"18075",1491.35119628906,"Jay"
"35037",2109.03637695312,"Quay"
"37171",1395.13122558594,"Surry"
"48369",2056.83618164062,"Parmer"
"39037",1239.25842285156,"Darke"
"17149",1432.14587402344,"Pike"
"39121",1407.94909667969,"Noble"
"19097",1588.06701660156,"Jackson"
"13045",1693.60729980469,"Carroll"
"51081",1333.95520019531,"Greensville"
"17161",1435.44738769531,"Rock Island"
"08113",2005.48132324219,"San Miguel"
"08115",3199.49829101562,"Sedgwick"
"55093",1646.06384277344,"Pierce"
"48037",1885.94506835938,"Bowie"
"47181",1625.46520996094,"Wayne"
"47187",2300.56396484375,"Williamson"
"45065",1754.43298339844,"McCormick"
"55119",1317.81774902344,"Taylor"
"56027",NA,"Niobrara"
"36027",1794.13366699219,"Dutchess"
"37073",1625.60864257812,"Gates"
"06113",1486.54833984375,"Yolo"
"29091",1785.52954101562,"Howell"
"26141",1868.42785644531,"Presque Isle"
"29101",2002.90075683594,"Johnson"
"22067",1316.017578125,"Morehouse"
"29157",1557.51232910156,"Perry"
"13303",1971.35266113281,"Washington"
"20115",2186.73388671875,"Marion"
"21029",1784.11572265625,"Bullitt"
"27101",1999.50988769531,"Murray"
"39041",1956.28527832031,"Delaware"
"40117",2246.62573242188,"Pawnee"
"49011",1123.16552734375,"Davis"
"48049",1871.828125,"Brown"
"39141",1501.16845703125,"Ross"
"17181",2058.31909179688,"Union"
"08039",3284.82958984375,"Elbert"
"39145",1518.6474609375,"Scioto"
"19153",1492.92041015625,"Polk"
"48443",NA,"Terrell"
"13119",1688.21252441406,"Franklin"
"17203",1508.1611328125,"Woodford"
"51093",1942.75817871094,"Isle of Wight"
"44005",2704.36108398438,"Newport"
"55131",1233.49914550781,"Washington"
"29023",1873.77404785156,"Butler"
"41043",982.848876953125,"Linn"
"51105",1292.44995117188,"Lee"
"53017",1384.16137695312,"Douglas"
"15007",2322.5146484375,"Kauai"
"20149",2177.34838867188,"Pottawatomie"
"23019",944.786804199219,"Penobscot"
"36095",1443.93127441406,"Schoharie"
"02188",NA,"Northwest Arctic"
"13151",1862.64416503906,"Henry"
"39127",1483.01062011719,"Perry"
"51133",1726.81018066406,"Northumberland"
"28083",1992.82006835938,"Leflore"
"38033",NA,"Golden Valley"
"26097",1903.20703125,"Mackinac"
"53053",1508.98681640625,"Pierce"
"32021",1157.28112792969,"Mineral"
"27127",1699.55773925781,"Redwood"
"45071",1521.57250976562,"Newberry"
"18083",1655.9267578125,"Knox"
"12089",2212.599609375,"Nassau"
"45077",1308.01770019531,"Pickens"
"39075",1309.11975097656,"Holmes"
"12075",2093.06518554688,"Levy"
"19167",1617.330078125,"Sioux"
"48183",1488.8759765625,"Gregg"
"35059",2358.89794921875,"Union"
"37039",1288.19873046875,"Cherokee"
"39151",1234.08044433594,"Stark"
"06039",1619.85998535156,"Madera"
"28071",3264.75830078125,"Lafayette"
"53065",1447.03503417969,"Stevens"
"32033",1212.06140136719,"White Pine"
"01071",1799.20361328125,"Jackson"
"27173",1880.36059570312,"Yellow Medicine"
"23009",1242.76684570312,"Hancock"
"34027",1953.82556152344,"Morris"
"02090",1918.56713867188,"Fairbanks North Star"
"40111",2191.1337890625,"Okmulgee"
"36003",1204.26086425781,"Allegany"
"48087",NA,"Collingsworth"
"49045",1157.94091796875,"Tooele"
"13057",1956.23413085938,"Cherokee"
"17073",1478.55554199219,"Henry"
"21001",1600.91857910156,"Adair"
"22097",1785.82275390625,"St. Landry"
"30047",1545.38049316406,"Lake"
"01111",1872.99743652344,"Randolph"
"06081",2563.2099609375,"San Mateo"
"26123",2120.09228515625,"Newaygo"
"37135",1628.42651367188,"Orange"
"19151",1501.30541992188,"Pocahontas"
"48153",NA,"Floyd"
"42013",921.705200195312,"Blair"
"37029",2158.29833984375,"Camden"
"31027",1933.88500976562,"Cedar"
"05119",1697.23815917969,"Pulaski"
"55073",1239.27600097656,"Marathon"
"06097",1899.67846679688,"Sonoma"
"27071",1535.04125976562,"Koochiching"
"28025",2852.52661132812,"Clay"
"38013",NA,"Burke"
"24031",1866.95654296875,"Montgomery"
"54101",NA,"Webster"
"47071",1809.87634277344,"Hardin"
"36035",1880.71691894531,"Fulton"
"48093",1981.099609375,"Comanche"
"48453",1539.64184570312,"Travis"
"48203",1513.2119140625,"Harrison"
"54065",1349.11865234375,"Morgan"
"08021",1674.12658691406,"Conejos"
"12033",2592.56762695312,"Escambia"
"48001",1610.20703125,"Anderson"
"47019",1222.71496582031,"Carter"
"37087",1540.13684082031,"Haywood"
"49053",1070.134765625,"Washington"
"30003",1795.28686523438,"Big Horn"
"35045",1223.56213378906,"San Juan"
"02130",1588.73645019531,"Ketchikan Gateway"
"01003",2448.49365234375,"Baldwin"
"22017",1226.40930175781,"Caddo"
"36051",1209.43579101562,"Livingston"
"51041",1538.28588867188,"Chesterfield"
"13257",1769.04125976562,"Stephens"
"40085",2187.8779296875,"Love"
"17091",1604.59326171875,"Kankakee"
"05145",1655.72314453125,"White"
"13157",1694.74633789062,"Jackson"
"35011",NA,"De Baca"
"38057",2917.82348632812,"Mercer"
"20117",2275.48315429688,"Marshall"
"06073",1858.38659667969,"San Diego"
"50021",1377.83544921875,"Rutland"
"24013",1549.15258789062,"Carroll"
"06019",1392.15490722656,"Fresno"
"16035",1322.93237304688,"Clearwater"
"24023",1428.71960449219,"Garrett"
"48277",1936.81652832031,"Lamar"
"13127",2302.40576171875,"Glynn"
"39163",1990.32006835938,"Vinton"
"48373",2077.8134765625,"Polk"
"47043",1710.69213867188,"Dickson"
"55029",1496.9755859375,"Door"
"44009",2244.23608398438,"Washington"
"01033",1702.29162597656,"Colbert"
"21097",1585.77783203125,"Harrison"
"55117",1070.32800292969,"Sheboygan"
"29187",1729.90161132812,"St. Francois"
"17021",1561.89660644531,"Christian"
"46023",NA,"Charles Mix"
"21101",1943.18493652344,"Henderson"
"51155",1211.62622070312,"Pulaski"
"06061",1901.91552734375,"Placer"
"18047",1680.462890625,"Franklin"
"31133",NA,"Pawnee"
"31107",1773.60241699219,"Knox"
"37019",2908.560546875,"Brunswick"
"21231",1446.2958984375,"Wayne"
"22003",1458.66674804688,"Allen"
"36029",1396.92004394531,"Erie"
"28093",2162.98828125,"Marshall"
"05107",1789.13330078125,"Phillips"
"46102",NA,"Oglala Lakota"
"46099",1768.80847167969,"Minnehaha"
"39021",1406.48193359375,"Champaign"
"13197",1927.99731445312,"Marion"
"51095",1602.62524414062,"James City"
"19111",1497.72473144531,"Lee"
"48113",1984.13000488281,"Dallas"
"41065",1182.87329101562,"Wasco"
"30007",1916.107421875,"Broadwater"
"41061",1195.01953125,"Union"
"12087",6408.37060546875,"Monroe"
"25027",1771.58178710938,"Worcester"
"28059",2930.09448242188,"Jackson"
"45013",2869.28662109375,"Beaufort"
"16049",1348.57897949219,"Idaho"
"24033",1927.22875976562,"Prince George's"
"28109",2291.37622070312,"Pearl River"
"34009",2092.48046875,"Cape May"
"22057",2194.19921875,"Lafourche"
"38053",1791.47900390625,"McKenzie"
"41005",1232.64416503906,"Clackamas"
"08073",2596.36254882812,"Lincoln"
"41033",1224.11364746094,"Josephine"
"02195",NA,"Petersburg"
"21121",1845.25341796875,"Knox"
"01041",1808.15417480469,"Crenshaw"
"06089",1732.15393066406,"Shasta"
"13013",1583.26501464844,"Barrow"
"18067",1339.42846679688,"Howard"
"20193",1745.85913085938,"Thomas"
"21179",1842.0166015625,"Nelson"
"32027",1335.37316894531,"Pershing"
"31053",2347.97607421875,"Dodge"
"40113",2342.1640625,"Osage"
"49027",1065.09912109375,"Millard"
"51001",1852.28649902344,"Accomack"
"02220",NA,"Sitka"
"41015",1290.46801757812,"Curry"
"05007",1914.12023925781,"Benton"
"22099",1856.61108398438,"St. Martin"
"51147",1347.75354003906,"Prince Edward"
"16007",1069.74621582031,"Bear Lake"
"48377",NA,"Presidio"
"48457",1603.94189453125,"Tyler"
"40033",2250.89672851562,"Cotton"
"22095",2242.82104492188,"St. John the Baptist"
"51061",1745.16491699219,"Fauquier"
"48367",2575.33642578125,"Parker"
"48073",2212.3837890625,"Cherokee"
"01027",2058.60009765625,"Clay"
"49023",1015.48486328125,"Juab"
"06105",2202.92114257812,"Trinity"
"06103",1713.1923828125,"Tehama"
"16023",1621.71789550781,"Butte"
"17113",1506.76940917969,"McLean"
"29095",1919.48669433594,"Jackson"
"37041",2301.67431640625,"Chowan"
"48197",NA,"Hardeman"
"36121",1352.79040527344,"Wyoming"
"25013",1480.69958496094,"Hampden"
"21125",1763.5068359375,"Laurel"
"18093",1643.84289550781,"Lawrence"
"55115",1165.96997070312,"Shawano"
"06045",1889.95751953125,"Mendocino"
"32031",1318.46228027344,"Washoe"
"46033",2654.03540039062,"Custer"
"01079",1847.78344726562,"Lawrence"
"16047",1318.65563964844,"Gooding"
"23021",1047.56774902344,"Piscataquis"
"46013",1725.09619140625,"Brown"
"20167",NA,"Russell"
"40075",2471.982421875,"Kiowa"
"33013",1692.47729492188,"Merrimack"
"41031",1112.76525878906,"Jefferson"
"47117",1532.23278808594,"Marshall"
"29003",1696.28588867188,"Andrew"
"51019",1236.42541503906,"Bedford"
"47189",1763.86828613281,"Wilson"
"48455",1783.54504394531,"Trinity"
"72035",NA,"Cayey"
"53035",1385.30310058594,"Kitsap"
"49041",1079.49914550781,"Sevier"
"36047",2721.33349609375,"Kings"
"55003",1291.58386230469,"Ashland"
"55123",1651.04321289062,"Vernon"
"28149",2062.64428710938,"Warren"
"08014",2413.435546875,"Broomfield"
"48041",1704.90454101562,"Brazos"
"30031",1921.76513671875,"Gallatin"
"30107",NA,"Wheatland"
"51520",1440.0693359375,"Bristol"
"18063",1607.4716796875,"Hendricks"
"55053",1644.78381347656,"Jackson"
"01125",1789.39135742188,"Tuscaloosa"
"51127",1474.26025390625,"New Kent"
"05011",2037.98303222656,"Bradley"
"32510",1170.43969726562,"Carson City"
"37013",2091.85473632812,"Beaufort"
"01127",1987.47412109375,"Walker"
"13005",1454.80444335938,"Bacon"
"18045",1575.62243652344,"Fountain"
"21073",1658.53308105469,"Franklin"
"49037",1029.10461425781,"San Juan"
"56029",1438.59814453125,"Park"
"18139",1619.30334472656,"Rush"
"26165",2136.01416015625,"Wexford"
"37117",1831.96179199219,"Martin"
"48473",2300.79956054688,"Waller"
"48407",2018.369140625,"San Jacinto"
"51069",1393.89465332031,"Frederick"
"30055",NA,"McCone"
"54047",NA,"McDowell"
"01037",1722.35205078125,"Coosa"
"16065",1376.61706542969,"Madison"
"17147",1742.08520507812,"Piatt"
"42097",946.679260253906,"Northumberland"
"23029",1294.40002441406,"Washington"
"37143",2316.7353515625,"Perquimans"
"42035",1004.22894287109,"Clinton"
"30069",NA,"Petroleum"
"06021",1344.74719238281,"Glenn"
"17143",1455.3212890625,"Peoria"
"20067",2210.45385742188,"Grant"
"21233",2035.38598632812,"Webster"
"35051",1317.8603515625,"Sierra"
"35043",1381.91979980469,"Sandoval"
"06065",1663.77307128906,"Riverside"
"53007",1521.79125976562,"Chelan"
"05133",1766.6826171875,"Sevier"
"48333",2534.84326171875,"Mills"
"39149",1467.04406738281,"Shelby"
"22075",3696.58081054688,"Plaquemines"
"06093",1874.296875,"Siskiyou"
"30023",1367.42895507812,"Deer Lodge"
"21195",2068.63818359375,"Pike"
"01049",1813.77307128906,"DeKalb"
"06077",1467.65014648438,"San Joaquin"
"36007",1051.87878417969,"Broome"
"05073",1682.98876953125,"Lafayette"
"51015",1070.61254882812,"Augusta"
"42111",1007.08489990234,"Somerset"
"48033",NA,"Borden"
"50015",1819.41381835938,"Lamoille"
"54039",1322.32263183594,"Kanawha"
"72151",NA,"Yabucoa"
"13099",2222.97485351562,"Early"
"13321",1675.17211914062,"Worth"
"26147",1788.38171386719,"St. Clair"
"30081",1650.19641113281,"Ravalli"
"28015",2291.20239257812,"Carroll"
"48043",1402.220703125,"Brewster"
"53025",1376.53942871094,"Grant"
"51111",1398.87561035156,"Lunenburg"
"12067",2130.76171875,"Lafayette"
"36019",1389.54113769531,"Clinton"
"22025",1621.6396484375,"Catahoula"
"39095",1428.40673828125,"Lucas"
"12133",2123.978515625,"Washington"
"53037",1759.16796875,"Kittitas"
"41067",1236.50708007812,"Washington"
"04005",1309.89709472656,"Coconino"
"36075",1686.76708984375,"Oswego"
"01055",1757.73596191406,"Etowah"
"21225",1884.02661132812,"Union"
"47121",1755.45959472656,"Meigs"
"01113",1768.00842285156,"Russell"
"08123",2264.1162109375,"Weld"
"48287",1840.24047851562,"Lee"
"72069",NA,"Humacao"
"53041",1432.39050292969,"Lewis"
"51735",2919.408203125,"Poquoson"
"41017",1121.87268066406,"Deschutes"
"30035",1434.76696777344,"Glacier"
"56013",1432.57702636719,"Fremont"
"29165",2177.76000976562,"Platte"
"34037",1667.27758789062,"Sussex"
"40059",NA,"Harper"
"01073",1951.40576171875,"Jefferson"
"48141",1276.10119628906,"El Paso"
"06085",2243.60400390625,"Santa Clara"
"28027",2145.76293945312,"Coahoma"
"48177",1632.50537109375,"Gonzales"
"16059",1362.10620117188,"Lemhi"
"01069",1841.6669921875,"Houston"
"50027",1549.80383300781,"Windsor"
"47045",1751.10009765625,"Dyer"
"18019",1507.86791992188,"Clark"
"05005",1667.23205566406,"Baxter"
"13179",1992.48669433594,"Liberty"
"22077",2000.14135742188,"Pointe Coupee"
"30083",2033.01135253906,"Richland"
"08049",1903.16613769531,"Grand"
"05051",1945.60717773438,"Garland"
"48097",2427.15771484375,"Cooke"
"08103",1256.21459960938,"Rio Blanco"
"47013",1363.92150878906,"Campbell"
"27075",1689.76525878906,"Lake"
"37175",1620.33654785156,"Transylvania"
"28163",2435.28393554688,"Yazoo"
"53031",1423.10205078125,"Jefferson"
"27133",1569.79821777344,"Rock"
"50005",1698.93786621094,"Caledonia"
"48219",1943.1884765625,"Hockley"
"48063",1620.9052734375,"Camp"
"29087",2002.53540039062,"Holt"
"06025",1339.13330078125,"Imperial"
"48077",2135.53491210938,"Clay"
"40141",1947.31518554688,"Tillman"
"26101",1456.30541992188,"Manistee"
"30105",2094.7021484375,"Valley"
"36105",1596.06896972656,"Sullivan"
"41019",1080.36791992188,"Douglas"
"53015",1437.06701660156,"Cowlitz"
"55075",1249.34130859375,"Marinette"
"17071",1610.72094726562,"Henderson"
"05103",1755.32995605469,"Ouachita"
"32019",1082.20324707031,"Lyon"
"42101",1274.70715332031,"Philadelphia"
"13023",1984.83483886719,"Bleckley"
"41007",1351.05944824219,"Clatsop"
"23003",1098.13891601562,"Aroostook"
"30057",1691.39855957031,"Madison"
"13001",1730.73376464844,"Appling"
"08081",1153.62329101562,"Moffat"
"34013",2374.79516601562,"Essex"
"13175",1960.53271484375,"Laurens"
"55041",1406.89831542969,"Forest"
"05077",2070.92846679688,"Lee"
"55083",1229.05200195312,"Oconto"
"56017",1637.63610839844,"Hot Springs"
"46119",NA,"Sully"
"48319",NA,"Mason"
"20019",NA,"Chautauqua"
"28063",NA,"Jefferson"
"01103",1718.38610839844,"Morgan"
"28079",2005.19262695312,"Leake"
"54033",1272.30419921875,"Harrison"
"48485",2076.70385742188,"Wichita"
"20073",NA,"Greenwood"
"56033",1738.70764160156,"Sheridan"
"72099",NA,"Moca"
"51510",2310.9248046875,"Alexandria"
"28117",1942.66174316406,"Prentiss"
"12079",2031.87841796875,"Madison"
"13239",NA,"Quitman"
"27149",1881.29248046875,"Stevens"
"13305",1838.68920898438,"Wayne"
"17105",1516.72631835938,"Livingston"
"13073",1724.1220703125,"Columbia"
"04011",1963.02575683594,"Greenlee"
"26031",1705.51000976562,"Cheboygan"
"36061",4955.97509765625,"New York"
"01099",1925.57971191406,"Monroe"
"08097",3186.04443359375,"Pitkin"
"19065",1573.7734375,"Fayette"
"40133",2362.00732421875,"Seminole"
"37103",2065.59741210938,"Jones"
"48245",2336.68090820312,"Jefferson"
"18009",1489.57336425781,"Blackford"
"22081",1372.28344726562,"Red River"
"47151",1771.71789550781,"Scott"
"55078",NA,"Menominee"
"05045",1823.29467773438,"Faulkner"
"13309",NA,"Wheeler"
"05097",1646.9580078125,"Montgomery"
"51187",1468.46838378906,"Warren"
"54021",1553.66149902344,"Gilmer"
"54037",1542.01257324219,"Jefferson"
"13033",1789.90588378906,"Burke"
"54073",1116.85314941406,"Pleasants"
"21069",1792.32934570312,"Fleming"
"24001",1418.42016601562,"Allegany"
"08065",1498.33935546875,"Lake"
"37151",1092.97717285156,"Randolph"
"47037",2200.10620117188,"Davidson"
"29071",1894.31799316406,"Franklin"
"48109",NA,"Culberson"
"21227",1793.08447265625,"Warren"
"48425",1796.60388183594,"Somervell"
"72105",NA,"Naranjito"
"53075",1400.79895019531,"Whitman"
"42003",1332.43139648438,"Allegheny"
"51570",1319.88073730469,"Colonial Heights"
"46117",2398.51538085938,"Stanley"
"54015",NA,"Clay"
"13213",1356.6220703125,"Murray"
"48323",1248.02819824219,"Maverick"
"47101",1685.17700195312,"Lewis"
"28013",2499.40380859375,"Calhoun"
"28035",2207.04809570312,"Forrest"
"72115",NA,"Quebradillas"
"54109",NA,"Wyoming"
"13181",1924.24243164062,"Lincoln"
"42049",928.38525390625,"Erie"
"19047",1504.99816894531,"Crawford"
"28049",2139.162109375,"Hinds"
"47119",1608.21667480469,"Maury"
"01133",2228.61474609375,"Winston"
"48123",2383.1728515625,"DeWitt"
"47171",1278.41186523438,"Unicoi"
"22031",1266.30346679688,"De Soto"
"42099",1100.87573242188,"Perry"
"09150",NA,"Northeastern Connecticut"
"46037",NA,"Day"
"55107",1317.05456542969,"Rusk"
"20101",NA,"Lane"
"72145",NA,"Vega Baja"
"51670",1329.31921386719,"Hopewell"
"13311",1745.14074707031,"White"
"15003",2368.72778320312,"Honolulu"
"40017",2613.00024414062,"Canadian"
"40107",2805.58251953125,"Okfuskee"
"13285",1690.71252441406,"Troup"
"20021",1804.21423339844,"Cherokee"
"40115",2035.88806152344,"Ottawa"
"01035",2079.06030273438,"Conecuh"
"08087",2549.38989257812,"Morgan"
"18023",1529.46850585938,"Clinton"
"21153",NA,"Magoffin"
"29055",1689.38696289062,"Crawford"
"28161",2221.35400390625,"Yalobusha"
"72103",NA,"Naguabo"
"54083",1433.28186035156,"Randolph"
"35023",NA,"Hidalgo"
"20191",2219.25170898438,"Sumner"
"30041",1688.58422851562,"Hill"
"05137",1842.90856933594,"Stone"
"19125",1608.72119140625,"Marion"
"37139",1862.84118652344,"Pasquotank"
"34035",1936.53747558594,"Somerset"
"48201",2077.4345703125,"Harris"
"55129",1594.04907226562,"Washburn"
"48209",1892.01062011719,"Hays"
"17157",1826.04504394531,"Randolph"
"42059",1388.57897949219,"Greene"
"27029",1639.61840820312,"Clearwater"
"36025",1469.61352539062,"Delaware"
"51059",1939.97277832031,"Fairfax"
"45059",1357.50598144531,"Laurens"
"47105",1446.48132324219,"Loudon"
"56025",1624.07385253906,"Natrona"
"72127",NA,"San Juan"
"47175",1958.59045410156,"Van Buren"
"51197",1140.5478515625,"Wythe"
"16041",1301.2431640625,"Franklin"
"21045",1742.560546875,"Casey"
"26081",1457.26843261719,"Kent"
"28043",2419.83569335938,"Grenada"
"13313",1362.36975097656,"Whitfield"
"26151",1766.0263671875,"Sanilac"
"72015",NA,"Arroyo"
"21039",2559.04248046875,"Carlisle"
"31035",2284.1943359375,"Clay"
"42075",1029.27661132812,"Lebanon"
"47093",1418.00158691406,"Knox"
"08047",2366.78002929688,"Gilpin"
"42131",1314.92407226562,"Wyoming"
"42025",1200.07629394531,"Carbon"
"39153",1348.36755371094,"Summit"
"37049",1993.19946289062,"Craven"
"51145",1635.02380371094,"Powhatan"
"18057",1883.36975097656,"Hamilton"
"05141",1692.71557617188,"Van Buren"
"30019",NA,"Daniels"
"48451",1521.74890136719,"Tom Green"
"01045",1960.29357910156,"Dale"
"13071",1704.30383300781,"Colquitt"
"20099",NA,"Labette"
"02198",NA,"Prince of Wales-Hyder"
"51193",1493.6533203125,"Westmoreland"
"23027",1219.90356445312,"Waldo"
"47025",1515.16845703125,"Claiborne"
"05085",1837.134765625,"Lonoke"
"17065",NA,"Hamilton"
"18109",1648.23803710938,"Morgan"
"40039",2538.55297851562,"Custer"
"31149",NA,"Rock"
"37001",1147.80090332031,"Alamance"
"46135",1913.59423828125,"Yankton"
"17127",2012.14709472656,"Massac"
"55061",1184.58093261719,"Kewaunee"
"46107",NA,"Potter"
"21049",1545.279296875,"Clark"
"13233",1753.14001464844,"Polk"
"18145",1599.0546875,"Shelby"
"22111",1369.68469238281,"Union"
"35029",1291.71057128906,"Luna"
"18171",1533.16613769531,"Warren"
"27045",1859.84973144531,"Fillmore"
"31147",2033.5654296875,"Richardson"
"26077",2164.2353515625,"Kalamazoo"
"02230",NA,"Skagway"
"26115",1942.86181640625,"Monroe"
"39165",1612.85205078125,"Warren"
"29211",NA,"Sullivan"
"26037",1999.94213867188,"Clinton"
"01051",1724.37536621094,"Elmore"
"37197",1203.95617675781,"Yadkin"
"12055",2021.19750976562,"Highlands"
"12111",2562.80688476562,"St. Lucie"
"40041",2230.24487304688,"Delaware"
"39103",1285.89709472656,"Medina"
"19055",1689.44201660156,"Delaware"
"39109",1292.70251464844,"Miami"
"01031",2108.3701171875,"Coffee"
"48251",2172.88232421875,"Johnson"
"48291",2538.10278320312,"Liberty"
"54097",1413.53161621094,"Upshur"
"55059",1508.56945800781,"Kenosha"
"31115",NA,"Loup"
"16005",1182.12683105469,"Bannock"
"45087",1366.20568847656,"Union"
"20165",NA,"Rush"
"37111",1231.76928710938,"McDowell"
"36083",2085.3466796875,"Rensselaer"
"23001",988.515930175781,"Androscoggin"
"19073",1546.73901367188,"Greene"
"48125",NA,"Dickens"
"26085",1770.232421875,"Lake"
"27017",1789.24768066406,"Carlton"
"20025",NA,"Clark"
"26061",1520.48046875,"Houghton"
"39079",1455.22216796875,"Jackson"
"37081",1295.37243652344,"Guilford"
"28075",1992.18920898438,"Lauderdale"
"22009",1444.79016113281,"Avoyelles"
"21217",1819.78039550781,"Taylor"
"18141",1241.14709472656,"St. Joseph"
"51630",1633.34814453125,"Fredericksburg"
"13031",1799.97143554688,"Bulloch"
"19083",1739.88745117188,"Hardin"
"13037",NA,"Calhoun"
"48361",2188.080078125,"Orange"
"08111",1799.76953125,"San Juan"
"51085",1399.49584960938,"Hanover"
"21053",1865.67395019531,"Clinton"
"39147",1262.09033203125,"Seneca"
"17191",2035.65466308594,"Wayne"
"51036",1612.27685546875,"Charles City"
"21065",NA,"Estill"
"21075",1833.013671875,"Fulton"
"06107",1263.54504394531,"Tulare"
"19011",1598.39111328125,"Benton"
"17169",NA,"Schuyler"
"38023",NA,"Divide"
"21203",1605.64318847656,"Rockcastle"
"47029",1542.06408691406,"Cocke"
"21215",1918.61157226562,"Spencer"
"38007",NA,"Billings"
"48259",2464.94482421875,"Kendall"
"55051",1228.75366210938,"Iron"
"47053",1648.69995117188,"Gibson"
"45027",1755.53283691406,"Clarendon"
"20007",NA,"Barber"
"33007",1574.78930664062,"Coos"
"17077",2171.47631835938,"Jackson"
"37187",2302.38330078125,"Washington"
"06071",1545.28198242188,"San Bernardino"
"17035",1537.95397949219,"Cumberland"
"12011",4455.87548828125,"Broward"
"13195",1596.75830078125,"Madison"
"48305",2756.85278320312,"Lynn"
"48329",2097.80712890625,"Midland"
"29123",1556.32055664062,"Madison"
"08041",2416.75146484375,"El Paso"
"22083",1425.11059570312,"Richland"
"08119",2516.64184570312,"Teller"
"40139",2155.8349609375,"Texas"
"18165",1718.53247070312,"Vermillion"
"38025",1838.94799804688,"Dunn"
"30017",2255.94897460938,"Custer"
"17017",1650.80932617188,"Cass"
"42055",951.825988769531,"Franklin"
"21123",2494.0771484375,"Larue"
"35025",2296.0634765625,"Lea"
"01091",1989.19299316406,"Marengo"
"21061",1809.37719726562,"Edmonson"
"31041",2134.443359375,"Custer"
"48139",2049.0654296875,"Ellis"
"55077",1423.83276367188,"Marquette"
"20011",2075.80786132812,"Bourbon"
"27113",1585.59436035156,"Pennington"
"23017",1215.29614257812,"Oxford"
"36071",1978.95153808594,"Orange"
"22103",3046.33666992188,"St. Tammany"
"31145",2351.65698242188,"Red Willow"
"36031",1313.37487792969,"Essex"
"29213",1840.86743164062,"Taney"
"48379",2183.34375,"Rains"
"36023",1327.55187988281,"Cortland"
"48343",2460.58911132812,"Morris"
"36001",1526.37438964844,"Albany"
"51113",1378.12585449219,"Madison"
"51157",1621.12365722656,"Rappahannock"
"48395",2113.302734375,"Robertson"
"40077",2168.40307617188,"Latimer"
"21151",1602.04528808594,"Madison"
"42067",1039.77038574219,"Juniata"
"29107",1933.57458496094,"Lafayette"
"26093",2117.8642578125,"Livingston"
"29135",1841.62353515625,"Moniteau"
"36005",2444.55004882812,"Bronx"
"31123",2349.68798828125,"Morrill"
"05023",1796.62683105469,"Cleburne"
"05089",1674.04016113281,"Marion"
"36081",2101.60791015625,"Queens"
"01121",1813.04565429688,"Talladega"
"18105",1657.25012207031,"Monroe"
"31073",NA,"Gosper"
"45009",1735.37182617188,"Bamberg"
"48409",2300.87915039062,"San Patricio"
"21229",1608.76281738281,"Washington"
"41001",1049.61645507812,"Baker"
"01089",2053.43310546875,"Madison"
"38079",NA,"Rolette"
"28031",2503.29370117188,"Covington"
"28151",2286.4658203125,"Washington"
"46129",1878.09729003906,"Walworth"
"48439",2160.28173828125,"Tarrant"
"39053",1618.02941894531,"Gallia"
"39111",1276.94360351562,"Monroe"
"42051",1045.81372070312,"Fayette"
"28053",NA,"Humphreys"
"51021",1048.61840820312,"Bland"
"39051",1446.30139160156,"Fulton"
"12109",2359.7431640625,"St. Johns"
"13017",1743.140625,"Ben Hill"
"01123",1836.13391113281,"Tallapoosa"
"48147",2068.80541992188,"Fannin"
"35005",2003.90100097656,"Chaves"
"26103",1741.759765625,"Marquette"
"29195",1625.96813964844,"Saline"
"34033",1736.96520996094,"Salem"
"17009",NA,"Brown"
"19195",1453.02307128906,"Worth"
"09110",NA,"Capitol"
"28139",1794.02490234375,"Tippah"
"01085",2221.38696289062,"Lowndes"
"16045",1308.09729003906,"Gem"
"27043",1764.37341308594,"Faribault"
"21019",1882.73364257812,"Boyd"
"54069",1371.46813964844,"Ohio"
"28143",1989.04895019531,"Tunica"
"41037",1441.24963378906,"Lake"
"22043",1140.59350585938,"Grant"
"21165",NA,"Menifee"
"39057",1678.25549316406,"Greene"
"19169",1557.61315917969,"Story"
"54003",1260.78625488281,"Berkeley"
"01093",1874.60083007812,"Marion"
"55021",1518.66821289062,"Columbia"
"36009",1371.88403320312,"Cattaraugus"
"26025",1894.48596191406,"Calhoun"
"39015",1447.92834472656,"Brown"
"47141",1426.03771972656,"Putnam"
"39171",1173.23046875,"Williams"
"38027",NA,"Eddy"
"17173",1582.6005859375,"Shelby"
"48081",1826.46313476562,"Coke"
"47137",1580.27038574219,"Pickett"
"37167",1328.16174316406,"Stanly"
"48099",1443.28149414062,"Coryell"
"17029",1478.45300292969,"Coles"
"47153",2103.53857421875,"Sequatchie"
"19053",1764.45104980469,"Decatur"
"21127",1958.15698242188,"Lawrence"
"46059",NA,"Hand"
"42037",1209.28332519531,"Columbia"
"29009",1826.25256347656,"Barry"
"41069",NA,"Wheeler"
"29041",1823.61254882812,"Chariton"
"51119",1651.38818359375,"Middlesex"
"50023",1560.49865722656,"Washington"
"13075",1690.09350585938,"Cook"
"51195",1374.90246582031,"Wise"
"45007",1408.103515625,"Anderson"
"72101",NA,"Morovis"
"47061",1528.52478027344,"Grundy"
"18161",1545.26928710938,"Union"
"26073",2072.47509765625,"Isabella"
"05055",1645.27661132812,"Greene"
"20133",NA,"Neosho"
"41021",1228.74108886719,"Gilliam"
"08017",NA,"Cheyenne"
"17187",1571.24670410156,"Warren"
"22063",1891.2451171875,"Livingston"
"26119",1692.181640625,"Montmorency"
"18015",1689.02648925781,"Carroll"
"26047",1410.61047363281,"Emmet"
"72095",NA,"Maunabo"
"18169",1266.33520507812,"Wabash"
"26075",1800.82788085938,"Jackson"
"49031",NA,"Piute"
"37183",1700.6953125,"Wake"
"37123",1624.08581542969,"Montgomery"
"37165",1843.8544921875,"Scotland"
"17061",1818.58508300781,"Greene"
"06009",2319.20434570312,"Calaveras"
"21031",1583.03796386719,"Butler"
"38005",NA,"Benson"
"19009",1586.33349609375,"Audubon"
"72053",NA,"Fajardo"
"20045",2082.0966796875,"Douglas"
"37189",1533.21325683594,"Watauga"
"30103",NA,"Treasure"
"55121",1753.99755859375,"Trempealeau"
"40011",2320.79150390625,"Blaine"
"72047",NA,"Corozal"
"47067",1572.23608398438,"Hancock"
"55033",1660.33251953125,"Dunn"
"37059",1330.46630859375,"Davie"
"05019",1873.97326660156,"Clark"
"40023",2366.51904296875,"Choctaw"
"05063",1818.81213378906,"Independence"
"20195",NA,"Trego"
"21077",1593.30187988281,"Gallatin"
"20177",1951.44262695312,"Shawnee"
"19171",1519.52026367188,"Tama"
"29019",1708.75952148438,"Boone"
"19115",1611.2470703125,"Louisa"
"20039",NA,"Decatur"
"45091",1582.74279785156,"York"
"55005",1520.06140136719,"Barron"
"22021",1593.69360351562,"Caldwell"
"22037",1916.46496582031,"East Feliciana"
"46009",NA,"Bon Homme"
"47073",1265.22827148438,"Hawkins"
"45033",1737.85168457031,"Dillon"
"45037",1690.39965820312,"Edgefield"
"29027",1741.27734375,"Callaway"
"47113",1640.60424804688,"Madison"
"56001",1711.65270996094,"Albany"
"51029",1299.28918457031,"Buckingham"
"12045",3021.775390625,"Gulf"
"13315",2002.44763183594,"Wilcox"
"05131",1716.96911621094,"Sebastian"
"05129",1850.39465332031,"Searcy"
"22019",1910.57641601562,"Calcasieu"
"40079",1955.13928222656,"Le Flore"
"21187",1800.08935546875,"Owen"
"38075",1820.56579589844,"Renville"
"27125",1442.166015625,"Red Lake"
"40095",2354.36328125,"Marshall"
"72121",NA,"Sabana Grande"
"24005",1604.91015625,"Baltimore"
"28055",NA,"Issaquena"
"39083",1485.96716308594,"Knox"
"51175",1523.80200195312,"Southampton"
"55011",1483.11462402344,"Buffalo"
"22065",NA,"Madison"
"51800",1991.03967285156,"Suffolk"
"28051",2066.89404296875,"Holmes"
"72001",NA,"Adjuntas"
"72029",NA,"Canóvanas"
"72043",NA,"Coamo"
"45063",1438.43188476562,"Lexington"
"55105",1375.71069335938,"Rock"
"56023",1293.66516113281,"Lincoln"
"53013",1548.54638671875,"Columbia"
"27117",1958.50390625,"Pipestone"
"51099",1536.38220214844,"King George"
"29043",1885.7177734375,"Christian"
"01011",2429.76684570312,"Bullock"
"13237",1901.65356445312,"Putnam"
"40007",3062.13208007812,"Beaver"
"31043",2028.41650390625,"Dakota"
"05105",1734.07446289062,"Perry"
"48351",2200.51416015625,"Newton"
"29039",1764.05419921875,"Cedar"
"31049",NA,"Deuel"
"41071",1075.29028320312,"Yamhill"
"20079",1993.41345214844,"Harvey"
"27159",1733.94934082031,"Wadena"
"44001",2875.80102539062,"Bristol"
"47135",1812.95141601562,"Perry"
"34039",1810.40979003906,"Union"
"29147",1566.01086425781,"Nodaway"
"27095",1983.63317871094,"Mille Lacs"
"20071",NA,"Greeley"
"13141",1892.38586425781,"Hancock"
"12037",4538.99609375,"Franklin"
"12117",2518.29223632812,"Seminole"
"28157",NA,"Wilkinson"
"05121",1661.22961425781,"Randolph"
"26019",NA,"Benzie"
"40045",3449.26953125,"Ellis"
"54071",NA,"Pendleton"
"29209",2011.02490234375,"Stone"
"29029",2003.66369628906,"Camden"
"38097",1900.13012695312,"Traill"
"42005",887.074340820312,"Armstrong"
"20013",1637.77978515625,"Brown"
"18129",1652.12487792969,"Posey"
"08029",1247.90454101562,"Delta"
"13231",1822.11474609375,"Pike"
"13319",1829.833984375,"Wilkinson"
"39115",1616.49816894531,"Morgan"
"46121",NA,"Todd"
"30021",1729.90222167969,"Dawson"
"20091",2282.28100585938,"Johnson"
"20153",NA,"Rawlins"
"20127",NA,"Morris"
"48445",2363.4384765625,"Terry"
"13171",1725.47583007812,"Lamar"
"13199",1855.27551269531,"Meriwether"
"39143",1316.00854492188,"Sandusky"
"48353",2305.96923828125,"Nolan"
"22089",2669.46801757812,"St. Charles"
"13277",1701.33386230469,"Tift"
"38089",1934.28540039062,"Stark"
"32009",NA,"Esmeralda"
"28089",2433.34765625,"Madison"
"55063",1369.56811523438,"La Crosse"
"72041",NA,"Cidra"
"29177",1874.39111328125,"Ray"
"31037",2117.41943359375,"Colfax"
"45041",1634.61303710938,"Florence"
"54001",1547.94030761719,"Barbour"
"13287",2130.14428710938,"Turner"
"37089",1354.85815429688,"Henderson"
"17183",1478.24304199219,"Vermilion"
"37129",3004.1904296875,"New Hanover"
"21071",1647.13720703125,"Floyd"
"48211",NA,"Hemphill"
"20077",2006.89697265625,"Harper"
"27093",1890.29260253906,"Meeker"
"27059",2153.9365234375,"Isanti"
"27143",2048.748046875,"Sibley"
"28121",1939.9912109375,"Rankin"
"37003",1163.73547363281,"Alexander"
"39001",1610.66479492188,"Adams"
"38017",1710.50891113281,"Cass"
"06031",1229.85961914062,"Kings"
"04019",1125.0146484375,"Pima"
"05125",1766.47546386719,"Saline"
"41047",1081.67907714844,"Marion"
"23005",1161.84912109375,"Cumberland"
"48363",2580.39575195312,"Palo Pinto"
"41035",1096.18994140625,"Klamath"
"05059",1805.74291992188,"Hot Spring"
"08059",2603.28149414062,"Jefferson"
"04001",1334.28601074219,"Apache"
"12083",1642.62268066406,"Marion"
"25005",1889.04748535156,"Bristol"
"49015",NA,"Emery"
"22117",1713.50390625,"Washington"
"40089",2176.21411132812,"McCurtain"
"29171",2107.80786132812,"Putnam"
"35061",1894.15612792969,"Valencia"
"30049",1710.69409179688,"Lewis and Clark"
"24047",1903.67456054688,"Worcester"
"47157",2017.85437011719,"Shelby"
"56043",1368.28149414062,"Washakie"
"39061",1486.66320800781,"Hamilton"
"51199",1871.95642089844,"York"
"04007",1231.30603027344,"Gila"
"05049",1784.54162597656,"Fulton"
"13051",2709.5673828125,"Chatham"
"30059",2085.72045898438,"Meagher"
"29035",NA,"Carter"
"28137",1931.34912109375,"Tate"
"72075",NA,"Juana Díaz"
"17015",1577.73095703125,"Carroll"
"12121",2012.99133300781,"Suwannee"
"17121",1767.76696777344,"Marion"
"13221",1586.52819824219,"Oglethorpe"
"35041",2225.68115234375,"Roosevelt"
"16013",1673.32836914062,"Blaine"
"35006",1227.09619140625,"Cibola"
"18025",1611.16357421875,"Crawford"
"47027",1355.82800292969,"Clay"
"30063",1590.50366210938,"Missoula"
"32003",1157.53125,"Clark"
"22033",1833.87243652344,"East Baton Rouge"
"12039",1931.46618652344,"Gadsden"
"12091",2641.66015625,"Okaloosa"
"06033",1941.25341796875,"Lake"
"42021",882.230529785156,"Cambria"
"48437",2045.04675292969,"Swisher"
"08045",1665.91333007812,"Garfield"
"17075",1624.75622558594,"Iroquois"
"01067",1913.12329101562,"Henry"
"05135",1612.83276367188,"Sharp"
"48273",2146.19140625,"Kleberg"
"51153",1244.69982910156,"Prince William"
"51097",1461.84143066406,"King and Queen"
"16021",1396.03210449219,"Boundary"
"37119",1546.27624511719,"Mecklenburg"
"36069",1435.11437988281,"Ontario"
"72091",NA,"Manatí"
"28105",1975.03369140625,"Oktibbeha"
"34003",2159.27490234375,"Bergen"
"06053",1619.59313964844,"Monterey"
"38051",NA,"McIntosh"
"26029",2174.837890625,"Charlevoix"
"38095",NA,"Towner"
"13205",1937.84436035156,"Mitchell"
"02105",NA,"Hoonah-Angoon"
"08057",1212.88562011719,"Jackson"
"30027",1781.06518554688,"Fergus"
"48065",2108.0361328125,"Carson"
"21147",1601.626953125,"McCreary"
"72059",NA,"Guayanilla"
"48401",1505.40063476562,"Rusk"
"01057",1999.56237792969,"Fayette"
"42081",916.5068359375,"Lycoming"
"05001",1610.14624023438,"Arkansas"
"48085",2478.75634765625,"Collin"
"37051",1719.93127441406,"Cumberland"
"25001",2348.51489257812,"Barnstable"
"29143",1874.658203125,"New Madrid"
"42107",1089.46105957031,"Schuylkill"
"09160",NA,"Northwest Hills"
"30079",NA,"Prairie"
"54041",1424.36059570312,"Lewis"
"49047",1082.94799804688,"Uintah"
"41057",1364.84790039062,"Tillamook"
"16077",1534.64709472656,"Power"
"48419",2320.1533203125,"Shelby"
"06083",1501.341796875,"Santa Barbara"
"20131",NA,"Nemaha"
"06063",2017.33166503906,"Plumas"
"12105",2083.78540039062,"Polk"
"12119",1620.07861328125,"Sumter"
"39159",1599.6953125,"Union"
"45089",1814.08410644531,"Williamsburg"
"30097",1645.39733886719,"Sweet Grass"
"18005",1420.45227050781,"Bartholomew"
"22101",2657.94018554688,"St. Mary"
"16053",1184.76135253906,"Jerome"
"51091",1486.42541503906,"Highland"
"06005",2200.7646484375,"Amador"
"06013",1938.40075683594,"Contra Costa"
"12123",2156.66333007812,"Taylor"
"46071",NA,"Jackson"
"45081",1477.70434570312,"Saluda"
"56009",1894.68542480469,"Converse"
"51610",2968.6279296875,"Falls Church"
"13049",1757.87609863281,"Charlton"
"47097",1777.16394042969,"Lauderdale"
"06049",1631.81262207031,"Modoc"
"51079",1414.97229003906,"Greene"
"15005",NA,"Kalawao"
"45019",3431.875,"Charleston"
"01077",1715.22875976562,"Lauderdale"
"17109",1423.95788574219,"McDonough"
"41039",1069.43957519531,"Lane"
"44007",1705.10864257812,"Providence"
"50009",1728.65966796875,"Essex"
"21155",1508.47216796875,"Marion"
"54067",1179.29321289062,"Nicholas"
"51181",1504.33178710938,"Surry"
"56035",1449.57641601562,"Sublette"
"26021",1875.62658691406,"Berrien"
"12086",4659.0712890625,"Miami-Dade"
"02100",1114.49658203125,"Haines"
"39031",1351.94519042969,"Coshocton"
"13259",1996.24035644531,"Stewart"
"41045",1192.33032226562,"Malheur"
"13317",1598.13195800781,"Wilkes"
"33009",1959.04345703125,"Grafton"
"08069",2058.0849609375,"Larimer"
"39113",1438.27661132812,"Montgomery"
"08077",1160.80895996094,"Mesa"
"13035",1843.53149414062,"Butts"
"01101",1761.22607421875,"Montgomery"
"51087",1352.65832519531,"Henrico"
"50001",1746.53759765625,"Addison"
"46061",NA,"Hanson"
"26035",1918.18908691406,"Clare"
"47129",1491.37414550781,"Morgan"
"37157",1119.82641601562,"Rockingham"
"39125",1360.07385253906,"Paulding"
"48461",NA,"Upton"
"48189",1937.32409667969,"Hale"
"46045",NA,"Edmunds"
"55025",1525.37866210938,"Dane"
"21087",1984.36608886719,"Green"
"41053",1055.99243164062,"Polk"
"45045",1385.22448730469,"Greenville"
"54043",1725.07458496094,"Lincoln"
"72063",NA,"Gurabo"
"51143",1170.35998535156,"Pittsylvania"
"21015",1656.85717773438,"Boone"
"02275",NA,"Wrangell"
"48167",2525.46411132812,"Galveston"
"53047",1775.74487304688,"Okanogan"
"53005",1407.7353515625,"Benton"
"56007",1339.55212402344,"Carbon"
"49017",1259.72045898438,"Garfield"
"30043",1801.49914550781,"Jefferson"
"29037",2029.39514160156,"Cass"
"48215",1515.92602539062,"Hidalgo"
"08109",1705.69152832031,"Saguache"
"48061",1643.43969726562,"Cameron"
"39013",1249.42260742188,"Belmont"
"02060",NA,"Bristol Bay"
"18133",1629.60852050781,"Putnam"
"22013",1216.20263671875,"Bienville"
"29065",1918.93383789062,"Dent"
"35055",1668.0810546875,"Taos"
"35017",1238.00280761719,"Grant"
"51177",1450.64050292969,"Spotsylvania"
"37131",1770.26831054688,"Northampton"
"48083",NA,"Coleman"
"12021",3401.68676757812,"Collier"
"49029",1428.82006835938,"Morgan"
"48355",2181.8759765625,"Nueces"
"55101",1507.33361816406,"Racine"
"30073",1497.08972167969,"Pondera"
"39091",1509.3544921875,"Logan"
"21043",1596.64526367188,"Carter"
"46103",2141.00561523438,"Pennington"
"36049",1469.61364746094,"Lewis"
"06095",1633.70068359375,"Solano"
"23025",1119.74401855469,"Somerset"
"45057",1515.80029296875,"Lancaster"
"51077",1140.578125,"Grayson"
"42077",1195.46948242188,"Lehigh"
"47107",1444.85144042969,"McMinn"
"18061",1605.90380859375,"Harrison"
"08083",1242.54919433594,"Montezuma"
"24029",1531.07287597656,"Kent"
"36011",1615.53393554688,"Cayuga"
"51141",1199.76501464844,"Patrick"
"05043",1901.51293945312,"Drew"
"49051",1541.2275390625,"Wasatch"
"13107",1916.67614746094,"Emanuel"
"37057",1139.45739746094,"Davidson"
"47077",1641.86755371094,"Henderson"
"31177",2735.90551757812,"Washington"
"51003",1511.64770507812,"Albemarle"
"53049",1427.6337890625,"Pacific"
"24015",1501.01428222656,"Cecil"
"17131",1559.92761230469,"Mercer"
"22113",2323.23681640625,"Vermilion"
"18163",1350.57873535156,"Vanderburgh"
"13093",1807.84619140625,"Dooly"
"02158",NA,"Kusilvak"
"48371",1669.7578125,"Pecos"
"06001",2126.7607421875,"Alameda"
"41025",1370.90991210938,"Harney"
"27155",2213.49829101562,"Traverse"
"18021",1656.47241210938,"Clay"
"30053",1663.85681152344,"Lincoln"
"42127",1338.994140625,"Wayne"
"30045",1912.92248535156,"Judith Basin"
"06037",1687.8349609375,"Los Angeles"
"24045",1704.20373535156,"Wicomico"
"48143",2042.9052734375,"Erath"
"48119",1527.26696777344,"Delta"
"06079",1561.04223632812,"San Luis Obispo"
"30033",NA,"Garfield"
"48175",2507.41845703125,"Goliad"
"42119",1191.26000976562,"Union"
"34011",1448.05541992188,"Cumberland"
"16085",1688.27697753906,"Valley"
"12101",2137.88793945312,"Pasco"
"51049",1393.32312011719,"Cumberland"
"51057",1659.85241699219,"Essex"
"55095",1500.15881347656,"Polk"
"56039",2383.96630859375,"Teton"
"42089",1252.05053710938,"Monroe"
"05101",NA,"Newton"
"36091",1887.79968261719,"Saratoga"
"48423",1949.57446289062,"Smith"
"22107",NA,"Tensas"
"22005",1779.40319824219,"Ascension"
"36015",1532.10986328125,"Chemung"
"17049",1796.53662109375,"Effingham"
"47163",1220.39367675781,"Sullivan"
"56011",NA,"Crook"
"27103",1896.57604980469,"Nicollet"
"30013",1574.72326660156,"Cascade"
"37179",1571.45642089844,"Union"
"24037",1783.02062988281,"St. Mary's"
"24039",2010.66760253906,"Somerset"
"24041",2427.15185546875,"Talbot"
"12125",2159.76586914062,"Union"
"72143",NA,"Vega Alta"
"16029",1170.16076660156,"Caribou"
"17135",1597.15563964844,"Montgomery"
"45083",1278.64868164062,"Spartanburg"
"22051",2822.36645507812,"Jefferson"
"36089",1466.13439941406,"St. Lawrence"
"30029",1529.064453125,"Flathead"
"21193",1845.81005859375,"Perry"
"26033",1880.98168945312,"Chippewa"
"35057",1840.57971191406,"Torrance"
"21237",NA,"Wolfe"
"31047",2195.70336914062,"Dawson"
"28125",NA,"Sharkey"
"46041",NA,"Dewey"
"36045",2238.32495117188,"Jefferson"
"08031",2564.98901367188,"Denver"
"30001",1526.00341796875,"Beaverhead"
"37055",3891.71166992188,"Dare"
"46055",NA,"Haakon"
"02066",NA,"Copper River"
"38085",NA,"Sioux"
"31169",2516.13989257812,"Thayer"
"06007",1741.96264648438,"Butte"
"15001",1946.10778808594,"Hawaii"
"45029",1805.02355957031,"Colleton"
"41023",NA,"Grant"
"39133",1244.32629394531,"Portage"
"54089",NA,"Summers"
"53027",1468.79125976562,"Grays Harbor"
"18119",1841.89050292969,"Owen"
"17025",1828.67687988281,"Clay"
"42071",990.496276855469,"Lancaster"
"51047",1497.74328613281,"Culpeper"
"40013",2271.47900390625,"Bryan"
"48185",1827.09326171875,"Grimes"
"06011",1465.26831054688,"Colusa"
"38067",1596.70874023438,"Pembina"
"51005",1213.74499511719,"Alleghany"
"12005",2622.08129882812,"Bay"
"54035",1389.35949707031,"Jackson"
"72037",NA,"Ceiba"
"28091",2474.92016601562,"Marion"
"37011",1511.13549804688,"Avery"
"13169",1844.14770507812,"Jones"
"41055",NA,"Sherman"
"23023",1130.9384765625,"Sagadahoc"
"35015",2488.86743164062,"Eddy"
"23007",1194.24291992188,"Franklin"
"21183",1578.57421875,"Ohio"
"37153",1753.07092285156,"Richmond"
"26159",2592.17724609375,"Van Buren"
"17031",2034.51953125,"Cook"
"72011",NA,"Añasco"
"26049",1935.9521484375,"Genesee"
"40121",2205.28686523438,"Pittsburg"
"06067",1449.27282714844,"Sacramento"
"13185",1584.24987792969,"Lowndes"
"23013",1357.73498535156,"Knox"
"39017",1406.58569335938,"Butler"
"50013",1612.05151367188,"Grand Isle"
"01023",2192.07397460938,"Choctaw"
"53023",1786.62768554688,"Garfield"
"16073",1394.11303710938,"Owyhee"
"28011",2059.72778320312,"Bolivar"
"28037",2518.69213867188,"Franklin"
"21119",NA,"Knott"
"15009",2228.27368164062,"Maui"
"38101",1691.66638183594,"Ward"
"27007",1664.67419433594,"Beltrami"
"40101",2074.00390625,"Muskogee"
"72113",NA,"Ponce"
"30005",1687.68811035156,"Blaine"
"20085",2144.76977539062,"Jackson"
"20069",NA,"Gray"
"13103",1844.80151367188,"Effingham"
"22087",1932.8720703125,"St. Bernard"
"12095",2548.49365234375,"Orange"
"21005",1590.19177246094,"Anderson"
"36043",1344.69128417969,"Herkimer"
"28081",1844.2666015625,"Lee"
"06027",1545.7685546875,"Inyo"
"17067",1580.29699707031,"Hancock"
"02063",NA,"Chugach"
"04009",1262.1865234375,"Graham"
"04012",1151.95690917969,"La Paz"
"48247",NA,"Jim Hogg"
"17097",1967.28857421875,"Lake"
"37199",1303.76635742188,"Yancey"
"38021",1634.9775390625,"Dickey"
"27167",1841.38659667969,"Wilkin"
"26089",2085.07885742188,"Leelanau"
"13063",1745.78393554688,"Clayton"
"30011",NA,"Carter"
"36103",2649.33935546875,"Suffolk"
"49003",1123.80004882812,"Box Elder"
"48293",1671.404296875,"Limestone"
"48229",NA,"Hudspeth"
"27163",2286.2705078125,"Washington"
"42095",1157.20556640625,"Northampton"
"34007",1503.09777832031,"Camden"
"55047",1286.93286132812,"Green Lake"
"29069",1551.76281738281,"Dunklin"
"39105",1393.76684570312,"Meigs"
"04015",1020.24859619141,"Mohave"
"40067",NA,"Jefferson"
"29153",1667.81262207031,"Ozark"
"05117",2014.10314941406,"Prairie"
"02020",1568.56237792969,"Anchorage"
"02070",NA,"Dillingham"
"10005",1554.650390625,"Sussex"
"37035",1172.64221191406,"Catawba"
"48137",NA,"Edwards"
"23031",1177.87158203125,"York"
"48015",1944.14025878906,"Austin"
"46027",1928.34631347656,"Clay"
"54099",1343.45532226562,"Wayne"
"39167",1348.16271972656,"Washington"
"51171",1341.89208984375,"Shenandoah"
"30077",1488.55590820312,"Powell"
"48249",2173.51586914062,"Jim Wells"
"51149",1671.64074707031,"Prince George"
"05041",1573.97045898438,"Desha"
"54081",1254.51550292969,"Raleigh"
"04027",1015.92413330078,"Yuma"
"20183",NA,"Smith"
"22015",2055.70288085938,"Bossier"
"21135",1459.74011230469,"Lewis"
"21139",1592.95971679688,"Livingston"
"21145",2145.15576171875,"McCracken"
"21159",1669.53894042969,"Martin"
"02282",NA,"Yakutat"
"02240",NA,"Southeast Fairbanks"
"06109",2424.12451171875,"Tuolumne"
"33003",1577.84155273438,"Carroll"
"36065",1677.27001953125,"Oneida"
"21105",2485.9931640625,"Hickman"
"16037",1624.50561523438,"Custer"
"05069",1884.73278808594,"Jefferson"
"05083",1478.5283203125,"Logan"
"51620",1332.91760253906,"Franklin"
"42009",980.6650390625,"Bedford"
"39087",1490.08862304688,"Lawrence"
"33015",1900.43774414062,"Rockingham"
"51191",1335.12854003906,"Washington"
"48105",NA,"Crockett"
"37155",2063.3876953125,"Robeson"
"72087",NA,"Loíza"
