"FIPS","mean_premium","n_obs","NAME","StateAbb"
"29227",NA,NA,"Worth","MO"
"31061",NA,NA,"Franklin","NE"
"36013",1321,933,"Chautauqua","NY"
"37181",1630,510,"Vance","NC"
"47183",1849,444,"Weakley","TN"
"44003",2484,3875,"Kent","RI"
"08101",2925,4953,"Pueblo","CO"
"17175",NA,NA,"Stark","IL"
"29169",2206,1716,"Pulaski","MO"
"19151",2075,28,"Pocahontas","IA"
"22039",2373,256,"Evangeline","LA"
"28049",2605,3290,"Hinds","MS"
"28081",2149,1077,"Lee","MS"
"29117",1927,282,"Livingston","MO"
"21083",2563,328,"Graves","KY"
"28037",NA,NA,"Franklin","MS"
"40049",2817,286,"Garvin","OK"
"47083",2075,118,"Houston","TN"
"48189",2462,430,"Hale","TX"
"51830",2246,421,"Williamsburg","VA"
"51595",1785,85,"Emporia","VA"
"51169",1695,152,"Scott","VA"
"55069",1519,306,"Lincoln","WI"
"35043",1700,4905,"Sandoval","NM"
"27065",3061,284,"Kanabec","MN"
"13321",1878,257,"Worth","GA"
"37145",1566,803,"Person","NC"
"31035",2752,49,"Clay","NE"
"31169",2885,26,"Thayer","NE"
"54083",1706,65,"Randolph","WV"
"47077",1915,450,"Henderson","TN"
"72033",NA,NA,"Cataño",NA
"48263",NA,NA,"Kent","TX"
"12081",3670,8346,"Manatee","FL"
"16027",1521,3752,"Canyon","ID"
"17069",NA,NA,"Hardin","IL"
"21117",2386,3847,"Kenton","KY"
"22091",3155,87,"St. Helena","LA"
"27133",2090,237,"Rock","MN"
"29119",2525,213,"McDonald","MO"
"40025",NA,NA,"Cimarron","OK"
"39069",1848,180,"Henry","OH"
"47151",1870,156,"Scott","TN"
"06011",1669,616,"Colusa","CA"
"13063",2454,6761,"Clayton","GA"
"13057",2574,9701,"Cherokee","GA"
"18065",1955,751,"Henry","IN"
"20101",NA,NA,"Lane","KS"
"21215",2320,730,"Spencer","KY"
"19037",1759,57,"Chickasaw","IA"
"27005",2496,631,"Becker","MN"
"29085",NA,NA,"Hickory","MO"
"27061",2258,847,"Itasca","MN"
"36037",1376,758,"Genesee","NY"
"31143",2740,43,"Polk","NE"
"40097",2735,554,"Mayes","OK"
"46025",NA,NA,"Clark","SD"
"48499",2270,505,"Wood","TX"
"48393",NA,NA,"Roberts","TX"
"54105",NA,NA,"Wirt","WV"
"72061",NA,NA,"Guaynabo",NA
"18095",1731,2408,"Madison","IN"
"01059",2173,236,"Franklin","AL"
"06075",3609,3310,"San Francisco","CA"
"13047",1944,2100,"Catoosa","GA"
"19191",2239,36,"Winneshiek","IA"
"28093",2594,582,"Marshall","MS"
"28087",2329,898,"Lowndes","MS"
"29181",NA,NA,"Ripley","MO"
"36115",1538,916,"Washington","NY"
"46027",3054,172,"Clay","SD"
"53071",1799,1338,"Walla Walla","WA"
"08087",3648,557,"Morgan","CO"
"17053",2078,106,"Ford","IL"
"19103",2248,1747,"Johnson","IA"
"20015",2943,1681,"Butler","KS"
"21149",2136,69,"McLean","KY"
"22043",1501,181,"Grant","LA"
"28137",2432,483,"Tate","MS"
"28017",2065,33,"Chickasaw","MS"
"36099",1365,204,"Seneca","NY"
"28029",2594,190,"Copiah","MS"
"42075",1323,2874,"Lebanon","PA"
"48353",2767,150,"Nolan","TX"
"51775",1402,1057,"Salem","VA"
"54031",1746,97,"Hardy","WV"
"01029",2224,132,"Cleburne","AL"
"55077",1691,167,"Marquette","WI"
"35015",2791,1339,"Eddy","NM"
"19069",1968,60,"Franklin","IA"
"28111",2808,89,"Perry","MS"
"21207",1945,132,"Russell","KY"
"24047",2323,1533,"Worcester","MD"
"47081",2057,356,"Hickman","TN"
"48217",2721,490,"Hill","TX"
"42045",2467,14402,"Delaware","PA"
"48129",NA,NA,"Donley","TX"
"51135",1744,247,"Nottoway","VA"
"13055",2145,243,"Chattooga","GA"
"19109",2131,77,"Kossuth","IA"
"27027",2326,1530,"Clay","MN"
"36009",1575,496,"Cattaraugus","NY"
"06087",3030,3907,"Santa Cruz","CA"
"24015",1848,3394,"Cecil","MD"
"26021",2151,1870,"Berrien","MI"
"28003",2848,201,"Alcorn","MS"
"29145",2291,1355,"Newton","MO"
"48215",2032,8181,"Hidalgo","TX"
"48403",NA,NA,"Sabine","TX"
"01009",2198,1087,"Blount","AL"
"08013",3940,6138,"Boulder","CO"
"13247",2616,2824,"Rockdale","GA"
"17027",2144,613,"Clinton","IL"
"18055",2113,331,"Greene","IN"
"20027",NA,NA,"Clay","KS"
"21073",2043,935,"Franklin","KY"
"28133",2589,84,"Sunflower","MS"
"31149",NA,NA,"Rock","NE"
"45087",1588,261,"Union","SC"
"47113",2194,2217,"Madison","TN"
"51740",2210,3786,"Portsmouth","VA"
"72101",NA,NA,"Morovis",NA
"51810",2603,16792,"Virginia Beach","VA"
"55049",1866,208,"Iowa","WI"
"17055",2316,262,"Franklin","IL"
"19171",2123,231,"Tama","IA"
"19101",1892,95,"Jefferson","IA"
"20107",NA,NA,"Linn","KS"
"37083",1638,684,"Halifax","NC"
"21155",1642,204,"Marion","KY"
"38069",2228,26,"Pierce","ND"
"17187",1999,121,"Warren","IL"
"46123",2381,28,"Tripp","SD"
"72153",NA,NA,"Yauco",NA
"42131",1542,357,"Wyoming","PA"
"05021",1749,89,"Clay","AR"
"12047",3305,63,"Hamilton","FL"
"18043",2123,2600,"Floyd","IN"
"26057",2938,276,"Gratiot","MI"
"19137",2522,106,"Montgomery","IA"
"27151",2358,186,"Swift","MN"
"27127",2427,205,"Redwood","MN"
"20023",NA,NA,"Cheyenne","KS"
"21087",2180,60,"Green","KY"
"17041",2176,143,"Douglas","IL"
"17095",1749,744,"Knox","IL"
"51590",1365,950,"Danville","VA"
"55065",1988,91,"Lafayette","WI"
"48195",NA,NA,"Hansford","TX"
"48437",2387,44,"Swisher","TX"
"08095",3990,64,"Phillips","CO"
"17067",2056,77,"Hancock","IL"
"26101",2068,179,"Manistee","MI"
"30075",NA,NA,"Powder River","MT"
"31127",2522,89,"Nemaha","NE"
"28059",4079,2496,"Jackson","MS"
"48483",NA,NA,"Wheeler","TX"
"46101",2565,72,"Moody","SD"
"45083",1547,8479,"Spartanburg","SC"
"04025",1618,5945,"Yavapai","AZ"
"13067",3066,23866,"Cobb","GA"
"13043",2539,102,"Candler","GA"
"31075",NA,NA,"Grant","NE"
"19099",2108,858,"Jasper","IA"
"21009",2049,581,"Barren","KY"
"19175",2323,134,"Union","IA"
"26143",1834,354,"Roscommon","MI"
"29151",2241,177,"Osage","MO"
"28085",2991,283,"Lincoln","MS"
"39047",1691,391,"Fayette","OH"
"47177",1932,449,"Warren","TN"
"48227",2218,480,"Howard","TX"
"48151",NA,NA,"Fisher","TX"
"72005",NA,NA,"Aguadilla",NA
"48357",2424,82,"Ochiltree","TX"
"17115",1831,1113,"Macon","IL"
"08025",NA,NA,"Crowley","CO"
"19011",2130,457,"Benton","IA"
"19065",1828,82,"Fayette","IA"
"20133",NA,NA,"Neosho","KS"
"27085",2640,958,"McLeod","MN"
"13021",2141,3455,"Bibb","GA"
"38035",1905,1262,"Grand Forks","ND"
"22001",2874,621,"Acadia","LA"
"17117",2192,352,"Macoupin","IL"
"47173",1720,352,"Union","TN"
"48031",2308,115,"Blanco","TX"
"48331",2239,248,"Milam","TX"
"48067",2533,303,"Cass","TX"
"08103",1551,211,"Rio Blanco","CO"
"17111",2438,8856,"McHenry","IL"
"20129",NA,NA,"Morton","KS"
"26139",1885,3466,"Ottawa","MI"
"35023",NA,NA,"Hidalgo","NM"
"42085",1251,1366,"Mercer","PA"
"13161",2091,133,"Jeff Davis","GA"
"01013",2103,157,"Butler","AL"
"05097",2028,66,"Montgomery","AR"
"08014",3332,1891,"Broomfield","CO"
"13269",2321,94,"Taylor","GA"
"18181",1752,425,"White","IN"
"20031",NA,NA,"Coffey","KS"
"29175",1799,355,"Randolph","MO"
"29187",1995,769,"St. Francois","MO"
"27079",2963,734,"Le Sueur","MN"
"28061",2765,80,"Jasper","MS"
"42043",1296,6228,"Dauphin","PA"
"46057",NA,NA,"Hamlin","SD"
"47105",1782,1331,"Loudon","TN"
"48297",2559,93,"Live Oak","TX"
"51680",1440,2189,"Lynchburg","VA"
"55135",1488,631,"Waupaca","WI"
"54095",NA,NA,"Tyler","WV"
"01093",2279,252,"Marion","AL"
"55061",1543,234,"Kewaunee","WI"
"18137",1921,294,"Ripley","IN"
"20115",NA,NA,"Marion","KS"
"28101",2535,144,"Newton","MS"
"13249",2521,70,"Schley","GA"
"13201",2639,38,"Miller","GA"
"38009",2197,80,"Bottineau","ND"
"51610",3737,551,"Falls Church","VA"
"48493",2478,977,"Wilson","TX"
"42097",1153,942,"Northumberland","PA"
"13179",2664,1907,"Liberty","GA"
"22071",6217,6201,"Orleans","LA"
"29199",NA,NA,"Scotland","MO"
"31083",3136,32,"Harlan","NE"
"36061",8113,80,"New York","NY"
"37169",1398,1160,"Stokes","NC"
"38059",2388,551,"Morton","ND"
"42105",1372,90,"Potter","PA"
"05147",NA,NA,"Woodruff","AR"
"08089",2905,210,"Otero","CO"
"18131",2276,123,"Pulaski","IN"
"19091",2222,82,"Humboldt","IA"
"21239",1966,654,"Woodford","KY"
"20189",NA,NA,"Stevens","KS"
"29025",2266,126,"Caldwell","MO"
"34013",2999,12030,"Essex","NJ"
"31019",3099,624,"Buffalo","NE"
"40037",2874,1215,"Creek","OK"
"41003",1512,1464,"Benton","OR"
"46073",NA,NA,"Jerauld","SD"
"47015",2100,284,"Cannon","TN"
"48441",2376,3296,"Taylor","TX"
"54093",NA,NA,"Tucker","WV"
"50021",1785,550,"Rutland","VT"
"72151",NA,NA,"Yabucoa",NA
"01033",2103,1025,"Colbert","AL"
"08083",1726,659,"Montezuma","CO"
"20097",NA,NA,"Kiowa","KS"
"20209",2290,3677,"Wyandotte","KS"
"21179",2156,1288,"Nelson","KY"
"37103",2411,191,"Jones","NC"
"16055",1679,4653,"Kootenai","ID"
"47043",1972,1233,"Dickson","TN"
"48155",NA,NA,"Foard","TX"
"27097",2490,670,"Morrison","MN"
"51177",1882,5663,"Spotsylvania","VA"
"37025",1741,6211,"Cabarrus","NC"
"42113",1347,34,"Sullivan","PA"
"38045",NA,NA,"LaMoure","ND"
"39083",1723,937,"Knox","OH"
"42117",1432,268,"Tioga","PA"
"51183",1953,258,"Sussex","VA"
"48179",2606,285,"Gray","TX"
"37071",1543,6562,"Gaston","NC"
"31069",NA,NA,"Garden","NE"
"48191",NA,NA,"Hall","TX"
"31023",2695,48,"Butler","NE"
"36111",1969,1936,"Ulster","NY"
"51197",1574,391,"Wythe","VA"
"38091",NA,NA,"Steele","ND"
"05085",2332,2879,"Lonoke","AR"
"05075",1922,179,"Lawrence","AR"
"29161",2116,538,"Phelps","MO"
"26071",1716,75,"Iron","MI"
"27099",2368,991,"Mower","MN"
"36015",1170,793,"Chemung","NY"
"37159",1622,3455,"Rowan","NC"
"48243",NA,NA,"Jeff Davis","TX"
"51520",1655,268,"Bristol","VA"
"48261",NA,NA,"Kenedy","TX"
"01045",2243,1178,"Dale","AL"
"05101",NA,NA,"Newton","AR"
"13193",2422,63,"Macon","GA"
"31091",NA,NA,"Hooker","NE"
"18143",2111,362,"Scott","IN"
"19121",2601,446,"Madison","IA"
"18079",1760,353,"Jennings","IN"
"20135",NA,NA,"Ness","KS"
"21189",NA,NA,"Owsley","KY"
"19075",2110,192,"Grundy","IA"
"27153",2142,382,"Todd","MN"
"28153",2604,111,"Wayne","MS"
"36123",1345,148,"Yates","NY"
"37109",1705,2618,"Lincoln","NC"
"31115",NA,NA,"Loup","NE"
"47119",2164,2705,"Maury","TN"
"48103",2585,32,"Crane","TX"
"48063",2347,142,"Camp","TX"
"51037",1581,131,"Charlotte","VA"
"72125",NA,NA,"San Germán",NA
"54015",NA,NA,"Clay","WV"
"18117",2088,163,"Orange","IN"
"19049",2564,3059,"Dallas","IA"
"19167",2001,97,"Sioux","IA"
"12027",3611,303,"DeSoto","FL"
"21201",NA,NA,"Robertson","KY"
"21029",2010,2771,"Bullitt","KY"
"13157",2320,2281,"Jackson","GA"
"16021",1917,289,"Boundary","ID"
"31071",NA,NA,"Garfield","NE"
"45089",2200,213,"Williamsburg","SC"
"55123",2062,147,"Vernon","WI"
"45069",1718,161,"Marlboro","SC"
"48111",2975,72,"Dallam","TX"
"51670",1781,754,"Hopewell","VA"
"48055",2293,478,"Caldwell","TX"
"41013",1529,464,"Crook","OR"
"29043",2289,2927,"Christian","MO"
"27147",2755,1252,"Steele","MN"
"55037",1579,39,"Florence","WI"
"31185",2947,173,"York","NE"
"17101",2054,35,"Lawrence","IL"
"37187",2533,99,"Washington","NC"
"17009",NA,NA,"Brown","IL"
"08007",2208,281,"Archuleta","CO"
"47189",2150,4496,"Wilson","TN"
"46107",NA,NA,"Potter","SD"
"55015",1490,687,"Calumet","WI"
"18091",1867,2383,"LaPorte","IN"
"36067",1747,8213,"Onondaga","NY"
"19193",2035,2217,"Woodbury","IA"
"49053",1627,4008,"Washington","UT"
"21063",NA,NA,"Elliott","KY"
"19147",1872,82,"Palo Alto","IA"
"17167",2131,1667,"Sangamon","IL"
"35031",1593,241,"McKinley","NM"
"24013",2027,8336,"Carroll","MD"
"37079",1823,251,"Greene","NC"
"47065",2518,11383,"Hamilton","TN"
"17127",2287,79,"Massac","IL"
"47075",2045,251,"Haywood","TN"
"19003",NA,NA,"Adams","IA"
"54077",1613,292,"Preston","WV"
"17165",2143,134,"Saline","IL"
"17163",2484,5390,"St. Clair","IL"
"19019",1943,162,"Buchanan","IA"
"19023",2013,195,"Butler","IA"
"19033",2000,783,"Cerro Gordo","IA"
"21095",2084,85,"Harlan","KY"
"19041",2011,129,"Clay","IA"
"42057",1208,171,"Fulton","PA"
"20037",NA,NA,"Crawford","KS"
"20073",NA,NA,"Greenwood","KS"
"55131",1508,2095,"Washington","WI"
"53021",1566,2177,"Franklin","WA"
"42041",1485,6980,"Cumberland","PA"
"29059",2083,260,"Dallas","MO"
"51133",1990,321,"Northumberland","VA"
"21069",2021,73,"Fleming","KY"
"21079",1889,287,"Garrard","KY"
"31013",2882,187,"Box Butte","NE"
"20057",2494,391,"Ford","KS"
"17077",2656,365,"Jackson","IL"
"12001",2678,5401,"Alachua","FL"
"48177",2120,150,"Gonzales","TX"
"18119",2169,292,"Owen","IN"
"72067",NA,NA,"Hormigueros",NA
"17025",2386,45,"Clay","IL"
"18161",1962,59,"Union","IN"
"42077",1637,7295,"Lehigh","PA"
"42083",1248,195,"McKean","PA"
"29125",2299,100,"Maries","MO"
"26039",2053,164,"Crawford","MI"
"27161",2388,462,"Waseca","MN"
"51683",1827,1355,"Manassas","VA"
"31087",NA,NA,"Hitchcock","NE"
"32011",NA,NA,"Eureka","NV"
"36005",3049,3125,"Bronx","NY"
"31085",NA,NA,"Hayes","NE"
"27105",2272,199,"Nobles","MN"
"39023",1726,2577,"Clark","OH"
"35013",1599,4471,"Doña Ana","NM"
"26161",2872,4387,"Washtenaw","MI"
"31139",2508,68,"Pierce","NE"
"26015",2342,66,"Barry","MI"
"35021",NA,NA,"Harding","NM"
"39065",1665,277,"Hardin","OH"
"05029",2295,239,"Conway","AR"
"01123",2221,561,"Tallapoosa","AL"
"31165",NA,NA,"Sioux","NE"
"55113",1876,170,"Sawyer","WI"
"55125",1621,270,"Vilas","WI"
"55141",1614,626,"Wood","WI"
"38093",2131,251,"Stutsman","ND"
"38099",1987,88,"Walsh","ND"
"39129",1817,1051,"Pickaway","OH"
"39131",1964,188,"Pike","OH"
"46017",NA,NA,"Buffalo","SD"
"39057",1810,3335,"Greene","OH"
"39049",1679,20493,"Franklin","OH"
"29165",2610,3362,"Platte","MO"
"48049",2340,349,"Brown","TX"
"48135",2139,2995,"Ector","TX"
"48235",NA,NA,"Irion","TX"
"49041",1467,270,"Sevier","UT"
"51101",1750,850,"King William","VA"
"53055",2382,277,"San Juan","WA"
"13277",1981,766,"Tift","GA"
"56041",1769,587,"Uinta","WY"
"28067",2361,604,"Jones","MS"
"13071",2080,573,"Colquitt","GA"
"48435",NA,NA,"Sutton","TX"
"55021",1808,731,"Columbia","WI"
"55127",1707,1626,"Walworth","WI"
"51820",1374,752,"Waynesboro","VA"
"32029",1476,122,"Storey","NV"
"72135",NA,NA,"Toa Alta",NA
"72015",NA,NA,"Arroyo",NA
"72137",NA,NA,"Toa Baja",NA
"72149",NA,NA,"Villalba",NA
"26027",2231,623,"Cass","MI"
"12115",3709,11110,"Sarasota","FL"
"20021",NA,NA,"Cherokee","KS"
"45041",2014,2927,"Florence","SC"
"27017",2230,801,"Carlton","MN"
"13075",1974,283,"Cook","GA"
"13155",2396,91,"Irwin","GA"
"48065",2649,101,"Carson","TX"
"38027",NA,NA,"Eddy","ND"
"20005",NA,NA,"Atchison","KS"
"51600",2749,812,"Fairfax","VA"
"51640",1143,61,"Galax","VA"
"20013",NA,NA,"Brown","KS"
"29205",NA,NA,"Shelby","MO"
"51690",1450,249,"Martinsville","VA"
"19001",1993,84,"Adair","IA"
"48221",3080,1271,"Hood","TX"
"12015",3901,5127,"Charlotte","FL"
"13077",2347,5356,"Coweta","GA"
"17011",2000,263,"Bureau","IL"
"39173",1681,1946,"Wood","OH"
"48091",2498,2504,"Comal","TX"
"48133",2773,136,"Eastland","TX"
"48497",3201,1550,"Wise","TX"
"17139",2156,93,"Moultrie","IL"
"17029",1869,297,"Coles","IL"
"19067",1873,108,"Floyd","IA"
"20049",NA,NA,"Elk","KS"
"19081",2033,81,"Hancock","IA"
"26045",2445,1631,"Eaton","MI"
"19085",2609,232,"Harrison","IA"
"47159",2041,358,"Smith","TN"
"48117",2343,189,"Deaf Smith","TX"
"26067",2243,680,"Ionia","MI"
"20205",NA,NA,"Wilson","KS"
"20203",NA,NA,"Wichita","KS"
"48125",NA,NA,"Dickens","TX"
"49031",NA,NA,"Piute","UT"
"26081",1750,9105,"Kent","MI"
"37085",2192,4208,"Harnett","NC"
"37183",2126,38099,"Wake","NC"
"26107",NA,NA,"Mecosta","MI"
"27159",2336,175,"Wadena","MN"
"46037",NA,NA,"Day","SD"
"21181",1731,54,"Nicholas","KY"
"26123",2286,462,"Newaygo","MI"
"21197",NA,NA,"Powell","KY"
"47165",2085,5904,"Sumner","TN"
"27051",2223,85,"Grant","MN"
"17049",2293,143,"Effingham","IL"
"17061",2442,47,"Greene","IL"
"21013",1889,55,"Bell","KY"
"27003",3007,13142,"Anoka","MN"
"27015",2397,376,"Brown","MN"
"42001",1278,2857,"Adams","PA"
"46013",2398,591,"Brown","SD"
"46083",3213,1586,"Lincoln","SD"
"40093",3055,69,"Major","OK"
"46005",NA,NA,"Beadle","SD"
"21033",2167,117,"Caldwell","KY"
"47017",1966,287,"Carroll","TN"
"46111",NA,NA,"Sanborn","SD"
"42015",1301,479,"Bradford","PA"
"37087",1865,1437,"Haywood","NC"
"48017",2588,44,"Bailey","TX"
"46019",NA,NA,"Butte","SD"
"47063",1484,1281,"Hamblen","TN"
"48025",2369,190,"Bee","TX"
"46059",NA,NA,"Hand","SD"
"42029",2259,14816,"Chester","PA"
"46099",2557,4553,"Minnehaha","SD"
"49001",1354,110,"Beaver","UT"
"27073",2638,85,"Lac qui Parle","MN"
"42037",1429,631,"Columbia","PA"
"47101",1981,203,"Lewis","TN"
"31033",3017,163,"Cheyenne","NE"
"51003",2118,3447,"Albemarle","VA"
"56003",1950,126,"Big Horn","WY"
"55089",1692,1552,"Ozaukee","WI"
"47161",2213,300,"Stewart","TN"
"55099",1780,69,"Price","WI"
"45059",1764,1022,"Laurens","SC"
"45063",1746,8638,"Lexington","SC"
"56019",2390,305,"Johnson","WY"
"55119",NA,NA,"Taylor","WI"
"51089",1356,935,"Henry","VA"
"44005",3196,1176,"Newport","RI"
"48447",NA,NA,"Throckmorton","TX"
"19107",2039,38,"Keokuk","IA"
"17203",2087,386,"Woodford","IL"
"13187",2396,876,"Lumpkin","GA"
"39161",1533,231,"Van Wert","OH"
"12043",3801,146,"Glades","FL"
"12051",3555,358,"Hendry","FL"
"48469",2492,1737,"Victoria","TX"
"48481",2858,435,"Wharton","TX"
"13219",2387,1606,"Oconee","GA"
"13225",2215,630,"Peach","GA"
"13237",2310,429,"Putnam","GA"
"13165",2481,33,"Jenkins","GA"
"48239",2523,150,"Jackson","TX"
"24009",2351,4206,"Calvert","MD"
"13245",2021,5408,"Richmond","GA"
"13283",NA,NA,"Treutlen","GA"
"13273",2454,68,"Terrell","GA"
"13289",2077,94,"Twiggs","GA"
"20077",2309,54,"Harper","KS"
"05025",2019,94,"Cleveland","AR"
"19017",2121,258,"Bremer","IA"
"48219",2412,337,"Hockley","TX"
"17153",NA,NA,"Pulaski","IL"
"39003",1662,804,"Allen","OH"
"40107",NA,NA,"Okfuskee","OK"
"27165",2555,111,"Watonwan","MN"
"27149",2657,116,"Stevens","MN"
"39067",1631,106,"Harrison","OH"
"28083",2522,137,"Leflore","MS"
"29039",2134,206,"Cedar","MO"
"31155",3557,482,"Saunders","NE"
"31049",NA,NA,"Deuel","NE"
"27141",3261,3734,"Sherburne","MN"
"48345",NA,NA,"Motley","TX"
"13307",NA,NA,"Webster","GA"
"13311",2237,641,"White","GA"
"41053",1384,2216,"Polk","OR"
"13167",2045,50,"Johnson","GA"
"55057",1901,240,"Juneau","WI"
"55073",1527,1262,"Marathon","WI"
"55053",2091,133,"Jackson","WI"
"72095",NA,NA,"Maunabo",NA
"72009",NA,NA,"Aibonito",NA
"55035",1619,1049,"Eau Claire","WI"
"18003",1526,6973,"Allen","IN"
"20045",2709,2644,"Douglas","KS"
"18033",1634,738,"DeKalb","IN"
"19087",1862,157,"Henry","IA"
"18011",2368,1369,"Boone","IN"
"18097",1845,14576,"Marion","IN"
"19015",2182,577,"Boone","IA"
"39091",2027,587,"Logan","OH"
"29167",2234,743,"Polk","MO"
"19115",1868,74,"Louisa","IA"
"19173",2175,39,"Taylor","IA"
"39029",1686,1212,"Columbiana","OH"
"20065",NA,NA,"Graham","KS"
"45091",1922,8485,"York","SC"
"55019",1705,144,"Clark","WI"
"20123",NA,NA,"Mitchell","KS"
"20157",NA,NA,"Republic","KS"
"20201",NA,NA,"Washington","KS"
"38007",NA,NA,"Billings","ND"
"40149",3002,128,"Washita","OK"
"40101",2426,1068,"Muskogee","OK"
"26035",2008,234,"Clare","MI"
"01027",2240,125,"Clay","AL"
"01037",2280,99,"Coosa","AL"
"37161",1702,1189,"Rutherford","NC"
"40039",2981,522,"Custer","OK"
"05135",1978,270,"Sharp","AR"
"37177",NA,NA,"Tyrrell","NC"
"51035",1193,472,"Carroll","VA"
"19051",3001,52,"Davis","IA"
"01069",2168,2739,"Houston","AL"
"13023",2639,140,"Bleckley","GA"
"20121",2656,1079,"Miami","KS"
"13285",2157,1682,"Troup","GA"
"37131",2113,149,"Northampton","NC"
"08121",NA,NA,"Washington","CO"
"08077",1575,4916,"Mesa","CO"
"48309",2125,3841,"McLennan","TX"
"39117",2166,524,"Morrow","OH"
"20153",NA,NA,"Rawlins","KS"
"17129",2587,92,"Menard","IL"
"39121",1700,66,"Noble","OH"
"20193",NA,NA,"Thomas","KS"
"16057",1858,745,"Latah","ID"
"48367",3180,4246,"Parker","TX"
"39135",1705,660,"Preble","OH"
"13059",2333,2887,"Clarke","GA"
"19143",NA,NA,"Osceola","IA"
"39139",1450,1922,"Richland","OH"
"48391",3532,59,"Refugio","TX"
"17181",2736,72,"Union","IL"
"48401",1990,518,"Rusk","TX"
"19181",2339,1717,"Warren","IA"
"19185",2578,26,"Wayne","IA"
"31059",2976,30,"Fillmore","NE"
"48223",2692,397,"Hopkins","TX"
"48423",2457,3893,"Smith","TX"
"48231",2996,1931,"Hunt","TX"
"36105",1837,874,"Sullivan","NY"
"48313",2629,122,"Madison","TX"
"51187",1807,2061,"Warren","VA"
"36017",1586,413,"Chenango","NY"
"48477",2432,444,"Washington","TX"
"48291",2922,1096,"Liberty","TX"
"01103",2223,3239,"Morgan","AL"
"40147",2408,920,"Washington","OK"
"51079",1685,739,"Greene","VA"
"42125",1501,4228,"Washington","PA"
"01105",NA,NA,"Perry","AL"
"54051",1389,411,"Marshall","WV"
"01107",2000,146,"Pickens","AL"
"51069",1760,3713,"Frederick","VA"
"54065",1582,415,"Morgan","WV"
"28053",NA,NA,"Humphreys","MS"
"29063",2070,151,"DeKalb","MO"
"29197",NA,NA,"Schuyler","MO"
"51063",1636,377,"Floyd","VA"
"54049",1419,778,"Marion","WV"
"54033",1450,847,"Harrison","WV"
"39051",1645,492,"Fulton","OH"
"54021",NA,NA,"Gilmer","WV"
"29049",2383,563,"Clinton","MO"
"47055",1927,568,"Giles","TN"
"72019",NA,NA,"Barranquitas",NA
"54005",1799,134,"Boone","WV"
"72037",NA,NA,"Ceiba",NA
"72051",NA,NA,"Dorado",NA
"28045",4191,638,"Hancock","MS"
"28099",2539,159,"Neshoba","MS"
"26079",2093,160,"Kalkaska","MI"
"05111",2142,262,"Poinsett","AR"
"12035",3110,4241,"Flagler","FL"
"12133",3177,262,"Washington","FL"
"12107",2759,792,"Putnam","FL"
"12117",3605,11617,"Seminole","FL"
"13087",2224,386,"Decatur","GA"
"40119",3066,1393,"Payne","OK"
"28021",NA,NA,"Claiborne","MS"
"46049",NA,NA,"Faulk","SD"
"28035",2663,1085,"Forrest","MS"
"54067",1564,124,"Nicholas","WV"
"72119",NA,NA,"Río Grande",NA
"72099",NA,NA,"Moca",NA
"18135",1856,246,"Randolph","IN"
"54079",1648,1093,"Putnam","WV"
"35049",2225,3267,"Santa Fe","NM"
"13275",2552,813,"Thomas","GA"
"35041",2770,340,"Roosevelt","NM"
"38075",NA,NA,"Renville","ND"
"17057",1742,387,"Fulton","IL"
"28009",2554,44,"Benton","MS"
"49057",1902,9496,"Weber","UT"
"19095",2394,218,"Iowa","IA"
"19047",1782,109,"Crawford","IA"
"72077",NA,NA,"Juncos",NA
"17045",2121,65,"Edgar","IL"
"41033",1608,1749,"Josephine","OR"
"13309",NA,NA,"Wheeler","GA"
"35033",NA,NA,"Mora","NM"
"51678",1472,215,"Lexington","VA"
"38049",1997,49,"McHenry","ND"
"17183",1859,538,"Vermilion","IL"
"20105",NA,NA,"Lincoln","KS"
"01001",2083,1431,"Autauga","AL"
"26091",1886,1407,"Lenawee","MI"
"26001",1563,106,"Alcona","MI"
"19009",2081,45,"Audubon","IA"
"26111",2214,1418,"Midland","MI"
"18183",1747,539,"Whitley","IN"
"20051",3476,353,"Ellis","KS"
"17079",NA,NA,"Jasper","IL"
"26017",1809,1445,"Bay","MI"
"17007",2233,1157,"Boone","IL"
"19043",1810,67,"Clayton","IA"
"18087",1683,343,"LaGrange","IN"
"28033",2264,6139,"DeSoto","MS"
"48053",2671,833,"Burnet","TX"
"28135",NA,NA,"Tallahatchie","MS"
"42093",1322,148,"Montour","PA"
"48413",NA,NA,"Schleicher","TX"
"18039",1645,3105,"Elkhart","IN"
"28109",2932,943,"Pearl River","MS"
"13255",2342,1646,"Spalding","GA"
"19029",1930,231,"Cass","IA"
"21067",2588,6179,"Fayette","KY"
"48085",3604,24252,"Collin","TX"
"54063",NA,NA,"Monroe","WV"
"51121",1824,2570,"Montgomery","VA"
"19045",1915,443,"Clinton","IA"
"36003",1400,232,"Allegany","NY"
"46047",3326,126,"Fall River","SD"
"13085",2421,988,"Dawson","GA"
"18067",1734,1688,"Howard","IN"
"20081",NA,NA,"Haskell","KS"
"48397",3629,3372,"Rockwall","TX"
"48185",2834,318,"Grimes","TX"
"20091",2869,19832,"Johnson","KS"
"38015",2525,2067,"Burleigh","ND"
"46029",2412,552,"Codington","SD"
"48507",NA,NA,"Zavala","TX"
"20075",NA,NA,"Hamilton","KS"
"38001",NA,NA,"Adams","ND"
"01031",2335,1905,"Coffee","AL"
"19165",2388,114,"Shelby","IA"
"26093",2558,3723,"Livingston","MI"
"48473",2805,865,"Waller","TX"
"72043",NA,NA,"Coamo",NA
"38039",NA,NA,"Griggs","ND"
"13111",2528,590,"Fannin","GA"
"26013",NA,NA,"Baraga","MI"
"19063",1859,50,"Emmet","IA"
"55025",1960,4800,"Dane","WI"
"05115",2164,1023,"Pope","AR"
"19005",2072,25,"Allamakee","IA"
"29015",2205,246,"Benton","MO"
"55103",1733,127,"Richland","WI"
"05141",2315,278,"Van Buren","AR"
"22049",2169,152,"Jackson","LA"
"55063",1797,1173,"La Crosse","WI"
"37139",2473,1265,"Pasquotank","NC"
"29067",NA,NA,"Douglas","MO"
"48317",3932,36,"Martin","TX"
"22065",NA,NA,"Madison","LA"
"29101",2322,1438,"Johnson","MO"
"40011",2521,50,"Blaine","OK"
"40015",2774,155,"Caddo","OK"
"08059",3562,15433,"Jefferson","CO"
"29123",1819,106,"Madison","MO"
"48383",NA,NA,"Reagan","TX"
"40137",2795,608,"Stephens","OK"
"29185",2159,89,"St. Clair","MO"
"08047",3516,190,"Gilpin","CO"
"48487",3165,129,"Wilbarger","TX"
"08073",3236,68,"Lincoln","CO"
"41011",1413,1133,"Coos","OR"
"08119",3353,892,"Teller","CO"
"48059",2895,223,"Callahan","TX"
"48259",3112,743,"Kendall","TX"
"48315",2039,83,"Marion","TX"
"40001",NA,NA,"Adair","OK"
"48203",2125,715,"Harrison","TX"
"36095",1650,395,"Schoharie","NY"
"48459",2279,536,"Upshur","TX"
"31067",2764,356,"Gage","NE"
"37129",3669,6758,"New Hanover","NC"
"38063",NA,NA,"Nelson","ND"
"17107",1867,229,"Logan","IL"
"26049",2474,6280,"Genesee","MI"
"37137",3176,260,"Pamlico","NC"
"48343",2741,94,"Morris","TX"
"39041",1883,4185,"Delaware","OH"
"48451",1955,2746,"Tom Green","TX"
"72113",NA,NA,"Ponce",NA
"26043",1594,206,"Dickinson","MI"
"40033",2481,38,"Cotton","OK"
"18105",2122,1966,"Monroe","IN"
"40083",3863,1042,"Logan","OK"
"51710",2461,7443,"Norfolk","VA"
"36023",1534,392,"Cortland","NY"
"48375",2725,1777,"Potter","TX"
"48079",NA,NA,"Cochran","TX"
"16003",1904,51,"Adams","ID"
"40007",3364,22,"Beaver","OK"
"55045",1987,299,"Green","WI"
"18063",2139,3843,"Hendricks","IN"
"18179",1665,490,"Wells","IN"
"28015",2762,22,"Carroll","MS"
"46015",NA,NA,"Brule","SD"
"51510",3080,3156,"Alexandria","VA"
"19117",2355,86,"Lucas","IA"
"20089",NA,NA,"Jewell","KS"
"51025",1598,174,"Brunswick","VA"
"48341",2788,277,"Moore","TX"
"27049",2727,1334,"Goodhue","MN"
"24045",2118,2725,"Wicomico","MD"
"42073",1374,1267,"Lawrence","PA"
"37197",1602,696,"Yadkin","NC"
"46003",NA,NA,"Aurora","SD"
"54001",1685,70,"Barbour","WV"
"37157",1450,2277,"Rockingham","NC"
"48211",NA,NA,"Hemphill","TX"
"46121",NA,NA,"Todd","SD"
"72129",NA,NA,"San Lorenzo",NA
"17121",2276,209,"Marion","IL"
"42059",1527,178,"Greene","PA"
"18069",1653,523,"Huntington","IN"
"42115",1352,343,"Susquehanna","PA"
"27103",2387,831,"Nicollet","MN"
"36001",1853,4435,"Albany","NY"
"20177",2386,3377,"Shawnee","KS"
"48127",NA,NA,"Dimmit","TX"
"48319",NA,NA,"Mason","TX"
"28155",NA,NA,"Webster","MS"
"21223",2109,115,"Trimble","KY"
"12041",2732,258,"Gilchrist","FL"
"01087",2293,67,"Macon","AL"
"40133",2749,155,"Seminole","OK"
"08039",4365,876,"Elbert","CO"
"28051",NA,NA,"Holmes","MS"
"37143",2826,356,"Perquimans","NC"
"31047",3004,313,"Dawson","NE"
"19111",1971,173,"Lee","IA"
"19083",2411,154,"Hardin","IA"
"51093",2363,1677,"Isle of Wight","VA"
"47169",2090,232,"Trousdale","TN"
"17185",NA,NA,"Wabash","IL"
"20093",NA,NA,"Kearny","KS"
"31167",2856,64,"Stanton","NE"
"48099",2067,1842,"Coryell","TX"
"20079",2421,570,"Harvey","KS"
"21219",2844,98,"Todd","KY"
"51049",1700,236,"Cumberland","VA"
"48011",NA,NA,"Armstrong","TX"
"13133",2916,349,"Greene","GA"
"29079",1973,75,"Grundy","MO"
"28069",3129,38,"Kemper","MS"
"26069",1924,231,"Iosco","MI"
"39109",1834,2309,"Miami","OH"
"39149",1620,579,"Shelby","OH"
"05043",2366,178,"Drew","AR"
"72065",NA,NA,"Hatillo",NA
"47035",1726,844,"Cumberland","TN"
"20063",NA,NA,"Gove","KS"
"55005",1837,376,"Barron","WI"
"29203",NA,NA,"Shannon","MO"
"20199",NA,NA,"Wallace","KS"
"51179",2375,5843,"Stafford","VA"
"08003",1796,162,"Alamosa","CO"
"29135",2261,129,"Moniteau","MO"
"51700",2111,5671,"Newport News","VA"
"28129",2695,61,"Smith","MS"
"48041",2356,3465,"Brazos","TX"
"40055",2893,60,"Greer","OK"
"31179",2586,86,"Wayne","NE"
"51097",1919,184,"King and Queen","VA"
"21037",3288,1872,"Campbell","KY"
"48069",NA,NA,"Castro","TX"
"24011",1784,1047,"Caroline","MD"
"17123",2075,135,"Marshall","IL"
"47023",2139,302,"Chester","TN"
"27101",2480,123,"Murray","MN"
"18023",1785,354,"Clinton","IN"
"16051",1937,624,"Jefferson","ID"
"18149",2047,321,"Starke","IN"
"22061",2096,821,"Lincoln","LA"
"31135",NA,NA,"Perkins","NE"
"26073",2416,425,"Isabella","MI"
"38003",1945,141,"Barnes","ND"
"05059",2294,447,"Hot Spring","AR"
"37081",2014,15155,"Guilford","NC"
"19077",2261,148,"Guthrie","IA"
"19027",2055,167,"Carroll","IA"
"26085",1899,76,"Lake","MI"
"26117",2225,83,"Montcalm","MI"
"17047",NA,NA,"Edwards","IL"
"40073",3190,258,"Kingfisher","OK"
"47021",1992,1427,"Cheatham","TN"
"46079",3088,145,"Lake","SD"
"45039",2114,307,"Fairfield","SC"
"31037",2633,79,"Colfax","NE"
"56031",2879,301,"Platte","WY"
"39153",1568,10772,"Summit","OH"
"39025",1646,3703,"Clermont","OH"
"13113",2946,4409,"Fayette","GA"
"08091",2351,158,"Ouray","CO"
"27109",2506,3488,"Olmsted","MN"
"13209",2567,60,"Montgomery","GA"
"39037",1596,474,"Darke","OH"
"12067",NA,NA,"Lafayette","FL"
"48021",2765,1234,"Bastrop","TX"
"50019",1734,171,"Orleans","VT"
"19131",2187,52,"Mitchell","IA"
"47115",1934,480,"Marion","TN"
"37089",1643,2938,"Henderson","NC"
"18111",1930,290,"Newton","IN"
"17105",2106,286,"Livingston","IL"
"13035",2267,599,"Butts","GA"
"16081",2278,223,"Teton","ID"
"13015",2421,3177,"Bartow","GA"
"48051",2385,181,"Burleson","TX"
"54009",1448,220,"Brooke","WV"
"28159",2355,47,"Winston","MS"
"72001",NA,NA,"Adjuntas",NA
"54019",1476,240,"Fayette","WV"
"12045",4266,258,"Gulf","FL"
"53069",1946,111,"Wahkiakum","WA"
"72093",NA,NA,"Maricao",NA
"21237",NA,NA,"Wolfe","KY"
"26147",2289,3262,"St. Clair","MI"
"31039",2744,111,"Cuming","NE"
"38047",NA,NA,"Logan","ND"
"37179",1991,8110,"Union","NC"
"38079",NA,NA,"Rolette","ND"
"13261",2024,416,"Sumter","GA"
"29091",2013,550,"Howell","MO"
"48033",NA,NA,"Borden","TX"
"22083",2108,240,"Richland","LA"
"48207",NA,NA,"Haskell","TX"
"72071",NA,NA,"Isabela",NA
"37063",1841,10941,"Durham","NC"
"55087",1524,2874,"Outagamie","WI"
"48489",2400,81,"Willacy","TX"
"24029",1912,665,"Kent","MD"
"28139",2233,62,"Tippah","MS"
"45025",1905,333,"Chesterfield","SC"
"19179",1876,440,"Wapello","IA"
"29051",2097,1181,"Cole","MO"
"53043",2049,218,"Lincoln","WA"
"48379",3196,142,"Rains","TX"
"40057",NA,NA,"Harmon","OK"
"17005",2373,127,"Bond","IL"
"01111",2280,277,"Randolph","AL"
"13019",2180,281,"Berrien","GA"
"48045",NA,NA,"Briscoe","TX"
"20039",NA,NA,"Decatur","KS"
"55105",1595,2107,"Rock","WI"
"31183",NA,NA,"Wheeler","NE"
"48193",3237,64,"Hamilton","TX"
"20083",NA,NA,"Hodgeman","KS"
"48233",2532,296,"Hutchinson","TX"
"29081",2051,52,"Harrison","MO"
"21035",2717,547,"Calloway","KY"
"20173",2637,12986,"Sedgwick","KS"
"27113",1919,241,"Pennington","MN"
"28013",2446,36,"Calhoun","MS"
"72103",NA,NA,"Naguabo",NA
"20175",2546,338,"Seward","KS"
"56011",NA,NA,"Crook","WY"
"13143",2654,814,"Haralson","GA"
"48389",NA,NA,"Reeves","TX"
"17051",2088,88,"Fayette","IL"
"31079",2521,1062,"Hall","NE"
"40043",NA,NA,"Dewey","OK"
"72131",NA,NA,"San Sebastián",NA
"13149",2290,223,"Heard","GA"
"18177",1547,794,"Wayne","IN"
"31095",2376,56,"Jefferson","NE"
"54029",1255,277,"Hancock","WV"
"31017",NA,NA,"Brown","NE"
"20009",2590,144,"Barton","KS"
"22073",2035,3101,"Ouachita","LA"
"48089",2353,200,"Colorado","TX"
"19139",1787,493,"Muscatine","IA"
"31159",2967,325,"Seward","NE"
"18107",1834,561,"Montgomery","IN"
"18025",2116,157,"Crawford","IN"
"05045",2314,4061,"Faulkner","AR"
"18157",1692,2495,"Tippecanoe","IN"
"39021",1899,594,"Champaign","OH"
"48165",2769,200,"Gaines","TX"
"39081",1456,692,"Jefferson","OH"
"48269",NA,NA,"King","TX"
"39043",1472,1147,"Erie","OH"
"17019",2111,1993,"Champaign","IL"
"35019",NA,NA,"Guadalupe","NM"
"40125",2984,915,"Pottawatomie","OK"
"20155",2376,963,"Reno","KS"
"13011",2119,327,"Banks","GA"
"48421",NA,NA,"Sherman","TX"
"27091",2523,342,"Martin","MN"
"06077",1739,20675,"San Joaquin","CA"
"19123",1926,262,"Mahaska","IA"
"38041",NA,NA,"Hettinger","ND"
"51770",1429,3040,"Roanoke","VA"
"36101",1749,724,"Steuben","NY"
"72007",NA,NA,"Aguas Buenas",NA
"18047",2230,207,"Franklin","IN"
"40105",2029,38,"Nowata","OK"
"05053",2272,488,"Grant","AR"
"18053",1598,873,"Grant","IN"
"13213",1979,667,"Murray","GA"
"46007",NA,NA,"Bennett","SD"
"17125",1951,69,"Mason","IL"
"27033",2301,157,"Cottonwood","MN"
"48279",2890,90,"Lamb","TX"
"19153",2050,15339,"Polk","IA"
"53049",1688,404,"Pacific","WA"
"51111",1684,146,"Lunenburg","VA"
"47003",2003,961,"Bedford","TN"
"17119",2191,5286,"Madison","IL"
"06001",2679,17399,"Alameda","CA"
"06073",2467,47629,"San Diego","CA"
"18151",1792,546,"Steuben","IN"
"18167",1922,1443,"Vigo","IN"
"20125",NA,NA,"Montgomery","KS"
"21055",2228,81,"Crittenden","KY"
"26141",1964,92,"Presque Isle","MI"
"27119",2240,470,"Polk","MN"
"29209",2418,654,"Stone","MO"
"28103",NA,NA,"Noxubee","MS"
"31133",NA,NA,"Pawnee","NE"
"34029",2539,20135,"Ocean","NJ"
"36055",1638,16268,"Monroe","NY"
"35007",2424,147,"Colfax","NM"
"37117",2062,369,"Martin","NC"
"37015",2410,81,"Bertie","NC"
"37009",1878,306,"Ashe","NC"
"45003",1906,4732,"Aiken","SC"
"38013",NA,NA,"Burke","ND"
"48321",3042,449,"Matagorda","TX"
"48057",2668,184,"Calhoun","TX"
"01047",2293,282,"Dallas","AL"
"17083",2206,207,"Jersey","IL"
"48095",NA,NA,"Concho","TX"
"20061",2478,1197,"Geary","KS"
"23001",1326,1920,"Androscoggin","ME"
"41069",NA,NA,"Wheeler","OR"
"47001",1677,2020,"Anderson","TN"
"29107",2248,826,"Lafayette","MO"
"06003",NA,NA,"Alpine","CA"
"29137",1971,51,"Monroe","MO"
"39089",1739,3125,"Licking","OH"
"05065",2256,156,"Izard","AR"
"51790",1504,890,"Staunton","VA"
"21109",NA,NA,"Jackson","KY"
"20035",NA,NA,"Cowley","KS"
"37105",1918,1826,"Lee","NC"
"37165",2124,402,"Scotland","NC"
"46011",2508,449,"Brookings","SD"
"46097",NA,NA,"Miner","SD"
"51540",2021,1264,"Charlottesville","VA"
"47171",1481,228,"Unicoi","TN"
"55117",1345,1826,"Sheboygan","WI"
"53003",1530,534,"Asotin","WA"
"17199",2699,671,"Williamson","IL"
"39077",1628,744,"Huron","OH"
"48285",2574,154,"Lavaca","TX"
"31001",2898,626,"Adams","NE"
"27121",2638,217,"Pope","MN"
"55085",1632,485,"Oneida","WI"
"39115",1872,84,"Morgan","OH"
"13065",2085,47,"Clinch","GA"
"26025",NA,NA,"Calhoun","MI"
"37127",2131,2304,"Nash","NC"
"18035",1721,1795,"Delaware","IN"
"13009",2325,637,"Baldwin","GA"
"20113",NA,NA,"McPherson","KS"
"48361",2898,1342,"Orange","TX"
"48399",2422,103,"Runnels","TX"
"36035",1885,744,"Fulton","NY"
"40121",2546,549,"Pittsburg","OK"
"39053",1902,186,"Gallia","OH"
"01075",1943,72,"Lamar","AL"
"29211",NA,NA,"Sullivan","MO"
"12091",3938,8203,"Okaloosa","FL"
"28023",2439,115,"Clarke","MS"
"27111",2426,1068,"Otter Tail","MN"
"05009",2125,699,"Boone","AR"
"55039",1423,1109,"Fond du Lac","WI"
"72091",NA,NA,"Manatí",NA
"18057",2572,6188,"Hamilton","IN"
"20195",NA,NA,"Trego","KS"
"13197",2503,87,"Marion","GA"
"36109",1921,450,"Tompkins","NY"
"48495",NA,NA,"Winkler","TX"
"29213",2235,1005,"Taney","MO"
"55071",1385,784,"Manitowoc","WI"
"29141",2378,234,"Morgan","MO"
"21115",2718,228,"Johnson","KY"
"29097",2164,3272,"Jasper","MO"
"17135",2219,115,"Montgomery","IL"
"51103",2485,268,"Lancaster","VA"
"51043",2228,733,"Clarke","VA"
"42005",1155,779,"Armstrong","PA"
"46039",NA,NA,"Deuel","SD"
"17109",1851,184,"McDonough","IL"
"13053",2022,46,"Chattahoochee","GA"
"55078",NA,NA,"Menominee","WI"
"28077",3153,43,"Lawrence","MS"
"22003",2328,141,"Allen","LA"
"46035",2608,219,"Davison","SD"
"31117",NA,NA,"McPherson","NE"
"01113",2031,1541,"Russell","AL"
"04023",1611,1162,"Santa Cruz","AZ"
"05017",2539,60,"Chicot","AR"
"12061",3999,3818,"Indian River","FL"
"16069",1877,922,"Nez Perce","ID"
"19059",2249,165,"Dickinson","IA"
"20099",NA,NA,"Labette","KS"
"22115",1658,897,"Vernon","LA"
"22085",2254,123,"Sabine","LA"
"24005",2163,27246,"Baltimore","MD"
"24003",2166,22789,"Anne Arundel","MD"
"27025",2969,1970,"Chisago","MN"
"28075",2460,1037,"Lauderdale","MS"
"28149",2690,490,"Warren","MS"
"30041",2108,297,"Hill","MT"
"29217",1991,259,"Vernon","MO"
"29047",2299,9162,"Clay","MO"
"36081",2875,16033,"Queens","NY"
"48501",2301,113,"Yoakum","TX"
"06009",3391,1207,"Calaveras","CA"
"13171",2385,378,"Lamar","GA"
"47185",1750,356,"White","TN"
"20141",NA,NA,"Osborne","KS"
"48145",2244,132,"Falls","TX"
"24023",1851,458,"Garrett","MD"
"18175",2036,495,"Washington","IN"
"31101",2704,52,"Keith","NE"
"72127",NA,NA,"San Juan",NA
"17035",2167,31,"Cumberland","IL"
"28057",2069,124,"Itawamba","MS"
"20053",NA,NA,"Ellsworth","KS"
"29089",2172,73,"Howard","MO"
"48369",2166,60,"Parmer","TX"
"27067",2649,854,"Kandiyohi","MN"
"20119",NA,NA,"Meade","KS"
"29023",2180,441,"Butler","MO"
"39103",1795,4032,"Medina","OH"
"40003",NA,NA,"Alfalfa","OK"
"12093",3589,422,"Okeechobee","FL"
"28131",2981,183,"Stone","MS"
"18031",1798,312,"Decatur","IN"
"21235",2581,121,"Whitley","KY"
"32033",1324,119,"White Pine","NV"
"35059",2224,32,"Union","NM"
"39079",1891,305,"Jackson","OH"
"40071",2432,705,"Kay","OK"
"39143",1580,722,"Sandusky","OH"
"41001",1517,292,"Baker","OR"
"01125",2177,4219,"Tuscaloosa","AL"
"01035",2294,42,"Conecuh","AL"
"01095",2224,1648,"Marshall","AL"
"04021",1572,8187,"Pinal","AZ"
"06089",2410,4935,"Shasta","CA"
"13141",2119,50,"Hancock","GA"
"13223",2249,6135,"Paulding","GA"
"17147",2259,170,"Piatt","IL"
"17103",2022,282,"Lee","IL"
"02068",NA,NA,"Denali","AK"
"06013",2435,21855,"Contra Costa","CA"
"12019",2890,5442,"Clay","FL"
"13243",NA,NA,"Randolph","GA"
"18081",2128,3414,"Johnson","IN"
"20207",NA,NA,"Woodson","KS"
"20165",NA,NA,"Rush","KS"
"21229",1824,135,"Washington","KY"
"22055",2573,6012,"Lafayette","LA"
"26113",1910,106,"Missaukee","MI"
"27171",2912,5227,"Wright","MN"
"28073",2806,1317,"Lamar","MS"
"29229",NA,NA,"Wright","MO"
"30103",NA,NA,"Treasure","MT"
"31093",2929,62,"Howard","NE"
"31041",3010,54,"Custer","NE"
"21193",NA,NA,"Perry","KY"
"37041",3280,311,"Chowan","NC"
"31141",2721,558,"Platte","NE"
"39031",1705,231,"Coshocton","OH"
"42069",1540,3145,"Lackawanna","PA"
"46093",3174,702,"Meade","SD"
"51047",1891,2290,"Culpeper","VA"
"47041",1841,303,"DeKalb","TN"
"48335",2300,66,"Mitchell","TX"
"48043",1866,106,"Brewster","TX"
"51085",1902,5476,"Hanover","VA"
"54101",NA,NA,"Webster","WV"
"51570",1770,825,"Colonial Heights","VA"
"51195",1613,325,"Wise","VA"
"72073",NA,NA,"Jayuya",NA
"72029",NA,NA,"Canóvanas",NA
"55093",2095,748,"Pierce","WI"
"56025",2362,2150,"Natrona","WY"
"53019",2213,88,"Ferry","WA"
"33017",1707,2716,"Strafford","NH"
"26165",NA,NA,"Wexford","MI"
"36097",1462,96,"Schuyler","NY"
"12063",2925,465,"Jackson","FL"
"39071",1900,402,"Highland","OH"
"36079",2444,2322,"Putnam","NY"
"40115",2344,222,"Ottawa","OK"
"39085",1426,5071,"Lake","OH"
"41021",1507,28,"Gilliam","OR"
"51027",NA,NA,"Buchanan","VA"
"47029",1716,351,"Cocke","TN"
"01043",2226,1501,"Cullman","AL"
"02016",NA,NA,"Aleutians West","AK"
"12071",3986,18041,"Lee","FL"
"12069",2976,9190,"Lake","FL"
"13305",2289,589,"Wayne","GA"
"17017",2187,34,"Cass","IL"
"18071",1721,736,"Jackson","IN"
"19169",2132,1871,"Story","IA"
"21137",1790,283,"Lincoln","KY"
"21167",2204,417,"Mercer","KY"
"19105",2153,191,"Jones","IA"
"19135",2182,52,"Monroe","IA"
"29029",2502,757,"Camden","MO"
"28031",3091,110,"Covington","MS"
"21097",1925,236,"Harrison","KY"
"29083",2230,348,"Henry","MO"
"30037",NA,NA,"Golden Valley","MT"
"31051",2897,49,"Dixon","NE"
"30049",2071,2082,"Lewis and Clark","MT"
"21127",2182,94,"Lawrence","KY"
"40145",2893,2084,"Wagoner","OK"
"42079",1360,5058,"Luzerne","PA"
"48275",NA,NA,"Knox","TX"
"51059",2832,35294,"Fairfax","VA"
"51157",2167,317,"Rappahannock","VA"
"51075",2473,1101,"Goochland","VA"
"51191",1650,687,"Washington","VA"
"54037",2177,2145,"Jefferson","WV"
"72047",NA,NA,"Corozal",NA
"01003",3288,5132,"Baldwin","AL"
"51115",2566,255,"Mathews","VA"
"55097",1664,591,"Portage","WI"
"54087",1701,63,"Roane","WV"
"06049",1974,92,"Modoc","CA"
"36121",1435,403,"Wyoming","NY"
"19125",2086,706,"Marion","IA"
"26033",2052,177,"Chippewa","MI"
"20041",2509,389,"Dickinson","KS"
"39167",1807,782,"Washington","OH"
"28125",NA,NA,"Sharkey","MS"
"31163",NA,NA,"Sherman","NE"
"31009",NA,NA,"Blaine","NE"
"31129",NA,NA,"Nuckolls","NE"
"05083",2124,255,"Logan","AR"
"42017",2239,18579,"Bucks","PA"
"46009",NA,NA,"Bon Homme","SD"
"46103",2829,2540,"Pennington","SD"
"48175",2836,62,"Goliad","TX"
"18153",1981,169,"Sullivan","IN"
"21101",2319,476,"Henderson","KY"
"48251",2832,3959,"Johnson","TX"
"40087",3497,928,"McClain","OK"
"48463",2251,215,"Uvalde","TX"
"06095",1980,12823,"Solano","CA"
"31145",2973,207,"Red Willow","NE"
"22107",NA,NA,"Tensas","LA"
"31007",NA,NA,"Banner","NE"
"32017",1272,50,"Lincoln","NV"
"51167",1430,196,"Russell","VA"
"47131",2208,486,"Obion","TN"
"55027",1644,1232,"Dodge","WI"
"72111",NA,NA,"Peñuelas",NA
"72031",NA,NA,"Carolina",NA
"48249",2492,426,"Jim Wells","TX"
"48445",2467,102,"Terry","TX"
"27031",2192,81,"Cook","MN"
"48337",2951,259,"Montague","TX"
"05007",2563,6469,"Benton","AR"
"06065",2114,54806,"Riverside","CA"
"06041",3936,2662,"Marin","CA"
"13191",2842,230,"McIntosh","GA"
"13027",2213,209,"Brooks","GA"
"17023",2018,80,"Clark","IL"
"18083",2020,415,"Knox","IN"
"18171",1953,93,"Warren","IN"
"21213",1959,390,"Simpson","KY"
"22037",2825,273,"East Feliciana","LA"
"23017",1602,801,"Oxford","ME"
"26053",NA,NA,"Gogebic","MI"
"28141",2094,123,"Tishomingo","MS"
"32003",1412,42964,"Clark","NV"
"29003",2015,375,"Andrew","MO"
"38095",NA,NA,"Towner","ND"
"38087",NA,NA,"Slope","ND"
"17169",NA,NA,"Schuyler","IL"
"18093",1978,649,"Lawrence","IN"
"20003",NA,NA,"Anderson","KS"
"20127",NA,NA,"Morris","KS"
"21049",1882,806,"Clark","KY"
"23009",1888,663,"Hancock","ME"
"22051",4769,9972,"Jefferson","LA"
"27029",2194,77,"Clearwater","MN"
"28089",2985,2789,"Madison","MS"
"28105",2399,402,"Oktibbeha","MS"
"22075",5554,361,"Plaquemines","LA"
"37193",1617,1064,"Wilkes","NC"
"35001",1646,19434,"Bernalillo","NM"
"27095",2702,668,"Mille Lacs","MN"
"21161",1445,129,"Mason","KY"
"28161",2473,65,"Yalobusha","MS"
"28163",2839,162,"Yazoo","MS"
"39027",1804,629,"Clinton","OH"
"41071",1377,2432,"Yamhill","OR"
"47175",1929,56,"Van Buren","TN"
"48293",2204,184,"Limestone","TX"
"48289",2749,102,"Leon","TX"
"51061",2461,3402,"Fauquier","VA"
"48329",2591,5200,"Midland","TX"
"48241",2384,245,"Jasper","TX"
"72075",NA,NA,"Juana Díaz",NA
"55079",1673,14097,"Milwaukee","WI"
"72087",NA,NA,"Loíza",NA
"01039",2433,467,"Covington","AL"
"55075",1498,466,"Marinette","WI"
"56039",5110,276,"Teton","WY"
"26055",2183,835,"Grand Traverse","MI"
"20047",NA,NA,"Edwards","KS"
"38043",NA,NA,"Kidder","ND"
"13083",2384,322,"Dade","GA"
"13317",1959,94,"Wilkes","GA"
"30071",2088,53,"Phillips","MT"
"38023",NA,NA,"Divide","ND"
"22041",2072,120,"Franklin","LA"
"17161",1778,2191,"Rock Island","IL"
"51109",1987,1549,"Louisa","VA"
"46065",NA,NA,"Hughes","SD"
"72145",NA,NA,"Vega Baja",NA
"48161",2450,153,"Freestone","TX"
"72011",NA,NA,"Añasco",NA
"40047",2634,1214,"Garfield","OK"
"04017",1780,1205,"Navajo","AZ"
"09005",2200,4065,"Litchfield","CT"
"16075",1954,455,"Payette","ID"
"16049",1734,262,"Idaho","ID"
"19053",2264,46,"Decatur","IA"
"20033",NA,NA,"Comanche","KS"
"22077",2754,219,"Pointe Coupee","LA"
"22011",2033,776,"Beauregard","LA"
"26151",2072,345,"Sanilac","MI"
"27037",3092,13513,"Dakota","MN"
"29147",1958,220,"Nodaway","MO"
"13173",1898,188,"Lanier","GA"
"29087",2093,47,"Holt","MO"
"30101",1781,77,"Toole","MT"
"22125",2982,165,"West Feliciana","LA"
"30091",2571,42,"Sheridan","MT"
"40075",2634,63,"Kiowa","OK"
"54081",1540,789,"Raleigh","WV"
"55091",NA,NA,"Pepin","WI"
"56033",2625,830,"Sheridan","WY"
"48115",2551,102,"Dawson","TX"
"40135",2673,574,"Sequoyah","OK"
"04019",1498,23550,"Pima","AZ"
"05081",2260,80,"Little River","AR"
"08009",NA,NA,"Baca","CO"
"13233",2092,888,"Polk","GA"
"13251",2311,210,"Screven","GA"
"13105",1921,268,"Elbert","GA"
"17013",NA,NA,"Calhoun","IL"
"17003",NA,NA,"Alexander","IL"
"18141",1655,4696,"St. Joseph","IN"
"19061",1878,721,"Dubuque","IA"
"12053",2745,6274,"Hernando","FL"
"12057",3894,32366,"Hillsborough","FL"
"21041",1995,108,"Carroll","KY"
"22017",1696,4542,"Caddo","LA"
"26163",2442,22802,"Wayne","MI"
"26009",2470,244,"Antrim","MI"
"28157",NA,NA,"Wilkinson","MS"
"30083",2646,157,"Richland","MT"
"12037",5472,145,"Franklin","FL"
"21005",1952,573,"Anderson","KY"
"29103",NA,NA,"Knox","MO"
"38017",2160,3519,"Cass","ND"
"21105",NA,NA,"Hickman","KY"
"29163",1983,141,"Pike","MO"
"40139",2512,192,"Texas","OK"
"21051",NA,NA,"Clay","KY"
"38085",NA,NA,"Sioux","ND"
"17085",2363,126,"Jo Daviess","IL"
"45021",1614,760,"Cherokee","SC"
"53063",1686,13098,"Spokane","WA"
"54053",1466,175,"Mason","WV"
"47031",2082,1205,"Coffee","TN"
"48141",1755,13524,"El Paso","TX"
"49051",2443,757,"Wasatch","UT"
"04011",NA,NA,"Greenlee","AZ"
"06059",2463,32419,"Orange","CA"
"06035",2307,642,"Lassen","CA"
"09009",2463,17634,"New Haven","CT"
"16041",1955,317,"Franklin","ID"
"37055",4767,1528,"Dare","NC"
"38053",2220,177,"McKenzie","ND"
"36031",1661,372,"Essex","NY"
"41037",1725,89,"Lake","OR"
"45053",2723,500,"Jasper","SC"
"46053",NA,NA,"Gregory","SD"
"01101",2140,4441,"Montgomery","AL"
"02110",1900,817,"Juneau","AK"
"02290",NA,NA,"Yukon-Koyukuk","AK"
"06019",1688,26545,"Fresno","CA"
"12095",3648,30091,"Orange","FL"
"13231",2291,462,"Pike","GA"
"13217",2225,3758,"Newton","GA"
"30003",2241,54,"Big Horn","MT"
"31161",NA,NA,"Sheridan","NE"
"31181",NA,NA,"Webster","NE"
"36073",1301,531,"Orleans","NY"
"37031",4264,2261,"Carteret","NC"
"39105",1831,107,"Meigs","OH"
"13319",2202,67,"Wilkinson","GA"
"48295",NA,NA,"Lipscomb","TX"
"41057",1726,525,"Tillamook","OR"
"47103",1969,648,"Lincoln","TN"
"47051",2063,692,"Franklin","TN"
"55109",2219,2286,"St. Croix","WI"
"01065",2424,72,"Hale","AL"
"02198",NA,NA,"Prince of Wales-Hyder","AK"
"02220",NA,NA,"Sitka","AK"
"08015",2097,542,"Chaffee","CO"
"12049",3201,148,"Hardee","FL"
"13121",3736,24520,"Fulton","GA"
"13235",2283,139,"Pulaski","GA"
"13227",2325,974,"Pickens","GA"
"13097",2435,4550,"Douglas","GA"
"16015",2242,145,"Boise","ID"
"19197",2185,105,"Wright","IA"
"19073",2007,97,"Greene","IA"
"18045",1870,171,"Fountain","IN"
"18037",1922,980,"Dubois","IN"
"21199",2242,776,"Pulaski","KY"
"19055",2049,93,"Delaware","IA"
"21089",2222,308,"Greenup","KY"
"24027",2857,10569,"Howard","MD"
"22121",2495,539,"West Baton Rouge","LA"
"31175",NA,NA,"Valley","NE"
"31011",NA,NA,"Boone","NE"
"31109",2662,8150,"Lancaster","NE"
"35027",2428,321,"Lincoln","NM"
"42019",1445,4112,"Butler","PA"
"45023",1883,438,"Chester","SC"
"47005",2080,192,"Benton","TN"
"48201",2806,50617,"Harris","TX"
"48209",2932,4283,"Hays","TX"
"48287",2480,161,"Lee","TX"
"48429",2467,59,"Stephens","TX"
"48005",2237,914,"Angelina","TX"
"48073",2727,585,"Cherokee","TX"
"51033",1767,1073,"Caroline","VA"
"72049",NA,NA,"Culebra",NA
"53017",1764,790,"Douglas","WA"
"18013",2230,366,"Brown","IN"
"19039",2178,135,"Clarke","IA"
"39073",2061,318,"Hocking","OH"
"12003",2679,350,"Baker","FL"
"19071",2712,97,"Fremont","IA"
"12075",3252,533,"Levy","FL"
"39013",1548,755,"Belmont","OH"
"19031",1912,300,"Cedar","IA"
"37153",1982,620,"Richmond","NC"
"12127",3074,16974,"Volusia","FL"
"37069",1967,2216,"Franklin","NC"
"13279",2763,314,"Toombs","GA"
"29159",1856,738,"Pettis","MO"
"21091",2569,80,"Hancock","KY"
"21001",1939,98,"Adair","KY"
"30059",NA,NA,"Meagher","MT"
"36051",1529,807,"Livingston","NY"
"51036",2574,228,"Charles City","VA"
"45061",1872,152,"Lee","SC"
"45017",1970,190,"Calhoun","SC"
"48171",3393,352,"Gillespie","TX"
"48349",2447,573,"Navarro","TX"
"48347",1747,371,"Nacogdoches","TX"
"48255",2116,59,"Karnes","TX"
"49045",1776,2007,"Tooele","UT"
"49025",1691,95,"Kane","UT"
"51730",1785,904,"Petersburg","VA"
"54107",1381,1191,"Wood","WV"
"53001",1652,191,"Adams","WA"
"54045",1962,95,"Logan","WV"
"17099",2072,1378,"LaSalle","IL"
"18041",1842,206,"Fayette","IN"
"36049",1609,225,"Lewis","NY"
"39163",2096,76,"Vinton","OH"
"20151",NA,NA,"Pratt","KS"
"20069",NA,NA,"Gray","KS"
"28117",1968,135,"Prentiss","MS"
"28115",1998,255,"Pontotoc","MS"
"28025",3048,83,"Clay","MS"
"29207",2086,279,"Stoddard","MO"
"29001",2038,231,"Adair","MO"
"37099",1751,504,"Jackson","NC"
"21057",NA,NA,"Cumberland","KY"
"21217",2405,176,"Taylor","KY"
"30035",2194,72,"Glacier","MT"
"16001",1671,8520,"Ada","ID"
"31113",NA,NA,"Logan","NE"
"44001",3329,984,"Bristol","RI"
"23013",2016,493,"Knox","ME"
"25027",2347,15685,"Worcester","MA"
"26011",2088,96,"Arenac","MI"
"29155",NA,NA,"Pemiscot","MO"
"31021",2993,86,"Burt","NE"
"33019",1967,572,"Sullivan","NH"
"35025",2964,1147,"Lea","NM"
"37149",2020,452,"Polk","NC"
"37053",3172,1394,"Currituck","NC"
"39035",1551,19845,"Cuyahoga","OH"
"42071",1306,11010,"Lancaster","PA"
"37141",3486,1648,"Pender","NC"
"48427",1946,252,"Starr","TX"
"41059",1491,1377,"Umatilla","OR"
"42095",1453,7932,"Northampton","PA"
"54073",1209,69,"Pleasants","WV"
"45051",2886,8097,"Horry","SC"
"02130",1802,210,"Ketchikan Gateway","AK"
"05087",2301,214,"Madison","AR"
"06029",1662,21268,"Kern","CA"
"12083",2604,9149,"Marion","FL"
"17039",2221,138,"De Witt","IL"
"28007",2311,94,"Attala","MS"
"21121",2373,165,"Knox","KY"
"21113",2993,1153,"Jessamine","KY"
"22093",3127,255,"St. James","LA"
"22095",3994,758,"St. John the Baptist","LA"
"23019",1380,1794,"Penobscot","ME"
"28097",NA,NA,"Montgomery","MS"
"31053",2943,584,"Dodge","NE"
"29219",2229,861,"Warren","MO"
"35061",2070,1545,"Valencia","NM"
"37167",1619,1021,"Stanly","NC"
"38061",1949,46,"Mountrail","ND"
"31089",2520,65,"Holt","NE"
"39151",1776,7371,"Stark","OH"
"42119",1456,399,"Union","PA"
"42065",1043,281,"Jefferson","PA"
"45067",2110,253,"Marion","SC"
"47141",1738,1313,"Putnam","TN"
"48113",2718,28221,"Dallas","TX"
"48491",2646,11412,"Williamson","TX"
"17137",2069,112,"Morgan","IL"
"18101",2040,141,"Martin","IN"
"29057",NA,NA,"Dade","MO"
"18113",1763,617,"Noble","IN"
"20095",2430,105,"Kingman","KS"
"21129",NA,NA,"Lee","KY"
"20043",NA,NA,"Doniphan","KS"
"28151",2605,274,"Washington","MS"
"21103",2049,259,"Henry","KY"
"29215",2032,157,"Texas","MO"
"35051",1598,91,"Sierra","NM"
"30033",NA,NA,"Garfield","MT"
"39141",1916,878,"Ross","OH"
"35028",2227,505,"Los Alamos","NM"
"40123",2951,528,"Pontotoc","OK"
"45075",2069,989,"Orangeburg","SC"
"46067",NA,NA,"Hutchinson","SD"
"47149",2322,9474,"Rutherford","TN"
"51173",1479,378,"Smyth","VA"
"48131",NA,NA,"Duval","TX"
"48465",1909,607,"Val Verde","TX"
"49013",1665,258,"Duchesne","UT"
"49023",1822,185,"Juab","UT"
"55111",1715,647,"Sauk","WI"
"72035",NA,NA,"Cayey",NA
"01079",2222,551,"Lawrence","AL"
"01085",2770,55,"Lowndes","AL"
"51091",1829,21,"Highland","VA"
"53041",1896,1923,"Lewis","WA"
"18103",1867,428,"Miami","IN"
"18159",2158,214,"Tipton","IN"
"18139",1989,256,"Rush","IN"
"48039",3066,6685,"Brazoria","TX"
"48245",2939,3708,"Jefferson","TX"
"06105",3148,228,"Trinity","CA"
"08027",3021,156,"Custer","CO"
"13079",2143,248,"Crawford","GA"
"16023",2113,42,"Butte","ID"
"16085",2399,215,"Valley","ID"
"33013",2023,3022,"Merrimack","NH"
"28071",3480,572,"Lafayette","MS"
"20145",NA,NA,"Pawnee","KS"
"20029",2356,73,"Cloud","KS"
"20111",2104,422,"Lyon","KS"
"21169",1940,42,"Metcalfe","KY"
"29139",2073,145,"Montgomery","MO"
"22059",1972,81,"LaSalle","LA"
"29077",2028,8331,"Greene","MO"
"53061",2068,19807,"Snohomish","WA"
"51149",2053,1242,"Prince George","VA"
"55107",1518,110,"Rusk","WI"
"55031",1518,749,"Douglas","WI"
"54013",NA,NA,"Calhoun","WV"
"56007",1808,474,"Carbon","WY"
"34033",2297,1640,"Salem","NJ"
"08061",NA,NA,"Kiowa","CO"
"26089",2362,179,"Leelanau","MI"
"27117",2507,74,"Pipestone","MN"
"39039",1671,225,"Defiance","OH"
"37191",2027,3673,"Wayne","NC"
"21157",2551,406,"Marshall","KY"
"21177",2348,238,"Muhlenberg","KY"
"40053",NA,NA,"Grant","OK"
"13175",2383,839,"Laurens","GA"
"21203",1918,49,"Rockcastle","KY"
"51750",1457,336,"Radford","VA"
"46105",NA,NA,"Perkins","SD"
"41023",NA,NA,"Grant","OR"
"13177",1899,1104,"Lee","GA"
"29113",2170,1410,"Lincoln","MO"
"01049",2209,693,"DeKalb","AL"
"05015",2286,314,"Carroll","AR"
"05041",2019,86,"Desha","AR"
"08017",NA,NA,"Cheyenne","CO"
"12085",5678,3117,"Martin","FL"
"12031",3036,20812,"Duval","FL"
"48455",2357,71,"Trinity","TX"
"48373",2365,304,"Polk","TX"
"55139",1518,2470,"Winnebago","WI"
"72027",NA,NA,"Camuy",NA
"48077",2493,134,"Clay","TX"
"55133",1689,8375,"Waukesha","WI"
"51650",2438,5561,"Hampton","VA"
"55047",1417,145,"Green Lake","WI"
"53011",1715,11948,"Clark","WA"
"26155",2632,1083,"Shiawassee","MI"
"08023",NA,NA,"Costilla","CO"
"27081",2248,62,"Lincoln","MN"
"37119",1970,30582,"Mecklenburg","NC"
"27035",2434,1349,"Crow Wing","MN"
"28127",2605,158,"Simpson","MS"
"13007",NA,NA,"Baker","GA"
"21003",2399,217,"Allen","KY"
"21039",NA,NA,"Carlisle","KY"
"29045",NA,NA,"Clark","MO"
"22009",1951,318,"Avoyelles","LA"
"31077",NA,NA,"Greeley","NE"
"23025",1591,379,"Somerset","ME"
"05125",2343,3964,"Saline","AR"
"44007",2194,8321,"Providence","RI"
"48163",2729,76,"Frio","TX"
"20181",NA,NA,"Sherman","KS"
"01023",2534,37,"Choctaw","AL"
"42049",1167,3206,"Erie","PA"
"51620",1886,148,"Franklin","VA"
"01097",2676,8491,"Mobile","AL"
"04005",1896,2722,"Coconino","AZ"
"06111",2309,13517,"Ventura","CA"
"08081",1579,385,"Moffat","CO"
"11001",2615,12177,"District of Columbia","DC"
"17059",NA,NA,"Gallatin","IL"
"22031",1882,403,"De Soto","LA"
"23027",1785,533,"Waldo","ME"
"24031",2556,32931,"Montgomery","MD"
"25003",2007,1263,"Berkshire","MA"
"27167",2203,76,"Wilkin","MN"
"29005",NA,NA,"Atchison","MO"
"31131",2894,323,"Otoe","NE"
"33003",1731,840,"Carroll","NH"
"34011",1782,3474,"Cumberland","NJ"
"30057",2222,217,"Madison","MT"
"34005",2235,14538,"Burlington","NJ"
"36103",3315,41394,"Suffolk","NY"
"01121",2129,1097,"Talladega","AL"
"46127",3314,325,"Union","SD"
"51013",2880,5130,"Arlington","VA"
"53029",1754,2266,"Island","WA"
"46023",NA,NA,"Charles Mix","SD"
"02230",NA,NA,"Skagway","AK"
"31081",2801,128,"Hamilton","NE"
"17143",2032,2153,"Peoria","IL"
"17113",2129,2707,"McLean","IL"
"20171",NA,NA,"Scott","KS"
"20059",2359,578,"Franklin","KS"
"34017",2905,2785,"Hudson","NJ"
"21143",2506,147,"Lyon","KY"
"21233",2333,49,"Webster","KY"
"21209",1993,1621,"Scott","KY"
"21185",2684,2210,"Oldham","KY"
"21077",2229,138,"Gallatin","KY"
"26125",2190,23858,"Oakland","MI"
"28065",3242,43,"Jefferson Davis","MS"
"21111",2076,20415,"Jefferson","KY"
"22013",1847,90,"Bienville","LA"
"30013",1935,2875,"Cascade","MT"
"35047",2375,196,"San Miguel","NM"
"37151",1444,3348,"Randolph","NC"
"31099",3151,77,"Kearney","NE"
"40063",2602,54,"Hughes","OK"
"42099",1320,887,"Perry","PA"
"42011",1505,10169,"Berks","PA"
"45015",2670,5691,"Berkeley","SC"
"51107",2820,13272,"Loudoun","VA"
"48149",2226,199,"Fayette","TX"
"48081",NA,NA,"Coke","TX"
"48299",2406,333,"Llano","TX"
"48363",3176,313,"Palo Pinto","TX"
"49055",NA,NA,"Wayne","UT"
"31045",3022,92,"Dawes","NE"
"42063",1248,636,"Indiana","PA"
"48247",NA,NA,"Jim Hogg","TX"
"41047",1379,7740,"Marion","OR"
"72023",NA,NA,"Cabo Rojo",NA
"42067",1416,236,"Juniata","PA"
"18145",1932,848,"Shelby","IN"
"29095",2283,20199,"Jackson","MO"
"29221",2056,179,"Washington","MO"
"29105",2209,583,"Laclede","MO"
"42081",1128,1649,"Lycoming","PA"
"29121",2149,107,"Macon","MO"
"22117",2770,439,"Washington","LA"
"51147",1749,338,"Prince Edward","VA"
"42091",2217,23643,"Montgomery","PA"
"27163",3241,8291,"Washington","MN"
"51153",2282,14810,"Prince William","VA"
"05001",2081,189,"Arkansas","AR"
"24033",2381,30752,"Prince George's","MD"
"34015",1968,10015,"Gloucester","NJ"
"37199",1597,233,"Yancey","NC"
"39019",1925,364,"Carroll","OH"
"05011",2356,56,"Bradley","AR"
"12009",3711,18192,"Brevard","FL"
"06025",1693,3616,"Imperial","CA"
"47117",1917,775,"Marshall","TN"
"16009",1998,140,"Benewah","ID"
"40045",NA,NA,"Ellis","OK"
"40059",NA,NA,"Harper","OK"
"16013",2575,457,"Blaine","ID"
"30095",2782,233,"Stillwater","MT"
"13001",2112,164,"Appling","GA"
"39001",2262,154,"Adams","OH"
"40153",2970,292,"Woodward","OK"
"31121",2711,80,"Merrick","NE"
"05133",2139,98,"Sevier","AR"
"45071",1814,729,"Newberry","SC"
"46125",3052,115,"Turner","SD"
"47027",1747,83,"Clay","TN"
"47025",1883,271,"Claiborne","TN"
"48415",2077,190,"Scurry","TX"
"72143",NA,NA,"Vega Alta",NA
"40023",2672,63,"Choctaw","OK"
"38067",1802,53,"Pembina","ND"
"40041",2875,437,"Delaware","OK"
"41043",1308,3021,"Linn","OR"
"50009",NA,NA,"Essex","VT"
"29201",2061,644,"Scott","MO"
"51099",2252,1048,"King George","VA"
"53025",1705,1399,"Grant","WA"
"51105",1488,124,"Lee","VA"
"53059",1930,219,"Skamania","WA"
"29041",NA,NA,"Chariton","MO"
"50011",2060,499,"Franklin","VT"
"41017",1641,4542,"Deschutes","OR"
"29131",2398,341,"Miller","MO"
"41025",1739,102,"Harney","OR"
"29055",2173,269,"Crawford","MO"
"21171",NA,NA,"Monroe","KY"
"16031",1523,192,"Cassia","ID"
"16017",2134,1168,"Bonner","ID"
"18115",2077,64,"Ohio","IN"
"20187",NA,NA,"Stanton","KS"
"21191",1895,187,"Pendleton","KY"
"24019",2487,862,"Dorchester","MD"
"26109",2648,232,"Menominee","MI"
"27043",2221,180,"Faribault","MN"
"28005",2919,47,"Amite","MS"
"29143",2174,130,"New Madrid","MO"
"34007",1930,15561,"Camden","NJ"
"39123",1770,582,"Ottawa","OH"
"37003",1466,659,"Alexander","NC"
"39171",1498,246,"Williams","OH"
"45049",2166,88,"Hampton","SC"
"45037",2011,677,"Edgefield","SC"
"48205",2577,29,"Hartley","TX"
"51199",2399,2604,"York","VA"
"53057",1951,3069,"Skagit","WA"
"47147",1981,2512,"Robertson","TN"
"55023",1717,85,"Crawford","WI"
"01055",2157,1767,"Etowah","AL"
"01057",2319,162,"Fayette","AL"
"04007",1714,1021,"Gila","AZ"
"08053",NA,NA,"Hinsdale","CO"
"08031",3511,14578,"Denver","CO"
"12119",2487,2310,"Sumter","FL"
"13195",2236,722,"Madison","GA"
"17201",1936,5240,"Winnebago","IL"
"24041",3020,1371,"Talbot","MD"
"20169",2190,988,"Saline","KS"
"17193",2247,66,"White","IL"
"24510",2070,14127,"Baltimore","MD"
"20017",NA,NA,"Chase","KS"
"48087",NA,NA,"Collingsworth","TX"
"41067",1550,11588,"Washington","OR"
"30069",NA,NA,"Petroleum","MT"
"27107",2086,47,"Norman","MN"
"30097",2032,58,"Sweet Grass","MT"
"30093",1673,1065,"Silver Bow","MT"
"41039",1432,7850,"Lane","OR"
"25017",2756,23229,"Middlesex","MA"
"41029",1426,4506,"Jackson","OR"
"50027",2010,559,"Windsor","VT"
"42055",1203,2915,"Franklin","PA"
"51159",1716,152,"Richmond","VA"
"28055",NA,NA,"Issaquena","MS"
"23015",1834,393,"Lincoln","ME"
"13115",2222,2487,"Floyd","GA"
"16039",1738,815,"Elmore","ID"
"47033",2122,211,"Crockett","TN"
"50025",2107,420,"Windham","VT"
"25005",2519,10695,"Bristol","MA"
"13129",2186,1338,"Gordon","GA"
"16043",1995,176,"Fremont","ID"
"17145",2384,98,"Perry","IL"
"31031",2476,50,"Cherry","NE"
"21151",1931,1823,"Madison","KY"
"29073",1991,205,"Gasconade","MO"
"12129",2841,881,"Wakulla","FL"
"13287",2281,71,"Turner","GA"
"13315",NA,NA,"Wilcox","GA"
"15001",2379,2576,"Hawaii","HI"
"72017",NA,NA,"Barceloneta",NA
"28001",2667,231,"Adams","MS"
"28011",2286,211,"Bolivar","MS"
"46045",NA,NA,"Edmunds","SD"
"46089",NA,NA,"McPherson","SD"
"28039",2981,165,"George","MS"
"28041",2998,64,"Greene","MS"
"28047",3571,4193,"Harrison","MS"
"13131",2171,307,"Grady","GA"
"72115",NA,NA,"Quebradillas",NA
"72147",NA,NA,"Vieques",NA
"72069",NA,NA,"Humacao",NA
"46063",NA,NA,"Harding","SD"
"46075",NA,NA,"Jones","SD"
"49037",1522,80,"San Juan","UT"
"17081",2360,255,"Jefferson","IL"
"47007",1981,120,"Bledsoe","TN"
"35035",1883,1902,"Otero","NM"
"38057",2921,81,"Mercer","ND"
"18127",1994,4918,"Porter","IN"
"35053",1755,119,"Socorro","NM"
"21047",2368,1551,"Christian","KY"
"46031",NA,NA,"Corson","SD"
"16047",1736,156,"Gooding","ID"
"47061",2009,115,"Grundy","TN"
"37001",1494,4403,"Alamance","NC"
"37007",1820,197,"Anson","NC"
"21059",1773,1353,"Daviess","KY"
"06005",2957,1227,"Amador","CA"
"47049",1857,223,"Fentress","TN"
"53053",1888,21045,"Pierce","WA"
"22015",2465,3516,"Bossier","LA"
"35003",NA,NA,"Catron","NM"
"21075",NA,NA,"Fulton","KY"
"35057",2183,156,"Torrance","NM"
"19159",NA,NA,"Ringgold","IA"
"16045",1726,370,"Gem","ID"
"16079",1827,296,"Shoshone","ID"
"37065",1979,626,"Edgecombe","NC"
"16083",1710,1200,"Twin Falls","ID"
"37195",1662,2174,"Wilson","NC"
"24017",2465,6693,"Charles","MD"
"16035",2065,110,"Clearwater","ID"
"47121",1994,173,"Meigs","TN"
"47143",1769,552,"Rhea","TN"
"47069",2114,246,"Hardeman","TN"
"17131",2031,180,"Mercer","IL"
"24021",2155,10788,"Frederick","MD"
"16087",1969,189,"Washington","ID"
"17151",NA,NA,"Pope","IL"
"24025",2156,8876,"Harford","MD"
"46041",NA,NA,"Dewey","SD"
"46055",NA,NA,"Haakon","SD"
"17173",2121,92,"Shelby","IL"
"46069",NA,NA,"Hyde","SD"
"22119",1856,407,"Webster","LA"
"47111",1766,394,"Macon","TN"
"46071",NA,NA,"Jackson","SD"
"26023",NA,NA,"Branch","MI"
"24039",2180,372,"Somerset","MD"
"22019",3389,4019,"Calcasieu","LA"
"06113",1719,4512,"Yolo","CA"
"12055",2874,1869,"Highlands","FL"
"15007",3099,759,"Kauai","HI"
"20085",2511,215,"Jackson","KS"
"21043",1849,146,"Carter","KY"
"48433",NA,NA,"Stonewall","TX"
"55081",1820,570,"Monroe","WI"
"55095",2028,651,"Polk","WI"
"18029",2068,786,"Dearborn","IN"
"20147",NA,NA,"Phillips","KS"
"21135",1983,48,"Lewis","KY"
"30025",3182,37,"Fallon","MT"
"04001",1869,227,"Apache","AZ"
"27019",3540,3578,"Carver","MN"
"25009",2712,13528,"Essex","MA"
"45001",1686,346,"Abbeville","SC"
"42013",1179,1784,"Blair","PA"
"47053",2254,890,"Gibson","TN"
"48001",2232,506,"Anderson","TX"
"45005",NA,NA,"Allendale","SC"
"48003",2301,327,"Andrews","TX"
"47009",1683,4111,"Blount","TN"
"45007",1748,5502,"Anderson","SC"
"45009",2061,81,"Bamberg","SC"
"47019",1559,736,"Carter","TN"
"48007",3588,375,"Aransas","TX"
"46115",2612,33,"Spink","SD"
"50005",1865,162,"Caledonia","VT"
"50015",2220,305,"Lamoille","VT"
"55101",1607,3416,"Racine","WI"
"51023",1566,1282,"Botetourt","VA"
"50023",1849,548,"Washington","VT"
"50013",2118,56,"Grand Isle","VT"
"31173",2936,33,"Thurston","NE"
"32001",1372,718,"Churchill","NV"
"32027",1697,42,"Pershing","NV"
"55029",1727,302,"Door","WI"
"48405",NA,NA,"San Augustine","TX"
"72109",NA,NA,"Patillas",NA
"72139",NA,NA,"Trujillo Alto",NA
"30067",2321,332,"Park","MT"
"13211",2446,510,"Morgan","GA"
"28027",2787,66,"Coahoma","MS"
"38005",NA,NA,"Benson","ND"
"38081",NA,NA,"Sargent","ND"
"02180",NA,NA,"Nome","AK"
"22063",2612,3181,"Livingston","LA"
"21205",NA,NA,"Rowan","KY"
"21147",2034,68,"McCreary","KY"
"45045",1714,15187,"Greenville","SC"
"51019",1707,2855,"Bedford","VA"
"72013",NA,NA,"Arecibo",NA
"35011",NA,NA,"De Baca","NM"
"13241",2402,302,"Rabun","GA"
"31125",NA,NA,"Nance","NE"
"53035",1779,6974,"Kitsap","WA"
"41005",1760,9599,"Clackamas","OR"
"20011",NA,NA,"Bourbon","KS"
"26103",1824,349,"Marquette","MI"
"35045",1469,1918,"San Juan","NM"
"48075",NA,NA,"Childress","TX"
"16067",1643,153,"Minidoka","ID"
"35017",1585,401,"Grant","NM"
"42123",1206,276,"Warren","PA"
"08037",3222,708,"Eagle","CO"
"21159",NA,NA,"Martin","KY"
"17063",2650,1093,"Grundy","IL"
"13257",2122,394,"Stephens","GA"
"09003",2091,19276,"Hartford","CT"
"19145",2473,153,"Page","IA"
"26157",2288,541,"Tuscola","MI"
"37173",1682,119,"Swain","NC"
"47013",1719,501,"Campbell","TN"
"47097",2043,231,"Lauderdale","TN"
"02020",1812,8785,"Anchorage","AK"
"13135",2948,26333,"Gwinnett","GA"
"16005",1732,1402,"Bannock","ID"
"36043",1538,679,"Herkimer","NY"
"26065",1805,3543,"Ingham","MI"
"25023",3018,13627,"Plymouth","MA"
"46135",NA,NA,"Yankton","SD"
"48013",2128,610,"Atascosa","TX"
"48015",2626,345,"Austin","TX"
"48019",2805,300,"Bandera","TX"
"47057",1708,311,"Grainger","TN"
"42023",NA,NA,"Cameron","PA"
"47059",1471,892,"Greene","TN"
"02105",NA,NA,"Hoonah-Angoon","AK"
"46033",3982,134,"Custer","SD"
"72133",NA,NA,"Santa Isabel",NA
"02090",2164,2012,"Fairbanks North Star","AK"
"16029",1655,98,"Caribou","ID"
"13185",1929,3239,"Lowndes","GA"
"13107",2317,190,"Emanuel","GA"
"13263",2358,107,"Talbot","GA"
"39015",1819,511,"Brown","OH"
"13229",1967,298,"Pierce","GA"
"15005",NA,NA,"Kalawao","HI"
"15009",2853,2027,"Maui","HI"
"41051",1476,17257,"Multnomah","OR"
"72141",NA,NA,"Utuado",NA
"72081",NA,NA,"Lares",NA
"72117",NA,NA,"Rincón",NA
"54109",NA,NA,"Wyoming","WV"
"34037",1968,5334,"Sussex","NJ"
"01007",2184,246,"Bibb","AL"
"29111",NA,NA,"Lewis","MO"
"05073",NA,NA,"Lafayette","AR"
"19155",2355,2198,"Pottawattamie","IA"
"26115",2469,2935,"Monroe","MI"
"29183",2272,13250,"St. Charles","MO"
"39007",1490,1276,"Ashtabula","OH"
"45043",3783,1310,"Georgetown","SC"
"06047",1484,7151,"Merced","CA"
"19183",2031,162,"Washington","IA"
"31137",2958,95,"Phelps","NE"
"28123",2938,136,"Scott","MS"
"40031",2929,2694,"Comanche","OK"
"51007",1651,490,"Amelia","VA"
"50017",1978,279,"Orange","VT"
"17093",2374,3325,"Kendall","IL"
"10001",1757,5160,"Kent","DE"
"29053",1932,257,"Cooper","MO"
"22123",2024,66,"West Carroll","LA"
"16025",NA,NA,"Camas","ID"
"55137",1551,273,"Waushara","WI"
"17015",1911,111,"Carroll","IL"
"51113",1563,548,"Madison","VA"
"25013",1914,7910,"Hampden","MA"
"51119",2188,342,"Middlesex","VA"
"38077",2380,261,"Richland","ND"
"47071",2186,415,"Hardin","TN"
"45027",2260,368,"Clarendon","SC"
"46061",NA,NA,"Hanson","SD"
"46077",NA,NA,"Kingsbury","SD"
"45031",2025,896,"Darlington","SC"
"45033",2040,169,"Dillon","SC"
"47085",1990,301,"Humphreys","TN"
"47089",1743,1052,"Jefferson","TN"
"27069",NA,NA,"Kittson","MN"
"42035",1308,372,"Clinton","PA"
"49021",1446,1125,"Iron","UT"
"29027",1899,488,"Callaway","MO"
"47093",1842,14575,"Knox","TN"
"51760",2165,6369,"Richmond","VA"
"33011",1977,9371,"Hillsborough","NH"
"49005",1580,2588,"Cache","UT"
"47091",1788,186,"Johnson","TN"
"12029",2944,76,"Dixie","FL"
"27021",2348,509,"Cass","MN"
"27057",2207,321,"Hubbard","MN"
"27071",1969,136,"Koochiching","MN"
"56035",2155,223,"Sublette","WY"
"30043",2278,403,"Jefferson","MT"
"48453",2850,14315,"Travis","TX"
"48479",1524,2964,"Webb","TX"
"16073",2070,146,"Owyhee","ID"
"25015",2146,1715,"Hampshire","MA"
"05013",NA,NA,"Calhoun","AR"
"05145",2216,1800,"White","AR"
"13293",2228,284,"Upson","GA"
"13125",NA,NA,"Glascock","GA"
"22045",3391,846,"Iberia","LA"
"29035",NA,NA,"Carter","MO"
"05089",2095,247,"Marion","AR"
"48327",NA,NA,"Menard","TX"
"08041",3366,20895,"El Paso","CO"
"06081",3464,7007,"San Mateo","CA"
"18061",2114,1080,"Harrison","IN"
"33005",1718,1319,"Cheshire","NH"
"38025",2726,29,"Dunn","ND"
"45073",1825,1539,"Oconee","SC"
"13159",2412,379,"Jasper","GA"
"21045",2177,101,"Casey","KY"
"29075",2296,55,"Gentry","MO"
"47037",2162,16660,"Davidson","TN"
"02240",NA,NA,"Southeast Fairbanks","AK"
"06101",1813,3183,"Sutter","CA"
"20067",2311,64,"Grant","KS"
"29065",2135,126,"Dent","MO"
"34003",2694,19741,"Bergen","NJ"
"48169",NA,NA,"Garza","TX"
"20019",NA,NA,"Chautauqua","KS"
"05071",2126,315,"Johnson","AR"
"36091",2211,4575,"Saratoga","NY"
"05019",2274,261,"Clark","AR"
"34035",2466,8395,"Somerset","NJ"
"45081",2035,211,"Saluda","SC"
"05093",NA,NA,"Mississippi","AR"
"13163",2213,132,"Jefferson","GA"
"56013",1867,621,"Fremont","WY"
"46102",NA,NA,"Oglala Lakota","SD"
"37107",2073,958,"Lenoir","NC"
"49027",1612,143,"Millard","UT"
"30077",1769,64,"Powell","MT"
"48377",NA,NA,"Presidio","TX"
"29033",NA,NA,"Carroll","MO"
"31111",2735,582,"Lincoln","NE"
"46043",NA,NA,"Douglas","SD"
"18085",1753,1037,"Kosciusko","IN"
"06017",3326,5445,"El Dorado","CA"
"17021",1843,234,"Christian","IL"
"19187",2044,631,"Webster","IA"
"47095",NA,NA,"Lake","TN"
"26005",2211,180,"Allegan","MI"
"45057",1904,2439,"Lancaster","SC"
"04027",1285,5058,"Yuma","AZ"
"19119",1884,67,"Lyon","IA"
"29133",1935,109,"Mississippi","MO"
"53051",2011,243,"Pend Oreille","WA"
"30073",1711,94,"Pondera","MT"
"32019",1319,1518,"Lyon","NV"
"37047",2462,608,"Columbus","NC"
"38101",2198,1258,"Ward","ND"
"26063",2239,192,"Huron","MI"
"39097",1927,745,"Madison","OH"
"23029",1708,198,"Washington","ME"
"38055",2192,78,"McLean","ND"
"51145",2099,1809,"Powhatan","VA"
"30017",2449,243,"Custer","MT"
"48071",3019,859,"Chambers","TX"
"06085",2896,16006,"Santa Clara","CA"
"19195",2036,94,"Worth","IA"
"21139",1998,110,"Livingston","KY"
"21145",2618,1351,"McCracken","KY"
"49035",1888,27631,"Salt Lake","UT"
"27047",2348,523,"Freeborn","MN"
"21221",2630,331,"Trigg","KY"
"25001",3045,4839,"Barnstable","MA"
"41049",1700,168,"Morrow","OR"
"21007",2614,88,"Ballard","KY"
"27115",2483,502,"Pine","MN"
"13051",3420,8425,"Chatham","GA"
"31103",NA,NA,"Keya Paha","NE"
"42047",1264,164,"Elk","PA"
"08021",1955,31,"Conejos","CO"
"25025",3086,1986,"Suffolk","MA"
"18021",2089,259,"Clay","IN"
"38105",2160,597,"Williams","ND"
"05027",2356,164,"Columbia","AR"
"31029",NA,NA,"Chase","NE"
"42003",1613,28325,"Allegheny","PA"
"18129",2044,335,"Posey","IN"
"27045",2438,288,"Fillmore","MN"
"41019",1413,2296,"Douglas","OR"
"12033",3806,7547,"Escambia","FL"
"06063",2666,534,"Plumas","CA"
"29179",NA,NA,"Reynolds","MO"
"41061",1356,468,"Union","OR"
"48409",2929,1235,"San Patricio","TX"
"30051",NA,NA,"Liberty","MT"
"39127",1852,289,"Perry","OH"
"45013",3649,4032,"Beaufort","SC"
"16065",2017,332,"Madison","ID"
"18059",2166,1878,"Hancock","IN"
"22109",3919,1685,"Terrebonne","LA"
"30027",2082,296,"Fergus","MT"
"42053",1249,25,"Forest","PA"
"47079",2065,527,"Henry","TN"
"42025",1449,1106,"Carbon","PA"
"47163",1506,3005,"Sullivan","TN"
"31105",2935,58,"Kimball","NE"
"50001",1905,260,"Addison","VT"
"53077",1715,3810,"Yakima","WA"
"56005",2811,1274,"Campbell","WY"
"08055",3042,96,"Huerfano","CO"
"40069",2512,58,"Johnston","OK"
"01083",2356,3318,"Limestone","AL"
"20025",NA,NA,"Clark","KS"
"29031",2149,2225,"Cape Girardeau","MO"
"54069",1552,697,"Ohio","WV"
"06061",2397,12117,"Placer","CA"
"16053",1690,280,"Jerome","ID"
"13033",2289,295,"Burke","GA"
"13037",NA,NA,"Calhoun","GA"
"51081",1687,105,"Greensville","VA"
"08115",NA,NA,"Sedgwick","CO"
"13119",2169,410,"Franklin","GA"
"36071",2000,7772,"Orange","NY"
"40143",2794,13486,"Tulsa","OK"
"05003",2193,201,"Ashley","AR"
"47181",1980,153,"Wayne","TN"
"45065",2107,98,"McCormick","SC"
"45085",1906,2675,"Sumter","SC"
"13139",2701,6101,"Hall","GA"
"13153",2413,6423,"Houston","GA"
"39063",1734,1226,"Hancock","OH"
"13239",NA,NA,"Quitman","GA"
"48303",2611,8023,"Lubbock","TX"
"47129",1805,221,"Morgan","TN"
"54023",NA,NA,"Grant","WV"
"17073",1911,583,"Henry","IL"
"21065",NA,NA,"Estill","KY"
"39137",1790,122,"Putnam","OH"
"47073",1568,732,"Hawkins","TN"
"48109",NA,NA,"Culberson","TX"
"30001",1823,179,"Beaverhead","MT"
"54041",1580,113,"Lewis","WV"
"54007",NA,NA,"Braxton","WV"
"51017",1688,65,"Bath","VA"
"41007",1799,1016,"Clatsop","OR"
"13205",2615,167,"Mitchell","GA"
"53075",1731,445,"Whitman","WA"
"46021",NA,NA,"Campbell","SD"
"40081",2983,511,"Lincoln","OK"
"40151",2338,87,"Woods","OK"
"35055",2310,265,"Taos","NM"
"40085",2231,84,"Love","OK"
"23011",1518,1694,"Kennebec","ME"
"13093",2448,61,"Dooly","GA"
"13039",2519,1663,"Camden","GA"
"27145",2661,3598,"Stearns","MN"
"37011",2110,250,"Avery","NC"
"02050",NA,NA,"Bethel","AK"
"16059",1932,172,"Lemhi","ID"
"22081",1763,37,"Red River","LA"
"37101",1792,6788,"Johnston","NC"
"17155",2522,34,"Putnam","IL"
"17189",2437,115,"Washington","IL"
"47137",NA,NA,"Pickett","TN"
"23023",1673,754,"Sagadahoc","ME"
"30023",1615,262,"Deer Lodge","MT"
"30053",2091,414,"Lincoln","MT"
"25021",2907,13188,"Norfolk","MA"
"72057",NA,NA,"Guayama",NA
"34041",2067,3132,"Warren","NJ"
"05107",2301,95,"Phillips","AR"
"02170",1848,3390,"Matanuska-Susitna","AK"
"46109",NA,NA,"Roberts","SD"
"39061",1719,13083,"Hamilton","OH"
"49019",2062,128,"Grand","UT"
"53047",2342,537,"Okanogan","WA"
"49029",1640,302,"Morgan","UT"
"31107",2311,61,"Knox","NE"
"32015",1829,66,"Lander","NV"
"13271",2834,47,"Telfair","GA"
"30109",NA,NA,"Wibaux","MT"
"22053",3177,417,"Jefferson Davis","LA"
"29011",2237,114,"Barton","MO"
"51163",1587,449,"Rockbridge","VA"
"55059",1495,2923,"Kenosha","WI"
"33007",1946,322,"Coos","NH"
"37023",1603,1711,"Burke","NC"
"29186",2057,217,"Ste. Genevieve","MO"
"38073",2208,68,"Ransom","ND"
"36083",1813,1982,"Rensselaer","NY"
"48197",NA,NA,"Hardeman","TX"
"05069",2178,1250,"Jefferson","AR"
"29510",2160,7064,"St. Louis","MO"
"22101",3996,416,"St. Mary","LA"
"01051",2064,2042,"Elmore","AL"
"37061",2161,513,"Duplin","NC"
"22069",2082,295,"Natchitoches","LA"
"25007",4231,233,"Dukes","MA"
"41035",1481,1377,"Klamath","OR"
"17075",2061,216,"Iroquois","IL"
"48271",NA,NA,"Kinney","TX"
"01061",2442,412,"Geneva","AL"
"51001",2214,696,"Accomack","VA"
"19079",2105,150,"Hamilton","IA"
"51051",NA,NA,"Dickenson","VA"
"13045",2216,3244,"Carroll","GA"
"08111",NA,NA,"San Juan","CO"
"12101",3282,13977,"Pasco","FL"
"13109",2056,111,"Evans","GA"
"36057",2085,500,"Montgomery","NY"
"06069",2340,2016,"San Benito","CA"
"13049",2369,122,"Charlton","GA"
"29071",2179,1889,"Franklin","MO"
"16063",1561,47,"Lincoln","ID"
"17097",3103,14339,"Lake","IL"
"47107",1776,952,"McMinn","TN"
"33001",1892,1231,"Belknap","NH"
"38031",NA,NA,"Foster","ND"
"35037",2552,53,"Quay","NM"
"02275",NA,NA,"Wrangell","AK"
"39087",1821,647,"Lawrence","OH"
"38103",NA,NA,"Wells","ND"
"36053",1492,906,"Madison","NY"
"51009",1314,1052,"Amherst","VA"
"40099",2812,157,"Murray","OK"
"01133",2617,185,"Winston","AL"
"54043",NA,NA,"Lincoln","WV"
"01129",2826,115,"Washington","AL"
"30055",NA,NA,"McCone","MT"
"37133",2857,6805,"Onslow","NC"
"47123",1899,608,"Monroe","TN"
"53033",2513,45306,"King","WA"
"39095",1467,6740,"Lucas","OH"
"06033",2639,1156,"Lake","CA"
"28113",2756,344,"Pike","MS"
"46129",NA,NA,"Walworth","SD"
"36085",2753,8514,"Richmond","NY"
"05079",2076,70,"Lincoln","AR"
"37115",1929,378,"Madison","NC"
"40009",3004,352,"Beckham","OK"
"10005",1885,5956,"Sussex","DE"
"48105",NA,NA,"Crockett","TX"
"37155",2336,1238,"Robeson","NC"
"27023",2512,227,"Chippewa","MN"
"49039",1613,354,"Sanpete","UT"
"21183",1996,197,"Ohio","KY"
"48365",2060,162,"Panola","TX"
"48137",NA,NA,"Edwards","TX"
"21027",2119,228,"Breckinridge","KY"
"45011",2048,187,"Barnwell","SC"
"47039",2063,155,"Decatur","TN"
"72085",NA,NA,"Las Piedras",NA
"48147",2820,446,"Fannin","TX"
"32013",1396,250,"Humboldt","NV"
"19177",NA,NA,"Van Buren","IA"
"01005",2113,231,"Barbour","AL"
"56043",1747,211,"Washakie","WY"
"20167",NA,NA,"Russell","KS"
"38011",1986,36,"Bowman","ND"
"19163",1961,3619,"Scott","IA"
"01071",2181,568,"Jackson","AL"
"17141",2394,701,"Ogle","IL"
"06045",2745,1302,"Mendocino","CA"
"27135",2456,111,"Roseau","MN"
"29037",2360,4328,"Cass","MO"
"27169",2233,614,"Winona","MN"
"42027",1382,2403,"Centre","PA"
"30009",2779,249,"Carbon","MT"
"40061",2979,65,"Haskell","OK"
"40077",2857,36,"Latimer","OK"
"51139",1667,684,"Page","VA"
"39009",1819,347,"Athens","OH"
"29093",2069,51,"Iron","MO"
"06055",2429,2665,"Napa","CA"
"30029",1993,2346,"Flathead","MT"
"48301",NA,NA,"Loving","TX"
"08001",3100,11642,"Adams","CO"
"22067",2131,263,"Morehouse","LA"
"51735",3337,623,"Poquoson","VA"
"29157",1756,483,"Perry","MO"
"36119",5644,17214,"Westchester","NY"
"22087",3551,795,"St. Bernard","LA"
"48305",3189,58,"Lynn","TX"
"02150",1690,359,"Kodiak Island","AK"
"02164",NA,NA,"Lake and Peninsula","AK"
"51171",1773,1621,"Shenandoah","VA"
"28079",2480,157,"Leake","MS"
"48157",3611,13896,"Fort Bend","TX"
"51005",1315,272,"Alleghany","VA"
"18007",2114,98,"Benton","IN"
"19021",2041,130,"Buena Vista","IA"
"21227",2154,3158,"Warren","KY"
"56045",2494,95,"Weston","WY"
"13299",1976,471,"Ware","GA"
"37043",1851,239,"Clay","NC"
"53013",1797,51,"Columbia","WA"
"06007",2132,4250,"Butte","CA"
"37123",1976,231,"Montgomery","NC"
"48121",3493,23125,"Denton","TX"
"55083",1592,564,"Oconto","WI"
"13005",1870,66,"Bacon","GA"
"47109",1901,304,"McNairy","TN"
"01067",2184,354,"Henry","AL"
"19141",1991,78,"O'Brien","IA"
"13199",2237,470,"Meriwether","GA"
"13207",2363,610,"Monroe","GA"
"39059",1749,360,"Guernsey","OH"
"13215",2118,5666,"Muscogee","GA"
"13221",2339,411,"Oglethorpe","GA"
"39017",1862,7410,"Butler","OH"
"12086",6086,35060,"Miami-Dade","FL"
"13259",NA,NA,"Stewart","GA"
"48505",1433,41,"Zapata","TX"
"39107",1426,201,"Mercer","OH"
"09011",2428,5836,"New London","CT"
"05149",2129,229,"Yell","AR"
"01017",1900,510,"Chambers","AL"
"08069",2828,8525,"Larimer","CO"
"18173",2257,1352,"Warrick","IN"
"21123",2000,207,"Larue","KY"
"48153",NA,NA,"Floyd","TX"
"12013",3232,95,"Calhoun","FL"
"21195",2513,270,"Pike","KY"
"22033",2458,9131,"East Baton Rouge","LA"
"37037",2060,2418,"Chatham","NC"
"46085",NA,NA,"Lyman","SD"
"54017",NA,NA,"Doddridge","WV"
"55055",1751,1227,"Jefferson","WI"
"18155",1901,87,"Switzerland","IN"
"20159",NA,NA,"Rice","KS"
"37067",1588,11619,"Forsyth","NC"
"05123",2084,195,"St. Francis","AR"
"48267",NA,NA,"Kimble","TX"
"12021",5178,5440,"Collier","FL"
"17033",2241,55,"Crawford","IL"
"30105",2393,113,"Valley","MT"
"42039",1778,663,"Crawford","PA"
"47139",2235,231,"Polk","TN"
"27053",3177,36107,"Hennepin","MN"
"26149",2420,573,"St. Joseph","MI"
"26159",2708,862,"Van Buren","MI"
"21225",2155,84,"Union","KY"
"17031",2785,75981,"Cook","IL"
"17043",2488,19098,"DuPage","IL"
"17065",NA,NA,"Hamilton","IL"
"27009",2649,1132,"Benton","MN"
"37035",1410,4458,"Catawba","NC"
"37057",1477,4401,"Davidson","NC"
"21023",1968,62,"Bracken","KY"
"21017",2219,255,"Bourbon","KY"
"23003",1435,385,"Aroostook","ME"
"13025",2403,181,"Brantley","GA"
"22035",NA,NA,"East Carroll","LA"
"01019",2302,329,"Cherokee","AL"
"26121",2052,2369,"Muskegon","MI"
"31147",2719,56,"Richardson","NE"
"51550",2335,11187,"Chesapeake","VA"
"05061",2229,105,"Howard","AR"
"21061",2102,171,"Edmonson","KY"
"27129",2384,167,"Renville","MN"
"40117",3010,179,"Pawnee","OK"
"48035",2636,230,"Bosque","TX"
"48457",2184,131,"Tyler","TX"
"54057",1412,158,"Mineral","WV"
"18051",1951,456,"Gibson","IN"
"13029",2773,1502,"Bryan","GA"
"01041",2137,129,"Crenshaw","AL"
"12099",5862,24609,"Palm Beach","FL"
"08075",3551,441,"Logan","CO"
"13031",2375,1581,"Bulloch","GA"
"12087",8331,1564,"Monroe","FL"
"20139",2459,283,"Osage","KS"
"02158",NA,NA,"Kusilvak","AK"
"55051",1279,56,"Iron","WI"
"01063",NA,NA,"Greene","AL"
"01089",2554,12557,"Madison","AL"
"28119",NA,NA,"Quitman","MS"
"28143",2304,39,"Tunica","MS"
"29171",NA,NA,"Putnam","MO"
"54085",NA,NA,"Ritchie","WV"
"30019",NA,NA,"Daniels","MT"
"30079",NA,NA,"Prairie","MT"
"30085",NA,NA,"Roosevelt","MT"
"51021",1421,58,"Bland","VA"
"51015",1363,2272,"Augusta","VA"
"54047",NA,NA,"McDowell","WV"
"54091",1439,174,"Taylor","WV"
"54103",1462,47,"Wetzel","WV"
"47011",1728,2143,"Bradley","TN"
"08117",3323,502,"Summit","CO"
"48173",NA,NA,"Glasscock","TX"
"08035",4211,9513,"Douglas","CO"
"27013",2493,1655,"Blue Earth","MN"
"27041",2364,824,"Douglas","MN"
"21031",1977,98,"Butler","KY"
"49047",1413,587,"Uintah","UT"
"48323",1527,548,"Maverick","TX"
"12121",3180,310,"Suwannee","FL"
"51127",1826,1164,"New Kent","VA"
"53027",1709,1467,"Grays Harbor","WA"
"12109",3503,8504,"St. Johns","FL"
"53031",1746,481,"Jefferson","WA"
"53067",1629,6837,"Thurston","WA"
"53073",1817,4406,"Whatcom","WA"
"55009",1494,4307,"Brown","WI"
"13313",1683,2165,"Whitfield","GA"
"50003",2168,368,"Bennington","VT"
"13123",2271,658,"Gilmer","GA"
"54035",1564,379,"Jackson","WV"
"20131",NA,NA,"Nemaha","KS"
"17179",1943,1830,"Tazewell","IL"
"41031",1534,406,"Jefferson","OR"
"49009",NA,NA,"Daggett","UT"
"23031",1674,4157,"York","ME"
"32021",1391,37,"Mineral","NV"
"42051",1349,1302,"Fayette","PA"
"12105",3057,13947,"Polk","FL"
"18027",1899,459,"Daviess","IN"
"21081",2116,464,"Grant","KY"
"37135",2018,4198,"Orange","NC"
"42021",1108,1793,"Cambria","PA"
"53045",1805,1482,"Mason","WA"
"06103",2243,1357,"Tehama","CA"
"06051",3432,174,"Mono","CA"
"18109",2240,1561,"Morgan","IN"
"29019",2011,3347,"Boone","MO"
"18133",2056,588,"Putnam","IN"
"19057",1718,409,"Des Moines","IA"
"51161",1605,3471,"Roanoke","VA"
"31119",2920,563,"Madison","NE"
"29069",NA,NA,"Dunklin","MO"
"37005",1747,194,"Alleghany","NC"
"37171",1675,1380,"Surry","NC"
"30039",2293,69,"Granite","MT"
"31123",3252,43,"Morrill","NE"
"34021",2216,8173,"Mercer","NJ"
"29109",2140,723,"Lawrence","MO"
"05023",2226,673,"Cleburne","AR"
"48061",1954,5353,"Cameron","TX"
"22089",4274,1476,"St. Charles","LA"
"48257",2951,3899,"Kaufman","TX"
"36065",1995,2696,"Oneida","NY"
"40051",3240,1086,"Grady","OK"
"37113",1585,603,"Macon","NC"
"36039",1872,465,"Greene","NY"
"40017",3235,4464,"Canadian","OK"
"42127",1423,437,"Wayne","PA"
"17037",2022,1829,"DeKalb","IL"
"19189",2134,69,"Winnebago","IA"
"47153",2527,312,"Sequatchie","TN"
"21119",NA,NA,"Knott","KY"
"26059",2186,346,"Hillsdale","MI"
"13101",2059,49,"Echols","GA"
"21019",2239,598,"Boyd","KY"
"48009",2471,102,"Archer","TX"
"46081",3405,461,"Lawrence","SD"
"30031",2451,2563,"Gallatin","MT"
"39175",1713,223,"Wyandot","OH"
"34009",2517,2436,"Cape May","NJ"
"27089",2140,92,"Marshall","MN"
"12123",3071,204,"Taylor","FL"
"42033",1164,607,"Clearfield","PA"
"51053",1887,777,"Dinwiddie","VA"
"08105",1924,142,"Rio Grande","CO"
"40109",3337,16385,"Oklahoma","OK"
"40019",2664,855,"Carter","OK"
"40079",2530,474,"Le Flore","OK"
"12007",2875,318,"Bradford","FL"
"53015",1728,2450,"Cowlitz","WA"
"32510",1361,1157,"Carson City","NV"
"37039",1783,556,"Cherokee","NC"
"47099",1860,643,"Lawrence","TN"
"08043",2314,1227,"Fremont","CO"
"16061",1873,48,"Lewis","ID"
"21165",NA,NA,"Menifee","KY"
"22127",NA,NA,"Winn","LA"
"39147",1483,495,"Seneca","OH"
"40027",3100,7046,"Cleveland","OK"
"51530",1222,133,"Buena Vista","VA"
"51041",1846,16515,"Chesterfield","VA"
"18089",1863,13515,"Lake","IN"
"26041",1895,218,"Delta","MI"
"20149",NA,NA,"Pottawatomie","KS"
"30047",2002,762,"Lake","MT"
"46051",NA,NA,"Grant","SD"
"38051",NA,NA,"McIntosh","ND"
"35029",1567,223,"Luna","NM"
"26029",2341,261,"Charlevoix","MI"
"48139",2862,4904,"Ellis","TX"
"36047",3818,7152,"Kings","NY"
"55067",1268,142,"Langlade","WI"
"13117",3140,8474,"Forsyth","GA"
"41045",1510,321,"Malheur","OR"
"39055",1870,1619,"Geauga","OH"
"22023",3602,59,"Cameron","LA"
"21071",2079,198,"Floyd","KY"
"19133",2417,90,"Monona","IA"
"48351",2508,85,"Newton","TX"
"13265",NA,NA,"Taliaferro","GA"
"13267",2360,210,"Tattnall","GA"
"13281",2083,290,"Towns","GA"
"21125",2048,726,"Laurel","KY"
"47157",2454,22349,"Shelby","TN"
"26061",1856,310,"Houghton","MI"
"47167",2139,1946,"Tipton","TN"
"48119",NA,NA,"Delta","TX"
"20191",2513,451,"Sumner","KS"
"21141",1999,421,"Logan","KY"
"48123",2584,133,"DeWitt","TX"
"20197",NA,NA,"Wabaunsee","KS"
"26077",2504,3254,"Kalamazoo","MI"
"21153",NA,NA,"Magoffin","KY"
"49011",1766,10775,"Davis","UT"
"02261",NA,NA,"Valdez-Cordova","AK"
"55129",1758,172,"Washburn","WI"
"21231",1881,146,"Wayne","KY"
"26075",2014,2302,"Jackson","MI"
"40127",NA,NA,"Pushmataha","OK"
"48277",2613,526,"Lamar","TX"
"06057",3833,2701,"Nevada","CA"
"31015",NA,NA,"Boyd","NE"
"46091",NA,NA,"Marshall","SD"
"13181",2327,123,"Lincoln","GA"
"26019",NA,NA,"Benzie","MI"
"37013",2571,665,"Beaufort","NC"
"13069",2116,436,"Coffee","GA"
"18099",1869,458,"Marshall","IN"
"22097",2554,980,"St. Landry","LA"
"30015",1844,46,"Chouteau","MT"
"50007",1848,1261,"Chittenden","VT"
"72083",NA,NA,"Las Marías",NA
"37121",1865,179,"Mitchell","NC"
"30007",2433,163,"Broadwater","MT"
"39133",1541,2793,"Portage","OH"
"51067",1529,1542,"Franklin","VA"
"41027",1650,425,"Hood River","OR"
"39113",1682,9654,"Montgomery","OH"
"13103",2523,2220,"Effingham","GA"
"53005",1660,4792,"Benton","WA"
"53039",1992,373,"Klickitat","WA"
"45047",1632,1634,"Greenwood","SC"
"29173",2126,86,"Ralls","MO"
"56001",2588,579,"Albany","WY"
"27083",2327,527,"Lyon","MN"
"47125",1860,9662,"Montgomery","TN"
"49017",NA,NA,"Garfield","UT"
"51011",1399,483,"Appomattox","VA"
"19035",2196,66,"Cherokee","IA"
"21085",2026,273,"Grayson","KY"
"22113",3229,617,"Vermilion","LA"
"17071",NA,NA,"Henderson","IL"
"01117",2345,6371,"Shelby","AL"
"01081",2062,3198,"Lee","AL"
"16037",2089,60,"Custer","ID"
"13151",2668,7244,"Henry","GA"
"19089",NA,NA,"Howard","IA"
"39119",1765,987,"Muskingum","OH"
"19093",NA,NA,"Ida","IA"
"17133",2365,643,"Monroe","IL"
"19097",2063,113,"Jackson","IA"
"08097",4317,206,"Pitkin","CO"
"17149",NA,NA,"Pike","IL"
"56017",1815,81,"Hot Springs","WY"
"27125",2135,35,"Red Lake","MN"
"05103",2235,225,"Ouachita","AR"
"45029",2350,510,"Colleton","SC"
"27137",2302,5236,"St. Louis","MN"
"39093",1462,6025,"Lorain","OH"
"27139",3304,5219,"Scott","MN"
"28019",NA,NA,"Choctaw","MS"
"54027",1605,243,"Hampshire","WV"
"12079",3011,161,"Madison","FL"
"12023",2784,840,"Columbia","FL"
"12005",3713,4166,"Bay","FL"
"72025",NA,NA,"Caguas",NA
"72045",NA,NA,"Comerío",NA
"22111",2047,238,"Union","LA"
"21211",2304,1172,"Shelby","KY"
"51185",1462,493,"Tazewell","VA"
"18125",2018,215,"Pike","IN"
"37049",2470,3232,"Craven","NC"
"72003",NA,NA,"Aguada",NA
"26047",1787,290,"Emmet","MI"
"20087",2776,416,"Jefferson","KS"
"49043",3650,846,"Summit","UT"
"20161",NA,NA,"Riley","KS"
"27077",2627,61,"Lake of the Woods","MN"
"22047",2621,358,"Iberville","LA"
"48265",2376,883,"Kerr","TX"
"34027",2389,13652,"Morris","NJ"
"13095",2127,1550,"Dougherty","GA"
"31003",NA,NA,"Antelope","NE"
"47135",2499,52,"Perry","TN"
"29007",1675,286,"Audrain","MO"
"47155",1825,2246,"Sevier","TN"
"30045",NA,NA,"Judith Basin","MT"
"51029",1633,328,"Buckingham","VA"
"02188",NA,NA,"Northwest Arctic","AK"
"27007",2195,501,"Beltrami","MN"
"27001",2272,299,"Aitkin","MN"
"20185",NA,NA,"Stafford","KS"
"40131",2929,2289,"Rogers","OK"
"22005",2625,3082,"Ascension","LA"
"26031",2149,228,"Cheboygan","MI"
"08099",2607,70,"Prowers","CO"
"12097",3192,8493,"Osceola","FL"
"51073",2128,1844,"Gloucester","VA"
"37189",2002,854,"Watauga","NC"
"45055",1938,1549,"Kershaw","SC"
"16077",1938,70,"Power","ID"
"40021",2615,694,"Cherokee","OK"
"48419",2481,82,"Shelby","TX"
"55115",1414,395,"Shawano","WI"
"06031",1501,4564,"Kings","CA"
"06083",2059,6231,"Santa Barbara","CA"
"16011",1952,740,"Bingham","ID"
"27087",2357,29,"Mahnomen","MN"
"20117",2780,51,"Marshall","KS"
"55001",1604,212,"Adams","WI"
"72107",NA,NA,"Orocovis",NA
"72021",NA,NA,"Bayamón",NA
"54039",1546,2929,"Kanawha","WV"
"72063",NA,NA,"Gurabo",NA
"72039",NA,NA,"Ciales",NA
"72041",NA,NA,"Cidra",NA
"72055",NA,NA,"Guánica",NA
"28091",2739,110,"Marion","MS"
"31063",3099,36,"Frontier","NE"
"31065",2847,39,"Furnas","NE"
"01115",2270,2443,"St. Clair","AL"
"42089",1692,3411,"Monroe","PA"
"36041",1534,39,"Hamilton","NY"
"48449",2314,292,"Titus","TX"
"42103",1498,1166,"Pike","PA"
"48467",2741,640,"Van Zandt","TX"
"36113",1470,1119,"Warren","NY"
"31073",NA,NA,"Gosper","NE"
"54075",NA,NA,"Pocahontas","WV"
"26135",2138,66,"Oscoda","MI"
"55017",1668,651,"Chippewa","WI"
"06109",3106,1515,"Tuolumne","CA"
"55121",1878,181,"Trempealeau","WI"
"05137",2337,147,"Stone","AR"
"41015",1716,259,"Curry","OR"
"05047",2109,229,"Franklin","AR"
"06037",2251,123238,"Los Angeles","CA"
"25019",4543,71,"Nantucket","MA"
"34039",2251,12693,"Union","NJ"
"18075",1792,118,"Jay","IN"
"05031",2252,3102,"Craighead","AR"
"08067",2429,1433,"La Plata","CO"
"28095",2250,242,"Monroe","MS"
"39145",1934,483,"Scioto","OH"
"51117",1854,554,"Mecklenburg","VA"
"01015",2100,2621,"Calhoun","AL"
"21025",NA,NA,"Breathitt","KY"
"20109",NA,NA,"Logan","KS"
"30087",2524,126,"Rosebud","MT"
"31005",NA,NA,"Arthur","NE"
"45035",2592,4303,"Dorchester","SC"
"48333",NA,NA,"Mills","TX"
"18001",1459,396,"Adams","IN"
"18017",1824,319,"Cass","IN"
"32023",1754,926,"Nye","NV"
"72054",NA,NA,"Florida",NA
"30107",NA,NA,"Wheatland","MT"
"30011",NA,NA,"Carter","MT"
"20137",NA,NA,"Norton","KS"
"37021",1642,6902,"Buncombe","NC"
"31157",3098,845,"Scotts Bluff","NE"
"42107",1323,1920,"Schuylkill","PA"
"33009",1941,984,"Grafton","NH"
"39075",1607,135,"Holmes","OH"
"02195",NA,NA,"Petersburg","AK"
"05039",2244,42,"Dallas","AR"
"37111",1595,576,"McDowell","NC"
"42109",1321,381,"Snyder","PA"
"36059",4617,38601,"Nassau","NY"
"51630",2227,725,"Fredericksburg","VA"
"29149",NA,NA,"Oregon","MO"
"36063",1832,3932,"Niagara","NY"
"51800",2625,3699,"Suffolk","VA"
"06067",1727,40348,"Sacramento","CA"
"19113",2074,4693,"Linn","IA"
"21133",NA,NA,"Letcher","KY"
"30111",2702,5549,"Yellowstone","MT"
"28145",2063,174,"Union","MS"
"48097",3326,651,"Cooke","TX"
"48325",2832,695,"Medina","TX"
"26083",NA,NA,"Keweenaw","MI"
"27055",2130,149,"Houston","MN"
"27063",2350,141,"Jackson","MN"
"21173",2340,327,"Montgomery","KY"
"21175",NA,NA,"Morgan","KY"
"54089",NA,NA,"Summers","WV"
"26153",NA,NA,"Schoolcraft","MI"
"42101",1988,19402,"Philadelphia","PA"
"01073",2477,15357,"Jefferson","AL"
"22021",NA,NA,"Caldwell","LA"
"29177",2191,664,"Ray","MO"
"45019",4136,11130,"Charleston","SC"
"48417",NA,NA,"Shackelford","TX"
"72079",NA,NA,"Lajas",NA
"17159",2151,57,"Richland","IL"
"13253",2761,86,"Seminole","GA"
"40067",NA,NA,"Jefferson","OK"
"30063",2067,2611,"Missoula","MT"
"18005",1822,1712,"Bartholomew","IN"
"20007",NA,NA,"Barber","KS"
"17087",2638,63,"Johnson","IL"
"42087",1103,497,"Mifflin","PA"
"18077",1916,485,"Jefferson","IN"
"51045",1615,35,"Craig","VA"
"39125",1604,99,"Paulding","OH"
"13003",NA,NA,"Atkinson","GA"
"51125",1957,429,"Nelson","VA"
"12131",4660,1905,"Walton","FL"
"31057",NA,NA,"Dundy","NE"
"21021",3031,458,"Boyle","KY"
"48213",2497,1003,"Henderson","TX"
"31177",3638,463,"Washington","NE"
"16071",2019,97,"Oneida","ID"
"56009",2644,413,"Converse","WY"
"05091",2120,760,"Miller","AR"
"34025",3003,19443,"Monmouth","NJ"
"27093",2479,653,"Meeker","MN"
"17091",2129,2051,"Kankakee","IL"
"27075",2157,196,"Lake","MN"
"23021",1411,137,"Piscataquis","ME"
"05121",2330,186,"Randolph","AR"
"08107",2990,595,"Routt","CO"
"27059",2926,1384,"Isanti","MN"
"27143",2577,335,"Sibley","MN"
"06079",2015,5648,"San Luis Obispo","CA"
"39005",1643,696,"Ashland","OH"
"28121",2366,3444,"Rankin","MS"
"06043",3491,353,"Mariposa","CA"
"35009",2660,1488,"Curry","NM"
"36021",2131,915,"Columbia","NY"
"06093",2224,753,"Siskiyou","CA"
"48439",2800,41841,"Tarrant","TX"
"47045",2154,577,"Dyer","TN"
"27039",2396,539,"Dodge","MN"
"37093",2056,2650,"Hoke","NC"
"26127",2123,180,"Oceana","MI"
"37125",1954,4004,"Moore","NC"
"26133",NA,NA,"Osceola","MI"
"44009",2781,2406,"Washington","RI"
"42007",1330,3441,"Beaver","PA"
"46095",NA,NA,"Mellette","SD"
"46117",3468,28,"Stanley","SD"
"29061",2275,97,"Daviess","MO"
"46137",NA,NA,"Ziebach","SD"
"30021",2269,186,"Dawson","MT"
"49003",1663,1817,"Box Elder","UT"
"30089",1796,250,"Sanders","MT"
"48159",3103,116,"Franklin","TX"
"36025",1655,387,"Delaware","NY"
"48183",1887,1673,"Gregg","TX"
"38029",NA,NA,"Emmons","ND"
"34031",2419,8102,"Passaic","NJ"
"48503",2755,201,"Young","TX"
"21015",2027,3315,"Boone","KY"
"39045",2061,3336,"Fairfield","OH"
"38071",1855,93,"Ramsey","ND"
"08019",3796,352,"Clear Creek","CO"
"36029",1563,15039,"Erie","NY"
"28043",2733,134,"Grenada","MS"
"21187",2130,143,"Owen","KY"
"21163",2249,809,"Meade","KY"
"48037",2388,1582,"Bowie","TX"
"47179",1932,2681,"Washington","TN"
"56015",2656,334,"Goshen","WY"
"51057",1804,279,"Essex","VA"
"48047",NA,NA,"Brooks","TX"
"47187",2835,6086,"Williamson","TN"
"55033",1993,360,"Dunn","WI"
"56023",2029,445,"Lincoln","WY"
"45077",1619,3036,"Pickens","SC"
"56027",NA,NA,"Niobrara","WY"
"45079",1909,11145,"Richland","SC"
"06039",2189,4137,"Madera","CA"
"17157",2109,241,"Randolph","IL"
"48371",1923,78,"Pecos","TX"
"13061",NA,NA,"Clay","GA"
"48381",2840,4188,"Randall","TX"
"19149",2130,250,"Plymouth","IA"
"08113",2894,105,"San Miguel","CO"
"19157",2281,287,"Poweshiek","IA"
"13081",2584,248,"Crisp","GA"
"48387",2533,63,"Red River","TX"
"08125",3381,93,"Yuma","CO"
"19161",1977,24,"Sac","IA"
"21053",NA,NA,"Clinton","KY"
"48083",NA,NA,"Coleman","TX"
"08085",1539,1274,"Montrose","CO"
"20143",2802,53,"Ottawa","KS"
"20179",NA,NA,"Sheridan","KS"
"49007",1598,284,"Carbon","UT"
"49015",NA,NA,"Emery","UT"
"48029",2138,29736,"Bexar","TX"
"48187",2345,2975,"Guadalupe","TX"
"15003",3154,10077,"Honolulu","HI"
"05035",2218,989,"Crittenden","AR"
"53007",2002,1413,"Chelan","WA"
"12017",2914,3621,"Citrus","FL"
"12059",3145,145,"Holmes","FL"
"12065",2958,220,"Jefferson","FL"
"12073",2656,7431,"Leon","FL"
"12103",4237,23116,"Pinellas","FL"
"47087",2021,157,"Jackson","TN"
"72059",NA,NA,"Guayanilla",NA
"17177",2273,375,"Stephenson","IL"
"31151",2951,227,"Saline","NE"
"18019",2069,4079,"Clark","IN"
"41041",1724,965,"Lincoln","OR"
"22105",2666,2564,"Tangipahoa","LA"
"72105",NA,NA,"Naranjito",NA
"06107",1483,12795,"Tulare","CA"
"36019",1506,863,"Clinton","NY"
"39165",2044,4676,"Warren","OH"
"24043",1974,4515,"Washington","MD"
"51141",1508,322,"Patrick","VA"
"05143",2481,4957,"Washington","AR"
"19129",3012,446,"Mills","IA"
"21093",2153,4118,"Hardin","KY"
"02185",NA,NA,"North Slope","AK"
"02282",NA,NA,"Yakutat","AK"
"05127",1919,72,"Scott","AR"
"48237",3186,54,"Jack","TX"
"51840",1754,848,"Winchester","VA"
"12111",3908,10517,"St. Lucie","FL"
"05131",2209,2579,"Sebastian","AR"
"18121",2029,148,"Parke","IN"
"08049",2957,331,"Grand","CO"
"20103",2816,2661,"Leavenworth","KS"
"55007",1626,175,"Bayfield","WI"
"55003",1338,122,"Ashland","WI"
"55013",1832,267,"Burnett","WI"
"22007",3648,226,"Assumption","LA"
"22025",2099,41,"Catahoula","LA"
"22027",2294,114,"Claiborne","LA"
"36045",2300,1530,"Jefferson","NY"
"06097",2464,8988,"Sonoma","CA"
"22029",1781,112,"Concordia","LA"
"26095",1674,39,"Luce","MI"
"05129",2433,71,"Searcy","AR"
"42111",1312,917,"Somerset","PA"
"27123",3000,13011,"Ramsey","MN"
"41009",1627,1349,"Columbia","OR"
"53037",2064,831,"Kittitas","WA"
"54055",1378,435,"Mercer","WV"
"12113",3714,6655,"Santa Rosa","FL"
"48385",NA,NA,"Real","TX"
"51071",1627,441,"Giles","VA"
"53065",1793,985,"Stevens","WA"
"12039",2816,610,"Gadsden","FL"
"27173",2535,159,"Yellow Medicine","MN"
"29013",2222,295,"Bates","MO"
"32007",1499,702,"Elko","NV"
"04003",1554,3592,"Cochise","AZ"
"13073",2183,6754,"Columbia","GA"
"23005",1654,6514,"Cumberland","ME"
"27011",2329,77,"Big Stone","MN"
"35039",2257,206,"Rio Arriba","NM"
"04013",1736,93069,"Maricopa","AZ"
"21099",1933,171,"Hart","KY"
"26051",2336,241,"Gladwin","MI"
"36077",1648,681,"Otsego","NY"
"48023",NA,NA,"Baylor","TX"
"54025",1342,211,"Greenbrier","WV"
"19127",1853,841,"Marshall","IA"
"37073",2081,228,"Gates","NC"
"37147",2164,4799,"Pitt","NC"
"21131",NA,NA,"Leslie","KY"
"22079",1717,1817,"Rapides","LA"
"34019",2598,4225,"Hunterdon","NJ"
"26105",NA,NA,"Mason","MI"
"27131",2985,1759,"Rice","MN"
"48181",2883,2532,"Grayson","TX"
"29189",2365,29795,"St. Louis","MO"
"05113",2254,228,"Polk","AR"
"26119",NA,NA,"Montmorency","MI"
"48307",2114,44,"McCulloch","TX"
"32009",NA,NA,"Esmeralda","NV"
"72123",NA,NA,"Salinas",NA
"18015",1960,335,"Carroll","IN"
"26099",2010,16877,"Macomb","MI"
"26129",2208,166,"Ogemaw","MI"
"26145",2389,1871,"Saginaw","MI"
"47047",2499,1646,"Fayette","TN"
"20163",NA,NA,"Rooks","KS"
"72097",NA,NA,"Mayagüez",NA
"20183",NA,NA,"Smith","KS"
"24035",2118,2063,"Queen Anne's","MD"
"48027",2068,9158,"Bell","TX"
"36117",1290,1331,"Wayne","NY"
"31153",3262,7735,"Sarpy","NE"
"37027",1582,1894,"Caldwell","NC"
"51181",1966,211,"Surry","VA"
"29195",1845,267,"Saline","MO"
"37033",1504,376,"Caswell","NC"
"26131",NA,NA,"Ontonagon","MI"
"33015",2017,7658,"Rockingham","NH"
"05055",2118,784,"Greene","AR"
"37045",1532,1912,"Cleveland","NC"
"42121",1222,334,"Venango","PA"
"05057",2118,109,"Hempstead","AR"
"01011",3292,23,"Bullock","AL"
"01109",2122,359,"Pike","AL"
"48425",2666,145,"Somervell","TX"
"28147",3127,65,"Walthall","MS"
"13291",2117,653,"Union","GA"
"13301",2394,37,"Warren","GA"
"40065",2743,621,"Jackson","OK"
"29223",NA,NA,"Wayne","MO"
"34001",2413,7466,"Atlantic","NJ"
"05119",2255,11930,"Pulaski","AR"
"51660",1676,530,"Harrisonburg","VA"
"42009",1170,530,"Bedford","PA"
"05099",2284,25,"Nevada","AR"
"05105",2231,122,"Perry","AR"
"51685",2184,574,"Manassas Park","VA"
"05109",2254,55,"Pike","AR"
"18049",1863,168,"Fulton","IN"
"18073",1861,879,"Jasper","IN"
"06053",2080,7384,"Monterey","CA"
"19013",1895,1624,"Black Hawk","IA"
"10003",1662,15880,"New Castle","DE"
"08029",1729,832,"Delta","CO"
"51580",1396,122,"Covington","VA"
"06023",1829,2422,"Humboldt","CA"
"04009",1627,760,"Graham","AZ"
"13091",2364,181,"Dodge","GA"
"31025",3350,826,"Cass","NE"
"09013",2125,3540,"Tolland","CT"
"01119",2555,25,"Sumter","AL"
"48167",3105,6401,"Galveston","TX"
"39111",1828,52,"Monroe","OH"
"47067",NA,NA,"Hancock","TN"
"01077",2230,1941,"Lauderdale","AL"
"13295",2134,1653,"Walker","GA"
"19007",2194,82,"Appanoose","IA"
"18147",2033,225,"Spencer","IN"
"27155",NA,NA,"Traverse","MN"
"18123",1896,317,"Perry","IN"
"38097",2038,140,"Traill","ND"
"12077",3042,50,"Liberty","FL"
"49049",1792,13666,"Utah","UT"
"30099",1956,86,"Teton","MT"
"18165",1865,128,"Vermillion","IN"
"37095",NA,NA,"Hyde","NC"
"04015",1323,5116,"Mohave","AZ"
"56029",2333,969,"Park","WY"
"56037",1387,1266,"Sweetwater","WY"
"30061",2250,91,"Mineral","MT"
"30065",2769,82,"Musselshell","MT"
"34023",2171,18817,"Middlesex","NJ"
"48359",NA,NA,"Oldham","TX"
"13297",2655,3541,"Walton","GA"
"13303",2134,206,"Washington","GA"
"30081",2074,1300,"Ravalli","MT"
"29115",NA,NA,"Linn","MO"
"06071",1931,52082,"San Bernardino","CA"
"13169",2068,565,"Jones","GA"
"13099",2658,66,"Early","GA"
"08123",3085,8542,"Weld","CO"
"48443",NA,NA,"Terrell","TX"
"17191",NA,NA,"Wayne","IL"
"08033",NA,NA,"Dolores","CO"
"02013",NA,NA,"Aleutians East","AK"
"02060",NA,NA,"Bristol Bay","AK"
"02070",NA,NA,"Dillingham","AK"
"40089",3188,135,"McCurtain","OK"
"29009",2248,532,"Barry","MO"
"38037",NA,NA,"Grant","ND"
"48355",2707,5873,"Nueces","TX"
"17171",NA,NA,"Scott","IL"
"21011",NA,NA,"Bath","KY"
"26087",2592,1615,"Lapeer","MI"
"31097",2848,39,"Johnson","NE"
"35005",2386,1551,"Chaves","NM"
"42061",1251,571,"Huntingdon","PA"
"51131",2558,246,"Northampton","VA"
"08045",2425,1464,"Garfield","CO"
"26007",1813,202,"Alpena","MI"
"38021",1847,41,"Dickey","ND"
"41065",1636,507,"Wasco","OR"
"05037",2164,306,"Cross","AR"
"13089",2940,20204,"DeKalb","GA"
"49033",NA,NA,"Rich","UT"
"25011",1906,820,"Franklin","MA"
"17195",1903,518,"Whiteside","IL"
"13127",2770,2311,"Glynn","GA"
"39155",1402,2977,"Trumbull","OH"
"13137",2420,934,"Habersham","GA"
"39157",1594,1146,"Tuscarawas","OH"
"39159",2143,1161,"Union","OH"
"13145",2502,1464,"Harris","GA"
"13147",2108,530,"Hart","GA"
"39099",1467,3527,"Mahoning","OH"
"09015",2143,2685,"Windham","CT"
"08051",2706,404,"Gunnison","CO"
"16019",1754,2746,"Bonneville","ID"
"06091",2788,57,"Sierra","CA"
"40113",2853,613,"Osage","OK"
"22099",2820,723,"St. Martin","LA"
"22103",4487,7598,"St. Tammany","LA"
"36033",1435,381,"Franklin","NY"
"28063",NA,NA,"Jefferson","MS"
"47127",2027,112,"Moore","TN"
"36007",1351,2088,"Broome","NY"
"36093",1392,2033,"Schenectady","NY"
"40005",3148,63,"Atoka","OK"
"36107",1605,549,"Tioga","NY"
"27157",2562,318,"Wabasha","MN"
"37029",2761,483,"Camden","NC"
"51175",1884,392,"Southampton","VA"
"36027",2010,2745,"Dutchess","NY"
"51095",2141,2491,"James City","VA"
"37075",1862,72,"Graham","NC"
"01025",2599,348,"Clarke","AL"
"01091",2369,189,"Marengo","AL"
"01131",2188,35,"Wilcox","AL"
"54099",1653,255,"Wayne","WV"
"01099",2212,198,"Monroe","AL"
"24001",1700,1051,"Allegany","MD"
"01127",2346,864,"Walker","AL"
"54059",NA,NA,"Mingo","WV"
"54061",1621,1453,"Monongalia","WV"
"51155",1460,880,"Pulaski","VA"
"54071",NA,NA,"Pendleton","WV"
"29153",NA,NA,"Ozark","MO"
"40141",2202,64,"Tillman","OK"
"48411",NA,NA,"San Saba","TX"
"31171",NA,NA,"Thomas","NE"
"42031",1265,193,"Clarion","PA"
"51087",1900,12222,"Henrico","VA"
"55043",1914,225,"Grant","WI"
"35006",1447,121,"Cibola","NM"
"12125",2961,108,"Union","FL"
"38089",2389,698,"Stark","ND"
"20001",NA,NA,"Allen","KS"
"28107",2549,198,"Panola","MS"
"40111",2948,323,"Okmulgee","OK"
"51083",1645,641,"Halifax","VA"
"18163",1759,3608,"Vanderburgh","IN"
"38065",NA,NA,"Oliver","ND"
"05051",2187,1798,"Garland","AR"
"04012",1553,94,"La Paz","AZ"
"17197",2567,17559,"Will","IL"
"29129",NA,NA,"Mercer","MO"
"08079",NA,NA,"Mineral","CO"
"48273",2451,388,"Kleberg","TX"
"05139",2250,714,"Union","AR"
"06115",1889,2775,"Yuba","CA"
"13013",2092,3387,"Barrow","GA"
"08057",NA,NA,"Jackson","CO"
"37175",2104,614,"Transylvania","NC"
"51077",1334,209,"Grayson","VA"
"08063",3585,64,"Kit Carson","CO"
"22057",3372,1348,"Lafourche","LA"
"37185",1963,225,"Warren","NC"
"72053",NA,NA,"Fajardo",NA
"17089",2366,12235,"Kane","IL"
"30005",2137,28,"Blaine","MT"
"72121",NA,NA,"Sabana Grande",NA
"38019",NA,NA,"Cavalier","ND"
"06015",1980,467,"Del Norte","CA"
"29017",NA,NA,"Bollinger","MO"
"51720",1534,25,"Norton","VA"
"36075",1665,1387,"Oswego","NY"
"55011",1895,103,"Buffalo","WI"
"36087",2553,3577,"Rockland","NY"
"08011",NA,NA,"Bent","CO"
"09001",3203,19059,"Fairfield","CT"
"05005",2029,1122,"Baxter","AR"
"51193",2295,678,"Westmoreland","VA"
"38083",NA,NA,"Sheridan","ND"
"29225",2212,648,"Webster","MO"
"37059",1626,1351,"Davie","NC"
"05063",2180,666,"Independence","AR"
"42129",1261,7026,"Westmoreland","PA"
"48199",2925,1029,"Hardin","TX"
"48431",NA,NA,"Sterling","TX"
"48461",NA,NA,"Upton","TX"
"48475",2096,130,"Ward","TX"
"48485",2474,2137,"Wichita","TX"
"08065",2181,173,"Lake","CO"
"08071",3103,238,"Las Animas","CO"
"36011",1877,874,"Cayuga","NY"
"48253",2586,159,"Jones","TX"
"37091",1719,160,"Hertford","NC"
"08093",3145,813,"Park","CO"
"26097",2306,48,"Mackinac","MI"
"08109",2379,49,"Saguache","CO"
"48229",NA,NA,"Hudspeth","TX"
"09007",2575,4289,"Middlesex","CT"
"01021",2108,787,"Chilton","AL"
"20071",NA,NA,"Greeley","KS"
"40035",2164,101,"Craig","OK"
"06099",1542,17566,"Stanislaus","CA"
"20055",2900,597,"Finney","KS"
"46119",NA,NA,"Sully","SD"
"47133",1774,254,"Overton","TN"
"54097",1644,155,"Upshur","WV"
"40103",2941,127,"Noble","OK"
"48311",NA,NA,"McMullen","TX"
"54003",1584,3231,"Berkeley","WV"
"53023",2325,27,"Garfield","WA"
"26137",NA,NA,"Otsego","MI"
"37051",2116,14614,"Cumberland","NC"
"16033",NA,NA,"Clark","ID"
"56021",3055,3734,"Laramie","WY"
"48281",2307,504,"Lampasas","TX"
"16007",1702,103,"Bear Lake","ID"
"24037",2260,4068,"St. Mary's","MD"
"38033",NA,NA,"Golden Valley","ND"
"32031",1534,10060,"Washoe","NV"
"32005",1708,1156,"Douglas","NV"
"18009",1816,148,"Blackford","IN"
"18169",1616,282,"Wabash","IN"
"72089",NA,NA,"Luquillo",NA
"05049",2172,152,"Fulton","AR"
"08005",3530,14846,"Arapahoe","CO"
"05033",2223,1245,"Crawford","AR"
"29021",1873,2053,"Buchanan","MO"
"31055",3347,16022,"Douglas","NE"
"06021",1559,418,"Glenn","CA"
"42133",1354,12784,"York","PA"
"31043",2576,319,"Dakota","NE"
"37077",1731,1573,"Granville","NC"
"31027",2822,90,"Cedar","NE"
"06027",1985,218,"Inyo","CA"
"37097",1787,5384,"Iredell","NC"
"40129",NA,NA,"Roger Mills","OK"
"13189",2229,438,"McDuffie","GA"
"41055",NA,NA,"Sherman","OR"
"41063",1882,100,"Wallowa","OR"
"55041",1889,49,"Forest","WI"
"19025",1940,81,"Calhoun","IA"
"48093",2628,113,"Comanche","TX"
"48143",2930,536,"Erath","TX"
"48101",NA,NA,"Cottle","TX"
"48107",NA,NA,"Crosby","TX"
"26037",2372,1031,"Clinton","MI"
"23007",1574,251,"Franklin","ME"
"47145",1860,1046,"Roane","TN"
"21107",2362,495,"Hopkins","KY"
"26003",1740,44,"Alger","MI"
"37017",2343,374,"Bladen","NC"
"29127",1840,237,"Marion","MO"
"39101",1844,953,"Marion","OH"
"53009",1552,1133,"Clallam","WA"
"05067",1955,120,"Jackson","AR"
"51065",1886,1013,"Fluvanna","VA"
"01053",2269,423,"Escambia","AL"
"12089",3342,2338,"Nassau","FL"
"36089",1468,442,"St. Lawrence","NY"
"37019",3717,4305,"Brunswick","NC"
"51143",1401,1092,"Pittsylvania","VA"
"13017",2150,202,"Ben Hill","GA"
"37163",2093,1037,"Sampson","NC"
"36069",1713,1755,"Ontario","NY"
"51165",1538,2299,"Rockingham","VA"
"02122",1889,1115,"Kenai Peninsula","AK"
"48283",NA,NA,"La Salle","TX"
"46087",NA,NA,"McCook","SD"
"29099",2132,7507,"Jefferson","MO"
"54011",1537,1158,"Cabell","WV"
"17001",1917,419,"Adams","IL"
"12011",6219,32673,"Broward","FL"
"39169",1484,1357,"Wayne","OH"
"39011",1529,418,"Auglaize","OH"
"13183",2334,561,"Long","GA"
"39033",1714,454,"Crawford","OH"
"02100",NA,NA,"Haines","AK"
"05077",NA,NA,"Lee","AR"
"05095",NA,NA,"Monroe","AR"
"05117",2239,52,"Prairie","AR"
"40013",2801,403,"Bryan","OK"
"51137",1805,1430,"Orange","VA"
"48471",2451,636,"Walker","TX"
"40029",NA,NA,"Coal","OK"
"51031",1458,1512,"Campbell","VA"
"48339",2950,11013,"Montgomery","TX"
"40091",2493,128,"McIntosh","OK"
"40095",2654,130,"Marshall","OK"
"48225",2408,155,"Houston","TX"
"48407",2544,251,"San Jacinto","TX"
"48395",2530,182,"Robertson","TX"
