"year","county_str","mean_premium","n_obs"
2014,"10001",1409,5266
2015,"10001",1341,5301
2016,"10001",1399,6084
2017,"10001",1324,5794
2018,"10001",1385,5685
2019,"10001",1452,5593
2020,"10001",1492,3832
2021,"10001",1457,5043
2022,"10001",1588,4875
2023,"10001",1757,5160
2024,"10001",2092,5405
2014,"10003",1346,18617
2015,"10003",1322,18900
2016,"10003",1474,21754
2017,"10003",1473,21187
2018,"10003",1466,20339
2019,"10003",1485,19600
2020,"10003",1481,13164
2021,"10003",1408,16502
2022,"10003",1541,15512
2023,"10003",1662,15880
2024,"10003",1968,16302
2014,"10005",1424,5680
2015,"10005",1466,5834
2016,"10005",1481,6392
2017,"10005",1470,6441
2018,"10005",1497,6268
2019,"10005",1537,6371
2020,"10005",1573,4402
2021,"10005",1555,5637
2022,"10005",1754,5735
2023,"10005",1885,5956
2024,"10005",2007,6613
2014,"01001",1433,1807
2015,"01001",1432,1882
2016,"01001",1434,2200
2017,"01001",1373,2106
2018,"01001",1455,2109
2019,"01001",1495,2086
2020,"01001",1610,2016
2021,"01001",1699,1498
2022,"01001",1861,1434
2023,"01001",2083,1431
2024,"01001",2299,1613
2014,"01003",2707,4385
2015,"01003",2604,4676
2016,"01003",2413,5867
2017,"01003",2221,6060
2018,"01003",2198,5409
2019,"01003",2226,5453
2020,"01003",2316,5504
2021,"01003",2448,4769
2022,"01003",2775,5049
2023,"01003",3288,5132
2024,"01003",3648,5805
2014,"01005",1615,204
2015,"01005",1568,232
2016,"01005",1766,256
2017,"01005",1574,252
2018,"01005",1606,286
2019,"01005",1591,264
2020,"01005",1622,306
2021,"01005",1995,191
2022,"01005",2126,188
2023,"01005",2113,231
2024,"01005",2392,211
2014,"01007",1634,230
2015,"01007",1610,253
2016,"01007",1638,275
2017,"01007",1653,259
2018,"01007",1582,265
2019,"01007",1611,274
2020,"01007",1697,286
2021,"01007",1700,232
2022,"01007",1946,235
2023,"01007",2184,246
2024,"01007",2465,262
2014,"01009",1600,946
2015,"01009",1648,1048
2016,"01009",1653,1136
2017,"01009",1636,1126
2018,"01009",1591,1088
2019,"01009",1673,1167
2020,"01009",1695,1166
2021,"01009",1782,916
2022,"01009",1927,989
2023,"01009",2198,1087
2024,"01009",2518,1141
2014,"01011",2537,31
2015,"01011",2888,32
2016,"01011",2189,37
2017,"01011",2522,28
2018,"01011",2319,34
2019,"01011",2577,30
2020,"01011",2559,33
2021,"01011",2430,22
2022,"01011",2804,22
2023,"01011",3292,23
2024,"01011",3619,22
2014,"01013",1630,173
2015,"01013",1701,177
2016,"01013",1707,188
2017,"01013",1808,182
2018,"01013",1699,191
2019,"01013",1790,201
2020,"01013",1750,205
2021,"01013",1840,147
2022,"01013",1975,158
2023,"01013",2103,157
2024,"01013",2213,170
2014,"01015",1471,2429
2015,"01015",1488,2785
2016,"01015",1482,3112
2017,"01015",1451,2924
2018,"01015",1497,2878
2019,"01015",1604,2885
2020,"01015",1674,2740
2021,"01015",1740,2404
2022,"01015",1852,2473
2023,"01015",2100,2621
2024,"01015",2330,2701
2014,"01017",1427,396
2015,"01017",1534,434
2016,"01017",1513,470
2017,"01017",1440,503
2018,"01017",1446,489
2019,"01017",1527,542
2020,"01017",1574,528
2021,"01017",1641,418
2022,"01017",1720,500
2023,"01017",1900,510
2024,"01017",2101,569
2014,"01019",1670,221
2015,"01019",1661,230
2016,"01019",1583,270
2017,"01019",1635,260
2018,"01019",1671,262
2019,"01019",1736,273
2020,"01019",1766,275
2021,"01019",1792,234
2022,"01019",1968,264
2023,"01019",2302,329
2024,"01019",2430,349
2014,"01021",1510,556
2015,"01021",1519,609
2016,"01021",1488,687
2017,"01021",1478,694
2018,"01021",1518,746
2019,"01021",1640,829
2020,"01021",1674,872
2021,"01021",1709,762
2022,"01021",1839,735
2023,"01021",2108,787
2024,"01021",2580,833
2014,"01023",1939,34
2015,"01023",1760,33
2016,"01023",2053,41
2017,"01023",1985,46
2018,"01023",1773,44
2019,"01023",2180,38
2020,"01023",1982,40
2021,"01023",2192,26
2022,"01023",2343,26
2023,"01023",2534,37
2024,"01023",2448,32
2014,"01025",2020,221
2015,"01025",2009,248
2016,"01025",2034,298
2017,"01025",1969,344
2018,"01025",2008,323
2019,"01025",2020,309
2020,"01025",1976,327
2021,"01025",2111,293
2022,"01025",2227,289
2023,"01025",2599,348
2024,"01025",2884,332
2014,"01027",1492,80
2015,"01027",1654,100
2016,"01027",1553,103
2017,"01027",1607,134
2018,"01027",1732,150
2019,"01027",1736,151
2020,"01027",1902,168
2021,"01027",2059,101
2022,"01027",2170,110
2023,"01027",2240,125
2024,"01027",2597,119
2014,"01029",1274,116
2015,"01029",1459,122
2016,"01029",1383,147
2017,"01029",1417,164
2018,"01029",1549,159
2019,"01029",1571,165
2020,"01029",1697,172
2021,"01029",1732,148
2022,"01029",1959,147
2023,"01029",2224,132
2024,"01029",2521,171
2014,"01031",1627,1105
2015,"01031",1571,1533
2016,"01031",1686,1940
2017,"01031",1674,1750
2018,"01031",1732,1972
2019,"01031",1810,2058
2020,"01031",1988,2098
2021,"01031",2108,1951
2022,"01031",2194,1928
2023,"01031",2335,1905
2024,"01031",2583,1941
2014,"01033",1453,1069
2015,"01033",1514,1197
2016,"01033",1492,1281
2017,"01033",1451,1257
2018,"01033",1445,1254
2019,"01033",1533,1344
2020,"01033",1583,1328
2021,"01033",1702,1020
2022,"01033",1901,1021
2023,"01033",2103,1025
2024,"01033",2397,1094
2014,"01035",2117,33
2015,"01035",1855,40
2016,"01035",1804,53
2017,"01035",1889,60
2018,"01035",1837,63
2019,"01035",1909,68
2020,"01035",1969,73
2021,"01035",2079,44
2022,"01035",2013,54
2023,"01035",2294,42
2024,"01035",2758,50
2014,"01037",1572,79
2015,"01037",1632,88
2016,"01037",1835,97
2017,"01037",1702,105
2018,"01037",1811,113
2019,"01037",1741,107
2020,"01037",1752,112
2021,"01037",1722,83
2022,"01037",1840,89
2023,"01037",2280,99
2024,"01037",2523,107
2014,"01039",1757,463
2015,"01039",1764,517
2016,"01039",1766,552
2017,"01039",1698,551
2018,"01039",1803,573
2019,"01039",1863,591
2020,"01039",1910,597
2021,"01039",2056,481
2022,"01039",2251,459
2023,"01039",2433,467
2024,"01039",2620,514
2014,"01041",1570,89
2015,"01041",1568,124
2016,"01041",1641,129
2017,"01041",1643,139
2018,"01041",1576,139
2019,"01041",1596,124
2020,"01041",1632,151
2021,"01041",1808,116
2022,"01041",1931,118
2023,"01041",2137,129
2024,"01041",2453,138
2014,"01043",1602,1287
2015,"01043",1613,1428
2016,"01043",1638,1533
2017,"01043",1593,1591
2018,"01043",1584,1528
2019,"01043",1664,1617
2020,"01043",1748,1707
2021,"01043",1773,1396
2022,"01043",1958,1400
2023,"01043",2226,1501
2024,"01043",2465,1634
2014,"01045",1558,797
2015,"01045",1602,864
2016,"01045",1696,1094
2017,"01045",1655,1035
2018,"01045",1645,1124
2019,"01045",1654,1182
2020,"01045",1851,1191
2021,"01045",1960,1120
2022,"01045",2076,1138
2023,"01045",2243,1178
2024,"01045",2498,1149
2014,"01047",1830,345
2015,"01047",1816,341
2016,"01047",1825,397
2017,"01047",1829,381
2018,"01047",1805,386
2019,"01047",1894,405
2020,"01047",1973,400
2021,"01047",2088,285
2022,"01047",2246,279
2023,"01047",2293,282
2024,"01047",2553,291
2014,"01049",1688,470
2015,"01049",1698,537
2016,"01049",1673,601
2017,"01049",1580,607
2018,"01049",1629,606
2019,"01049",1646,701
2020,"01049",1772,686
2021,"01049",1814,578
2022,"01049",1973,622
2023,"01049",2209,693
2024,"01049",2483,827
2014,"01051",1402,2396
2015,"01051",1421,2533
2016,"01051",1463,2898
2017,"01051",1413,2777
2018,"01051",1516,2806
2019,"01051",1596,2744
2020,"01051",1647,2690
2021,"01051",1724,2090
2022,"01051",1882,2033
2023,"01051",2064,2042
2024,"01051",2352,2464
2014,"01053",1799,312
2015,"01053",1752,347
2016,"01053",1788,406
2017,"01053",1770,441
2018,"01053",1748,442
2019,"01053",1816,467
2020,"01053",1900,491
2021,"01053",2030,406
2022,"01053",2125,381
2023,"01053",2269,423
2024,"01053",2625,447
2014,"01055",1609,1908
2015,"01055",1656,1987
2016,"01055",1644,2112
2017,"01055",1569,2107
2018,"01055",1599,2000
2019,"01055",1670,2111
2020,"01055",1703,2051
2021,"01055",1758,1508
2022,"01055",1868,1687
2023,"01055",2157,1767
2024,"01055",2462,1903
2014,"01057",1805,127
2015,"01057",1914,148
2016,"01057",1795,190
2017,"01057",1796,199
2018,"01057",1864,183
2019,"01057",1790,184
2020,"01057",1995,206
2021,"01057",2000,156
2022,"01057",2198,166
2023,"01057",2319,162
2024,"01057",2680,174
2014,"01059",1702,143
2015,"01059",1564,178
2016,"01059",1593,200
2017,"01059",1483,231
2018,"01059",1534,264
2019,"01059",1723,295
2020,"01059",1706,327
2021,"01059",1816,242
2022,"01059",1894,236
2023,"01059",2173,236
2024,"01059",2402,240
2014,"01061",1614,307
2015,"01061",1621,345
2016,"01061",1740,416
2017,"01061",1794,431
2018,"01061",1735,461
2019,"01061",1824,460
2020,"01061",1932,449
2021,"01061",2087,390
2022,"01061",2190,382
2023,"01061",2442,412
2024,"01061",2543,436
2014,"01063",NA,NA
2015,"01063",NA,NA
2016,"01063",NA,NA
2017,"01063",NA,NA
2018,"01063",NA,NA
2019,"01063",NA,NA
2020,"01063",NA,NA
2014,"01065",1723,87
2015,"01065",1865,81
2016,"01065",1777,91
2017,"01065",1775,86
2018,"01065",1785,99
2019,"01065",2047,103
2020,"01065",2016,104
2021,"01065",1837,71
2022,"01065",2090,67
2023,"01065",2424,72
2024,"01065",2667,72
2014,"01067",1820,262
2015,"01067",1802,292
2016,"01067",1777,351
2017,"01067",1810,348
2018,"01067",1756,330
2019,"01067",1766,337
2020,"01067",1842,348
2021,"01067",1913,298
2022,"01067",2072,335
2023,"01067",2184,354
2024,"01067",2460,394
2014,"01069",1608,2565
2015,"01069",1600,2789
2016,"01069",1651,3136
2017,"01069",1617,2965
2018,"01069",1600,3084
2019,"01069",1686,3101
2020,"01069",1837,3103
2021,"01069",1842,2659
2022,"01069",1974,2691
2023,"01069",2168,2739
2024,"01069",2478,2872
2014,"01071",1576,382
2015,"01071",1591,418
2016,"01071",1562,497
2017,"01071",1521,514
2018,"01071",1535,564
2019,"01071",1629,556
2020,"01071",1666,593
2021,"01071",1799,490
2022,"01071",2125,510
2023,"01071",2181,568
2024,"01071",2364,645
2014,"01073",1696,17763
2015,"01073",1769,18645
2016,"01073",1734,20727
2017,"01073",1687,20049
2018,"01073",1705,19086
2019,"01073",1817,18731
2020,"01073",1945,19024
2021,"01073",1951,15367
2022,"01073",2117,14939
2023,"01073",2477,15357
2024,"01073",2740,16177
2014,"01075",1276,45
2015,"01075",1466,56
2016,"01075",1517,69
2017,"01075",1516,74
2018,"01075",1558,77
2019,"01075",1597,80
2020,"01075",1795,89
2021,"01075",1767,62
2022,"01075",1771,68
2023,"01075",1943,72
2024,"01075",2276,86
2014,"01077",1524,2229
2015,"01077",1550,2334
2016,"01077",1590,2494
2017,"01077",1530,2417
2018,"01077",1573,2247
2019,"01077",1576,2286
2020,"01077",1626,2314
2021,"01077",1715,1944
2022,"01077",1953,1929
2023,"01077",2230,1941
2024,"01077",2614,2081
2014,"01079",1652,582
2015,"01079",1673,596
2016,"01079",1635,659
2017,"01079",1571,669
2018,"01079",1652,600
2019,"01079",1717,594
2020,"01079",1775,593
2021,"01079",1848,502
2022,"01079",2028,533
2023,"01079",2222,551
2024,"01079",2472,565
2014,"01081",1414,3467
2015,"01081",1430,3800
2016,"01081",1456,4393
2017,"01081",1404,4342
2018,"01081",1448,4399
2019,"01081",1541,4589
2020,"01081",1644,4556
2021,"01081",1664,3369
2022,"01081",1786,3167
2023,"01081",2062,3198
2024,"01081",2323,3757
2014,"01083",1481,2643
2015,"01083",1522,3011
2016,"01083",1561,3525
2017,"01083",1542,3448
2018,"01083",1630,3404
2019,"01083",1676,3681
2020,"01083",1777,3733
2021,"01083",1915,3320
2022,"01083",2112,3212
2023,"01083",2356,3318
2024,"01083",2729,3604
2014,"01085",2223,59
2015,"01085",2021,64
2016,"01085",2004,81
2017,"01085",2011,76
2018,"01085",2334,79
2019,"01085",2209,74
2020,"01085",2428,65
2021,"01085",2221,54
2022,"01085",2446,52
2023,"01085",2770,55
2024,"01085",3030,57
2014,"01087",1608,80
2015,"01087",1627,82
2016,"01087",1619,101
2017,"01087",1619,115
2018,"01087",1813,113
2019,"01087",1740,112
2020,"01087",1867,104
2021,"01087",1984,61
2022,"01087",2114,63
2023,"01087",2293,67
2024,"01087",2508,64
2014,"01089",1534,13047
2015,"01089",1592,13408
2016,"01089",1657,16159
2017,"01089",1657,15382
2018,"01089",1724,14950
2019,"01089",1829,15402
2020,"01089",1947,15808
2021,"01089",2053,13168
2022,"01089",2254,12500
2023,"01089",2554,12557
2024,"01089",2956,13603
2014,"01091",1881,153
2015,"01091",1852,167
2016,"01091",1869,195
2017,"01091",1863,199
2018,"01091",1976,192
2019,"01091",2045,189
2020,"01091",2032,232
2021,"01091",1989,161
2022,"01091",2084,169
2023,"01091",2369,189
2024,"01091",2593,174
2014,"01093",1669,213
2015,"01093",1627,242
2016,"01093",1640,285
2017,"01093",1639,294
2018,"01093",1647,312
2019,"01093",1670,318
2020,"01093",1666,323
2021,"01093",1875,240
2022,"01093",2059,243
2023,"01093",2279,252
2024,"01093",2649,247
2014,"01095",1660,1490
2015,"01095",1668,1556
2016,"01095",1671,1726
2017,"01095",1633,1688
2018,"01095",1678,1706
2019,"01095",1704,1752
2020,"01095",1856,1813
2021,"01095",1909,1557
2022,"01095",2122,1593
2023,"01095",2224,1648
2024,"01095",2508,1963
2014,"01097",2244,9101
2015,"01097",2167,9774
2016,"01097",2084,11135
2017,"01097",1983,10700
2018,"01097",1949,9977
2019,"01097",2005,9836
2020,"01097",2071,9466
2021,"01097",2186,8553
2022,"01097",2406,8212
2023,"01097",2676,8491
2024,"01097",2998,8751
2014,"01099",1607,199
2015,"01099",1686,212
2016,"01099",1717,265
2017,"01099",1721,275
2018,"01099",1841,263
2019,"01099",1799,250
2020,"01099",1780,254
2021,"01099",1926,198
2022,"01099",2208,189
2023,"01099",2212,198
2024,"01099",2669,207
2014,"11001",1838,12044
2015,"11001",1930,12154
2016,"11001",1970,13626
2017,"11001",2022,13938
2018,"11001",2017,14442
2019,"11001",1842,13256
2020,"11001",1930,13488
2021,"11001",2007,11591
2022,"11001",2145,11136
2023,"11001",2615,12177
2024,"11001",2725,11691
2014,"01101",1490,6073
2015,"01101",1469,6230
2016,"01101",1469,7057
2017,"01101",1475,6439
2018,"01101",1536,6265
2019,"01101",1625,6105
2020,"01101",1715,5773
2021,"01101",1761,4746
2022,"01101",1875,4437
2023,"01101",2140,4441
2024,"01101",2679,5089
2014,"01103",1465,3702
2015,"01103",1520,3796
2016,"01103",1484,4379
2017,"01103",1436,4217
2018,"01103",1497,3748
2019,"01103",1612,3708
2020,"01103",1636,3564
2021,"01103",1718,3322
2022,"01103",1933,3257
2023,"01103",2223,3239
2024,"01103",2422,3408
2016,"01105",NA,NA
2017,"01105",NA,NA
2018,"01105",NA,NA
2019,"01105",NA,NA
2020,"01105",NA,NA
2021,"01105",NA,NA
2022,"01105",NA,NA
2023,"01105",NA,NA
2014,"01107",1787,108
2015,"01107",1709,143
2016,"01107",1611,155
2017,"01107",1625,164
2018,"01107",1587,154
2019,"01107",1706,136
2020,"01107",1824,164
2021,"01107",1917,118
2022,"01107",1967,125
2023,"01107",2000,146
2024,"01107",2290,137
2014,"01109",1551,365
2015,"01109",1564,410
2016,"01109",1631,482
2017,"01109",1544,479
2018,"01109",1565,480
2019,"01109",1665,485
2020,"01109",1771,491
2021,"01109",1740,367
2022,"01109",1913,349
2023,"01109",2122,359
2024,"01109",2220,507
2014,"01111",1688,151
2015,"01111",1742,188
2016,"01111",1602,207
2017,"01111",1572,252
2018,"01111",1613,282
2019,"01111",1650,288
2020,"01111",1800,320
2021,"01111",1873,237
2022,"01111",1972,245
2023,"01111",2280,277
2024,"01111",2814,287
2014,"01113",1381,1874
2015,"01113",1438,1979
2016,"01113",1424,2303
2017,"01113",1416,2143
2018,"01113",1439,2224
2019,"01113",1548,2265
2020,"01113",1696,2168
2021,"01113",1768,1725
2022,"01113",1893,1573
2023,"01113",2031,1541
2024,"01113",2295,1691
2014,"01115",1596,2270
2015,"01115",1636,2362
2016,"01115",1616,2705
2017,"01115",1573,2626
2018,"01115",1580,2436
2019,"01115",1641,2503
2020,"01115",1726,2620
2021,"01115",1739,2326
2022,"01115",1905,2327
2023,"01115",2270,2443
2024,"01115",2604,2632
2014,"01117",1503,7397
2015,"01117",1579,7731
2016,"01117",1599,8817
2017,"01117",1561,8614
2018,"01117",1612,7998
2019,"01117",1752,7837
2020,"01117",1810,7874
2021,"01117",1829,6626
2022,"01117",2043,6185
2023,"01117",2345,6371
2024,"01117",2677,6666
2014,"01119",2153,26
2015,"01119",2139,34
2016,"01119",2227,30
2017,"01119",2146,33
2018,"01119",2209,36
2019,"01119",2139,42
2020,"01119",2188,43
2021,"01119",1856,28
2022,"01119",2233,24
2023,"01119",2555,25
2024,"01119",3132,23
2014,"01121",1670,851
2015,"01121",1693,980
2016,"01121",1687,1147
2017,"01121",1626,1146
2018,"01121",1659,1190
2019,"01121",1736,1214
2020,"01121",1826,1277
2021,"01121",1813,1038
2022,"01121",1948,1071
2023,"01121",2129,1097
2024,"01121",2418,1144
2014,"01123",1599,546
2015,"01123",1628,576
2016,"01123",1612,680
2017,"01123",1611,693
2018,"01123",1618,768
2019,"01123",1675,711
2020,"01123",1856,706
2021,"01123",1836,525
2022,"01123",1962,571
2023,"01123",2221,561
2024,"01123",2472,682
2014,"01125",1604,3691
2015,"01125",1637,4071
2016,"01125",1610,4470
2017,"01125",1593,4527
2018,"01125",1615,4582
2019,"01125",1653,4666
2020,"01125",1704,4738
2021,"01125",1789,4048
2022,"01125",1971,4105
2023,"01125",2177,4219
2024,"01125",2456,4199
2014,"01127",1789,679
2015,"01127",1722,808
2016,"01127",1693,939
2017,"01127",1747,949
2018,"01127",1756,1021
2019,"01127",1866,1012
2020,"01127",1882,1054
2021,"01127",1987,772
2022,"01127",2203,797
2023,"01127",2346,864
2024,"01127",2663,902
2014,"01129",1938,72
2015,"01129",2036,92
2016,"01129",2081,100
2017,"01129",2110,131
2018,"01129",2140,126
2019,"01129",2141,141
2020,"01129",2265,150
2021,"01129",2384,109
2022,"01129",2630,115
2023,"01129",2826,115
2024,"01129",3155,101
2014,"01131",1897,26
2015,"01131",1969,33
2016,"01131",1890,36
2017,"01131",1810,39
2018,"01131",1920,42
2019,"01131",2093,44
2020,"01131",2104,44
2021,"01131",1996,28
2022,"01131",2226,29
2023,"01131",2188,35
2024,"01131",2727,32
2014,"01133",2032,154
2015,"01133",2102,176
2016,"01133",2117,200
2017,"01133",2001,198
2018,"01133",1886,208
2019,"01133",1978,253
2020,"01133",2045,270
2021,"01133",2229,178
2022,"01133",2397,184
2023,"01133",2617,185
2024,"01133",3194,201
2014,"12001",1620,4849
2015,"12001",1560,5022
2016,"12001",1464,5560
2017,"12001",1454,5435
2018,"12001",1530,5739
2019,"12001",1545,5566
2020,"12001",1685,5839
2021,"12001",1707,5047
2022,"12001",2170,5170
2023,"12001",2678,5401
2024,"12001",3092,5224
2014,"12003",1650,377
2015,"12003",1490,411
2016,"12003",1493,447
2017,"12003",1553,437
2018,"12003",1609,455
2019,"12003",1755,444
2020,"12003",1733,434
2021,"12003",1743,354
2022,"12003",2123,335
2023,"12003",2679,350
2024,"12003",2631,455
2014,"12005",2539,3851
2015,"12005",2522,4152
2016,"12005",2184,5203
2017,"12005",2123,4845
2018,"12005",2141,5175
2019,"12005",2231,5071
2020,"12005",2234,4797
2021,"12005",2622,4410
2022,"12005",3239,4242
2023,"12005",3713,4166
2024,"12005",4067,4411
2014,"12007",1701,280
2015,"12007",1729,293
2016,"12007",1626,338
2017,"12007",1541,328
2018,"12007",1643,358
2019,"12007",1748,362
2020,"12007",1737,362
2021,"12007",1935,290
2022,"12007",2385,306
2023,"12007",2875,318
2024,"12007",3285,346
2014,"12009",2268,18127
2015,"12009",2168,19400
2016,"12009",2011,22598
2017,"12009",2051,22217
2018,"12009",2106,23555
2019,"12009",2179,23620
2020,"12009",2275,23385
2021,"12009",2621,19920
2022,"12009",3223,18086
2023,"12009",3711,18192
2024,"12009",4077,20050
2014,"12011",3878,31747
2015,"12011",3563,34243
2016,"12011",3405,39579
2017,"12011",3387,39575
2018,"12011",3622,40928
2019,"12011",3932,39850
2020,"12011",4126,40214
2021,"12011",4456,33194
2022,"12011",5290,31526
2023,"12011",6219,32673
2024,"12011",6865,33540
2014,"12013",1883,78
2015,"12013",1704,85
2016,"12013",1639,101
2017,"12013",1484,98
2018,"12013",1586,104
2019,"12013",1802,119
2020,"12013",1986,123
2021,"12013",2449,82
2022,"12013",2851,87
2023,"12013",3232,95
2024,"12013",4071,98
2014,"12015",2560,4194
2015,"12015",2408,4615
2016,"12015",2325,5487
2017,"12015",2272,5591
2018,"12015",2274,6030
2019,"12015",2361,6200
2020,"12015",2440,6403
2021,"12015",2628,5068
2022,"12015",3181,4931
2023,"12015",3901,5127
2024,"12015",4534,5815
2014,"12017",1771,2829
2015,"12017",1596,2992
2016,"12017",1532,3599
2017,"12017",1535,3592
2018,"12017",1520,3977
2019,"12017",1555,4188
2020,"12017",1677,4353
2021,"12017",1849,3594
2022,"12017",2379,3475
2023,"12017",2914,3621
2024,"12017",3133,3943
2014,"12019",1588,6248
2015,"12019",1514,6444
2016,"12019",1450,7530
2017,"12019",1419,7229
2018,"12019",1603,7131
2019,"12019",1617,7159
2020,"12019",1784,6694
2021,"12019",1927,5933
2022,"12019",2370,5483
2023,"12019",2890,5442
2024,"12019",3381,5763
2014,"12021",3177,4974
2015,"12021",3091,5322
2016,"12021",2917,6255
2017,"12021",2870,6383
2018,"12021",2955,6690
2019,"12021",3074,6686
2020,"12021",3127,6730
2021,"12021",3402,5625
2022,"12021",4215,5255
2023,"12021",5178,5440
2024,"12021",5250,7468
2014,"12023",1631,570
2015,"12023",1519,666
2016,"12023",1467,787
2017,"12023",1338,768
2018,"12023",1498,890
2019,"12023",1534,943
2020,"12023",1632,1015
2021,"12023",1828,767
2022,"12023",2313,813
2023,"12023",2784,840
2024,"12023",3121,862
2014,"12027",2245,252
2015,"12027",2179,288
2016,"12027",2101,356
2017,"12027",2023,361
2018,"12027",2038,383
2019,"12027",2180,400
2020,"12027",2091,401
2021,"12027",2264,338
2022,"12027",2858,325
2023,"12027",3611,303
2024,"12027",4066,344
2014,"12029",2020,30
2015,"12029",1975,36
2016,"12029",1395,26
2017,"12029",1569,64
2018,"12029",1654,63
2019,"12029",1589,69
2020,"12029",1701,83
2021,"12029",2194,62
2022,"12029",2407,68
2023,"12029",2944,76
2024,"12029",3578,87
2014,"12031",1684,24029
2015,"12031",1573,25291
2016,"12031",1486,28470
2017,"12031",1495,27590
2018,"12031",1586,27790
2019,"12031",1726,27436
2020,"12031",1806,26828
2021,"12031",2036,22874
2022,"12031",2485,20268
2023,"12031",3036,20812
2024,"12031",3480,21571
2014,"12033",2236,6806
2015,"12033",2161,7417
2016,"12033",2084,9091
2017,"12033",1991,8631
2018,"12033",2108,9193
2019,"12033",2155,9234
2020,"12033",2222,8951
2021,"12033",2593,7872
2022,"12033",3313,7520
2023,"12033",3806,7547
2024,"12033",4130,7593
2014,"12035",1625,3305
2015,"12035",1480,3582
2016,"12035",1400,4077
2017,"12035",1389,4113
2018,"12035",1536,4472
2019,"12035",1614,4513
2020,"12035",1658,4694
2021,"12035",1965,4143
2022,"12035",2545,4153
2023,"12035",3110,4241
2024,"12035",3265,4757
2014,"12037",3965,138
2015,"12037",3396,160
2016,"12037",3485,180
2017,"12037",3433,163
2018,"12037",3633,181
2019,"12037",3696,194
2020,"12037",3994,181
2021,"12037",4539,150
2022,"12037",4654,154
2023,"12037",5472,145
2024,"12037",6757,182
2014,"12039",1815,612
2015,"12039",1626,661
2016,"12039",1573,748
2017,"12039",1559,751
2018,"12039",1558,763
2019,"12039",1625,789
2020,"12039",1713,786
2021,"12039",1931,582
2022,"12039",2346,587
2023,"12039",2816,610
2024,"12039",3088,607
2014,"12041",1620,159
2015,"12041",1563,173
2016,"12041",1477,203
2017,"12041",1414,208
2018,"12041",1401,234
2019,"12041",1515,263
2020,"12041",1646,264
2021,"12041",1792,209
2022,"12041",2167,223
2023,"12041",2732,258
2024,"12041",3011,255
2014,"12043",2281,106
2015,"12043",2141,122
2016,"12043",2073,143
2017,"12043",1969,142
2018,"12043",2048,144
2019,"12043",2251,159
2020,"12043",2357,178
2021,"12043",2479,124
2022,"12043",3120,137
2023,"12043",3801,146
2024,"12043",4186,193
2014,"12045",3149,190
2015,"12045",2756,216
2016,"12045",2571,270
2017,"12045",2497,269
2018,"12045",2679,296
2019,"12045",2807,299
2020,"12045",2563,281
2021,"12045",3022,260
2022,"12045",3750,258
2023,"12045",4266,258
2024,"12045",4984,254
2014,"12047",2092,34
2015,"12047",1591,52
2016,"12047",1622,61
2017,"12047",1592,59
2018,"12047",1621,61
2019,"12047",1696,64
2020,"12047",1638,80
2021,"12047",1765,51
2022,"12047",2268,55
2023,"12047",3305,63
2024,"12047",3378,54
2014,"12049",2135,125
2015,"12049",2001,150
2016,"12049",1996,172
2017,"12049",1995,174
2018,"12049",2101,212
2019,"12049",2077,199
2020,"12049",2076,186
2021,"12049",2384,147
2022,"12049",2641,155
2023,"12049",3201,148
2024,"12049",3857,176
2014,"12051",2339,248
2015,"12051",2068,312
2016,"12051",2242,342
2017,"12051",2216,327
2018,"12051",2290,367
2019,"12051",2469,364
2020,"12051",2357,335
2021,"12051",2652,300
2022,"12051",2938,321
2023,"12051",3555,358
2024,"12051",3650,572
2014,"12053",1850,4477
2015,"12053",1747,4833
2016,"12053",1604,5437
2017,"12053",1528,5382
2018,"12053",1615,5836
2019,"12053",1664,6254
2020,"12053",1717,6389
2021,"12053",1790,5918
2022,"12053",2294,5996
2023,"12053",2745,6274
2024,"12053",2923,6819
2014,"12055",1753,1601
2015,"12055",1663,1886
2016,"12055",1605,2210
2017,"12055",1574,2119
2018,"12055",1631,2263
2019,"12055",1813,2353
2020,"12055",1821,2275
2021,"12055",2021,1862
2022,"12055",2365,1877
2023,"12055",2874,1869
2024,"12055",3143,2091
2014,"12057",2521,31152
2015,"12057",2489,33237
2016,"12057",2213,38724
2017,"12057",2166,37989
2018,"12057",2235,38297
2019,"12057",2341,38134
2020,"12057",2470,37310
2021,"12057",2574,33287
2022,"12057",3181,31750
2023,"12057",3894,32366
2024,"12057",4240,34045
2014,"12059",1971,88
2015,"12059",1792,111
2016,"12059",1694,144
2017,"12059",1748,138
2018,"12059",1685,163
2019,"12059",1780,170
2020,"12059",2000,170
2021,"12059",2153,152
2022,"12059",2672,147
2023,"12059",3145,145
2024,"12059",3416,171
2014,"12061",2495,4113
2015,"12061",2297,4531
2016,"12061",2245,5163
2017,"12061",2190,4969
2018,"12061",2330,5138
2019,"12061",2394,4410
2020,"12061",2473,4472
2021,"12061",2748,3899
2022,"12061",3316,3739
2023,"12061",3999,3818
2024,"12061",4454,3833
2014,"12063",1808,396
2015,"12063",1638,418
2016,"12063",1586,489
2017,"12063",1518,507
2018,"12063",1584,571
2019,"12063",1705,579
2020,"12063",1767,546
2021,"12063",2051,461
2022,"12063",2489,459
2023,"12063",2925,465
2024,"12063",3276,473
2014,"12065",1861,250
2015,"12065",1869,274
2016,"12065",1640,274
2017,"12065",1556,282
2018,"12065",1705,302
2019,"12065",1784,304
2020,"12065",1936,303
2021,"12065",2164,246
2022,"12065",2622,222
2023,"12065",2958,220
2024,"12065",3402,243
2015,"12067",NA,NA
2016,"12067",NA,NA
2017,"12067",NA,NA
2018,"12067",NA,NA
2019,"12067",NA,NA
2020,"12067",NA,NA
2021,"12067",NA,NA
2022,"12067",NA,NA
2023,"12067",NA,NA
2024,"12067",NA,NA
2014,"12069",1640,7513
2015,"12069",1673,8038
2016,"12069",1420,9321
2017,"12069",1402,9122
2018,"12069",1492,9439
2019,"12069",1639,9868
2020,"12069",1754,9906
2021,"12069",1913,8870
2022,"12069",2375,8932
2023,"12069",2976,9190
2024,"12069",3284,10131
2014,"12071",2541,14534
2015,"12071",2493,15751
2016,"12071",2231,18837
2017,"12071",2210,18790
2018,"12071",2269,19769
2019,"12071",2233,20823
2020,"12071",2292,20602
2021,"12071",2509,18454
2022,"12071",3120,18031
2023,"12071",3986,18041
2024,"12071",4330,21733
2014,"12073",1540,8687
2015,"12073",1485,9033
2016,"12073",1410,9703
2017,"12073",1362,9693
2018,"12073",1440,9886
2019,"12073",1559,9854
2020,"12073",1606,9570
2021,"12073",1805,7703
2022,"12073",2284,7339
2023,"12073",2656,7431
2024,"12073",3037,7558
2014,"12075",2038,392
2015,"12075",1879,430
2016,"12075",1763,509
2017,"12075",1661,516
2018,"12075",1681,592
2019,"12075",1869,630
2020,"12075",1813,605
2021,"12075",2093,489
2022,"12075",2584,483
2023,"12075",3252,533
2024,"12075",3537,549
2014,"12077",2019,26
2015,"12077",1873,31
2016,"12077",1799,41
2017,"12077",1739,43
2018,"12077",1863,46
2019,"12077",1899,57
2020,"12077",1870,62
2021,"12077",2199,41
2022,"12077",2609,46
2023,"12077",3042,50
2024,"12077",3834,44
2014,"12079",1911,84
2015,"12079",1750,143
2016,"12079",1611,166
2017,"12079",1449,171
2018,"12079",1525,184
2019,"12079",1625,182
2020,"12079",1598,191
2021,"12079",2032,156
2022,"12079",2519,152
2023,"12079",3011,161
2024,"12079",3169,178
2014,"12081",2414,7954
2015,"12081",2331,8364
2016,"12081",2118,9974
2017,"12081",2039,9946
2018,"12081",2106,9738
2019,"12081",2409,9996
2020,"12081",2185,9601
2021,"12081",2370,8228
2022,"12081",3005,8217
2023,"12081",3670,8346
2024,"12081",4126,9705
2014,"12083",1478,7143
2015,"12083",1387,7764
2016,"12083",1324,8784
2017,"12083",1263,8756
2018,"12083",1354,9521
2019,"12083",1396,9858
2020,"12083",1476,10010
2021,"12083",1643,8873
2022,"12083",2109,8864
2023,"12083",2604,9149
2024,"12083",2882,10106
2014,"12085",3170,3171
2015,"12085",2867,3419
2016,"12085",2760,3916
2017,"12085",2761,3942
2018,"12085",2949,4065
2019,"12085",3143,3852
2020,"12085",3246,3930
2021,"12085",3736,3256
2022,"12085",4682,3050
2023,"12085",5678,3117
2024,"12085",6182,3165
2014,"12086",4340,27533
2015,"12086",4106,31533
2016,"12086",3902,37440
2017,"12086",3903,37498
2018,"12086",4200,39054
2019,"12086",4384,38380
2020,"12086",4507,39376
2021,"12086",4659,32462
2022,"12086",5231,32118
2023,"12086",6086,35060
2024,"12086",6375,34441
2014,"12087",5932,1462
2015,"12087",5836,1620
2016,"12087",6040,1919
2017,"12087",6048,1834
2018,"12087",5745,1999
2019,"12087",6023,2032
2020,"12087",6280,1987
2021,"12087",6408,1573
2022,"12087",7250,1597
2023,"12087",8331,1564
2024,"12087",9400,1594
2014,"12089",1894,2131
2015,"12089",1960,2286
2016,"12089",1749,2631
2017,"12089",1743,2687
2018,"12089",1842,2876
2019,"12089",1981,2947
2020,"12089",1977,2911
2021,"12089",2213,2439
2022,"12089",2724,2318
2023,"12089",3342,2338
2024,"12089",3823,2422
2014,"12091",2393,7421
2015,"12091",2272,7912
2016,"12091",2074,10017
2017,"12091",1986,9509
2018,"12091",2178,10713
2019,"12091",2108,10720
2020,"12091",2306,10215
2021,"12091",2642,9639
2022,"12091",3323,8535
2023,"12091",3938,8203
2024,"12091",4289,7988
2014,"12093",2060,401
2015,"12093",1953,413
2016,"12093",1994,475
2017,"12093",1858,467
2018,"12093",1918,465
2019,"12093",2101,437
2020,"12093",2110,459
2021,"12093",2354,366
2022,"12093",2857,390
2023,"12093",3589,422
2024,"12093",4007,483
2014,"12095",2001,29351
2015,"12095",1883,31367
2016,"12095",1785,35950
2017,"12095",1784,34633
2018,"12095",1928,35115
2019,"12095",2166,34654
2020,"12095",2280,34048
2021,"12095",2548,30861
2022,"12095",2999,29637
2023,"12095",3648,30091
2024,"12095",4039,31512
2014,"12097",1831,6384
2015,"12097",1718,6964
2016,"12097",1665,8224
2017,"12097",1643,8092
2018,"12097",1758,7997
2019,"12097",1937,8286
2020,"12097",2064,8096
2021,"12097",2221,7842
2022,"12097",2662,8150
2023,"12097",3192,8493
2024,"12097",3494,9622
2014,"12099",3321,25985
2015,"12099",3168,28115
2016,"12099",2957,31081
2017,"12099",2922,31409
2018,"12099",3062,32353
2019,"12099",3449,31258
2020,"12099",3777,31468
2021,"12099",3920,25941
2022,"12099",4807,24451
2023,"12099",5862,24609
2024,"12099",6326,27943
2014,"12101",2066,13145
2015,"12101",2021,13643
2016,"12101",1875,15935
2017,"12101",1841,15562
2018,"12101",1822,15617
2019,"12101",1924,15857
2020,"12101",2079,15559
2021,"12101",2138,13771
2022,"12101",2697,13561
2023,"12101",3282,13977
2024,"12101",3783,15735
2014,"12103",2898,23856
2015,"12103",2802,25517
2016,"12103",2621,29094
2017,"12103",2532,28125
2018,"12103",2603,29636
2019,"12103",2800,29664
2020,"12103",2757,30165
2021,"12103",3051,24221
2022,"12103",3600,22579
2023,"12103",4237,23116
2024,"12103",4800,23500
2014,"12105",1923,11514
2015,"12105",1852,12244
2016,"12105",1775,14212
2017,"12105",1649,13726
2018,"12105",1729,14169
2019,"12105",1939,14596
2020,"12105",1950,13932
2021,"12105",2084,13348
2022,"12105",2502,13810
2023,"12105",3057,13947
2024,"12105",3328,16006
2014,"12107",1733,609
2015,"12107",1581,661
2016,"12107",1497,748
2017,"12107",1549,740
2018,"12107",1627,799
2019,"12107",1569,819
2020,"12107",1669,822
2021,"12107",1897,715
2022,"12107",2363,781
2023,"12107",2759,792
2024,"12107",3169,889
2014,"12109",2085,7742
2015,"12109",2098,8280
2016,"12109",1885,9481
2017,"12109",1874,9842
2018,"12109",2156,10578
2019,"12109",2047,10781
2020,"12109",2254,10824
2021,"12109",2360,8815
2022,"12109",2946,8400
2023,"12109",3503,8504
2024,"12109",3714,9497
2014,"12111",2075,8600
2015,"12111",1972,9269
2016,"12111",1913,10629
2017,"12111",1925,10474
2018,"12111",2014,11234
2019,"12111",2149,10700
2020,"12111",2292,10781
2021,"12111",2563,10347
2022,"12111",3187,10182
2023,"12111",3908,10517
2024,"12111",4187,12492
2014,"12113",2251,5364
2015,"12113",2065,5779
2016,"12113",1938,7772
2017,"12113",1862,7508
2018,"12113",1966,8304
2019,"12113",2016,8280
2020,"12113",2148,7833
2021,"12113",2557,7351
2022,"12113",3210,6845
2023,"12113",3714,6655
2024,"12113",4045,6782
2014,"12115",2469,9678
2015,"12115",2260,10359
2016,"12115",2107,12240
2017,"12115",2057,12229
2018,"12115",2104,12650
2019,"12115",2147,12866
2020,"12115",2250,13208
2021,"12115",2456,11164
2022,"12115",3035,10725
2023,"12115",3709,11110
2024,"12115",4165,11961
2014,"12117",2132,13218
2015,"12117",1931,13767
2016,"12117",1855,15348
2017,"12117",1831,14867
2018,"12117",1943,14493
2019,"12117",2134,14326
2020,"12117",2243,13899
2021,"12117",2518,12173
2022,"12117",3084,11859
2023,"12117",3605,11617
2024,"12117",3934,12154
2014,"12119",1232,1774
2015,"12119",1161,1919
2016,"12119",1125,2188
2017,"12119",1160,2260
2018,"12119",1215,2482
2019,"12119",1366,2557
2020,"12119",1550,2835
2021,"12119",1620,2097
2022,"12119",1966,2127
2023,"12119",2487,2310
2024,"12119",2687,2376
2014,"12121",1990,168
2015,"12121",1846,204
2016,"12121",1658,263
2017,"12121",1510,265
2018,"12121",1544,320
2019,"12121",1684,344
2020,"12121",1861,337
2021,"12121",2013,252
2022,"12121",2573,272
2023,"12121",3180,310
2024,"12121",3250,322
2014,"12123",2013,163
2015,"12123",1848,195
2016,"12123",1802,224
2017,"12123",1806,238
2018,"12123",1792,253
2019,"12123",1942,275
2020,"12123",1991,272
2021,"12123",2157,214
2022,"12123",2666,209
2023,"12123",3071,204
2024,"12123",3336,208
2014,"12125",1725,64
2015,"12125",1777,72
2016,"12125",1643,90
2017,"12125",1660,98
2018,"12125",1756,102
2019,"12125",1786,121
2020,"12125",1862,109
2021,"12125",2160,92
2022,"12125",2328,90
2023,"12125",2961,108
2024,"12125",3177,111
2014,"12127",1895,14619
2015,"12127",1818,15430
2016,"12127",1625,17859
2017,"12127",1567,17354
2018,"12127",1639,17999
2019,"12127",1692,18181
2020,"12127",1819,18056
2021,"12127",2069,16778
2022,"12127",2640,16817
2023,"12127",3074,16974
2024,"12127",3374,17991
2014,"12129",1876,762
2015,"12129",1794,844
2016,"12129",1702,881
2017,"12129",1693,880
2018,"12129",1771,957
2019,"12129",1815,1002
2020,"12129",1880,973
2021,"12129",2050,819
2022,"12129",2550,856
2023,"12129",2841,881
2024,"12129",3258,925
2014,"12131",2711,1424
2015,"12131",2553,1545
2016,"12131",2328,1945
2017,"12131",2268,2053
2018,"12131",2522,2210
2019,"12131",2373,2368
2020,"12131",2522,2382
2021,"12131",2957,2024
2022,"12131",3858,1919
2023,"12131",4660,1905
2024,"12131",5009,1962
2014,"12133",1737,184
2015,"12133",1657,214
2016,"12133",1588,251
2017,"12133",1613,255
2018,"12133",1614,272
2019,"12133",1734,292
2020,"12133",1779,292
2021,"12133",2124,245
2022,"12133",2628,271
2023,"12133",3177,262
2024,"12133",3505,297
2014,"13001",1735,188
2015,"13001",1665,194
2016,"13001",1603,220
2017,"13001",1557,212
2018,"13001",1600,216
2019,"13001",1720,220
2020,"13001",1731,215
2021,"13001",1731,167
2022,"13001",1800,167
2023,"13001",2112,164
2024,"13001",2393,183
2015,"13003",NA,NA
2016,"13003",NA,NA
2017,"13003",NA,NA
2018,"13003",NA,NA
2019,"13003",NA,NA
2020,"13003",NA,NA
2021,"13003",NA,NA
2022,"13003",NA,NA
2023,"13003",NA,NA
2024,"13003",NA,NA
2014,"13005",1530,80
2015,"13005",1710,86
2016,"13005",1769,95
2017,"13005",1493,92
2018,"13005",1333,93
2019,"13005",1476,99
2020,"13005",1594,101
2021,"13005",1455,78
2022,"13005",1535,67
2023,"13005",1870,66
2024,"13005",2291,77
2022,"13007",NA,NA
2023,"13007",NA,NA
2024,"13007",NA,NA
2014,"13009",1356,632
2015,"13009",1484,715
2016,"13009",1511,832
2017,"13009",1489,824
2018,"13009",1601,806
2019,"13009",1707,802
2020,"13009",1789,815
2021,"13009",1849,610
2022,"13009",1913,608
2023,"13009",2325,637
2024,"13009",2160,683
2014,"13011",1358,252
2015,"13011",1385,278
2016,"13011",1501,325
2017,"13011",1396,312
2018,"13011",1514,317
2019,"13011",1637,339
2020,"13011",1703,341
2021,"13011",1598,289
2022,"13011",1854,307
2023,"13011",2119,327
2024,"13011",2246,373
2014,"13013",1256,2598
2015,"13013",1463,3006
2016,"13013",1445,3393
2017,"13013",1362,3359
2018,"13013",1473,3556
2019,"13013",1710,3750
2020,"13013",1528,3728
2021,"13013",1583,3309
2022,"13013",1842,3263
2023,"13013",2092,3387
2024,"13013",2170,3628
2014,"13015",1316,3107
2015,"13015",1443,3413
2016,"13015",1441,3779
2017,"13015",1431,3660
2018,"13015",1479,3643
2019,"13015",1606,3676
2020,"13015",1640,3680
2021,"13015",1711,3007
2022,"13015",1828,2982
2023,"13015",2421,3177
2024,"13015",2346,3432
2014,"13017",1381,135
2015,"13017",1422,181
2016,"13017",1440,208
2017,"13017",1409,218
2018,"13017",1653,222
2019,"13017",1673,220
2020,"13017",1624,225
2021,"13017",1743,170
2022,"13017",1883,184
2023,"13017",2150,202
2024,"13017",2199,203
2014,"13019",1569,192
2015,"13019",1535,222
2016,"13019",1549,275
2017,"13019",1534,271
2018,"13019",1622,316
2019,"13019",1730,308
2020,"13019",1806,314
2021,"13019",1884,290
2022,"13019",2031,279
2023,"13019",2180,281
2024,"13019",2099,288
2014,"13021",1597,3923
2015,"13021",2187,4537
2016,"13021",1457,4829
2017,"13021",1542,4748
2018,"13021",1688,4764
2019,"13021",1881,4724
2020,"13021",1677,4481
2021,"13021",1739,3614
2022,"13021",1890,3331
2023,"13021",2141,3455
2024,"13021",2036,3361
2014,"13023",1663,121
2015,"13023",1702,132
2016,"13023",1786,162
2017,"13023",1780,161
2018,"13023",1710,166
2019,"13023",1899,167
2020,"13023",1996,186
2021,"13023",1985,133
2022,"13023",2101,137
2023,"13023",2639,140
2024,"13023",2479,163
2014,"13025",1641,125
2015,"13025",1515,148
2016,"13025",1483,159
2017,"13025",1566,165
2018,"13025",1565,195
2019,"13025",1762,204
2020,"13025",1616,209
2021,"13025",1642,175
2022,"13025",1799,170
2023,"13025",2403,181
2024,"13025",2495,194
2014,"13027",1598,147
2015,"13027",1796,179
2016,"13027",1541,193
2017,"13027",1533,205
2018,"13027",1590,217
2019,"13027",1692,220
2020,"13027",1713,252
2021,"13027",1940,185
2022,"13027",1979,176
2023,"13027",2213,209
2024,"13027",2154,204
2014,"13029",2304,1664
2015,"13029",2213,1736
2016,"13029",2166,2147
2017,"13029",2214,2052
2018,"13029",2128,2110
2019,"13029",2197,2037
2020,"13029",2199,2000
2021,"13029",2228,1646
2022,"13029",2332,1510
2023,"13029",2773,1502
2024,"13029",2712,1553
2014,"13031",1387,1607
2015,"13031",1512,1774
2016,"13031",1626,1955
2017,"13031",1577,1852
2018,"13031",1681,1921
2019,"13031",1799,1901
2020,"13031",1758,1888
2021,"13031",1800,1521
2022,"13031",1946,1471
2023,"13031",2375,1581
2024,"13031",2750,1624
2014,"13033",1594,282
2015,"13033",1545,312
2016,"13033",1516,340
2017,"13033",1489,315
2018,"13033",1604,360
2019,"13033",1689,358
2020,"13033",1677,370
2021,"13033",1790,312
2022,"13033",1905,291
2023,"13033",2289,295
2024,"13033",2368,304
2014,"13035",1323,430
2015,"13035",1410,519
2016,"13035",1403,587
2017,"13035",1403,599
2018,"13035",1456,630
2019,"13035",1535,627
2020,"13035",1653,656
2021,"13035",1844,531
2022,"13035",1948,544
2023,"13035",2267,599
2024,"13035",2295,628
2015,"13037",NA,NA
2016,"13037",NA,NA
2017,"13037",NA,NA
2018,"13037",NA,NA
2019,"13037",NA,NA
2020,"13037",NA,NA
2014,"13039",1731,1396
2015,"13039",1915,1560
2016,"13039",1974,1868
2017,"13039",1985,1814
2018,"13039",2041,1895
2019,"13039",1987,1976
2020,"13039",2063,1994
2021,"13039",1972,1725
2022,"13039",2146,1653
2023,"13039",2519,1663
2024,"13039",2706,1730
2014,"13043",1562,68
2015,"13043",1543,80
2016,"13043",1500,103
2017,"13043",1681,111
2018,"13043",1694,133
2019,"13043",1981,141
2020,"13043",1951,133
2021,"13043",1992,106
2022,"13043",2058,103
2023,"13043",2539,102
2024,"13043",2754,102
2014,"13045",1358,3053
2015,"13045",1395,3306
2016,"13045",1426,3599
2017,"13045",1430,3630
2018,"13045",1443,3650
2019,"13045",1554,3869
2020,"13045",1661,3899
2021,"13045",1694,3168
2022,"13045",1912,3090
2023,"13045",2216,3244
2024,"13045",2279,3517
2014,"13047",1535,2173
2015,"13047",1368,2317
2016,"13047",1359,2648
2017,"13047",1352,2643
2018,"13047",1431,2511
2019,"13047",1430,2452
2020,"13047",1413,2474
2021,"13047",1473,2046
2022,"13047",1643,1953
2023,"13047",1944,2100
2024,"13047",2105,2144
2014,"13049",1769,58
2015,"13049",1639,72
2016,"13049",1562,91
2017,"13049",1543,88
2018,"13049",1543,105
2019,"13049",1542,114
2020,"13049",1559,107
2021,"13049",1758,96
2022,"13049",1995,107
2023,"13049",2369,122
2024,"13049",2214,130
2014,"13051",2556,9361
2015,"13051",2370,9805
2016,"13051",2520,11029
2017,"13051",2485,10674
2018,"13051",2595,10479
2019,"13051",2905,10185
2020,"13051",2748,10205
2021,"13051",2710,8752
2022,"13051",2908,8010
2023,"13051",3420,8425
2024,"13051",3468,8125
2014,"13053",1162,41
2015,"13053",1372,44
2016,"13053",1364,48
2017,"13053",1434,43
2018,"13053",1381,50
2019,"13053",1590,49
2020,"13053",1556,49
2021,"13053",1701,50
2022,"13053",1885,51
2023,"13053",2022,46
2024,"13053",2247,41
2014,"13055",1572,224
2015,"13055",1394,230
2016,"13055",1417,289
2017,"13055",1430,291
2018,"13055",1653,301
2019,"13055",1571,302
2020,"13055",1597,310
2021,"13055",1542,224
2022,"13055",1752,227
2023,"13055",2145,243
2024,"13055",2346,270
2014,"13057",1601,10161
2015,"13057",1716,10908
2016,"13057",1761,12396
2017,"13057",1777,12243
2018,"13057",1961,12061
2019,"13057",1965,12146
2020,"13057",1851,11905
2021,"13057",1956,9606
2022,"13057",2315,9483
2023,"13057",2574,9701
2024,"13057",2882,10474
2014,"13059",1247,2613
2015,"13059",1334,3276
2016,"13059",1362,3542
2017,"13059",1424,3599
2018,"13059",1583,3524
2019,"13059",1666,3588
2020,"13059",1661,3636
2021,"13059",1693,2933
2022,"13059",1934,2826
2023,"13059",2333,2887
2024,"13059",2281,2765
2018,"13061",NA,NA
2019,"13061",NA,NA
2020,"13061",NA,NA
2022,"13061",NA,NA
2014,"13063",1392,6324
2015,"13063",1503,6952
2016,"13063",1594,7919
2017,"13063",1543,7724
2018,"13063",1632,7581
2019,"13063",1788,7611
2020,"13063",1741,7533
2021,"13063",1746,6642
2022,"13063",1953,6561
2023,"13063",2454,6761
2024,"13063",2466,6943
2014,"13065",1383,22
2015,"13065",1760,39
2016,"13065",1722,49
2017,"13065",1568,55
2018,"13065",1678,60
2019,"13065",1831,53
2020,"13065",1845,64
2021,"13065",1961,46
2022,"13065",1848,48
2023,"13065",2085,47
2024,"13065",2581,44
2014,"13067",1679,26676
2015,"13067",1815,28115
2016,"13067",1820,31677
2017,"13067",1903,31598
2018,"13067",2008,31085
2019,"13067",2243,31221
2020,"13067",2154,29056
2021,"13067",2203,24945
2022,"13067",2629,23779
2023,"13067",3066,23866
2024,"13067",3238,25080
2014,"13069",1462,455
2015,"13069",1446,532
2016,"13069",1448,594
2017,"13069",1434,598
2018,"13069",1541,602
2019,"13069",1635,593
2020,"13069",1716,598
2021,"13069",1776,461
2022,"13069",1956,452
2023,"13069",2116,436
2024,"13069",2182,509
2014,"13071",1489,444
2015,"13071",1486,555
2016,"13071",1481,580
2017,"13071",1365,591
2018,"13071",1476,611
2019,"13071",1559,599
2020,"13071",1557,651
2021,"13071",1704,501
2022,"13071",1874,554
2023,"13071",2080,573
2024,"13071",2136,635
2014,"13073",1401,7172
2015,"13073",1459,7533
2016,"13073",1464,8988
2017,"13073",1496,8907
2018,"13073",1604,9128
2019,"13073",1628,9034
2020,"13073",1681,8792
2021,"13073",1724,7725
2022,"13073",1884,6990
2023,"13073",2183,6754
2024,"13073",2328,6688
2014,"13075",1424,208
2015,"13075",1448,260
2016,"13075",1364,321
2017,"13075",1364,314
2018,"13075",1486,325
2019,"13075",1595,316
2020,"13075",1670,319
2021,"13075",1690,290
2022,"13075",1749,268
2023,"13075",1974,283
2024,"13075",1979,293
2014,"13077",1418,5848
2015,"13077",1474,6187
2016,"13077",1496,6920
2017,"13077",1548,6721
2018,"13077",1602,6543
2019,"13077",1703,6658
2020,"13077",1635,6594
2021,"13077",1845,5398
2022,"13077",1925,5120
2023,"13077",2347,5356
2024,"13077",2403,5703
2014,"13079",1560,220
2015,"13079",1835,236
2016,"13079",1533,291
2017,"13079",1523,276
2018,"13079",1719,293
2019,"13079",1748,283
2020,"13079",1703,282
2021,"13079",1811,229
2022,"13079",1982,229
2023,"13079",2143,248
2024,"13079",2317,240
2014,"13081",2035,167
2015,"13081",1754,191
2016,"13081",1793,232
2017,"13081",1735,242
2018,"13081",1810,260
2019,"13081",2070,272
2020,"13081",2301,287
2021,"13081",2205,222
2022,"13081",2228,239
2023,"13081",2584,248
2024,"13081",2595,247
2014,"13083",1605,328
2015,"13083",1703,355
2016,"13083",1749,380
2017,"13083",1689,372
2018,"13083",1749,392
2019,"13083",1891,389
2020,"13083",1842,414
2021,"13083",1912,318
2022,"13083",2137,302
2023,"13083",2384,322
2024,"13083",2496,323
2014,"13085",1490,744
2015,"13085",1675,826
2016,"13085",1677,944
2017,"13085",1485,960
2018,"13085",1688,966
2019,"13085",1957,1018
2020,"13085",1784,1071
2021,"13085",1930,937
2022,"13085",2075,935
2023,"13085",2421,988
2024,"13085",2398,1068
2014,"13087",1786,344
2015,"13087",1489,441
2016,"13087",1735,504
2017,"13087",1496,475
2018,"13087",1610,492
2019,"13087",1795,501
2020,"13087",1833,504
2021,"13087",1804,384
2022,"13087",1935,386
2023,"13087",2224,386
2024,"13087",2145,389
2014,"13089",2165,19696
2015,"13089",2365,21811
2016,"13089",2800,24510
2017,"13089",2417,24726
2018,"13089",2420,24910
2019,"13089",2473,25170
2020,"13089",2401,24595
2021,"13089",2432,21393
2022,"13089",2475,19592
2023,"13089",2940,20204
2024,"13089",2974,20119
2014,"13091",1666,93
2015,"13091",1683,133
2016,"13091",1641,158
2017,"13091",1547,154
2018,"13091",1573,188
2019,"13091",1656,225
2020,"13091",1776,230
2021,"13091",1973,161
2022,"13091",2006,167
2023,"13091",2364,181
2024,"13091",2229,200
2014,"13093",1621,44
2015,"13093",1777,49
2016,"13093",1583,58
2017,"13093",1521,68
2018,"13093",1586,64
2019,"13093",1638,65
2020,"13093",1791,62
2021,"13093",1808,50
2022,"13093",1613,51
2023,"13093",2448,61
2024,"13093",2854,60
2014,"13095",1322,1730
2015,"13095",1345,1909
2016,"13095",1409,2052
2017,"13095",1368,1941
2018,"13095",1482,1987
2019,"13095",1704,2002
2020,"13095",1656,1992
2021,"13095",1652,1525
2022,"13095",1755,1508
2023,"13095",2127,1550
2024,"13095",2061,1660
2014,"13097",1412,4616
2015,"13097",1482,5046
2016,"13097",1572,5649
2017,"13097",1473,5615
2018,"13097",1601,5617
2019,"13097",1723,5620
2020,"13097",1646,5529
2021,"13097",1793,4670
2022,"13097",1945,4409
2023,"13097",2435,4550
2024,"13097",2509,4751
2014,"13099",1682,69
2015,"13099",1743,79
2016,"13099",1632,82
2017,"13099",1521,101
2018,"13099",1624,95
2019,"13099",1929,97
2020,"13099",1956,85
2021,"13099",2223,65
2022,"13099",2197,66
2023,"13099",2658,66
2024,"13099",2893,67
2014,"13101",1428,46
2015,"13101",1820,54
2016,"13101",1583,67
2017,"13101",1633,66
2018,"13101",1669,71
2019,"13101",1615,70
2020,"13101",1821,67
2021,"13101",1845,47
2022,"13101",2052,51
2023,"13101",2059,49
2024,"13101",2152,56
2014,"13103",1612,1987
2015,"13103",1590,2158
2016,"13103",1665,2522
2017,"13103",1709,2524
2018,"13103",1862,2565
2019,"13103",1829,2528
2020,"13103",1859,2593
2021,"13103",1845,2220
2022,"13103",2012,2144
2023,"13103",2523,2220
2024,"13103",2342,2249
2014,"13105",1356,165
2015,"13105",1362,244
2016,"13105",1387,272
2017,"13105",1354,276
2018,"13105",1421,301
2019,"13105",1514,313
2020,"13105",1502,305
2021,"13105",1512,251
2022,"13105",1706,253
2023,"13105",1921,268
2024,"13105",2389,278
2014,"13107",1646,145
2015,"13107",1615,187
2016,"13107",1676,213
2017,"13107",1786,211
2018,"13107",1757,227
2019,"13107",1809,223
2020,"13107",1787,227
2021,"13107",1917,184
2022,"13107",2001,178
2023,"13107",2317,190
2024,"13107",2600,191
2014,"13109",1475,91
2015,"13109",1504,107
2016,"13109",1611,122
2017,"13109",1484,135
2018,"13109",1369,145
2019,"13109",1452,151
2020,"13109",1452,165
2021,"13109",1662,102
2022,"13109",1790,106
2023,"13109",2056,111
2024,"13109",2222,115
2014,"13111",1531,555
2015,"13111",1559,620
2016,"13111",1530,694
2017,"13111",1545,712
2018,"13111",1668,739
2019,"13111",1820,727
2020,"13111",1838,749
2021,"13111",1907,577
2022,"13111",2048,584
2023,"13111",2528,590
2024,"13111",2620,597
2014,"13113",1659,4623
2015,"13113",1767,4912
2016,"13113",1911,5660
2017,"13113",1882,5595
2018,"13113",2014,5600
2019,"13113",2056,5619
2020,"13113",2100,5679
2021,"13113",2112,4441
2022,"13113",2306,4225
2023,"13113",2946,4409
2024,"13113",2997,4528
2014,"13115",1430,2394
2015,"13115",1449,2624
2016,"13115",1463,2853
2017,"13115",1456,2795
2018,"13115",1499,2942
2019,"13115",1591,2970
2020,"13115",1659,2866
2021,"13115",1717,2482
2022,"13115",1872,2380
2023,"13115",2222,2487
2024,"13115",2229,2496
2014,"13117",1796,9777
2015,"13117",1818,10299
2016,"13117",1995,11616
2017,"13117",1845,11501
2018,"13117",1998,11184
2019,"13117",2209,11448
2020,"13117",2095,10837
2021,"13117",2138,8788
2022,"13117",2454,8297
2023,"13117",3140,8474
2024,"13117",3124,9033
2014,"13119",1313,280
2015,"13119",1403,329
2016,"13119",1435,388
2017,"13119",1398,393
2018,"13119",1466,432
2019,"13119",1557,460
2020,"13119",1690,509
2021,"13119",1688,351
2022,"13119",1881,373
2023,"13119",2169,410
2024,"13119",2187,444
2014,"13121",2403,25033
2015,"13121",2461,26942
2016,"13121",2517,29666
2017,"13121",2418,29245
2018,"13121",2707,29374
2019,"13121",3490,30142
2020,"13121",2897,28661
2021,"13121",2788,25338
2022,"13121",3082,23937
2023,"13121",3736,24520
2024,"13121",3866,25193
2014,"13123",1428,609
2015,"13123",1487,716
2016,"13123",1522,775
2017,"13123",1517,806
2018,"13123",1566,796
2019,"13123",1703,819
2020,"13123",1709,799
2021,"13123",1742,670
2022,"13123",2019,630
2023,"13123",2271,658
2024,"13123",2483,699
2020,"13125",NA,NA
2014,"13127",2380,2229
2015,"13127",2374,2464
2016,"13127",2433,2685
2017,"13127",2429,2766
2018,"13127",2257,2847
2019,"13127",2291,2780
2020,"13127",2379,2888
2021,"13127",2302,2315
2022,"13127",2505,2182
2023,"13127",2770,2311
2024,"13127",2934,2291
2014,"13129",1562,1041
2015,"13129",1610,1207
2016,"13129",1727,1358
2017,"13129",1672,1326
2018,"13129",1455,1373
2019,"13129",1576,1443
2020,"13129",1598,1461
2021,"13129",1573,1244
2022,"13129",1690,1193
2023,"13129",2186,1338
2024,"13129",2033,1445
2014,"13131",1339,277
2015,"13131",1488,340
2016,"13131",1569,358
2017,"13131",1536,358
2018,"13131",1793,372
2019,"13131",1746,366
2020,"13131",1846,387
2021,"13131",1810,258
2022,"13131",2008,299
2023,"13131",2171,307
2024,"13131",2261,349
2014,"13133",1883,271
2015,"13133",1893,284
2016,"13133",1776,373
2017,"13133",1961,423
2018,"13133",1949,411
2019,"13133",2343,417
2020,"13133",2093,436
2021,"13133",2167,327
2022,"13133",2692,334
2023,"13133",2916,349
2024,"13133",2916,372
2014,"13135",1525,30670
2015,"13135",1945,32317
2016,"13135",1682,35661
2017,"13135",1856,34913
2018,"13135",1955,34022
2019,"13135",1958,33366
2020,"13135",1953,30999
2021,"13135",2015,28491
2022,"13135",2265,26299
2023,"13135",2948,26333
2024,"13135",2899,27606
2014,"13137",1477,765
2015,"13137",1459,852
2016,"13137",1460,1007
2017,"13137",1470,1047
2018,"13137",1572,1085
2019,"13137",1792,1107
2020,"13137",1768,1095
2021,"13137",1742,913
2022,"13137",2132,879
2023,"13137",2420,934
2024,"13137",2474,991
2014,"13139",1445,5841
2015,"13139",1499,6154
2016,"13139",1504,6935
2017,"13139",1567,6953
2018,"13139",1799,7100
2019,"13139",1819,7204
2020,"13139",1745,7126
2021,"13139",1772,6062
2022,"13139",2209,5934
2023,"13139",2701,6101
2024,"13139",3002,6276
2014,"13141",1507,53
2015,"13141",1710,61
2016,"13141",1425,67
2017,"13141",1617,63
2018,"13141",1797,58
2019,"13141",1791,64
2020,"13141",1934,68
2021,"13141",1892,46
2022,"13141",1950,42
2023,"13141",2119,50
2024,"13141",2376,51
2014,"13143",1607,587
2015,"13143",1814,638
2016,"13143",1745,724
2017,"13143",1812,735
2018,"13143",2012,803
2019,"13143",2071,899
2020,"13143",2099,914
2021,"13143",2270,785
2022,"13143",2371,756
2023,"13143",2654,814
2024,"13143",2945,899
2014,"13145",1751,1454
2015,"13145",1655,1506
2016,"13145",1626,1769
2017,"13145",1655,1693
2018,"13145",1888,1808
2019,"13145",1866,1852
2020,"13145",1935,1839
2021,"13145",2042,1550
2022,"13145",2209,1413
2023,"13145",2502,1464
2024,"13145",2508,1431
2014,"13147",1560,325
2015,"13147",1431,414
2016,"13147",1479,464
2017,"13147",1422,457
2018,"13147",1495,488
2019,"13147",1560,547
2020,"13147",1670,597
2021,"13147",1709,431
2022,"13147",1812,459
2023,"13147",2108,530
2024,"13147",2206,562
2014,"13149",1401,185
2015,"13149",1261,204
2016,"13149",1391,221
2017,"13149",1502,233
2018,"13149",1499,235
2019,"13149",1506,247
2020,"13149",1532,250
2021,"13149",1642,188
2022,"13149",1987,203
2023,"13149",2290,223
2024,"13149",2407,248
2014,"13151",1398,7440
2015,"13151",1655,8146
2016,"13151",1636,9128
2017,"13151",1617,8947
2018,"13151",1775,8743
2019,"13151",1806,8786
2020,"13151",1850,8470
2021,"13151",1863,7506
2022,"13151",2093,7165
2023,"13151",2668,7244
2024,"13151",2723,7735
2014,"13153",1473,6367
2015,"13153",1507,6991
2016,"13153",1541,8559
2017,"13153",1568,8038
2018,"13153",1663,8726
2019,"13153",1804,8597
2020,"13153",1836,8272
2021,"13153",1839,6986
2022,"13153",2061,6527
2023,"13153",2413,6423
2024,"13153",2695,6333
2014,"13155",1604,62
2015,"13155",1543,86
2016,"13155",1703,98
2017,"13155",1647,105
2018,"13155",1785,103
2019,"13155",1866,107
2020,"13155",1878,96
2021,"13155",1973,92
2022,"13155",2290,94
2023,"13155",2396,91
2024,"13155",2446,99
2014,"13157",1409,1919
2015,"13157",1568,2143
2016,"13157",1698,2444
2017,"13157",1592,2446
2018,"13157",1626,2526
2019,"13157",1765,2642
2020,"13157",1683,2618
2021,"13157",1695,2195
2022,"13157",2099,2210
2023,"13157",2320,2281
2024,"13157",2480,2542
2014,"13159",1467,221
2015,"13159",1464,281
2016,"13159",1685,318
2017,"13159",1552,307
2018,"13159",1700,324
2019,"13159",1907,357
2020,"13159",1905,380
2021,"13159",1813,324
2022,"13159",2082,367
2023,"13159",2412,379
2024,"13159",2336,449
2014,"13161",1761,118
2015,"13161",1526,146
2016,"13161",1618,166
2017,"13161",1568,190
2018,"13161",1610,213
2019,"13161",1690,233
2020,"13161",1640,230
2021,"13161",1766,128
2022,"13161",1891,133
2023,"13161",2091,133
2024,"13161",2210,150
2014,"13163",1553,87
2015,"13163",1555,94
2016,"13163",1592,113
2017,"13163",1591,107
2018,"13163",1835,125
2019,"13163",1761,136
2020,"13163",1828,143
2021,"13163",1903,122
2022,"13163",1964,124
2023,"13163",2213,132
2024,"13163",2593,155
2014,"13165",1579,33
2015,"13165",2213,34
2016,"13165",1886,47
2017,"13165",1568,43
2018,"13165",1548,41
2019,"13165",1795,41
2020,"13165",2036,40
2021,"13165",2011,31
2022,"13165",2019,31
2023,"13165",2481,33
2024,"13165",3085,37
2014,"13167",1697,27
2015,"13167",1379,31
2016,"13167",1422,39
2017,"13167",1555,45
2018,"13167",1718,55
2019,"13167",1587,54
2020,"13167",1565,56
2021,"13167",1598,40
2022,"13167",1681,42
2023,"13167",2045,50
2024,"13167",2055,59
2014,"13169",1646,633
2015,"13169",1681,707
2016,"13169",1746,778
2017,"13169",1697,750
2018,"13169",1696,745
2019,"13169",1769,727
2020,"13169",1793,754
2021,"13169",1844,585
2022,"13169",1898,545
2023,"13169",2068,565
2024,"13169",2267,573
2014,"13171",1458,247
2015,"13171",1670,259
2016,"13171",1507,297
2017,"13171",1490,280
2018,"13171",1482,319
2019,"13171",1567,352
2020,"13171",1609,385
2021,"13171",1725,329
2022,"13171",1977,346
2023,"13171",2385,378
2024,"13171",2280,441
2014,"13173",1650,138
2015,"13173",1423,153
2016,"13173",1333,241
2017,"13173",1397,237
2018,"13173",1591,286
2019,"13173",1728,278
2020,"13173",1876,261
2021,"13173",1687,242
2022,"13173",1698,198
2023,"13173",1898,188
2024,"13173",1964,206
2014,"13175",1623,737
2015,"13175",1688,891
2016,"13175",2003,1030
2017,"13175",1766,1016
2018,"13175",1746,1042
2019,"13175",1896,1029
2020,"13175",1875,1018
2021,"13175",1961,774
2022,"13175",2123,801
2023,"13175",2383,839
2024,"13175",2343,887
2014,"13177",1614,1328
2015,"13177",1537,1387
2016,"13177",1453,1509
2017,"13177",1451,1449
2018,"13177",1537,1459
2019,"13177",1646,1502
2020,"13177",1586,1444
2021,"13177",1601,1155
2022,"13177",1746,1066
2023,"13177",1899,1104
2024,"13177",2053,1221
2014,"13179",1716,1496
2015,"13179",1725,1673
2016,"13179",1623,2067
2017,"13179",1698,1989
2018,"13179",1801,2141
2019,"13179",1902,2201
2020,"13179",1944,2202
2021,"13179",1992,2105
2022,"13179",2033,1983
2023,"13179",2664,1907
2024,"13179",3052,2025
2014,"13181",1681,88
2015,"13181",1580,93
2016,"13181",1584,119
2017,"13181",1670,117
2018,"13181",1783,122
2019,"13181",1995,128
2020,"13181",1886,141
2021,"13181",1924,114
2022,"13181",2233,122
2023,"13181",2327,123
2024,"13181",2580,129
2014,"13183",1507,360
2015,"13183",1577,380
2016,"13183",1560,496
2017,"13183",1672,456
2018,"13183",1690,508
2019,"13183",1774,523
2020,"13183",1846,533
2021,"13183",1897,599
2022,"13183",1998,561
2023,"13183",2334,561
2024,"13183",2439,642
2014,"13185",1396,2563
2015,"13185",1449,2933
2016,"13185",1328,3630
2017,"13185",1403,3469
2018,"13185",1429,3692
2019,"13185",1515,3702
2020,"13185",1527,3860
2021,"13185",1584,3392
2022,"13185",1705,3260
2023,"13185",1929,3239
2024,"13185",2068,3334
2014,"13187",1448,733
2015,"13187",1529,779
2016,"13187",1627,911
2017,"13187",1658,880
2018,"13187",1725,933
2019,"13187",1764,940
2020,"13187",1816,936
2021,"13187",1716,827
2022,"13187",1975,838
2023,"13187",2396,876
2024,"13187",2417,962
2014,"13189",1444,400
2015,"13189",1408,426
2016,"13189",1431,479
2017,"13189",1513,481
2018,"13189",1451,497
2019,"13189",1600,509
2020,"13189",1523,512
2021,"13189",1705,430
2022,"13189",1886,404
2023,"13189",2229,438
2024,"13189",2244,436
2014,"13191",1980,118
2015,"13191",1874,141
2016,"13191",2030,165
2017,"13191",2000,201
2018,"13191",2100,218
2019,"13191",2006,241
2020,"13191",2183,244
2021,"13191",2340,215
2022,"13191",2332,207
2023,"13191",2842,230
2024,"13191",2674,242
2014,"13193",1886,57
2015,"13193",1847,62
2016,"13193",1706,78
2017,"13193",1650,75
2018,"13193",1622,73
2019,"13193",1604,76
2020,"13193",1716,88
2021,"13193",1844,61
2022,"13193",2030,56
2023,"13193",2422,63
2024,"13193",2716,54
2014,"13195",1382,605
2015,"13195",1414,659
2016,"13195",1409,754
2017,"13195",1364,785
2018,"13195",1662,820
2019,"13195",1527,820
2020,"13195",1619,811
2021,"13195",1597,652
2022,"13195",1793,665
2023,"13195",2236,722
2024,"13195",2332,764
2014,"13197",1580,74
2015,"13197",1588,82
2016,"13197",1517,101
2017,"13197",1553,103
2018,"13197",1667,102
2019,"13197",1828,98
2020,"13197",1787,107
2021,"13197",1928,77
2022,"13197",2238,79
2023,"13197",2503,87
2024,"13197",2412,96
2014,"13199",1573,385
2015,"13199",1580,418
2016,"13199",1576,459
2017,"13199",1614,474
2018,"13199",1721,524
2019,"13199",1876,522
2020,"13199",1833,536
2021,"13199",1855,431
2022,"13199",1974,456
2023,"13199",2237,470
2024,"13199",2402,525
2014,"13201",2318,42
2015,"13201",2285,47
2016,"13201",2382,55
2017,"13201",2174,58
2018,"13201",2237,64
2019,"13201",1952,65
2020,"13201",2537,66
2021,"13201",2148,41
2022,"13201",2512,40
2023,"13201",2639,38
2024,"13201",2758,46
2014,"13205",1766,144
2015,"13205",1748,179
2016,"13205",1812,206
2017,"13205",1680,219
2018,"13205",1778,221
2019,"13205",1820,232
2020,"13205",1796,222
2021,"13205",1938,166
2022,"13205",2173,164
2023,"13205",2615,167
2024,"13205",2647,211
2014,"13207",1610,629
2015,"13207",1839,682
2016,"13207",1836,797
2017,"13207",1711,770
2018,"13207",1789,783
2019,"13207",1931,802
2020,"13207",1843,825
2021,"13207",1934,620
2022,"13207",2122,586
2023,"13207",2363,610
2024,"13207",2417,645
2014,"13209",1441,68
2015,"13209",1631,82
2016,"13209",1607,91
2017,"13209",1714,87
2018,"13209",1745,96
2019,"13209",1688,99
2020,"13209",1805,105
2021,"13209",1877,58
2022,"13209",2295,56
2023,"13209",2567,60
2024,"13209",2632,57
2014,"13211",1502,410
2015,"13211",1863,463
2016,"13211",1881,529
2017,"13211",1668,537
2018,"13211",1923,550
2019,"13211",1987,558
2020,"13211",1986,600
2021,"13211",1960,467
2022,"13211",2098,476
2023,"13211",2446,510
2024,"13211",2466,537
2014,"13213",1184,535
2015,"13213",1276,617
2016,"13213",1267,706
2017,"13213",1267,732
2018,"13213",1559,752
2019,"13213",1382,772
2020,"13213",1259,773
2021,"13213",1357,632
2022,"13213",1643,642
2023,"13213",1979,667
2024,"13213",1996,710
2014,"13215",1513,6014
2015,"13215",1426,6440
2016,"13215",1450,7396
2017,"13215",1436,7171
2018,"13215",1515,7464
2019,"13215",1589,7419
2020,"13215",1645,7225
2021,"13215",1735,6302
2022,"13215",1869,5772
2023,"13215",2118,5666
2024,"13215",2162,5493
2014,"13217",1304,3293
2015,"13217",1484,3655
2016,"13217",1578,4060
2017,"13217",1572,4064
2018,"13217",1667,4020
2019,"13217",1731,4210
2020,"13217",1701,4109
2021,"13217",1716,3643
2022,"13217",1917,3664
2023,"13217",2225,3758
2024,"13217",2359,3989
2014,"13219",1461,1558
2015,"13219",1530,1650
2016,"13219",1579,1980
2017,"13219",1571,2071
2018,"13219",1697,2058
2019,"13219",1822,2121
2020,"13219",1746,2048
2021,"13219",1837,1597
2022,"13219",2046,1582
2023,"13219",2387,1606
2024,"13219",2382,1548
2014,"13221",1220,373
2015,"13221",1313,434
2016,"13221",1401,490
2017,"13221",1362,497
2018,"13221",1547,496
2019,"13221",1605,489
2020,"13221",1823,488
2021,"13221",1587,366
2022,"13221",1989,387
2023,"13221",2339,411
2024,"13221",2411,415
2014,"13223",1316,5866
2015,"13223",1537,6532
2016,"13223",1539,7354
2017,"13223",1431,7236
2018,"13223",1546,7366
2019,"13223",1600,7431
2020,"13223",1614,7169
2021,"13223",1643,6204
2022,"13223",1884,5872
2023,"13223",2249,6135
2024,"13223",2327,6565
2014,"13225",1522,623
2015,"13225",1524,655
2016,"13225",1502,756
2017,"13225",1538,714
2018,"13225",1607,747
2019,"13225",1677,737
2020,"13225",1706,723
2021,"13225",1760,609
2022,"13225",1918,618
2023,"13225",2215,630
2024,"13225",2474,642
2014,"13227",1567,792
2015,"13227",1528,868
2016,"13227",1553,957
2017,"13227",1616,975
2018,"13227",1709,1012
2019,"13227",1809,1041
2020,"13227",1774,1067
2021,"13227",1891,905
2022,"13227",2064,927
2023,"13227",2325,974
2024,"13227",2467,1115
2014,"13229",1459,315
2015,"13229",1416,334
2016,"13229",1495,374
2017,"13229",1450,355
2018,"13229",1573,381
2019,"13229",1704,435
2020,"13229",1713,429
2021,"13229",1693,311
2022,"13229",1761,304
2023,"13229",1967,298
2024,"13229",2140,341
2014,"13231",1385,375
2015,"13231",1567,441
2016,"13231",1484,513
2017,"13231",1548,507
2018,"13231",1624,512
2019,"13231",1615,545
2020,"13231",1619,561
2021,"13231",1822,433
2022,"13231",1903,439
2023,"13231",2291,462
2024,"13231",2523,546
2014,"13233",1393,724
2015,"13233",1465,812
2016,"13233",1475,932
2017,"13233",1429,893
2018,"13233",1466,934
2019,"13233",1567,974
2020,"13233",1613,955
2021,"13233",1753,801
2022,"13233",1867,806
2023,"13233",2092,888
2024,"13233",2214,995
2014,"13235",1552,120
2015,"13235",1638,139
2016,"13235",1520,163
2017,"13235",1505,162
2018,"13235",1496,175
2019,"13235",1708,193
2020,"13235",1752,191
2021,"13235",1943,137
2022,"13235",1981,139
2023,"13235",2283,139
2024,"13235",2313,142
2014,"13237",2078,383
2015,"13237",1632,447
2016,"13237",1597,528
2017,"13237",1727,519
2018,"13237",1703,542
2019,"13237",2007,545
2020,"13237",1827,564
2021,"13237",1902,397
2022,"13237",2153,388
2023,"13237",2310,429
2024,"13237",2526,462
2014,"13241",1518,223
2015,"13241",1587,296
2016,"13241",1583,351
2017,"13241",1520,358
2018,"13241",1613,384
2019,"13241",1786,385
2020,"13241",1777,381
2021,"13241",1751,296
2022,"13241",2054,297
2023,"13241",2402,302
2024,"13241",2388,325
2016,"13243",NA,NA
2017,"13243",NA,NA
2018,"13243",NA,NA
2019,"13243",NA,NA
2020,"13243",NA,NA
2024,"13243",NA,NA
2014,"13245",1342,5340
2015,"13245",1366,5554
2016,"13245",1331,6238
2017,"13245",1320,6028
2018,"13245",1405,6356
2019,"13245",1483,6416
2020,"13245",1525,6349
2021,"13245",1533,5529
2022,"13245",1756,5292
2023,"13245",2021,5408
2024,"13245",2140,5170
2014,"13247",1536,2638
2015,"13247",1632,2845
2016,"13247",1742,3250
2017,"13247",1720,3240
2018,"13247",1885,3215
2019,"13247",1922,3256
2020,"13247",1915,3259
2021,"13247",2012,2896
2022,"13247",2158,2800
2023,"13247",2616,2824
2024,"13247",2722,2921
2014,"13249",1703,34
2015,"13249",1523,40
2016,"13249",1716,51
2017,"13249",1534,60
2018,"13249",1541,69
2019,"13249",1694,70
2020,"13249",1749,75
2021,"13249",1730,68
2022,"13249",1805,65
2023,"13249",2521,70
2024,"13249",2233,76
2014,"13251",1429,221
2015,"13251",1491,235
2016,"13251",1636,265
2017,"13251",1630,247
2018,"13251",1686,238
2019,"13251",1674,261
2020,"13251",1786,249
2021,"13251",1792,222
2022,"13251",2067,188
2023,"13251",2311,210
2024,"13251",2505,221
2014,"13253",1976,103
2015,"13253",1753,127
2016,"13253",1817,136
2017,"13253",1802,133
2018,"13253",1784,140
2019,"13253",2029,144
2020,"13253",1946,147
2021,"13253",2296,98
2022,"13253",2284,91
2023,"13253",2761,86
2024,"13253",2996,96
2014,"13255",1345,1299
2015,"13255",1283,1398
2016,"13255",1332,1622
2017,"13255",1345,1632
2018,"13255",1409,1642
2019,"13255",1526,1685
2020,"13255",1589,1695
2021,"13255",1590,1510
2022,"13255",1802,1571
2023,"13255",2342,1646
2024,"13255",2273,1851
2014,"13257",1406,189
2015,"13257",1572,235
2016,"13257",1431,276
2017,"13257",1459,304
2018,"13257",1531,353
2019,"13257",1513,408
2020,"13257",1608,400
2021,"13257",1769,357
2022,"13257",1839,359
2023,"13257",2122,394
2024,"13257",2174,422
2014,"13259",NA,NA
2017,"13259",NA,NA
2018,"13259",NA,NA
2019,"13259",NA,NA
2020,"13259",NA,NA
2021,"13259",NA,NA
2023,"13259",NA,NA
2024,"13259",NA,NA
2014,"13261",1770,371
2015,"13261",1522,402
2016,"13261",1587,464
2017,"13261",1478,467
2018,"13261",1484,492
2019,"13261",1652,490
2020,"13261",1740,502
2021,"13261",1730,395
2022,"13261",1861,385
2023,"13261",2024,416
2024,"13261",2070,432
2014,"13263",1757,64
2015,"13263",1704,75
2016,"13263",1838,92
2017,"13263",1767,94
2018,"13263",1888,93
2019,"13263",1861,107
2020,"13263",1772,109
2021,"13263",1865,104
2022,"13263",2171,106
2023,"13263",2358,107
2024,"13263",2464,104
2014,"13267",1693,217
2015,"13267",1766,229
2016,"13267",1785,282
2017,"13267",1828,276
2018,"13267",1520,305
2019,"13267",1655,314
2020,"13267",1718,311
2021,"13267",1807,241
2022,"13267",1969,226
2023,"13267",2360,210
2024,"13267",2471,245
2014,"13269",1656,72
2015,"13269",1627,87
2016,"13269",1600,88
2017,"13269",1746,91
2018,"13269",1760,105
2019,"13269",1960,102
2020,"13269",1937,107
2021,"13269",1782,78
2022,"13269",1984,93
2023,"13269",2321,94
2024,"13269",2322,90
2014,"13271",1415,47
2015,"13271",1835,58
2016,"13271",1700,60
2017,"13271",1737,72
2018,"13271",1617,76
2019,"13271",1703,86
2020,"13271",1892,84
2021,"13271",2139,52
2022,"13271",2257,47
2023,"13271",2834,47
2024,"13271",2555,56
2014,"13273",1932,56
2015,"13273",1700,65
2016,"13273",1680,78
2017,"13273",1723,89
2018,"13273",2006,81
2019,"13273",1927,92
2020,"13273",2007,93
2021,"13273",2403,69
2022,"13273",2402,65
2023,"13273",2454,68
2024,"13273",2360,92
2014,"13275",1789,716
2015,"13275",1776,765
2016,"13275",1842,852
2017,"13275",1868,866
2018,"13275",1889,900
2019,"13275",2036,926
2020,"13275",2066,972
2021,"13275",2162,684
2022,"13275",2365,713
2023,"13275",2552,813
2024,"13275",2777,946
2014,"13277",1484,575
2015,"13277",1585,684
2016,"13277",1460,744
2017,"13277",1426,778
2018,"13277",1527,813
2019,"13277",1572,820
2020,"13277",1594,900
2021,"13277",1701,801
2022,"13277",1833,804
2023,"13277",1981,766
2024,"13277",2053,799
2014,"13279",1762,359
2015,"13279",1712,405
2016,"13279",1797,448
2017,"13279",1847,449
2018,"13279",1786,467
2019,"13279",1958,468
2020,"13279",1957,474
2021,"13279",2086,321
2022,"13279",2252,316
2023,"13279",2763,314
2024,"13279",2804,338
2014,"13281",1255,305
2015,"13281",1467,332
2016,"13281",1400,380
2017,"13281",1453,382
2018,"13281",1506,366
2019,"13281",1523,378
2020,"13281",1588,359
2021,"13281",1665,266
2022,"13281",1849,278
2023,"13281",2083,290
2024,"13281",2191,285
2015,"13283",NA,NA
2016,"13283",NA,NA
2017,"13283",NA,NA
2018,"13283",NA,NA
2019,"13283",NA,NA
2020,"13283",NA,NA
2021,"13283",NA,NA
2022,"13283",NA,NA
2023,"13283",NA,NA
2024,"13283",NA,NA
2014,"13285",1463,1895
2015,"13285",1416,1948
2016,"13285",1483,2092
2017,"13285",1457,2030
2018,"13285",1544,1989
2019,"13285",1615,1919
2020,"13285",1634,1880
2021,"13285",1691,1636
2022,"13285",1777,1584
2023,"13285",2157,1682
2024,"13285",2166,1858
2014,"13287",1931,54
2015,"13287",2069,56
2016,"13287",2025,65
2017,"13287",1949,66
2018,"13287",2042,72
2019,"13287",2100,82
2020,"13287",2065,76
2021,"13287",2130,71
2022,"13287",2166,70
2023,"13287",2281,71
2024,"13287",2728,66
2014,"13289",1528,79
2015,"13289",1660,75
2016,"13289",1461,86
2017,"13289",1608,89
2018,"13289",1860,93
2019,"13289",2023,91
2020,"13289",1969,94
2021,"13289",1951,76
2022,"13289",2032,80
2023,"13289",2077,94
2024,"13289",2038,80
2014,"13291",1335,559
2015,"13291",1396,641
2016,"13291",1369,740
2017,"13291",1420,795
2018,"13291",1491,811
2019,"13291",1546,813
2020,"13291",1519,818
2021,"13291",1685,663
2022,"13291",1971,667
2023,"13291",2117,653
2024,"13291",2343,686
2014,"13293",1448,210
2015,"13293",1425,219
2016,"13293",1481,269
2017,"13293",1406,293
2018,"13293",1460,327
2019,"13293",1524,359
2020,"13293",1665,359
2021,"13293",1647,245
2022,"13293",1756,285
2023,"13293",2228,284
2024,"13293",2179,377
2014,"13295",1381,1476
2015,"13295",1489,1621
2016,"13295",1442,1873
2017,"13295",1408,1869
2018,"13295",1606,1850
2019,"13295",1512,1846
2020,"13295",1482,1820
2021,"13295",1619,1537
2022,"13295",1888,1544
2023,"13295",2134,1653
2024,"13295",2179,1712
2014,"13297",1463,3152
2015,"13297",1628,3436
2016,"13297",1622,3754
2017,"13297",1668,3756
2018,"13297",1788,3826
2019,"13297",1849,3894
2020,"13297",1860,3946
2021,"13297",1952,3484
2022,"13297",2168,3378
2023,"13297",2655,3541
2024,"13297",2553,3790
2014,"13299",1270,446
2015,"13299",1368,490
2016,"13299",1385,532
2017,"13299",1337,561
2018,"13299",1425,594
2019,"13299",1556,616
2020,"13299",1504,619
2021,"13299",1650,455
2022,"13299",1820,441
2023,"13299",1976,471
2024,"13299",2012,512
2014,"13301",1983,29
2015,"13301",1992,32
2016,"13301",1861,42
2017,"13301",1995,45
2018,"13301",2058,46
2019,"13301",2029,39
2020,"13301",1945,39
2021,"13301",2297,33
2022,"13301",2497,36
2023,"13301",2394,37
2024,"13301",2238,48
2014,"13303",1647,93
2015,"13303",1470,124
2016,"13303",1618,168
2017,"13303",1659,169
2018,"13303",1647,200
2019,"13303",1787,216
2020,"13303",1854,241
2021,"13303",1971,178
2022,"13303",2040,195
2023,"13303",2134,206
2024,"13303",2350,208
2014,"13305",1524,534
2015,"13305",1489,546
2016,"13305",1592,604
2017,"13305",1615,620
2018,"13305",1699,680
2019,"13305",1931,714
2020,"13305",1830,682
2021,"13305",1839,566
2022,"13305",1990,569
2023,"13305",2289,589
2024,"13305",2388,639
2017,"13309",NA,NA
2018,"13309",NA,NA
2019,"13309",NA,NA
2020,"13309",NA,NA
2014,"13311",1443,566
2015,"13311",1468,645
2016,"13311",1538,745
2017,"13311",1524,741
2018,"13311",1524,708
2019,"13311",1732,738
2020,"13311",1677,749
2021,"13311",1745,686
2022,"13311",1978,639
2023,"13311",2237,641
2024,"13311",2412,685
2014,"13313",1268,2103
2015,"13313",1260,2277
2016,"13313",1323,2514
2017,"13313",1322,2540
2018,"13313",1371,2606
2019,"13313",1358,2515
2020,"13313",1353,2602
2021,"13313",1362,2152
2022,"13313",1517,2022
2023,"13313",1683,2165
2024,"13313",1889,2189
2016,"13315",NA,NA
2017,"13315",NA,NA
2018,"13315",NA,NA
2019,"13315",NA,NA
2020,"13315",NA,NA
2021,"13315",NA,NA
2022,"13315",NA,NA
2023,"13315",NA,NA
2024,"13315",NA,NA
2014,"13317",1626,72
2015,"13317",1750,74
2016,"13317",1665,89
2017,"13317",1579,94
2018,"13317",1345,108
2019,"13317",1499,105
2020,"13317",1557,112
2021,"13317",1598,82
2022,"13317",1757,97
2023,"13317",1959,94
2024,"13317",2194,96
2014,"13319",1574,79
2015,"13319",1500,91
2016,"13319",1422,108
2017,"13319",1438,107
2018,"13319",1465,123
2019,"13319",1604,109
2020,"13319",1705,121
2021,"13319",1830,67
2022,"13319",2015,63
2023,"13319",2202,67
2024,"13319",2278,71
2014,"13321",1413,222
2015,"13321",1451,274
2016,"13321",1410,300
2017,"13321",1471,319
2018,"13321",1555,332
2019,"13321",1761,362
2020,"13321",1771,345
2021,"13321",1675,248
2022,"13321",1756,259
2023,"13321",1878,257
2024,"13321",1971,270
2014,"15001",1724,2075
2015,"15001",1683,1973
2016,"15001",1650,2671
2017,"15001",1699,2716
2018,"15001",1834,2767
2019,"15001",1853,2631
2020,"15001",2003,2695
2021,"15001",1946,2048
2022,"15001",2092,2257
2023,"15001",2379,2576
2024,"15001",2707,2891
2014,"15003",2217,8791
2015,"15003",2280,8786
2016,"15003",2180,11136
2017,"15003",2365,10673
2018,"15003",2320,10325
2019,"15003",2395,9662
2020,"15003",2552,8569
2021,"15003",2369,8160
2022,"15003",2726,9399
2023,"15003",3154,10077
2024,"15003",3384,10864
2014,"15007",2307,685
2015,"15007",2401,707
2016,"15007",2277,884
2017,"15007",2427,846
2018,"15007",2370,879
2019,"15007",2364,862
2020,"15007",2552,850
2021,"15007",2323,578
2022,"15007",2672,670
2023,"15007",3099,759
2024,"15007",3347,890
2014,"15009",1991,2334
2015,"15009",1967,2288
2016,"15009",1972,2708
2017,"15009",2059,2519
2018,"15009",2130,2525
2019,"15009",2133,2446
2020,"15009",2338,2280
2021,"15009",2228,1581
2022,"15009",2439,1860
2023,"15009",2853,2027
2024,"15009",3369,2094
2014,"16001",1052,11928
2015,"16001",997,12483
2016,"16001",996,14121
2017,"16001",980,14239
2018,"16001",1019,13262
2019,"16001",1341,13432
2020,"16001",1482,12336
2021,"16001",1113,9397
2022,"16001",1444,8360
2023,"16001",1671,8520
2024,"16001",1172,8949
2014,"16003",1676,27
2015,"16003",1196,28
2016,"16003",1095,30
2017,"16003",1350,39
2018,"16003",1411,46
2019,"16003",1437,45
2020,"16003",1191,57
2021,"16003",1404,50
2022,"16003",1564,49
2023,"16003",1904,51
2024,"16003",2235,57
2014,"16005",1080,1639
2015,"16005",937,1779
2016,"16005",1030,2033
2017,"16005",993,2057
2018,"16005",1065,2019
2019,"16005",1051,2041
2020,"16005",1323,1989
2021,"16005",1182,1549
2022,"16005",1558,1402
2023,"16005",1732,1402
2024,"16005",1624,1500
2014,"16007",1080,77
2015,"16007",1091,77
2016,"16007",1186,98
2017,"16007",1041,98
2018,"16007",1126,116
2019,"16007",1162,124
2020,"16007",1220,126
2021,"16007",1070,93
2022,"16007",1253,92
2023,"16007",1702,103
2024,"16007",1807,118
2014,"16009",1349,121
2015,"16009",1191,134
2016,"16009",1236,162
2017,"16009",1188,162
2018,"16009",1320,186
2019,"16009",1322,185
2020,"16009",1473,190
2021,"16009",1566,153
2022,"16009",1647,135
2023,"16009",1998,140
2024,"16009",2052,154
2014,"16011",1232,765
2015,"16011",1155,835
2016,"16011",1139,938
2017,"16011",1144,936
2018,"16011",1129,931
2019,"16011",1330,1008
2020,"16011",1521,988
2021,"16011",1378,746
2022,"16011",1599,726
2023,"16011",1952,740
2024,"16011",1647,824
2014,"16013",1465,541
2015,"16013",1469,573
2016,"16013",1482,679
2017,"16013",1632,699
2018,"16013",1546,719
2019,"16013",1553,744
2020,"16013",1816,774
2021,"16013",1673,487
2022,"16013",2034,441
2023,"16013",2575,457
2024,"16013",2486,448
2014,"16015",1248,195
2015,"16015",1277,202
2016,"16015",1360,229
2017,"16015",1251,228
2018,"16015",1215,224
2019,"16015",1536,235
2020,"16015",1612,217
2021,"16015",1452,170
2022,"16015",1931,145
2023,"16015",2242,145
2024,"16015",1796,160
2014,"16017",1296,1356
2015,"16017",1244,1415
2016,"16017",1300,1538
2017,"16017",1308,1585
2018,"16017",1339,1619
2019,"16017",1439,1605
2020,"16017",1792,1612
2021,"16017",1506,1248
2022,"16017",1784,1145
2023,"16017",2134,1168
2024,"16017",2110,1214
2014,"16019",1001,2913
2015,"16019",950,3129
2016,"16019",962,3627
2017,"16019",1010,3666
2018,"16019",1041,3736
2019,"16019",1156,3920
2020,"16019",1275,3882
2021,"16019",1226,2845
2022,"16019",1404,2630
2023,"16019",1754,2746
2024,"16019",1704,2997
2014,"16021",1292,359
2015,"16021",1141,387
2016,"16021",1155,415
2017,"16021",1112,422
2018,"16021",1212,458
2019,"16021",1292,456
2020,"16021",1410,449
2021,"16021",1396,349
2022,"16021",1636,307
2023,"16021",1917,289
2024,"16021",1882,321
2014,"16023",1137,22
2015,"16023",1021,29
2016,"16023",1171,31
2017,"16023",1330,30
2018,"16023",1228,41
2019,"16023",1282,49
2020,"16023",1486,54
2021,"16023",1622,42
2022,"16023",1868,32
2023,"16023",2113,42
2024,"16023",2055,44
2020,"16025",NA,NA
2014,"16027",1005,4407
2015,"16027",1059,4696
2016,"16027",972,5247
2017,"16027",994,5507
2018,"16027",1013,5072
2019,"16027",1088,5122
2020,"16027",1198,4725
2021,"16027",1248,3843
2022,"16027",1469,3581
2023,"16027",1521,3752
2024,"16027",1554,4384
2014,"16029",930,90
2015,"16029",894,93
2016,"16029",1016,110
2017,"16029",1047,120
2018,"16029",1082,132
2019,"16029",1120,148
2020,"16029",1200,132
2021,"16029",1170,90
2022,"16029",1480,98
2023,"16029",1655,98
2024,"16029",1859,117
2014,"16031",908,254
2015,"16031",906,275
2016,"16031",944,297
2017,"16031",1033,305
2018,"16031",1113,300
2019,"16031",1056,296
2020,"16031",1177,281
2021,"16031",1237,182
2022,"16031",1509,190
2023,"16031",1523,192
2024,"16031",1757,220
2014,"16035",1222,138
2015,"16035",1120,142
2016,"16035",1174,148
2017,"16035",1154,144
2018,"16035",1294,141
2019,"16035",1417,152
2020,"16035",1350,152
2021,"16035",1323,123
2022,"16035",1693,111
2023,"16035",2065,110
2024,"16035",1899,127
2014,"16037",1285,58
2015,"16037",1312,57
2016,"16037",1306,84
2017,"16037",1384,76
2018,"16037",1320,85
2019,"16037",1379,92
2020,"16037",1558,89
2021,"16037",1625,72
2022,"16037",1767,59
2023,"16037",2089,60
2024,"16037",2053,76
2014,"16039",1127,755
2015,"16039",830,786
2016,"16039",949,992
2017,"16039",910,936
2018,"16039",963,984
2019,"16039",1073,1058
2020,"16039",1244,1022
2021,"16039",1231,993
2022,"16039",1475,858
2023,"16039",1738,815
2024,"16039",1620,843
2014,"16041",978,267
2015,"16041",1004,286
2016,"16041",1141,328
2017,"16041",1066,339
2018,"16041",1126,334
2019,"16041",1270,323
2020,"16041",1221,350
2021,"16041",1301,348
2022,"16041",1481,332
2023,"16041",1955,317
2024,"16041",1856,388
2014,"16043",1210,213
2015,"16043",1148,231
2016,"16043",1263,248
2017,"16043",1284,249
2018,"16043",1292,244
2019,"16043",1426,239
2020,"16043",1455,253
2021,"16043",1449,176
2022,"16043",1558,167
2023,"16043",1995,176
2024,"16043",1950,198
2014,"16045",1161,465
2015,"16045",1156,463
2016,"16045",1105,502
2017,"16045",1042,505
2018,"16045",1043,506
2019,"16045",1079,534
2020,"16045",1261,523
2021,"16045",1308,389
2022,"16045",1485,359
2023,"16045",1726,370
2024,"16045",1828,430
2014,"16047",1117,169
2015,"16047",1171,171
2016,"16047",1086,193
2017,"16047",1006,198
2018,"16047",1020,202
2019,"16047",1118,208
2020,"16047",1164,218
2021,"16047",1319,161
2022,"16047",1582,156
2023,"16047",1736,156
2024,"16047",1659,180
2014,"16049",1365,295
2015,"16049",1273,299
2016,"16049",1223,327
2017,"16049",1273,311
2018,"16049",1231,328
2019,"16049",1256,338
2020,"16049",1445,371
2021,"16049",1349,268
2022,"16049",1512,242
2023,"16049",1734,262
2024,"16049",1921,281
2014,"16051",1068,644
2015,"16051",1138,696
2016,"16051",1113,801
2017,"16051",1099,764
2018,"16051",1161,784
2019,"16051",1271,846
2020,"16051",1352,831
2021,"16051",1345,616
2022,"16051",1742,597
2023,"16051",1937,624
2024,"16051",1849,745
2014,"16053",887,275
2015,"16053",1033,307
2016,"16053",1059,356
2017,"16053",999,342
2018,"16053",969,343
2019,"16053",1248,348
2020,"16053",1209,361
2021,"16053",1185,273
2022,"16053",1500,255
2023,"16053",1690,280
2024,"16053",1698,320
2014,"16055",1100,6029
2015,"16055",1071,6235
2016,"16055",1065,6760
2017,"16055",1159,6652
2018,"16055",1106,6699
2019,"16055",1169,6740
2020,"16055",1218,6464
2021,"16055",1169,5111
2022,"16055",1398,4426
2023,"16055",1679,4653
2024,"16055",1631,4695
2014,"16057",1436,873
2015,"16057",1093,857
2016,"16057",1067,957
2017,"16057",1107,952
2018,"16057",1100,996
2019,"16057",1175,1005
2020,"16057",1425,997
2021,"16057",1290,775
2022,"16057",1477,677
2023,"16057",1858,745
2024,"16057",1748,845
2014,"16059",1111,181
2015,"16059",1240,196
2016,"16059",1208,214
2017,"16059",1149,214
2018,"16059",1150,205
2019,"16059",1227,220
2020,"16059",1283,248
2021,"16059",1362,188
2022,"16059",1514,171
2023,"16059",1932,172
2024,"16059",1911,187
2014,"16061",1209,41
2015,"16061",1312,43
2016,"16061",1084,52
2017,"16061",1107,47
2018,"16061",1193,54
2019,"16061",1447,60
2020,"16061",1467,57
2021,"16061",1633,46
2022,"16061",1767,44
2023,"16061",1873,48
2024,"16061",2437,49
2014,"16063",1210,54
2015,"16063",962,58
2016,"16063",1112,60
2017,"16063",1092,59
2018,"16063",1094,61
2019,"16063",1260,67
2020,"16063",1300,67
2021,"16063",1304,52
2022,"16063",1494,49
2023,"16063",1561,47
2024,"16063",1692,44
2014,"16065",1042,430
2015,"16065",992,526
2016,"16065",992,559
2017,"16065",1188,543
2018,"16065",1183,471
2019,"16065",1309,468
2020,"16065",1374,495
2021,"16065",1377,371
2022,"16065",1702,320
2023,"16065",2017,332
2024,"16065",1895,376
2014,"16067",1030,162
2015,"16067",1055,185
2016,"16067",959,195
2017,"16067",946,196
2018,"16067",1043,223
2019,"16067",998,205
2020,"16067",1079,212
2021,"16067",1192,142
2022,"16067",1311,135
2023,"16067",1643,153
2024,"16067",1507,174
2014,"16069",999,1133
2015,"16069",938,1125
2016,"16069",968,1198
2017,"16069",1046,1188
2018,"16069",1026,1140
2019,"16069",1100,1146
2020,"16069",1132,1144
2021,"16069",1136,935
2022,"16069",1500,857
2023,"16069",1877,922
2024,"16069",1636,1096
2014,"16071",1007,86
2015,"16071",1027,91
2016,"16071",1012,98
2017,"16071",1065,94
2018,"16071",1108,117
2019,"16071",1279,112
2020,"16071",1370,114
2021,"16071",1475,96
2022,"16071",1761,86
2023,"16071",2019,97
2024,"16071",2243,94
2014,"16073",1065,135
2015,"16073",949,140
2016,"16073",1109,154
2017,"16073",1076,177
2018,"16073",1147,169
2019,"16073",1158,181
2020,"16073",1277,185
2021,"16073",1394,148
2022,"16073",1679,140
2023,"16073",2070,146
2024,"16073",1902,179
2014,"16075",1122,456
2015,"16075",967,466
2016,"16075",944,525
2017,"16075",1090,488
2018,"16075",1103,493
2019,"16075",1178,512
2020,"16075",1477,559
2021,"16075",1309,427
2022,"16075",1657,393
2023,"16075",1954,455
2024,"16075",1707,502
2014,"16077",1209,96
2015,"16077",873,112
2016,"16077",955,115
2017,"16077",1137,116
2018,"16077",1021,106
2019,"16077",1121,102
2020,"16077",1464,108
2021,"16077",1535,88
2022,"16077",1638,75
2023,"16077",1938,70
2024,"16077",1953,73
2014,"16079",1111,256
2015,"16079",1205,288
2016,"16079",1131,337
2017,"16079",1049,328
2018,"16079",1112,350
2019,"16079",1207,355
2020,"16079",1338,363
2021,"16079",1314,285
2022,"16079",1471,286
2023,"16079",1827,296
2024,"16079",1893,329
2014,"16081",1217,225
2015,"16081",1132,262
2016,"16081",1189,279
2017,"16081",1261,277
2018,"16081",1254,297
2019,"16081",1412,299
2020,"16081",1576,325
2021,"16081",1615,222
2022,"16081",2056,204
2023,"16081",2278,223
2024,"16081",2603,230
2014,"16083",1089,1665
2015,"16083",1017,1681
2016,"16083",988,1810
2017,"16083",989,1686
2018,"16083",1018,1697
2019,"16083",1131,1707
2020,"16083",1156,1669
2021,"16083",1149,1241
2022,"16083",1432,1164
2023,"16083",1710,1200
2024,"16083",1629,1363
2014,"16085",1160,257
2015,"16085",1248,284
2016,"16085",1286,299
2017,"16085",1252,294
2018,"16085",1252,288
2019,"16085",1443,290
2020,"16085",1665,306
2021,"16085",1688,227
2022,"16085",1992,197
2023,"16085",2399,215
2024,"16085",2722,259
2014,"16087",1156,154
2015,"16087",1101,167
2016,"16087",1078,209
2017,"16087",998,205
2018,"16087",1041,220
2019,"16087",1278,230
2020,"16087",1421,244
2021,"16087",1397,187
2022,"16087",1637,164
2023,"16087",1969,189
2024,"16087",2002,199
2014,"17001",1012,394
2015,"17001",1041,431
2016,"17001",1273,489
2017,"17001",1228,477
2018,"17001",1275,578
2019,"17001",1394,594
2020,"17001",1469,538
2021,"17001",1434,424
2022,"17001",1657,420
2023,"17001",1917,419
2024,"17001",2080,656
2014,"17005",1654,134
2015,"17005",1715,124
2016,"17005",1774,142
2017,"17005",1489,143
2018,"17005",1658,141
2019,"17005",1665,144
2020,"17005",1760,134
2021,"17005",1915,123
2022,"17005",2255,128
2023,"17005",2373,127
2024,"17005",2964,143
2014,"17007",1253,819
2015,"17007",1299,853
2016,"17007",1350,978
2017,"17007",1351,961
2018,"17007",1371,924
2019,"17007",1579,960
2020,"17007",1594,923
2021,"17007",1603,1215
2022,"17007",1840,1214
2023,"17007",2233,1157
2024,"17007",2689,1261
2014,"17011",1326,200
2015,"17011",1253,223
2016,"17011",1331,262
2017,"17011",1276,286
2018,"17011",1278,316
2019,"17011",1319,324
2020,"17011",1447,295
2021,"17011",1500,278
2022,"17011",1783,269
2023,"17011",2000,263
2024,"17011",2428,267
2014,"17015",1135,79
2015,"17015",1240,94
2016,"17015",1308,117
2017,"17015",1276,126
2018,"17015",1232,135
2019,"17015",1545,130
2020,"17015",1421,133
2021,"17015",1578,98
2022,"17015",1847,101
2023,"17015",1911,111
2024,"17015",2367,117
2014,"17017",1332,26
2015,"17017",1145,29
2016,"17017",1278,38
2017,"17017",1282,35
2018,"17017",1241,34
2019,"17017",1342,37
2020,"17017",1507,29
2021,"17017",1651,25
2022,"17017",1822,31
2023,"17017",2187,34
2024,"17017",2511,29
2014,"17019",1209,2490
2015,"17019",1194,2382
2016,"17019",1181,2750
2017,"17019",1200,2755
2018,"17019",1441,2320
2019,"17019",1447,2270
2020,"17019",1495,2062
2021,"17019",1538,1961
2022,"17019",1796,2064
2023,"17019",2111,1993
2024,"17019",2465,2151
2014,"17021",1156,157
2015,"17021",1245,165
2016,"17021",1308,195
2017,"17021",1298,209
2018,"17021",1562,214
2019,"17021",1478,232
2020,"17021",1517,223
2021,"17021",1562,185
2022,"17021",1645,223
2023,"17021",1843,234
2024,"17021",2290,235
2014,"17023",1307,83
2015,"17023",1336,70
2016,"17023",1531,92
2017,"17023",1481,91
2018,"17023",1378,104
2019,"17023",1707,110
2020,"17023",1663,100
2021,"17023",1695,80
2022,"17023",1740,100
2023,"17023",2018,80
2024,"17023",2402,86
2014,"17025",1466,24
2015,"17025",1519,23
2016,"17025",1367,36
2017,"17025",1308,43
2018,"17025",1475,59
2019,"17025",1820,57
2020,"17025",1705,58
2021,"17025",1829,54
2022,"17025",2194,53
2023,"17025",2386,45
2024,"17025",3175,42
2014,"17027",1513,339
2015,"17027",1351,353
2016,"17027",1502,375
2017,"17027",1556,369
2018,"17027",1501,395
2019,"17027",1621,426
2020,"17027",1688,442
2021,"17027",1683,547
2022,"17027",1831,578
2023,"17027",2144,613
2024,"17027",2650,717
2014,"17029",1206,317
2015,"17029",1113,299
2016,"17029",1204,369
2017,"17029",1167,388
2018,"17029",1354,353
2019,"17029",1391,384
2020,"17029",1410,382
2021,"17029",1478,253
2022,"17029",1690,317
2023,"17029",1869,297
2024,"17029",2212,310
2014,"17031",1879,69806
2015,"17031",1893,68756
2016,"17031",1888,84038
2017,"17031",2094,81159
2018,"17031",2120,82749
2019,"17031",2082,74585
2020,"17031",2150,70190
2021,"17031",2035,64756
2022,"17031",2143,70274
2023,"17031",2785,75981
2024,"17031",3740,84018
2014,"17033",1239,40
2015,"17033",1287,53
2016,"17033",1234,67
2017,"17033",1362,73
2018,"17033",1471,96
2019,"17033",1425,100
2020,"17033",1550,105
2021,"17033",1535,57
2022,"17033",1817,67
2023,"17033",2241,55
2024,"17033",2276,73
2014,"17035",1189,25
2015,"17035",1260,23
2016,"17035",1335,41
2017,"17035",1274,43
2018,"17035",1458,51
2019,"17035",1607,62
2020,"17035",2039,44
2021,"17035",1538,32
2022,"17035",1760,37
2023,"17035",2167,31
2024,"17035",2260,36
2014,"17037",1358,1534
2015,"17037",1395,1541
2016,"17037",1389,1857
2017,"17037",1375,1826
2018,"17037",1383,1776
2019,"17037",1419,1780
2020,"17037",1559,1716
2021,"17037",1536,1590
2022,"17037",1758,1715
2023,"17037",2022,1829
2024,"17037",2417,2061
2014,"17039",1216,162
2015,"17039",1169,152
2016,"17039",1325,168
2017,"17039",1309,167
2018,"17039",1375,141
2019,"17039",1415,148
2020,"17039",1457,136
2021,"17039",1495,128
2022,"17039",1669,147
2023,"17039",2221,138
2024,"17039",2321,169
2014,"17041",1158,147
2015,"17041",1283,148
2016,"17041",1303,186
2017,"17041",1297,180
2018,"17041",1458,193
2019,"17041",1578,183
2020,"17041",1625,177
2021,"17041",1835,129
2022,"17041",2014,143
2023,"17041",2176,143
2024,"17041",2389,156
2014,"17043",1708,19021
2015,"17043",1728,18490
2016,"17043",1699,21753
2017,"17043",1622,22489
2018,"17043",1761,21413
2019,"17043",1700,21390
2020,"17043",1954,19757
2021,"17043",1869,17694
2022,"17043",2047,18584
2023,"17043",2488,19098
2024,"17043",2887,22612
2014,"17045",1464,46
2015,"17045",1367,67
2016,"17045",1317,90
2017,"17045",1294,105
2018,"17045",1364,117
2019,"17045",1339,113
2020,"17045",1474,115
2021,"17045",1840,60
2022,"17045",1928,70
2023,"17045",2121,65
2024,"17045",2350,88
2018,"17047",NA,NA
2019,"17047",NA,NA
2014,"17049",1142,92
2015,"17049",1149,104
2016,"17049",1244,140
2017,"17049",1271,162
2018,"17049",1558,189
2019,"17049",1547,211
2020,"17049",1712,184
2021,"17049",1797,148
2022,"17049",2004,147
2023,"17049",2293,143
2024,"17049",2651,173
2014,"17051",1240,29
2015,"17051",1244,36
2016,"17051",1251,48
2017,"17051",1193,62
2018,"17051",1583,79
2019,"17051",1476,88
2020,"17051",1702,94
2021,"17051",1684,70
2022,"17051",1829,79
2023,"17051",2088,88
2024,"17051",2419,91
2014,"17053",1125,93
2015,"17053",1290,98
2016,"17053",1276,115
2017,"17053",1214,123
2018,"17053",1367,121
2019,"17053",1375,114
2020,"17053",1414,121
2021,"17053",1586,93
2022,"17053",1850,117
2023,"17053",2078,106
2024,"17053",2241,123
2014,"17055",1441,181
2015,"17055",1486,216
2016,"17055",1468,235
2017,"17055",1427,252
2018,"17055",1496,281
2019,"17055",1561,321
2020,"17055",1653,339
2021,"17055",1885,190
2022,"17055",1918,233
2023,"17055",2316,262
2024,"17055",2777,255
2014,"17057",1693,470
2015,"17057",1428,484
2016,"17057",1159,537
2017,"17057",1160,556
2018,"17057",1240,491
2019,"17057",1295,477
2020,"17057",1295,434
2021,"17057",1453,377
2022,"17057",1598,397
2023,"17057",1742,387
2024,"17057",1948,375
2014,"17059",NA,NA
2018,"17059",NA,NA
2019,"17059",NA,NA
2020,"17059",NA,NA
2014,"17061",1394,25
2015,"17061",1493,29
2016,"17061",1463,36
2017,"17061",1344,38
2018,"17061",1365,51
2019,"17061",1562,58
2020,"17061",1551,52
2021,"17061",1819,42
2022,"17061",1932,45
2023,"17061",2442,47
2024,"17061",2527,49
2014,"17063",1453,879
2015,"17063",1459,910
2016,"17063",1609,1069
2017,"17063",1578,1123
2018,"17063",1668,1109
2019,"17063",1672,1160
2020,"17063",1722,1088
2021,"17063",1785,1074
2022,"17063",2076,1109
2023,"17063",2650,1093
2024,"17063",2863,1286
2019,"17065",NA,NA
2020,"17065",NA,NA
2022,"17065",NA,NA
2023,"17065",NA,NA
2024,"17065",NA,NA
2014,"17067",1226,44
2015,"17067",1309,52
2016,"17067",1352,76
2017,"17067",1336,81
2018,"17067",1469,105
2019,"17067",1490,116
2020,"17067",1597,113
2021,"17067",1580,65
2022,"17067",1863,74
2023,"17067",2056,77
2024,"17067",2554,80
2020,"17071",NA,NA
2021,"17071",NA,NA
2022,"17071",NA,NA
2023,"17071",NA,NA
2024,"17071",NA,NA
2014,"17073",1195,694
2015,"17073",1241,678
2016,"17073",1270,762
2017,"17073",1237,762
2018,"17073",1344,762
2019,"17073",1462,756
2020,"17073",1547,696
2021,"17073",1479,563
2022,"17073",1697,572
2023,"17073",1911,583
2024,"17073",2386,617
2014,"17075",1248,144
2015,"17075",1219,144
2016,"17075",1280,194
2017,"17075",1439,218
2018,"17075",1453,227
2019,"17075",1465,243
2020,"17075",1633,235
2021,"17075",1625,204
2022,"17075",1819,208
2023,"17075",2061,216
2024,"17075",2356,244
2014,"17077",1677,256
2015,"17077",1523,283
2016,"17077",1622,362
2017,"17077",1695,353
2018,"17077",1691,410
2019,"17077",1973,446
2020,"17077",2020,424
2021,"17077",2171,334
2022,"17077",2446,355
2023,"17077",2656,365
2024,"17077",3073,352
2017,"17079",NA,NA
2018,"17079",NA,NA
2019,"17079",NA,NA
2020,"17079",NA,NA
2022,"17079",NA,NA
2014,"17081",1376,246
2015,"17081",1443,265
2016,"17081",1526,295
2017,"17081",1561,303
2018,"17081",1696,307
2019,"17081",1682,309
2020,"17081",1738,298
2021,"17081",2077,217
2022,"17081",2022,250
2023,"17081",2360,255
2024,"17081",2568,233
2014,"17083",1318,206
2015,"17083",1366,201
2016,"17083",1341,228
2017,"17083",1434,235
2018,"17083",1437,243
2019,"17083",1557,239
2020,"17083",1684,229
2021,"17083",1769,199
2022,"17083",2036,193
2023,"17083",2206,207
2024,"17083",2588,240
2014,"17085",1342,152
2015,"17085",1263,156
2016,"17085",1282,172
2017,"17085",1228,177
2018,"17085",1401,165
2019,"17085",1513,158
2020,"17085",1589,140
2021,"17085",1650,117
2022,"17085",2009,138
2023,"17085",2363,126
2024,"17085",2727,138
2014,"17087",1627,42
2015,"17087",1673,49
2016,"17087",1609,57
2017,"17087",1659,51
2018,"17087",1700,59
2019,"17087",1921,77
2020,"17087",1809,75
2021,"17087",2017,45
2022,"17087",2045,59
2023,"17087",2638,63
2024,"17087",2877,61
2014,"17089",1714,11765
2015,"17089",1770,11846
2016,"17089",1580,13776
2017,"17089",1565,13974
2018,"17089",1621,12766
2019,"17089",1681,13009
2020,"17089",1926,11397
2021,"17089",1716,11076
2022,"17089",1928,11734
2023,"17089",2366,12235
2024,"17089",2825,14261
2014,"17091",1390,1998
2015,"17091",1395,2121
2016,"17091",1376,2456
2017,"17091",1364,2480
2018,"17091",1468,2175
2019,"17091",1519,2217
2020,"17091",1610,2044
2021,"17091",1605,1953
2022,"17091",1831,1969
2023,"17091",2129,2051
2024,"17091",2513,2255
2014,"17093",1678,3372
2015,"17093",1762,3444
2016,"17093",1583,3992
2017,"17093",1579,4119
2018,"17093",1694,3815
2019,"17093",1756,3817
2020,"17093",1776,3271
2021,"17093",1850,3143
2022,"17093",2082,3304
2023,"17093",2374,3325
2024,"17093",2945,3938
2014,"17095",1071,964
2015,"17095",1079,963
2016,"17095",1104,1017
2017,"17095",1119,1017
2018,"17095",1186,1002
2019,"17095",1262,989
2020,"17095",1320,922
2021,"17095",1327,789
2022,"17095",1470,806
2023,"17095",1749,744
2024,"17095",2035,737
2014,"17097",1934,14041
2015,"17097",1892,13864
2016,"17097",1920,16300
2017,"17097",1792,16321
2018,"17097",1870,15247
2019,"17097",2057,15302
2020,"17097",2187,14092
2021,"17097",1967,13111
2022,"17097",2227,13804
2023,"17097",3103,14339
2024,"17097",3647,17245
2014,"17099",1321,1012
2015,"17099",1306,1064
2016,"17099",1387,1196
2017,"17099",1349,1277
2018,"17099",1402,1356
2019,"17099",1456,1396
2020,"17099",1535,1294
2021,"17099",1553,1308
2022,"17099",1755,1341
2023,"17099",2072,1378
2024,"17099",2507,1491
2014,"17101",1380,26
2015,"17101",1408,35
2016,"17101",1562,45
2017,"17101",1520,56
2018,"17101",1530,83
2019,"17101",1651,89
2020,"17101",1539,77
2021,"17101",1766,36
2022,"17101",1893,38
2023,"17101",2054,35
2024,"17101",2285,44
2014,"17103",1113,201
2015,"17103",1199,221
2016,"17103",1229,276
2017,"17103",1263,289
2018,"17103",1384,331
2019,"17103",1450,333
2020,"17103",1462,324
2021,"17103",1479,271
2022,"17103",1759,269
2023,"17103",2022,282
2024,"17103",2457,285
2014,"17105",1069,223
2015,"17105",1099,244
2016,"17105",1191,307
2017,"17105",1180,322
2018,"17105",1317,302
2019,"17105",1543,318
2020,"17105",1635,310
2021,"17105",1517,275
2022,"17105",1720,292
2023,"17105",2106,286
2024,"17105",2319,324
2014,"17107",1117,170
2015,"17107",1131,185
2016,"17107",1235,221
2017,"17107",1229,249
2018,"17107",1261,226
2019,"17107",1340,251
2020,"17107",1466,231
2021,"17107",1517,204
2022,"17107",1649,229
2023,"17107",1867,229
2024,"17107",2367,253
2014,"17109",1261,181
2015,"17109",1203,197
2016,"17109",1163,249
2017,"17109",1215,269
2018,"17109",1225,305
2019,"17109",1265,286
2020,"17109",1379,273
2021,"17109",1424,207
2022,"17109",1527,210
2023,"17109",1851,184
2024,"17109",2234,199
2014,"17111",1731,8528
2015,"17111",1629,8340
2016,"17111",1646,9591
2017,"17111",1517,9668
2018,"17111",1561,9290
2019,"17111",1589,9418
2020,"17111",1823,8760
2021,"17111",1759,8091
2022,"17111",2030,8634
2023,"17111",2438,8856
2024,"17111",2853,10664
2014,"17113",1059,4578
2015,"17113",1142,4436
2016,"17113",1175,4831
2017,"17113",1164,4647
2018,"17113",1232,3029
2019,"17113",1370,3012
2020,"17113",1388,2670
2021,"17113",1507,2423
2022,"17113",1677,2617
2023,"17113",2129,2707
2024,"17113",2520,3152
2014,"17115",1052,1841
2015,"17115",1063,1770
2016,"17115",1188,2212
2017,"17115",1130,1952
2018,"17115",1128,1363
2019,"17115",1208,1291
2020,"17115",1349,1220
2021,"17115",1430,1090
2022,"17115",1581,1142
2023,"17115",1831,1113
2024,"17115",2319,1169
2014,"17117",1349,312
2015,"17117",1368,324
2016,"17117",1463,381
2017,"17117",1497,393
2018,"17117",1534,401
2019,"17117",1669,421
2020,"17117",1702,391
2021,"17117",1844,330
2022,"17117",1926,351
2023,"17117",2192,352
2024,"17117",2458,401
2014,"17119",1297,5038
2015,"17119",1315,5037
2016,"17119",1337,5652
2017,"17119",1349,5467
2018,"17119",1436,5456
2019,"17119",1534,5458
2020,"17119",1717,5225
2021,"17119",1716,5003
2022,"17119",1847,5151
2023,"17119",2191,5286
2024,"17119",2550,5594
2014,"17121",1588,139
2015,"17121",1475,157
2016,"17121",1423,193
2017,"17121",1486,193
2018,"17121",1588,212
2019,"17121",1634,214
2020,"17121",1652,258
2021,"17121",1768,170
2022,"17121",1864,174
2023,"17121",2276,209
2024,"17121",2577,222
2014,"17123",1211,97
2015,"17123",1257,104
2016,"17123",1345,130
2017,"17123",1247,133
2018,"17123",1257,131
2019,"17123",1326,138
2020,"17123",1491,130
2021,"17123",1436,120
2022,"17123",1683,134
2023,"17123",2075,135
2024,"17123",2311,123
2014,"17125",1402,74
2015,"17125",1429,80
2016,"17125",1315,109
2017,"17125",1378,118
2018,"17125",1250,113
2019,"17125",1400,123
2020,"17125",1532,102
2021,"17125",1551,79
2022,"17125",1817,79
2023,"17125",1951,69
2024,"17125",2144,70
2014,"17127",1654,75
2015,"17127",1567,80
2016,"17127",1561,106
2017,"17127",1331,105
2018,"17127",1538,110
2019,"17127",1796,110
2020,"17127",1670,109
2021,"17127",2012,82
2022,"17127",2055,78
2023,"17127",2287,79
2024,"17127",2717,77
2014,"17129",1456,92
2015,"17129",1714,93
2016,"17129",1607,98
2017,"17129",1458,120
2018,"17129",1533,112
2019,"17129",1795,104
2020,"17129",2087,89
2021,"17129",1749,101
2022,"17129",1998,98
2023,"17129",2587,92
2024,"17129",2822,93
2014,"17131",1259,210
2015,"17131",1231,208
2016,"17131",1343,219
2017,"17131",1289,219
2018,"17131",1437,224
2019,"17131",1437,229
2020,"17131",1488,211
2021,"17131",1560,151
2022,"17131",1796,175
2023,"17131",2031,180
2024,"17131",2453,180
2014,"17133",1605,658
2015,"17133",1626,660
2016,"17133",1625,692
2017,"17133",1746,758
2018,"17133",1700,744
2019,"17133",2159,793
2020,"17133",2146,700
2021,"17133",2026,656
2022,"17133",2118,667
2023,"17133",2365,643
2024,"17133",3058,734
2014,"17135",1227,116
2015,"17135",1312,123
2016,"17135",1432,148
2017,"17135",1457,148
2018,"17135",1415,159
2019,"17135",1505,171
2020,"17135",1622,184
2021,"17135",1597,96
2022,"17135",1934,116
2023,"17135",2219,115
2024,"17135",2631,123
2014,"17137",1333,116
2015,"17137",1344,125
2016,"17137",1215,147
2017,"17137",1254,162
2018,"17137",1212,156
2019,"17137",1287,162
2020,"17137",1330,155
2021,"17137",1635,95
2022,"17137",1812,117
2023,"17137",2069,112
2024,"17137",2403,125
2014,"17139",1049,107
2015,"17139",1052,114
2016,"17139",1276,144
2017,"17139",1208,142
2018,"17139",1208,138
2019,"17139",1344,134
2020,"17139",1451,133
2021,"17139",1752,85
2022,"17139",1865,105
2023,"17139",2156,93
2024,"17139",2540,101
2014,"17141",1267,441
2015,"17141",1300,469
2016,"17141",1436,572
2017,"17141",1357,596
2018,"17141",1411,615
2019,"17141",1494,679
2020,"17141",1691,687
2021,"17141",1637,654
2022,"17141",1995,685
2023,"17141",2394,701
2024,"17141",2776,765
2014,"17143",1123,3130
2015,"17143",1120,3084
2016,"17143",1213,3596
2017,"17143",1163,3398
2018,"17143",1284,2711
2019,"17143",1336,2570
2020,"17143",1444,2332
2021,"17143",1455,2121
2022,"17143",1719,2208
2023,"17143",2032,2153
2024,"17143",2391,2192
2014,"17145",1425,79
2015,"17145",1338,84
2016,"17145",1426,104
2017,"17145",1391,114
2018,"17145",1463,139
2019,"17145",1638,150
2020,"17145",1699,136
2021,"17145",1881,97
2022,"17145",2173,103
2023,"17145",2384,98
2024,"17145",2603,106
2014,"17147",1118,194
2015,"17147",1253,195
2016,"17147",1213,236
2017,"17147",1345,256
2018,"17147",1451,239
2019,"17147",1600,238
2020,"17147",1595,210
2021,"17147",1742,162
2022,"17147",2041,184
2023,"17147",2259,170
2024,"17147",2584,192
2015,"17149",NA,NA
2016,"17149",NA,NA
2017,"17149",NA,NA
2018,"17149",NA,NA
2019,"17149",NA,NA
2020,"17149",NA,NA
2021,"17149",NA,NA
2022,"17149",NA,NA
2023,"17149",NA,NA
2024,"17149",NA,NA
2017,"17153",NA,NA
2018,"17153",NA,NA
2019,"17153",NA,NA
2020,"17153",NA,NA
2014,"17155",1290,22
2015,"17155",1483,27
2016,"17155",1670,33
2017,"17155",1660,35
2018,"17155",1639,44
2019,"17155",1869,47
2020,"17155",1708,41
2021,"17155",1605,30
2022,"17155",1977,33
2023,"17155",2522,34
2024,"17155",2484,31
2014,"17157",1335,200
2015,"17157",1381,213
2016,"17157",1376,255
2017,"17157",1386,264
2018,"17157",1494,286
2019,"17157",1613,304
2020,"17157",1668,285
2021,"17157",1826,226
2022,"17157",2005,254
2023,"17157",2109,241
2024,"17157",2614,253
2014,"17159",1207,35
2015,"17159",1201,36
2016,"17159",1273,57
2017,"17159",1315,64
2018,"17159",1500,83
2019,"17159",1390,103
2020,"17159",1513,107
2021,"17159",1669,53
2022,"17159",2065,61
2023,"17159",2151,57
2024,"17159",2313,68
2014,"17161",1094,2492
2015,"17161",1105,2546
2016,"17161",1148,2911
2017,"17161",1122,2800
2018,"17161",1190,2737
2019,"17161",1271,2595
2020,"17161",1381,2310
2021,"17161",1435,2038
2022,"17161",1563,2112
2023,"17161",1778,2191
2024,"17161",2175,2382
2014,"17163",1498,5590
2015,"17163",1540,5636
2016,"17163",1577,6354
2017,"17163",1645,6072
2018,"17163",1625,6021
2019,"17163",1851,5957
2020,"17163",1943,5590
2021,"17163",2088,5356
2022,"17163",2115,5343
2023,"17163",2484,5390
2024,"17163",2866,5609
2014,"17165",1537,112
2015,"17165",1655,116
2016,"17165",1552,135
2017,"17165",1498,136
2018,"17165",1470,142
2019,"17165",1770,163
2020,"17165",1721,138
2021,"17165",1998,112
2022,"17165",2025,138
2023,"17165",2143,134
2024,"17165",2562,137
2014,"17167",1217,2549
2015,"17167",1263,2515
2016,"17167",1249,2940
2017,"17167",1246,2669
2018,"17167",1354,2076
2019,"17167",1473,2068
2020,"17167",1546,1808
2021,"17167",1573,1744
2022,"17167",1785,1709
2023,"17167",2131,1667
2024,"17167",2448,1738
2018,"17169",NA,NA
2019,"17169",NA,NA
2020,"17169",NA,NA
2014,"17173",1278,56
2015,"17173",1086,69
2016,"17173",1339,84
2017,"17173",1182,91
2018,"17173",1305,102
2019,"17173",1306,127
2020,"17173",1410,118
2021,"17173",1583,82
2022,"17173",1675,99
2023,"17173",2121,92
2024,"17173",2632,99
2014,"17175",NA,NA
2015,"17175",NA,NA
2016,"17175",NA,NA
2017,"17175",NA,NA
2018,"17175",NA,NA
2019,"17175",NA,NA
2020,"17175",NA,NA
2022,"17175",NA,NA
2023,"17175",NA,NA
2024,"17175",NA,NA
2014,"17177",1154,264
2015,"17177",1203,267
2016,"17177",1180,312
2017,"17177",1188,342
2018,"17177",1190,357
2019,"17177",1304,386
2020,"17177",1333,382
2021,"17177",1494,307
2022,"17177",1584,355
2023,"17177",2273,375
2024,"17177",2349,390
2014,"17179",1105,2849
2015,"17179",1123,2725
2016,"17179",1113,3084
2017,"17179",1126,2952
2018,"17179",1267,2186
2019,"17179",1311,2129
2020,"17179",1410,1981
2021,"17179",1402,1758
2022,"17179",1590,1816
2023,"17179",1943,1830
2024,"17179",2285,1928
2014,"17181",1553,50
2015,"17181",1662,80
2016,"17181",1634,78
2017,"17181",1603,94
2018,"17181",1960,106
2019,"17181",1981,104
2020,"17181",2143,101
2021,"17181",2058,61
2022,"17181",2528,79
2023,"17181",2736,72
2024,"17181",2612,71
2014,"17183",1138,776
2015,"17183",1183,757
2016,"17183",1179,831
2017,"17183",1160,825
2018,"17183",1256,842
2019,"17183",1336,790
2020,"17183",1427,765
2021,"17183",1478,512
2022,"17183",1685,546
2023,"17183",1859,538
2024,"17183",2105,749
2015,"17185",NA,NA
2016,"17185",NA,NA
2017,"17185",NA,NA
2018,"17185",NA,NA
2019,"17185",NA,NA
2020,"17185",NA,NA
2021,"17185",NA,NA
2022,"17185",NA,NA
2023,"17185",NA,NA
2024,"17185",NA,NA
2014,"17187",1279,107
2015,"17187",1214,123
2016,"17187",1352,145
2017,"17187",1193,149
2018,"17187",1183,158
2019,"17187",1273,158
2020,"17187",1373,139
2021,"17187",1571,119
2022,"17187",1765,129
2023,"17187",1999,121
2024,"17187",2276,125
2014,"17189",1522,59
2015,"17189",1743,84
2016,"17189",1750,102
2017,"17189",1959,110
2018,"17189",2003,127
2019,"17189",2053,135
2020,"17189",1876,142
2021,"17189",1909,108
2022,"17189",2208,113
2023,"17189",2437,115
2024,"17189",2902,128
2016,"17191",NA,NA
2017,"17191",NA,NA
2018,"17191",NA,NA
2019,"17191",NA,NA
2020,"17191",NA,NA
2021,"17191",NA,NA
2022,"17191",NA,NA
2023,"17191",NA,NA
2024,"17191",NA,NA
2014,"17193",1832,66
2015,"17193",1918,64
2016,"17193",1992,60
2017,"17193",1462,67
2018,"17193",1602,68
2019,"17193",1576,77
2020,"17193",1597,74
2021,"17193",1667,61
2022,"17193",2329,65
2023,"17193",2247,66
2024,"17193",2582,69
2014,"17195",1107,462
2015,"17195",1103,459
2016,"17195",1181,532
2017,"17195",1203,549
2018,"17195",1262,593
2019,"17195",1336,583
2020,"17195",1418,537
2021,"17195",1491,463
2022,"17195",1701,493
2023,"17195",1903,518
2024,"17195",2171,559
2014,"17197",1742,17715
2015,"17197",1730,17896
2016,"17197",1658,20536
2017,"17197",1606,20511
2018,"17197",1697,18621
2019,"17197",1749,18570
2020,"17197",1854,16779
2021,"17197",1770,16111
2022,"17197",2428,17395
2023,"17197",2567,17559
2024,"17197",3001,20499
2014,"17199",1877,538
2015,"17199",1553,551
2016,"17199",1618,653
2017,"17199",1565,685
2018,"17199",1721,775
2019,"17199",1808,845
2020,"17199",1858,793
2021,"17199",2064,637
2022,"17199",2336,705
2023,"17199",2699,671
2024,"17199",3061,747
2014,"17201",1084,4169
2015,"17201",1148,4053
2016,"17201",1142,4947
2017,"17201",1102,4545
2018,"17201",1199,4208
2019,"17201",1302,4180
2020,"17201",1400,4096
2021,"17201",1395,5619
2022,"17201",1643,5470
2023,"17201",1936,5240
2024,"17201",2282,5479
2014,"17203",1212,484
2015,"17203",1180,492
2016,"17203",1368,549
2017,"17203",1325,534
2018,"17203",1431,445
2019,"17203",1439,456
2020,"17203",1529,432
2021,"17203",1508,375
2022,"17203",1717,384
2023,"17203",2087,386
2024,"17203",2549,432
2014,"18001",1056,509
2015,"18001",986,478
2016,"18001",1080,545
2017,"18001",1150,549
2018,"18001",1057,537
2019,"18001",1134,536
2020,"18001",1098,468
2021,"18001",1151,392
2022,"18001",1346,385
2023,"18001",1459,396
2024,"18001",1697,416
2014,"18003",1117,10513
2015,"18003",997,10035
2016,"18003",1138,12155
2017,"18003",1125,12000
2018,"18003",1130,10824
2019,"18003",1171,10095
2020,"18003",1176,8849
2021,"18003",1176,7353
2022,"18003",1320,6973
2023,"18003",1526,6973
2024,"18003",1811,7598
2014,"18005",1285,1889
2015,"18005",1360,1878
2016,"18005",1327,2027
2017,"18005",1365,2015
2018,"18005",1346,1967
2019,"18005",1371,2072
2020,"18005",1381,1918
2021,"18005",1420,1714
2022,"18005",1637,1736
2023,"18005",1822,1712
2024,"18005",2102,1855
2014,"18007",1131,51
2015,"18007",1260,56
2016,"18007",1337,72
2017,"18007",1345,61
2018,"18007",1320,71
2019,"18007",1399,79
2020,"18007",1619,84
2021,"18007",1648,80
2022,"18007",1823,85
2023,"18007",2114,98
2024,"18007",2313,107
2014,"18009",1205,101
2015,"18009",1152,103
2016,"18009",1229,135
2017,"18009",1178,137
2018,"18009",1141,137
2019,"18009",1283,145
2020,"18009",1318,151
2021,"18009",1490,141
2022,"18009",1581,148
2023,"18009",1816,148
2024,"18009",2026,163
2014,"18011",1794,1521
2015,"18011",1782,1698
2016,"18011",1703,1906
2017,"18011",1721,1940
2018,"18011",1795,1709
2019,"18011",1867,1681
2020,"18011",1842,1592
2021,"18011",1820,1271
2022,"18011",2088,1307
2023,"18011",2368,1369
2024,"18011",2750,1672
2014,"18013",1657,308
2015,"18013",1879,332
2016,"18013",1711,390
2017,"18013",1691,384
2018,"18013",1654,377
2019,"18013",1691,388
2020,"18013",1664,394
2021,"18013",1774,318
2022,"18013",2030,328
2023,"18013",2230,366
2024,"18013",2589,395
2014,"18015",1394,277
2015,"18015",1409,304
2016,"18015",1389,338
2017,"18015",1443,339
2018,"18015",1406,377
2019,"18015",1482,372
2020,"18015",1570,344
2021,"18015",1689,340
2022,"18015",1778,330
2023,"18015",1960,335
2024,"18015",2326,384
2014,"18017",1010,264
2015,"18017",1126,274
2016,"18017",1205,355
2017,"18017",1187,356
2018,"18017",1190,324
2019,"18017",1189,313
2020,"18017",1304,293
2021,"18017",1382,300
2022,"18017",1596,322
2023,"18017",1824,319
2024,"18017",2017,349
2014,"18019",1344,3042
2015,"18019",1282,2814
2016,"18019",1365,3793
2017,"18019",1317,3836
2018,"18019",1386,3290
2019,"18019",1477,3335
2020,"18019",1490,3238
2021,"18019",1508,3298
2022,"18019",1748,3697
2023,"18019",2069,4079
2024,"18019",2364,4860
2014,"18021",1224,193
2015,"18021",1291,205
2016,"18021",1449,240
2017,"18021",1460,255
2018,"18021",1391,265
2019,"18021",1555,264
2020,"18021",1602,268
2021,"18021",1656,221
2022,"18021",1833,230
2023,"18021",2089,259
2024,"18021",2326,291
2014,"18023",1297,276
2015,"18023",1126,299
2016,"18023",1353,376
2017,"18023",1295,384
2018,"18023",1280,392
2019,"18023",1429,407
2020,"18023",1436,375
2021,"18023",1529,326
2022,"18023",1693,343
2023,"18023",1785,354
2024,"18023",2223,416
2014,"18025",1426,68
2015,"18025",1364,76
2016,"18025",1368,96
2017,"18025",1384,104
2018,"18025",1474,98
2019,"18025",1639,105
2020,"18025",1533,111
2021,"18025",1611,115
2022,"18025",1971,118
2023,"18025",2116,157
2024,"18025",2338,164
2014,"18027",1184,462
2015,"18027",1347,443
2016,"18027",1498,523
2017,"18027",1400,564
2018,"18027",1460,573
2019,"18027",1481,604
2020,"18027",1528,563
2021,"18027",1605,453
2022,"18027",1720,422
2023,"18027",1899,459
2024,"18027",2214,476
2014,"18029",1365,558
2015,"18029",1406,556
2016,"18029",1445,695
2017,"18029",1450,729
2018,"18029",1490,695
2019,"18029",1531,741
2020,"18029",1635,750
2021,"18029",1637,693
2022,"18029",1809,716
2023,"18029",2068,786
2024,"18029",2419,892
2014,"18031",1295,232
2015,"18031",1296,245
2016,"18031",1270,260
2017,"18031",1303,268
2018,"18031",1300,266
2019,"18031",1379,310
2020,"18031",1418,300
2021,"18031",1428,289
2022,"18031",1695,305
2023,"18031",1798,312
2024,"18031",2011,355
2014,"18033",1146,868
2015,"18033",1145,872
2016,"18033",1247,974
2017,"18033",1276,1037
2018,"18033",1260,1009
2019,"18033",1275,1019
2020,"18033",1287,855
2021,"18033",1313,725
2022,"18033",1487,729
2023,"18033",1634,738
2024,"18033",1756,824
2014,"18035",1075,1720
2015,"18035",1149,1865
2016,"18035",1296,2364
2017,"18035",1256,2283
2018,"18035",1244,2119
2019,"18035",1318,2023
2020,"18035",1344,1933
2021,"18035",1333,1678
2022,"18035",1506,1744
2023,"18035",1721,1795
2024,"18035",1984,1989
2014,"18037",1290,916
2015,"18037",1354,937
2016,"18037",1395,1037
2017,"18037",1349,1046
2018,"18037",1355,1076
2019,"18037",1418,1130
2020,"18037",1448,1171
2021,"18037",1561,955
2022,"18037",1688,957
2023,"18037",1922,980
2024,"18037",2333,1023
2014,"18039",1265,2826
2015,"18039",1235,2811
2016,"18039",1299,3356
2017,"18039",1233,3387
2018,"18039",1201,3353
2019,"18039",1243,3421
2020,"18039",1335,3240
2021,"18039",1316,2851
2022,"18039",1423,2936
2023,"18039",1645,3105
2024,"18039",1854,3391
2014,"18041",1171,157
2015,"18041",1215,166
2016,"18041",1174,197
2017,"18041",1183,200
2018,"18041",1152,208
2019,"18041",1202,213
2020,"18041",1242,194
2021,"18041",1384,183
2022,"18041",1556,195
2023,"18041",1842,206
2024,"18041",2045,240
2014,"18043",1423,2147
2015,"18043",1481,2157
2016,"18043",1418,2635
2017,"18043",1403,2694
2018,"18043",1498,2303
2019,"18043",1544,2400
2020,"18043",1583,2267
2021,"18043",1554,2210
2022,"18043",1780,2373
2023,"18043",2123,2600
2024,"18043",2333,3077
2014,"18045",1440,153
2015,"18045",1342,155
2016,"18045",1487,197
2017,"18045",1357,190
2018,"18045",1386,193
2019,"18045",1471,178
2020,"18045",1355,188
2021,"18045",1576,136
2022,"18045",1773,157
2023,"18045",1870,171
2024,"18045",2085,207
2014,"18047",1377,179
2015,"18047",1324,180
2016,"18047",1377,203
2017,"18047",1349,203
2018,"18047",1286,199
2019,"18047",1359,213
2020,"18047",1465,217
2021,"18047",1680,190
2022,"18047",1955,204
2023,"18047",2230,207
2024,"18047",2593,237
2014,"18049",1351,102
2015,"18049",1583,107
2016,"18049",1552,143
2017,"18049",1539,149
2018,"18049",1402,162
2019,"18049",1470,168
2020,"18049",1527,178
2021,"18049",1530,153
2022,"18049",1602,155
2023,"18049",1863,168
2024,"18049",2071,191
2014,"18051",1327,378
2015,"18051",1354,402
2016,"18051",1414,468
2017,"18051",1387,493
2018,"18051",1471,531
2019,"18051",1551,558
2020,"18051",1555,512
2021,"18051",1546,450
2022,"18051",1758,428
2023,"18051",1951,456
2024,"18051",2221,496
2014,"18053",1202,639
2015,"18053",1038,634
2016,"18053",1154,892
2017,"18053",1172,825
2018,"18053",1192,749
2019,"18053",1251,704
2020,"18053",1302,715
2021,"18053",1305,650
2022,"18053",1422,818
2023,"18053",1598,873
2024,"18053",1867,929
2014,"18055",1581,130
2015,"18055",1468,164
2016,"18055",1576,236
2017,"18055",1620,255
2018,"18055",1542,289
2019,"18055",1620,319
2020,"18055",1686,343
2021,"18055",1804,317
2022,"18055",1934,333
2023,"18055",2113,331
2024,"18055",2370,383
2014,"18057",1655,8095
2015,"18057",1657,8864
2016,"18057",1715,9811
2017,"18057",1740,9772
2018,"18057",1737,8311
2019,"18057",1845,8286
2020,"18057",1850,7533
2021,"18057",1883,5967
2022,"18057",2150,5970
2023,"18057",2572,6188
2024,"18057",2865,7855
2014,"18059",1415,1668
2015,"18059",1587,1831
2016,"18059",1546,2107
2017,"18059",1527,2110
2018,"18059",1523,1961
2019,"18059",1610,1916
2020,"18059",1653,1839
2021,"18059",1632,1759
2022,"18059",1843,1787
2023,"18059",2166,1878
2024,"18059",2507,2225
2014,"18061",1377,733
2015,"18061",1421,779
2016,"18061",1446,992
2017,"18061",1471,1018
2018,"18061",1500,1026
2019,"18061",1553,1051
2020,"18061",1565,1011
2021,"18061",1606,915
2022,"18061",1797,972
2023,"18061",2114,1080
2024,"18061",2301,1246
2014,"18063",1444,4452
2015,"18063",1479,4703
2016,"18063",1470,5294
2017,"18063",1470,5248
2018,"18063",1488,4699
2019,"18063",1608,4633
2020,"18063",1601,4248
2021,"18063",1607,3802
2022,"18063",1919,3837
2023,"18063",2139,3843
2024,"18063",2542,4413
2014,"18065",1227,522
2015,"18065",1287,586
2016,"18065",1415,723
2017,"18065",1324,709
2018,"18065",1318,695
2019,"18065",1348,700
2020,"18065",1431,703
2021,"18065",1479,590
2022,"18065",1729,617
2023,"18065",1955,751
2024,"18065",2220,824
2014,"18067",1215,1268
2015,"18067",1249,1393
2016,"18067",1219,1672
2017,"18067",1227,1619
2018,"18067",1218,1652
2019,"18067",1256,1637
2020,"18067",1348,1453
2021,"18067",1339,1472
2022,"18067",1511,1536
2023,"18067",1734,1688
2024,"18067",1899,1762
2014,"18069",980,704
2015,"18069",1044,775
2016,"18069",1193,855
2017,"18069",1160,855
2018,"18069",1216,752
2019,"18069",1253,737
2020,"18069",1267,653
2021,"18069",1385,561
2022,"18069",1457,533
2023,"18069",1653,523
2024,"18069",1935,582
2014,"18071",1142,707
2015,"18071",1222,720
2016,"18071",1361,782
2017,"18071",1331,760
2018,"18071",1341,709
2019,"18071",1247,732
2020,"18071",1372,719
2021,"18071",1354,700
2022,"18071",1499,708
2023,"18071",1721,736
2024,"18071",2037,797
2014,"18073",1344,731
2015,"18073",1326,754
2016,"18073",1443,864
2017,"18073",1466,869
2018,"18073",1416,830
2019,"18073",1454,862
2020,"18073",1430,854
2021,"18073",1493,754
2022,"18073",1676,823
2023,"18073",1861,879
2024,"18073",2103,954
2014,"18075",1030,103
2015,"18075",1118,112
2016,"18075",1158,127
2017,"18075",1335,136
2018,"18075",1241,138
2019,"18075",1414,131
2020,"18075",1512,123
2021,"18075",1491,96
2022,"18075",1712,102
2023,"18075",1792,118
2024,"18075",1975,175
2014,"18077",1274,358
2015,"18077",1338,363
2016,"18077",1360,422
2017,"18077",1398,440
2018,"18077",1399,488
2019,"18077",1405,523
2020,"18077",1531,523
2021,"18077",1520,461
2022,"18077",1774,463
2023,"18077",1916,485
2024,"18077",2230,528
2014,"18079",1353,321
2015,"18079",1225,295
2016,"18079",1254,375
2017,"18079",1236,389
2018,"18079",1283,384
2019,"18079",1315,414
2020,"18079",1317,375
2021,"18079",1446,331
2022,"18079",1513,324
2023,"18079",1760,353
2024,"18079",2083,371
2014,"18081",1436,3929
2015,"18081",1430,4204
2016,"18081",1435,4593
2017,"18081",1448,4398
2018,"18081",1504,4023
2019,"18081",1629,3879
2020,"18081",1574,3623
2021,"18081",1555,3193
2022,"18081",1780,3233
2023,"18081",2128,3414
2024,"18081",2410,4086
2014,"18083",1386,455
2015,"18083",1413,445
2016,"18083",1552,495
2017,"18083",1473,502
2018,"18083",1454,513
2019,"18083",1496,512
2020,"18083",1561,493
2021,"18083",1656,401
2022,"18083",1774,410
2023,"18083",2020,415
2024,"18083",2328,453
2014,"18085",1308,1049
2015,"18085",1360,1081
2016,"18085",1350,1286
2017,"18085",1311,1279
2018,"18085",1279,1136
2019,"18085",1338,1115
2020,"18085",1372,1077
2021,"18085",1381,953
2022,"18085",1573,996
2023,"18085",1753,1037
2024,"18085",2033,1184
2014,"18087",1278,410
2015,"18087",1339,428
2016,"18087",1378,494
2017,"18087",1325,512
2018,"18087",1301,513
2019,"18087",1368,502
2020,"18087",1340,434
2021,"18087",1332,311
2022,"18087",1454,342
2023,"18087",1683,343
2024,"18087",1963,383
2014,"18089",1425,11884
2015,"18089",1330,12150
2016,"18089",1493,14590
2017,"18089",1417,14873
2018,"18089",1390,14361
2019,"18089",1439,14614
2020,"18089",1409,13592
2021,"18089",1485,12427
2022,"18089",1678,12847
2023,"18089",1863,13515
2024,"18089",2181,14894
2014,"18091",1644,2595
2015,"18091",1625,2765
2016,"18091",1453,3114
2017,"18091",1323,3085
2018,"18091",1303,2750
2019,"18091",1365,2803
2020,"18091",1400,2601
2021,"18091",1481,2261
2022,"18091",1635,2290
2023,"18091",1867,2383
2024,"18091",2167,2519
2014,"18093",1452,473
2015,"18093",1368,500
2016,"18093",1507,595
2017,"18093",1437,633
2018,"18093",1480,671
2019,"18093",1520,702
2020,"18093",1544,672
2021,"18093",1644,585
2022,"18093",1751,624
2023,"18093",1978,649
2024,"18093",2280,663
2014,"18095",1275,2705
2015,"18095",1281,2767
2016,"18095",1294,3226
2017,"18095",1246,2986
2018,"18095",1250,2501
2019,"18095",1350,2483
2020,"18095",1374,2382
2021,"18095",1381,2217
2022,"18095",1558,2274
2023,"18095",1731,2408
2024,"18095",1989,2709
2014,"18097",1464,17091
2015,"18097",1494,18374
2016,"18097",1509,20986
2017,"18097",1454,19935
2018,"18097",1450,17528
2019,"18097",1496,16726
2020,"18097",1548,15569
2021,"18097",1568,14497
2022,"18097",1750,14670
2023,"18097",1845,14576
2024,"18097",2405,17750
2014,"18099",1575,332
2015,"18099",1506,335
2016,"18099",1463,447
2017,"18099",1420,454
2018,"18099",1393,477
2019,"18099",1450,496
2020,"18099",1435,478
2021,"18099",1454,407
2022,"18099",1637,435
2023,"18099",1869,458
2024,"18099",2130,527
2014,"18101",1171,146
2015,"18101",1383,161
2016,"18101",1519,187
2017,"18101",1483,187
2018,"18101",1495,200
2019,"18101",1571,208
2020,"18101",1649,193
2021,"18101",1608,136
2022,"18101",1859,132
2023,"18101",2040,141
2024,"18101",2222,146
2014,"18103",953,359
2015,"18103",1137,385
2016,"18103",1312,507
2017,"18103",1297,498
2018,"18103",1289,457
2019,"18103",1354,443
2020,"18103",1577,426
2021,"18103",1504,371
2022,"18103",1628,417
2023,"18103",1867,428
2024,"18103",2069,454
2014,"18105",1423,2153
2015,"18105",1443,2456
2016,"18105",1443,2704
2017,"18105",1411,2661
2018,"18105",1441,2603
2019,"18105",1516,2577
2020,"18105",1529,2388
2021,"18105",1657,2051
2022,"18105",1835,2013
2023,"18105",2122,1966
2024,"18105",2415,2073
2014,"18107",1188,728
2015,"18107",1246,804
2016,"18107",1278,950
2017,"18107",1262,945
2018,"18107",1473,729
2019,"18107",1396,706
2020,"18107",1435,629
2021,"18107",1450,498
2022,"18107",1665,541
2023,"18107",1834,561
2024,"18107",2112,639
2014,"18109",1414,1445
2015,"18109",1353,1502
2016,"18109",1561,1764
2017,"18109",1557,1723
2018,"18109",1560,1593
2019,"18109",1587,1561
2020,"18109",1604,1478
2021,"18109",1648,1426
2022,"18109",1901,1495
2023,"18109",2240,1561
2024,"18109",2553,1802
2014,"18111",1383,204
2015,"18111",1440,215
2016,"18111",1488,254
2017,"18111",1565,260
2018,"18111",1542,267
2019,"18111",1552,285
2020,"18111",1527,283
2021,"18111",1616,241
2022,"18111",1771,277
2023,"18111",1930,290
2024,"18111",2035,324
2014,"18113",1208,613
2015,"18113",1213,670
2016,"18113",1245,839
2017,"18113",1223,856
2018,"18113",1214,871
2019,"18113",1279,861
2020,"18113",1276,753
2021,"18113",1328,604
2022,"18113",1512,624
2023,"18113",1763,617
2024,"18113",1960,655
2014,"18115",1235,32
2015,"18115",1471,30
2016,"18115",1445,40
2017,"18115",1403,42
2018,"18115",1454,39
2019,"18115",1511,50
2020,"18115",1568,41
2021,"18115",1459,52
2022,"18115",1837,58
2023,"18115",2077,64
2024,"18115",2084,84
2014,"18117",1557,97
2015,"18117",1525,116
2016,"18117",1438,136
2017,"18117",1458,128
2018,"18117",1533,143
2019,"18117",1532,165
2020,"18117",1569,159
2021,"18117",1680,139
2022,"18117",1825,148
2023,"18117",2088,163
2024,"18117",2232,169
2014,"18119",1481,199
2015,"18119",1485,226
2016,"18119",1542,271
2017,"18119",1457,278
2018,"18119",1525,301
2019,"18119",1714,335
2020,"18119",1709,315
2021,"18119",1842,278
2022,"18119",1967,299
2023,"18119",2169,292
2024,"18119",2524,344
2014,"18121",1369,151
2015,"18121",1359,149
2016,"18121",1543,170
2017,"18121",1455,178
2018,"18121",1484,180
2019,"18121",1490,173
2020,"18121",1594,159
2021,"18121",1632,142
2022,"18121",1860,150
2023,"18121",2029,148
2024,"18121",2220,150
2014,"18123",1157,253
2015,"18123",1237,283
2016,"18123",1295,328
2017,"18123",1280,332
2018,"18123",1295,350
2019,"18123",1426,381
2020,"18123",1392,385
2021,"18123",1537,360
2022,"18123",1706,339
2023,"18123",1896,317
2024,"18123",2125,373
2014,"18125",1437,156
2015,"18125",1498,168
2016,"18125",1422,191
2017,"18125",1427,204
2018,"18125",1476,226
2019,"18125",1576,241
2020,"18125",1681,253
2021,"18125",1691,206
2022,"18125",1786,201
2023,"18125",2018,215
2024,"18125",2281,210
2014,"18127",1424,4459
2015,"18127",1452,4735
2016,"18127",1593,5572
2017,"18127",1528,5698
2018,"18127",1460,5498
2019,"18127",1527,5801
2020,"18127",1503,5379
2021,"18127",1543,4557
2022,"18127",1682,4740
2023,"18127",1994,4918
2024,"18127",2334,5485
2014,"18129",1400,390
2015,"18129",1429,378
2016,"18129",1475,430
2017,"18129",1527,412
2018,"18129",1443,393
2019,"18129",1530,356
2020,"18129",1564,345
2021,"18129",1652,341
2022,"18129",1833,342
2023,"18129",2044,335
2024,"18129",2354,394
2014,"18131",1297,85
2015,"18131",1324,86
2016,"18131",1388,112
2017,"18131",1408,112
2018,"18131",1356,117
2019,"18131",1481,120
2020,"18131",1575,123
2021,"18131",1740,91
2022,"18131",1958,105
2023,"18131",2276,123
2024,"18131",2534,126
2014,"18133",1444,610
2015,"18133",1429,610
2016,"18133",1566,709
2017,"18133",1506,665
2018,"18133",1556,591
2019,"18133",1647,589
2020,"18133",1670,581
2021,"18133",1630,530
2022,"18133",1881,527
2023,"18133",2056,588
2024,"18133",2446,674
2014,"18135",1281,263
2015,"18135",1281,278
2016,"18135",1427,311
2017,"18135",1344,289
2018,"18135",1299,272
2019,"18135",1360,275
2020,"18135",1393,256
2021,"18135",1404,248
2022,"18135",1673,243
2023,"18135",1856,246
2024,"18135",2008,267
2014,"18137",1406,242
2015,"18137",1415,271
2016,"18137",1382,311
2017,"18137",1353,316
2018,"18137",1395,278
2019,"18137",1552,291
2020,"18137",1635,283
2021,"18137",1578,231
2022,"18137",1704,267
2023,"18137",1921,294
2024,"18137",2199,319
2014,"18139",1355,387
2015,"18139",1330,354
2016,"18139",1421,378
2017,"18139",1356,396
2018,"18139",1334,381
2019,"18139",1425,388
2020,"18139",1491,341
2021,"18139",1619,290
2022,"18139",1713,284
2023,"18139",1989,256
2024,"18139",2229,301
2014,"18141",1065,4300
2015,"18141",1105,4747
2016,"18141",1258,6016
2017,"18141",1187,6296
2018,"18141",1219,6105
2019,"18141",1242,5885
2020,"18141",1254,5467
2021,"18141",1241,4590
2022,"18141",1463,4612
2023,"18141",1655,4696
2024,"18141",1950,5085
2014,"18143",1488,214
2015,"18143",1510,202
2016,"18143",1561,263
2017,"18143",1467,292
2018,"18143",1503,271
2019,"18143",1533,278
2020,"18143",1625,300
2021,"18143",1586,323
2022,"18143",1700,350
2023,"18143",2111,362
2024,"18143",2211,456
2014,"18145",1435,765
2015,"18145",1450,823
2016,"18145",1462,973
2017,"18145",1452,990
2018,"18145",1433,861
2019,"18145",1470,877
2020,"18145",1509,874
2021,"18145",1599,829
2022,"18145",1764,830
2023,"18145",1932,848
2024,"18145",2287,972
2014,"18147",1417,197
2015,"18147",1547,210
2016,"18147",1493,243
2017,"18147",1484,235
2018,"18147",1526,238
2019,"18147",1596,235
2020,"18147",1592,223
2021,"18147",1630,211
2022,"18147",1902,220
2023,"18147",2033,225
2024,"18147",2278,277
2014,"18149",1314,205
2015,"18149",1324,217
2016,"18149",1404,268
2017,"18149",1435,281
2018,"18149",1395,285
2019,"18149",1410,292
2020,"18149",1504,297
2021,"18149",1513,256
2022,"18149",1603,278
2023,"18149",2047,321
2024,"18149",2112,360
2014,"18151",1235,753
2015,"18151",1276,727
2016,"18151",1344,803
2017,"18151",1336,819
2018,"18151",1364,808
2019,"18151",1418,815
2020,"18151",1461,697
2021,"18151",1454,554
2022,"18151",1612,568
2023,"18151",1792,546
2024,"18151",1994,613
2014,"18153",1376,112
2015,"18153",1299,119
2016,"18153",1409,154
2017,"18153",1388,165
2018,"18153",1371,176
2019,"18153",1457,181
2020,"18153",1505,177
2021,"18153",1616,162
2022,"18153",1786,164
2023,"18153",1981,169
2024,"18153",2535,197
2014,"18155",1788,38
2015,"18155",1781,40
2016,"18155",1802,45
2017,"18155",1832,49
2018,"18155",1286,50
2019,"18155",1502,61
2020,"18155",1578,61
2021,"18155",1526,66
2022,"18155",1609,75
2023,"18155",1901,87
2024,"18155",2459,113
2014,"18157",1159,2562
2015,"18157",1086,2768
2016,"18157",1193,3253
2017,"18157",1183,3218
2018,"18157",1226,3167
2019,"18157",1256,3128
2020,"18157",1305,2895
2021,"18157",1340,2442
2022,"18157",1509,2450
2023,"18157",1692,2495
2024,"18157",2038,2705
2014,"18159",1181,152
2015,"18159",1328,169
2016,"18159",1587,225
2017,"18159",1512,209
2018,"18159",1422,241
2019,"18159",1517,261
2020,"18159",1558,254
2021,"18159",1645,195
2022,"18159",1834,204
2023,"18159",2158,214
2024,"18159",2277,246
2014,"18161",1292,36
2015,"18161",1408,38
2016,"18161",1449,44
2017,"18161",1524,51
2018,"18161",1540,48
2019,"18161",1481,46
2020,"18161",1509,49
2021,"18161",1545,44
2022,"18161",1827,51
2023,"18161",1962,59
2024,"18161",2191,59
2014,"18163",1173,3886
2015,"18163",1211,4014
2016,"18163",1275,4293
2017,"18163",1224,4029
2018,"18163",1246,3643
2019,"18163",1300,3610
2020,"18163",1335,3298
2021,"18163",1351,3461
2022,"18163",1549,3557
2023,"18163",1759,3608
2024,"18163",2086,4156
2014,"18165",1293,123
2015,"18165",1409,124
2016,"18165",1376,138
2017,"18165",1415,147
2018,"18165",1425,139
2019,"18165",1402,143
2020,"18165",1576,157
2021,"18165",1719,126
2022,"18165",1807,123
2023,"18165",1865,128
2024,"18165",2149,137
2014,"18167",1203,1512
2015,"18167",1204,1495
2016,"18167",1324,1768
2017,"18167",1369,1773
2018,"18167",1325,1711
2019,"18167",1121,1580
2020,"18167",1401,1564
2021,"18167",1501,1461
2022,"18167",1662,1432
2023,"18167",1922,1443
2024,"18167",2220,1529
2014,"18169",940,260
2015,"18169",1032,261
2016,"18169",1203,353
2017,"18169",1182,355
2018,"18169",1171,357
2019,"18169",1274,337
2020,"18169",1297,339
2021,"18169",1266,269
2022,"18169",1433,268
2023,"18169",1616,282
2024,"18169",1827,350
2014,"18171",1396,75
2015,"18171",1357,74
2016,"18171",1528,98
2017,"18171",1411,91
2018,"18171",1460,94
2019,"18171",1532,86
2020,"18171",1483,94
2021,"18171",1533,89
2022,"18171",1726,89
2023,"18171",1953,93
2024,"18171",2181,100
2014,"18173",1557,1378
2015,"18173",1631,1407
2016,"18173",1638,1498
2017,"18173",1586,1389
2018,"18173",1498,1316
2019,"18173",1635,1354
2020,"18173",1649,1266
2021,"18173",1724,1313
2022,"18173",1988,1361
2023,"18173",2257,1352
2024,"18173",2481,1517
2014,"18175",1414,393
2015,"18175",1354,368
2016,"18175",1440,424
2017,"18175",1435,422
2018,"18175",1561,399
2019,"18175",1566,395
2020,"18175",1624,394
2021,"18175",1655,421
2022,"18175",1788,433
2023,"18175",2036,495
2024,"18175",2415,530
2014,"18177",1084,588
2015,"18177",1116,661
2016,"18177",1218,759
2017,"18177",1136,743
2018,"18177",1180,743
2019,"18177",1216,709
2020,"18177",1248,678
2021,"18177",1185,773
2022,"18177",1353,804
2023,"18177",1547,794
2024,"18177",1831,861
2014,"18179",895,594
2015,"18179",1030,635
2016,"18179",1210,740
2017,"18179",1176,721
2018,"18179",1179,621
2019,"18179",1271,598
2020,"18179",1320,578
2021,"18179",1289,511
2022,"18179",1500,496
2023,"18179",1665,490
2024,"18179",1940,549
2014,"18181",1398,492
2015,"18181",1320,465
2016,"18181",1339,505
2017,"18181",1333,535
2018,"18181",1417,529
2019,"18181",1475,529
2020,"18181",1422,500
2021,"18181",1396,411
2022,"18181",1604,412
2023,"18181",1752,425
2024,"18181",2002,478
2014,"18183",1240,563
2015,"18183",1285,621
2016,"18183",1310,709
2017,"18183",1254,723
2018,"18183",1268,673
2019,"18183",1364,664
2020,"18183",1349,597
2021,"18183",1388,529
2022,"18183",1501,541
2023,"18183",1747,539
2024,"18183",2119,600
2014,"19001",1533,82
2015,"19001",1443,83
2016,"19001",1590,93
2017,"19001",1413,120
2018,"19001",1391,134
2019,"19001",1441,125
2020,"19001",1500,105
2021,"19001",1505,97
2022,"19001",1652,89
2023,"19001",1993,84
2024,"19001",2667,95
2014,"19003",NA,NA
2015,"19003",NA,NA
2016,"19003",NA,NA
2017,"19003",NA,NA
2018,"19003",NA,NA
2019,"19003",NA,NA
2020,"19003",NA,NA
2022,"19003",NA,NA
2023,"19003",NA,NA
2024,"19003",NA,NA
2014,"19005",922,26
2015,"19005",1189,24
2016,"19005",1017,40
2017,"19005",1253,36
2018,"19005",1385,50
2019,"19005",1367,51
2020,"19005",1261,46
2021,"19005",1492,34
2022,"19005",1448,28
2023,"19005",2072,25
2024,"19005",2268,27
2014,"19007",1357,60
2015,"19007",1135,59
2016,"19007",1153,77
2017,"19007",1202,100
2018,"19007",1217,122
2019,"19007",1295,126
2020,"19007",1427,89
2021,"19007",1392,76
2022,"19007",1823,79
2023,"19007",2194,82
2024,"19007",2501,92
2014,"19009",1113,65
2015,"19009",1200,67
2016,"19009",1394,68
2017,"19009",1389,62
2018,"19009",1569,71
2019,"19009",1636,63
2020,"19009",1548,55
2021,"19009",1586,51
2022,"19009",1762,48
2023,"19009",2081,45
2024,"19009",3190,48
2014,"19011",1264,538
2015,"19011",1395,528
2016,"19011",1322,588
2017,"19011",1338,579
2018,"19011",1348,561
2019,"19011",1369,478
2020,"19011",1405,344
2021,"19011",1598,393
2022,"19011",1796,450
2023,"19011",2130,457
2024,"19011",2654,497
2014,"19013",1131,1925
2015,"19013",1164,1926
2016,"19013",1208,1991
2017,"19013",1259,1966
2018,"19013",1242,1901
2019,"19013",1298,1809
2020,"19013",1286,1454
2021,"19013",1382,1429
2022,"19013",1577,1623
2023,"19013",1895,1624
2024,"19013",2294,1805
2014,"19015",1440,614
2015,"19015",1446,590
2016,"19015",1437,635
2017,"19015",1475,663
2018,"19015",1505,751
2019,"19015",1572,764
2020,"19015",1585,596
2021,"19015",1696,669
2022,"19015",1928,636
2023,"19015",2182,577
2024,"19015",2842,604
2014,"19017",1411,285
2015,"19017",1501,276
2016,"19017",1532,301
2017,"19017",1423,285
2018,"19017",1411,282
2019,"19017",1437,279
2020,"19017",1630,226
2021,"19017",1534,249
2022,"19017",1773,268
2023,"19017",2121,258
2024,"19017",2641,278
2014,"19019",1379,136
2015,"19019",1352,148
2016,"19019",1363,162
2017,"19019",1378,164
2018,"19019",1353,178
2019,"19019",1388,181
2020,"19019",1418,142
2021,"19019",1525,152
2022,"19019",1655,162
2023,"19019",1943,162
2024,"19019",2490,175
2014,"19021",1076,93
2015,"19021",1145,101
2016,"19021",1267,134
2017,"19021",1364,130
2018,"19021",1259,134
2019,"19021",1256,123
2020,"19021",1276,121
2021,"19021",1458,111
2022,"19021",1622,119
2023,"19021",2041,130
2024,"19021",2430,118
2014,"19023",1387,143
2015,"19023",1353,148
2016,"19023",1445,166
2017,"19023",1404,184
2018,"19023",1377,202
2019,"19023",1402,189
2020,"19023",1466,173
2021,"19023",1510,171
2022,"19023",1702,190
2023,"19023",2013,195
2024,"19023",2597,208
2014,"19025",1302,84
2015,"19025",1300,89
2016,"19025",1506,91
2017,"19025",1403,105
2018,"19025",1413,124
2019,"19025",1507,118
2020,"19025",1408,85
2021,"19025",1440,87
2022,"19025",1750,81
2023,"19025",1940,81
2024,"19025",2314,77
2014,"19027",1364,279
2015,"19027",1453,277
2016,"19027",1396,284
2017,"19027",1444,282
2018,"19027",1434,354
2019,"19027",1468,295
2020,"19027",1448,222
2021,"19027",1595,206
2022,"19027",1744,210
2023,"19027",2055,167
2024,"19027",2758,162
2014,"19029",1148,359
2015,"19029",1152,356
2016,"19029",1289,356
2017,"19029",1238,361
2018,"19029",1275,367
2019,"19029",1375,344
2020,"19029",1453,276
2021,"19029",1491,244
2022,"19029",1701,234
2023,"19029",1930,231
2024,"19029",2545,210
2014,"19031",1218,282
2015,"19031",1261,305
2016,"19031",1248,312
2017,"19031",1320,319
2018,"19031",1295,325
2019,"19031",1420,321
2020,"19031",1439,255
2021,"19031",1571,263
2022,"19031",1662,289
2023,"19031",1912,300
2024,"19031",2677,340
2014,"19033",1131,1035
2015,"19033",1214,1004
2016,"19033",1225,1011
2017,"19033",1214,1013
2018,"19033",1272,1035
2019,"19033",1373,999
2020,"19033",1295,804
2021,"19033",1454,852
2022,"19033",1740,783
2023,"19033",2000,783
2024,"19033",2262,734
2014,"19035",1331,64
2015,"19035",1275,66
2016,"19035",1244,87
2017,"19035",1320,97
2018,"19035",1373,100
2019,"19035",1486,102
2020,"19035",1495,76
2021,"19035",1745,65
2022,"19035",1836,70
2023,"19035",2196,66
2024,"19035",3054,65
2014,"19037",1261,71
2015,"19037",1289,70
2016,"19037",1480,77
2017,"19037",1427,73
2018,"19037",1435,81
2019,"19037",1388,61
2020,"19037",1393,58
2021,"19037",1393,57
2022,"19037",1655,63
2023,"19037",1759,57
2024,"19037",2325,62
2014,"19039",1347,91
2015,"19039",1365,101
2016,"19039",1432,122
2017,"19039",1383,132
2018,"19039",1502,146
2019,"19039",1601,150
2020,"19039",1570,133
2021,"19039",1714,126
2022,"19039",2099,132
2023,"19039",2178,135
2024,"19039",2525,131
2014,"19041",1616,105
2015,"19041",1248,106
2016,"19041",1230,117
2017,"19041",1316,137
2018,"19041",1408,165
2019,"19041",1597,138
2020,"19041",1532,134
2021,"19041",1692,123
2022,"19041",1687,133
2023,"19041",2011,129
2024,"19041",2476,131
2014,"19043",1691,22
2015,"19043",1311,51
2016,"19043",1393,54
2017,"19043",1349,62
2018,"19043",1289,79
2019,"19043",1250,75
2020,"19043",1322,76
2021,"19043",1424,47
2022,"19043",1564,61
2023,"19043",1810,67
2024,"19043",2512,65
2014,"19045",1203,490
2015,"19045",1268,497
2016,"19045",1273,549
2017,"19045",1395,565
2018,"19045",1332,605
2019,"19045",1385,556
2020,"19045",1378,463
2021,"19045",1432,443
2022,"19045",1561,466
2023,"19045",1915,443
2024,"19045",2335,484
2014,"19047",1089,196
2015,"19047",1227,189
2016,"19047",1245,196
2017,"19047",1329,192
2018,"19047",1321,192
2019,"19047",1355,188
2020,"19047",1473,102
2021,"19047",1505,119
2022,"19047",1527,113
2023,"19047",1782,109
2024,"19047",2573,101
2014,"19049",1557,3241
2015,"19049",1538,3152
2016,"19049",1775,3285
2017,"19049",1628,3634
2018,"19049",1666,3798
2019,"19049",1817,3792
2020,"19049",1695,2474
2021,"19049",1730,3133
2022,"19049",2013,3022
2023,"19049",2564,3059
2024,"19049",3023,3341
2014,"19051",1441,75
2015,"19051",1448,77
2016,"19051",1563,85
2017,"19051",1771,85
2018,"19051",1570,111
2019,"19051",1804,105
2020,"19051",1841,72
2021,"19051",2099,68
2022,"19051",2284,63
2023,"19051",3001,52
2024,"19051",3148,52
2014,"19053",1585,55
2015,"19053",1697,49
2016,"19053",1798,58
2017,"19053",1536,56
2018,"19053",1636,87
2019,"19053",1602,97
2020,"19053",1673,82
2021,"19053",1764,61
2022,"19053",1929,59
2023,"19053",2264,46
2024,"19053",3068,56
2014,"19055",1373,82
2015,"19055",1481,93
2016,"19055",1353,110
2017,"19055",1383,110
2018,"19055",1428,104
2019,"19055",1641,111
2020,"19055",1400,98
2021,"19055",1689,96
2022,"19055",1871,94
2023,"19055",2049,93
2024,"19055",2787,99
2014,"19057",1205,423
2015,"19057",1308,468
2016,"19057",1326,536
2017,"19057",1295,556
2018,"19057",1296,580
2019,"19057",1389,531
2020,"19057",1403,443
2021,"19057",1476,372
2022,"19057",1505,376
2023,"19057",1718,409
2024,"19057",2037,445
2014,"19059",1394,113
2015,"19059",1425,119
2016,"19059",1641,142
2017,"19059",1805,156
2018,"19059",1472,175
2019,"19059",1658,182
2020,"19059",1632,151
2021,"19059",1666,152
2022,"19059",1963,158
2023,"19059",2249,165
2024,"19059",2866,190
2014,"19061",1185,1191
2015,"19061",1263,1274
2016,"19061",1292,1183
2017,"19061",1301,1074
2018,"19061",1313,1074
2019,"19061",1403,969
2020,"19061",1422,743
2021,"19061",1436,653
2022,"19061",1551,684
2023,"19061",1878,721
2024,"19061",2291,862
2014,"19063",1164,40
2015,"19063",1022,41
2016,"19063",1047,58
2017,"19063",1179,66
2018,"19063",1228,73
2019,"19063",1324,74
2020,"19063",1324,73
2021,"19063",1261,47
2022,"19063",1489,57
2023,"19063",1859,50
2024,"19063",2358,56
2014,"19065",1133,109
2015,"19065",1183,111
2016,"19065",1215,117
2017,"19065",1216,119
2018,"19065",1270,144
2019,"19065",1328,140
2020,"19065",1402,122
2021,"19065",1574,94
2022,"19065",1619,97
2023,"19065",1828,82
2024,"19065",2307,94
2014,"19067",1339,83
2015,"19067",1259,84
2016,"19067",1338,90
2017,"19067",1238,99
2018,"19067",1312,111
2019,"19067",1362,114
2020,"19067",1320,93
2021,"19067",1688,89
2022,"19067",1767,98
2023,"19067",1873,108
2024,"19067",2212,89
2014,"19069",1336,67
2015,"19069",1299,66
2016,"19069",1346,71
2017,"19069",1469,71
2018,"19069",1417,84
2019,"19069",1325,89
2020,"19069",1419,70
2021,"19069",1699,59
2022,"19069",1649,61
2023,"19069",1968,60
2024,"19069",2430,63
2014,"19071",1475,111
2015,"19071",1426,118
2016,"19071",1505,122
2017,"19071",1585,138
2018,"19071",1624,135
2019,"19071",1845,139
2020,"19071",1752,121
2021,"19071",1954,99
2022,"19071",2241,100
2023,"19071",2712,97
2024,"19071",3561,109
2014,"19073",1187,123
2015,"19073",1228,122
2016,"19073",1286,134
2017,"19073",1293,123
2018,"19073",1361,148
2019,"19073",1467,145
2020,"19073",1517,116
2021,"19073",1547,104
2022,"19073",1640,101
2023,"19073",2007,97
2024,"19073",2629,92
2014,"19075",1160,134
2015,"19075",1171,156
2016,"19075",1199,172
2017,"19075",1290,187
2018,"19075",1275,202
2019,"19075",1366,206
2020,"19075",1386,202
2021,"19075",1616,179
2022,"19075",1847,187
2023,"19075",2110,192
2024,"19075",2645,193
2014,"19077",1496,165
2015,"19077",1428,155
2016,"19077",1458,179
2017,"19077",1485,201
2018,"19077",1587,216
2019,"19077",1689,210
2020,"19077",1590,179
2021,"19077",1739,154
2022,"19077",1967,144
2023,"19077",2261,148
2024,"19077",2955,170
2014,"19079",1333,160
2015,"19079",1306,174
2016,"19079",1310,213
2017,"19079",1343,213
2018,"19079",1288,232
2019,"19079",1301,220
2020,"19079",1371,171
2021,"19079",1557,155
2022,"19079",1755,164
2023,"19079",2105,150
2024,"19079",2759,152
2014,"19081",1363,101
2015,"19081",1354,117
2016,"19081",1327,125
2017,"19081",1418,124
2018,"19081",1374,119
2019,"19081",1368,111
2020,"19081",1365,105
2021,"19081",1552,84
2022,"19081",1809,76
2023,"19081",2033,81
2024,"19081",2472,69
2014,"19083",1421,113
2015,"19083",1326,126
2016,"19083",1315,141
2017,"19083",1280,167
2018,"19083",1327,190
2019,"19083",1441,194
2020,"19083",1543,176
2021,"19083",1740,177
2022,"19083",2002,160
2023,"19083",2411,154
2024,"19083",2701,147
2014,"19085",1378,322
2015,"19085",1408,321
2016,"19085",1519,341
2017,"19085",1530,321
2018,"19085",1561,362
2019,"19085",1641,322
2020,"19085",1702,283
2021,"19085",1922,263
2022,"19085",2315,248
2023,"19085",2609,232
2024,"19085",3366,209
2014,"19087",1302,125
2015,"19087",1360,121
2016,"19087",1413,138
2017,"19087",1478,140
2018,"19087",1446,168
2019,"19087",1335,184
2020,"19087",1365,155
2021,"19087",1425,161
2022,"19087",1586,145
2023,"19087",1862,157
2024,"19087",2383,164
2017,"19089",NA,NA
2018,"19089",NA,NA
2019,"19089",NA,NA
2020,"19089",NA,NA
2024,"19089",NA,NA
2014,"19091",1305,73
2015,"19091",1338,78
2016,"19091",1529,99
2017,"19091",1386,113
2018,"19091",1238,132
2019,"19091",1392,141
2020,"19091",1537,122
2021,"19091",1593,89
2022,"19091",1853,87
2023,"19091",2222,82
2024,"19091",2722,86
2014,"19093",NA,NA
2015,"19093",NA,NA
2016,"19093",NA,NA
2017,"19093",NA,NA
2018,"19093",NA,NA
2020,"19093",NA,NA
2023,"19093",NA,NA
2024,"19093",NA,NA
2014,"19095",1300,247
2015,"19095",1506,244
2016,"19095",1429,264
2017,"19095",1509,271
2018,"19095",1499,276
2019,"19095",1655,243
2020,"19095",1623,208
2021,"19095",1743,201
2022,"19095",1997,221
2023,"19095",2394,218
2024,"19095",2678,244
2014,"19097",1482,145
2015,"19097",1381,151
2016,"19097",1332,160
2017,"19097",1487,153
2018,"19097",1601,164
2019,"19097",1592,150
2020,"19097",1391,118
2021,"19097",1588,99
2022,"19097",1737,100
2023,"19097",2063,113
2024,"19097",2490,122
2014,"19099",1286,842
2015,"19099",1336,847
2016,"19099",1408,865
2017,"19099",1356,896
2018,"19099",1322,928
2019,"19099",1395,915
2020,"19099",1458,719
2021,"19099",1526,850
2022,"19099",1717,847
2023,"19099",2108,858
2024,"19099",2589,947
2014,"19101",1529,119
2015,"19101",1375,107
2016,"19101",1713,134
2017,"19101",1605,123
2018,"19101",1673,147
2019,"19101",1753,141
2020,"19101",1474,109
2021,"19101",1718,99
2022,"19101",1718,94
2023,"19101",1892,95
2024,"19101",2696,89
2014,"19103",1535,1366
2015,"19103",1441,1291
2016,"19103",1461,1382
2017,"19103",1495,1385
2018,"19103",1582,1451
2019,"19103",1566,1462
2020,"19103",1551,1180
2021,"19103",1674,1342
2022,"19103",1796,1767
2023,"19103",2248,1747
2024,"19103",2649,2036
2014,"19105",1350,228
2015,"19105",1461,240
2016,"19105",1452,253
2017,"19105",1414,259
2018,"19105",1475,270
2019,"19105",1519,250
2020,"19105",1490,200
2021,"19105",1605,159
2022,"19105",1746,175
2023,"19105",2153,191
2024,"19105",2545,249
2014,"19107",1230,41
2015,"19107",1218,49
2016,"19107",1300,54
2017,"19107",1389,49
2018,"19107",1342,57
2019,"19107",1569,54
2020,"19107",1351,60
2021,"19107",1603,36
2022,"19107",1734,34
2023,"19107",2039,38
2024,"19107",2715,33
2014,"19109",1221,93
2015,"19109",1226,99
2016,"19109",1207,113
2017,"19109",1268,115
2018,"19109",1300,140
2019,"19109",1335,139
2020,"19109",1294,120
2021,"19109",1516,89
2022,"19109",1796,91
2023,"19109",2131,77
2024,"19109",2858,82
2014,"19111",1357,154
2015,"19111",1406,160
2016,"19111",1358,186
2017,"19111",1409,199
2018,"19111",1363,248
2019,"19111",1438,259
2020,"19111",1467,227
2021,"19111",1498,149
2022,"19111",1680,172
2023,"19111",1971,173
2024,"19111",2494,170
2014,"19113",1265,5895
2015,"19113",1302,5905
2016,"19113",1252,6159
2017,"19113",1351,5944
2018,"19113",1299,5771
2019,"19113",1325,4683
2020,"19113",1351,3351
2021,"19113",1446,4073
2022,"19113",1623,4631
2023,"19113",2074,4693
2024,"19113",2440,5344
2014,"19115",1315,72
2015,"19115",1333,65
2016,"19115",1493,83
2017,"19115",1447,87
2018,"19115",1329,92
2019,"19115",1337,93
2020,"19115",1597,91
2021,"19115",1611,60
2022,"19115",1663,64
2023,"19115",1868,74
2024,"19115",2446,76
2014,"19117",1429,113
2015,"19117",1503,110
2016,"19117",1454,121
2017,"19117",1626,126
2018,"19117",1526,144
2019,"19117",1612,144
2020,"19117",1608,124
2021,"19117",1778,99
2022,"19117",2222,90
2023,"19117",2355,86
2024,"19117",3114,89
2014,"19119",1207,95
2015,"19119",1476,93
2016,"19119",1422,92
2017,"19119",1244,83
2018,"19119",1556,81
2019,"19119",1540,77
2020,"19119",1517,63
2021,"19119",1415,63
2022,"19119",1754,66
2023,"19119",1884,67
2024,"19119",2818,68
2014,"19121",1551,467
2015,"19121",1511,482
2016,"19121",1598,504
2017,"19121",1758,563
2018,"19121",1628,624
2019,"19121",1780,589
2020,"19121",1679,456
2021,"19121",1855,500
2022,"19121",2071,447
2023,"19121",2601,446
2024,"19121",3180,505
2014,"19123",1164,246
2015,"19123",1219,249
2016,"19123",1215,285
2017,"19123",1276,303
2018,"19123",1259,340
2019,"19123",1322,342
2020,"19123",1392,283
2021,"19123",1452,258
2022,"19123",1665,251
2023,"19123",1926,262
2024,"19123",2524,259
2014,"19125",1278,933
2015,"19125",1339,911
2016,"19125",1512,925
2017,"19125",1420,941
2018,"19125",1381,988
2019,"19125",1515,927
2020,"19125",1517,666
2021,"19125",1609,780
2022,"19125",1748,703
2023,"19125",2086,706
2024,"19125",2656,730
2014,"19127",1209,896
2015,"19127",1232,942
2016,"19127",1212,1028
2017,"19127",1181,1051
2018,"19127",1276,1086
2019,"19127",1339,1057
2020,"19127",1342,737
2021,"19127",1435,879
2022,"19127",1629,864
2023,"19127",1853,841
2024,"19127",2291,803
2014,"19129",1616,442
2015,"19129",1580,464
2016,"19129",1754,512
2017,"19129",2007,491
2018,"19129",1844,535
2019,"19129",1940,504
2020,"19129",1894,393
2021,"19129",2070,442
2022,"19129",2460,454
2023,"19129",3012,446
2024,"19129",3338,442
2014,"19131",1167,49
2015,"19131",1237,63
2016,"19131",1318,67
2017,"19131",1295,67
2018,"19131",1366,73
2019,"19131",1462,70
2020,"19131",1412,50
2021,"19131",1580,51
2022,"19131",1636,49
2023,"19131",2187,52
2024,"19131",2108,59
2014,"19133",1366,59
2015,"19133",1331,78
2016,"19133",1391,95
2017,"19133",1383,106
2018,"19133",1293,120
2019,"19133",1454,120
2020,"19133",1426,98
2021,"19133",1596,79
2022,"19133",1797,88
2023,"19133",2417,90
2024,"19133",2892,78
2014,"19135",1402,76
2015,"19135",1383,73
2016,"19135",1461,74
2017,"19135",1427,79
2018,"19135",1482,80
2019,"19135",1471,83
2020,"19135",1447,63
2021,"19135",1563,59
2022,"19135",1915,59
2023,"19135",2182,52
2024,"19135",2492,50
2014,"19137",1362,120
2015,"19137",1278,120
2016,"19137",1505,139
2017,"19137",1592,145
2018,"19137",1724,168
2019,"19137",1789,165
2020,"19137",1647,141
2021,"19137",1946,107
2022,"19137",2225,105
2023,"19137",2522,106
2024,"19137",3423,101
2014,"19139",1142,637
2015,"19139",1209,634
2016,"19139",1309,704
2017,"19139",1260,692
2018,"19139",1297,711
2019,"19139",1347,680
2020,"19139",1344,508
2021,"19139",1463,481
2022,"19139",1551,469
2023,"19139",1787,493
2024,"19139",2341,590
2014,"19141",1286,61
2015,"19141",1263,69
2016,"19141",1370,85
2017,"19141",1208,95
2018,"19141",1296,106
2019,"19141",1456,88
2020,"19141",1414,82
2021,"19141",1643,64
2022,"19141",1752,69
2023,"19141",1991,78
2024,"19141",2617,71
2015,"19143",NA,NA
2016,"19143",NA,NA
2017,"19143",NA,NA
2018,"19143",NA,NA
2019,"19143",NA,NA
2020,"19143",NA,NA
2022,"19143",NA,NA
2023,"19143",NA,NA
2024,"19143",NA,NA
2014,"19145",1398,134
2015,"19145",1339,157
2016,"19145",1400,169
2017,"19145",1414,190
2018,"19145",1456,205
2019,"19145",1536,221
2020,"19145",1531,207
2021,"19145",1758,156
2022,"19145",1854,163
2023,"19145",2473,153
2024,"19145",2929,169
2014,"19147",1189,91
2015,"19147",1322,96
2016,"19147",1249,100
2017,"19147",1258,101
2018,"19147",1220,112
2019,"19147",1220,111
2020,"19147",1311,86
2021,"19147",1400,72
2022,"19147",1477,86
2023,"19147",1872,82
2024,"19147",2780,73
2014,"19149",1178,272
2015,"19149",1371,285
2016,"19149",1293,312
2017,"19149",1334,314
2018,"19149",1344,330
2019,"19149",1529,333
2020,"19149",1564,260
2021,"19149",1602,244
2022,"19149",1847,249
2023,"19149",2130,250
2024,"19149",2583,257
2014,"19151",1561,28
2015,"19151",1617,26
2016,"19151",1571,36
2017,"19151",1467,43
2018,"19151",1374,51
2019,"19151",1485,52
2020,"19151",1457,47
2021,"19151",1501,30
2022,"19151",1698,25
2023,"19151",2075,28
2024,"19151",2958,23
2014,"19153",1343,17554
2015,"19153",1275,17186
2016,"19153",1322,18043
2017,"19153",1329,19106
2018,"19153",1361,20320
2019,"19153",1457,19760
2020,"19153",1459,13319
2021,"19153",1493,16863
2022,"19153",1699,15720
2023,"19153",2050,15339
2024,"19153",2495,16356
2014,"19155",1663,2854
2015,"19155",1428,2801
2016,"19155",1479,2870
2017,"19155",1475,2886
2018,"19155",1483,2970
2019,"19155",1618,2765
2020,"19155",1627,2141
2021,"19155",1757,2284
2022,"19155",2016,2241
2023,"19155",2355,2198
2024,"19155",2896,2266
2014,"19157",1303,242
2015,"19157",1248,252
2016,"19157",1386,265
2017,"19157",1425,275
2018,"19157",1435,301
2019,"19157",1492,294
2020,"19157",1460,243
2021,"19157",1647,238
2022,"19157",1899,294
2023,"19157",2281,287
2024,"19157",2641,357
2014,"19159",NA,NA
2015,"19159",NA,NA
2016,"19159",NA,NA
2017,"19159",NA,NA
2018,"19159",NA,NA
2019,"19159",NA,NA
2020,"19159",NA,NA
2023,"19159",NA,NA
2024,"19159",NA,NA
2014,"19161",1446,23
2015,"19161",1331,26
2016,"19161",1340,26
2017,"19161",1298,30
2018,"19161",1522,40
2019,"19161",1504,37
2020,"19161",1327,42
2021,"19161",1659,25
2022,"19161",1741,26
2023,"19161",1977,24
2024,"19161",3037,29
2014,"19163",1387,5152
2015,"19163",1314,5210
2016,"19163",1360,5463
2017,"19163",1379,5146
2018,"19163",1371,4918
2019,"19163",1420,4567
2020,"19163",1348,3062
2021,"19163",1439,3696
2022,"19163",1635,3649
2023,"19163",1961,3619
2024,"19163",2327,3949
2014,"19165",1409,117
2015,"19165",1178,121
2016,"19165",1421,139
2017,"19165",1440,151
2018,"19165",1458,179
2019,"19165",1512,153
2020,"19165",1562,144
2021,"19165",1686,98
2022,"19165",1947,136
2023,"19165",2388,114
2024,"19165",3070,123
2014,"19167",1141,120
2015,"19167",1148,131
2016,"19167",1305,149
2017,"19167",1243,158
2018,"19167",1319,167
2019,"19167",1457,149
2020,"19167",1638,121
2021,"19167",1617,85
2022,"19167",1737,94
2023,"19167",2001,97
2024,"19167",2614,113
2014,"19169",1320,1908
2015,"19169",1347,1967
2016,"19169",1367,2076
2017,"19169",1378,2143
2018,"19169",1435,2269
2019,"19169",1525,2171
2020,"19169",1523,1506
2021,"19169",1558,2090
2022,"19169",1785,1915
2023,"19169",2132,1871
2024,"19169",2726,1941
2014,"19171",1371,170
2015,"19171",1398,175
2016,"19171",1377,213
2017,"19171",1407,227
2018,"19171",1317,237
2019,"19171",1443,235
2020,"19171",1377,203
2021,"19171",1520,215
2022,"19171",1775,225
2023,"19171",2123,231
2024,"19171",2588,216
2014,"19173",1352,34
2015,"19173",1305,36
2016,"19173",1550,36
2017,"19173",1357,42
2018,"19173",1534,58
2019,"19173",1692,57
2020,"19173",1928,50
2021,"19173",1854,33
2022,"19173",1896,42
2023,"19173",2175,39
2024,"19173",3214,39
2014,"19175",1250,137
2015,"19175",1338,160
2016,"19175",1462,172
2017,"19175",1492,179
2018,"19175",1458,191
2019,"19175",1521,184
2020,"19175",1587,152
2021,"19175",1696,134
2022,"19175",1974,146
2023,"19175",2323,134
2024,"19175",2617,127
2014,"19179",1168,604
2015,"19179",1136,600
2016,"19179",1126,666
2017,"19179",1311,655
2018,"19179",1214,673
2019,"19179",1240,654
2020,"19179",1266,486
2021,"19179",1347,490
2022,"19179",1612,477
2023,"19179",1876,440
2024,"19179",2279,437
2014,"19181",1565,1978
2015,"19181",1579,1920
2016,"19181",1567,2022
2017,"19181",1615,2124
2018,"19181",1519,2285
2019,"19181",1656,2245
2020,"19181",1632,1559
2021,"19181",1640,1936
2022,"19181",1888,1756
2023,"19181",2339,1717
2024,"19181",2924,1981
2014,"19183",1367,157
2015,"19183",1311,148
2016,"19183",1357,166
2017,"19183",1414,179
2018,"19183",1445,219
2019,"19183",1547,233
2020,"19183",1496,196
2021,"19183",1506,157
2022,"19183",1742,158
2023,"19183",2031,162
2024,"19183",2590,171
2014,"19185",1183,23
2015,"19185",1403,25
2016,"19185",1517,29
2017,"19185",1573,33
2018,"19185",1544,36
2019,"19185",1523,39
2020,"19185",1517,39
2021,"19185",2055,25
2022,"19185",2113,32
2023,"19185",2578,26
2024,"19185",3046,22
2014,"19187",1232,700
2015,"19187",1217,712
2016,"19187",1337,752
2017,"19187",1178,752
2018,"19187",1311,808
2019,"19187",1366,807
2020,"19187",1457,547
2021,"19187",1537,674
2022,"19187",1755,664
2023,"19187",2044,631
2024,"19187",2347,660
2014,"19189",1228,87
2015,"19189",1311,87
2016,"19189",1345,96
2017,"19189",1536,95
2018,"19189",1445,110
2019,"19189",1492,105
2020,"19189",1605,90
2021,"19189",1625,63
2022,"19189",1632,68
2023,"19189",2134,69
2024,"19189",2615,66
2014,"19191",1354,60
2015,"19191",1448,59
2016,"19191",1354,65
2017,"19191",1340,65
2018,"19191",1413,123
2019,"19191",1579,103
2020,"19191",1528,96
2021,"19191",1666,86
2022,"19191",1786,71
2023,"19191",2239,36
2024,"19191",2299,35
2014,"19193",1176,2639
2015,"19193",1147,2696
2016,"19193",1322,2867
2017,"19193",1265,2888
2018,"19193",1423,2982
2019,"19193",1395,2905
2020,"19193",1413,1980
2021,"19193",1434,2389
2022,"19193",1709,2240
2023,"19193",2035,2217
2024,"19193",2496,2297
2014,"19195",1217,130
2015,"19195",1210,132
2016,"19195",1402,125
2017,"19195",1400,124
2018,"19195",1369,127
2019,"19195",1365,124
2020,"19195",1254,104
2021,"19195",1453,91
2022,"19195",1703,90
2023,"19195",2036,94
2024,"19195",2537,85
2014,"19197",1574,107
2015,"19197",1456,116
2016,"19197",1436,134
2017,"19197",1360,132
2018,"19197",1405,145
2019,"19197",1498,150
2020,"19197",1569,124
2021,"19197",1639,118
2022,"19197",1824,113
2023,"19197",2185,105
2024,"19197",2609,98
2018,"20003",NA,NA
2019,"20003",NA,NA
2020,"20003",NA,NA
2021,"20003",NA,NA
2022,"20003",NA,NA
2023,"20003",NA,NA
2024,"20003",NA,NA
2017,"20005",NA,NA
2018,"20005",NA,NA
2019,"20005",NA,NA
2020,"20005",NA,NA
2021,"20005",NA,NA
2022,"20005",NA,NA
2023,"20005",NA,NA
2024,"20005",NA,NA
2014,"20009",2060,117
2015,"20009",2026,130
2016,"20009",1975,173
2017,"20009",1920,181
2018,"20009",2001,211
2019,"20009",1974,221
2020,"20009",2009,215
2021,"20009",2135,158
2022,"20009",2304,152
2023,"20009",2590,144
2024,"20009",2915,143
2018,"20011",NA,NA
2019,"20011",NA,NA
2020,"20011",NA,NA
2021,"20011",NA,NA
2022,"20011",NA,NA
2023,"20011",NA,NA
2024,"20011",NA,NA
2017,"20013",NA,NA
2018,"20013",NA,NA
2019,"20013",NA,NA
2020,"20013",NA,NA
2021,"20013",NA,NA
2022,"20013",NA,NA
2023,"20013",NA,NA
2024,"20013",NA,NA
2014,"20015",1991,1928
2015,"20015",2019,2019
2016,"20015",2121,2238
2017,"20015",2147,2166
2018,"20015",2182,2198
2019,"20015",2265,2209
2020,"20015",2245,2134
2021,"20015",2379,1860
2022,"20015",2575,1669
2023,"20015",2943,1681
2024,"20015",3380,1604
2015,"20021",NA,NA
2016,"20021",NA,NA
2017,"20021",NA,NA
2018,"20021",NA,NA
2019,"20021",NA,NA
2020,"20021",NA,NA
2021,"20021",NA,NA
2022,"20021",NA,NA
2023,"20021",NA,NA
2024,"20021",NA,NA
2014,"20029",2076,58
2015,"20029",2338,62
2016,"20029",1965,92
2017,"20029",1893,86
2018,"20029",1847,96
2019,"20029",1875,106
2020,"20029",1938,93
2021,"20029",2074,68
2022,"20029",2226,79
2023,"20029",2356,73
2024,"20029",2659,78
2017,"20031",NA,NA
2018,"20031",NA,NA
2019,"20031",NA,NA
2020,"20031",NA,NA
2021,"20031",NA,NA
2022,"20031",NA,NA
2023,"20031",NA,NA
2024,"20031",NA,NA
2015,"20035",NA,NA
2016,"20035",NA,NA
2017,"20035",NA,NA
2018,"20035",NA,NA
2019,"20035",NA,NA
2020,"20035",NA,NA
2021,"20035",NA,NA
2022,"20035",NA,NA
2023,"20035",NA,NA
2024,"20035",NA,NA
2015,"20037",NA,NA
2016,"20037",NA,NA
2017,"20037",NA,NA
2018,"20037",NA,NA
2019,"20037",NA,NA
2020,"20037",NA,NA
2021,"20037",NA,NA
2022,"20037",NA,NA
2023,"20037",NA,NA
2024,"20037",NA,NA
2014,"20041",1753,228
2015,"20041",1758,232
2016,"20041",1883,340
2017,"20041",1871,317
2018,"20041",1962,372
2019,"20041",1980,388
2020,"20041",2030,406
2021,"20041",2168,388
2022,"20041",2266,384
2023,"20041",2509,389
2024,"20041",2869,403
2014,"20045",1837,2931
2015,"20045",1821,3065
2016,"20045",1853,3382
2017,"20045",1811,3248
2018,"20045",1955,3100
2019,"20045",1923,3036
2020,"20045",1962,3176
2021,"20045",2082,2628
2022,"20045",2304,2365
2023,"20045",2709,2644
2024,"20045",2961,2650
2014,"20051",2170,275
2015,"20051",2182,330
2016,"20051",2262,381
2017,"20051",2284,397
2018,"20051",2179,427
2019,"20051",2114,412
2020,"20051",2139,398
2021,"20051",2120,301
2022,"20051",2549,333
2023,"20051",3476,353
2024,"20051",3330,336
2014,"20055",1865,603
2015,"20055",1831,688
2016,"20055",2076,757
2017,"20055",2108,808
2018,"20055",2230,908
2019,"20055",2241,907
2020,"20055",2182,848
2021,"20055",2263,695
2022,"20055",2522,625
2023,"20055",2900,597
2024,"20055",3213,523
2014,"20057",1722,381
2015,"20057",1788,406
2016,"20057",1836,486
2017,"20057",1956,500
2018,"20057",1991,642
2019,"20057",2118,648
2020,"20057",2049,634
2021,"20057",2164,424
2022,"20057",2245,380
2023,"20057",2494,391
2024,"20057",2918,327
2014,"20059",2466,21
2015,"20059",1733,617
2016,"20059",1772,670
2017,"20059",1708,636
2018,"20059",1790,704
2019,"20059",1971,710
2020,"20059",2016,740
2021,"20059",2049,556
2022,"20059",2204,533
2023,"20059",2359,578
2024,"20059",2670,592
2014,"20061",1599,996
2015,"20061",1655,1020
2016,"20061",1691,1404
2017,"20061",1756,1209
2018,"20061",1729,1387
2019,"20061",1823,1341
2020,"20061",1935,1343
2021,"20061",2128,1288
2022,"20061",2258,1247
2023,"20061",2478,1197
2024,"20061",2850,1245
2018,"20063",NA,NA
2020,"20063",NA,NA
2014,"20067",2329,37
2015,"20067",2394,50
2016,"20067",2377,68
2017,"20067",2262,70
2018,"20067",2134,73
2019,"20067",2153,86
2020,"20067",2209,75
2021,"20067",2210,66
2022,"20067",2375,60
2023,"20067",2311,64
2024,"20067",2703,68
2014,"20077",1818,53
2015,"20077",1817,57
2016,"20077",1996,63
2017,"20077",1965,64
2018,"20077",1958,63
2019,"20077",2004,61
2020,"20077",2036,62
2021,"20077",2007,49
2022,"20077",2346,56
2023,"20077",2309,54
2024,"20077",2724,67
2014,"20079",1809,567
2015,"20079",1814,562
2016,"20079",1934,576
2017,"20079",1970,574
2018,"20079",1864,638
2019,"20079",1914,646
2020,"20079",1870,682
2021,"20079",1993,514
2022,"20079",2174,521
2023,"20079",2421,570
2024,"20079",2776,508
2014,"20085",1877,183
2015,"20085",2022,206
2016,"20085",2107,216
2017,"20085",1861,217
2018,"20085",1778,228
2019,"20085",1898,230
2020,"20085",2007,234
2021,"20085",2145,201
2022,"20085",2320,209
2023,"20085",2511,215
2024,"20085",2853,235
2014,"20087",1864,441
2015,"20087",1965,455
2016,"20087",2036,520
2017,"20087",1986,508
2018,"20087",1913,524
2019,"20087",2024,523
2020,"20087",2015,508
2021,"20087",2167,399
2022,"20087",2396,381
2023,"20087",2776,416
2024,"20087",3002,447
2014,"20091",1822,21349
2015,"20091",1996,22773
2016,"20091",2069,24859
2017,"20091",1999,24604
2018,"20091",2096,24278
2019,"20091",2154,24803
2020,"20091",2163,24492
2021,"20091",2282,20565
2022,"20091",2663,18925
2023,"20091",2869,19832
2024,"20091",3369,20038
2014,"20095",2028,23
2015,"20095",2464,22
2016,"20095",2188,25
2017,"20095",2093,126
2018,"20095",2182,131
2019,"20095",2037,130
2020,"20095",1993,141
2021,"20095",2179,103
2022,"20095",2263,99
2023,"20095",2430,105
2024,"20095",2955,117
2014,"20103",1777,2230
2015,"20103",1782,2347
2016,"20103",1877,2936
2017,"20103",1898,2868
2018,"20103",1941,3106
2019,"20103",2055,3201
2020,"20103",2168,3145
2021,"20103",2203,2755
2022,"20103",2418,2591
2023,"20103",2816,2661
2024,"20103",3081,2806
2014,"20111",1516,490
2015,"20111",1517,522
2016,"20111",1607,546
2017,"20111",1614,521
2018,"20111",1661,501
2019,"20111",1663,527
2020,"20111",1699,518
2021,"20111",1935,402
2022,"20111",1934,362
2023,"20111",2104,422
2024,"20111",2631,411
2015,"20113",NA,NA
2016,"20113",NA,NA
2017,"20113",NA,NA
2018,"20113",NA,NA
2019,"20113",NA,NA
2020,"20113",NA,NA
2021,"20113",NA,NA
2022,"20113",NA,NA
2023,"20113",NA,NA
2024,"20113",NA,NA
2017,"20115",NA,NA
2018,"20115",NA,NA
2019,"20115",NA,NA
2020,"20115",NA,NA
2021,"20115",NA,NA
2022,"20115",NA,NA
2023,"20115",NA,NA
2024,"20115",NA,NA
2014,"20117",2210,37
2015,"20117",2184,47
2016,"20117",1623,63
2017,"20117",1932,63
2018,"20117",2127,80
2019,"20117",2399,87
2020,"20117",2400,95
2021,"20117",2275,52
2022,"20117",2182,53
2023,"20117",2780,51
2024,"20117",2561,54
2018,"20119",NA,NA
2019,"20119",NA,NA
2020,"20119",NA,NA
2021,"20119",NA,NA
2022,"20119",NA,NA
2023,"20119",NA,NA
2024,"20119",NA,NA
2014,"20121",2056,977
2015,"20121",2137,1064
2016,"20121",2226,1190
2017,"20121",1986,1196
2018,"20121",2042,1132
2019,"20121",2242,1167
2020,"20121",2136,1180
2021,"20121",2152,1035
2022,"20121",2506,1001
2023,"20121",2656,1079
2024,"20121",3063,1101
2016,"20123",NA,NA
2017,"20123",NA,NA
2018,"20123",NA,NA
2019,"20123",NA,NA
2020,"20123",NA,NA
2021,"20123",NA,NA
2022,"20123",NA,NA
2023,"20123",NA,NA
2024,"20123",NA,NA
2017,"20125",NA,NA
2018,"20125",NA,NA
2019,"20125",NA,NA
2020,"20125",NA,NA
2021,"20125",NA,NA
2022,"20125",NA,NA
2023,"20125",NA,NA
2024,"20125",NA,NA
2014,"20139",1963,284
2015,"20139",1954,317
2016,"20139",1938,369
2017,"20139",1904,372
2018,"20139",1967,387
2019,"20139",2076,376
2020,"20139",2063,367
2021,"20139",2233,250
2022,"20139",2202,256
2023,"20139",2459,283
2024,"20139",2891,278
2014,"20143",2577,36
2015,"20143",2530,39
2016,"20143",1837,44
2017,"20143",2040,52
2018,"20143",1886,52
2019,"20143",1853,61
2020,"20143",1932,68
2021,"20143",1974,54
2022,"20143",2636,53
2023,"20143",2802,53
2024,"20143",2985,62
2015,"20149",NA,NA
2016,"20149",NA,NA
2017,"20149",NA,NA
2018,"20149",NA,NA
2019,"20149",NA,NA
2020,"20149",NA,NA
2021,"20149",NA,NA
2022,"20149",NA,NA
2023,"20149",NA,NA
2024,"20149",NA,NA
2014,"20155",1729,1179
2015,"20155",1672,1172
2016,"20155",1793,1289
2017,"20155",1782,1232
2018,"20155",1847,1209
2019,"20155",1886,1228
2020,"20155",1877,1167
2021,"20155",1920,995
2022,"20155",2134,936
2023,"20155",2376,963
2024,"20155",2608,934
2015,"20161",NA,NA
2016,"20161",NA,NA
2017,"20161",NA,NA
2018,"20161",NA,NA
2019,"20161",NA,NA
2020,"20161",NA,NA
2021,"20161",NA,NA
2022,"20161",NA,NA
2023,"20161",NA,NA
2024,"20161",NA,NA
2014,"20169",1530,933
2015,"20169",1505,978
2016,"20169",1564,1127
2017,"20169",1591,1149
2018,"20169",1727,1100
2019,"20169",1698,1103
2020,"20169",1752,1045
2021,"20169",1772,993
2022,"20169",1963,935
2023,"20169",2190,988
2024,"20169",2475,961
2014,"20173",1874,15138
2015,"20173",2089,15776
2016,"20173",1957,17253
2017,"20173",1951,16611
2018,"20173",1985,16725
2019,"20173",2088,16387
2020,"20173",2076,15573
2021,"20173",2174,14080
2022,"20173",2425,12916
2023,"20173",2637,12986
2024,"20173",3084,12386
2014,"20175",2089,217
2015,"20175",2346,285
2016,"20175",2215,336
2017,"20175",2084,357
2018,"20175",2174,327
2019,"20175",2201,338
2020,"20175",2065,338
2021,"20175",2173,341
2022,"20175",2342,343
2023,"20175",2546,338
2024,"20175",2869,315
2014,"20177",1772,3815
2015,"20177",1682,4051
2016,"20177",1632,4420
2017,"20177",1609,4099
2018,"20177",1665,4251
2019,"20177",1761,4121
2020,"20177",1856,4229
2021,"20177",1951,3264
2022,"20177",2164,3139
2023,"20177",2386,3377
2024,"20177",2672,3414
2015,"20181",NA,NA
2016,"20181",NA,NA
2017,"20181",NA,NA
2018,"20181",NA,NA
2019,"20181",NA,NA
2020,"20181",NA,NA
2021,"20181",NA,NA
2022,"20181",NA,NA
2023,"20181",NA,NA
2024,"20181",NA,NA
2019,"20189",NA,NA
2020,"20189",NA,NA
2021,"20189",NA,NA
2022,"20189",NA,NA
2023,"20189",NA,NA
2024,"20189",NA,NA
2014,"20191",1971,468
2015,"20191",2162,509
2016,"20191",2148,548
2017,"20191",2110,534
2018,"20191",2112,585
2019,"20191",2181,592
2020,"20191",2118,584
2021,"20191",2219,475
2022,"20191",2339,437
2023,"20191",2513,451
2024,"20191",2894,459
2017,"20193",NA,NA
2018,"20193",NA,NA
2019,"20193",NA,NA
2020,"20193",NA,NA
2021,"20193",NA,NA
2022,"20193",NA,NA
2023,"20193",NA,NA
2024,"20193",NA,NA
2020,"20195",NA,NA
2016,"20197",NA,NA
2017,"20197",NA,NA
2018,"20197",NA,NA
2019,"20197",NA,NA
2020,"20197",NA,NA
2022,"20197",NA,NA
2023,"20197",NA,NA
2024,"20197",NA,NA
2014,"02020",1602,12413
2015,"02020",1663,12222
2016,"02020",1666,13295
2017,"02020",1682,13695
2018,"02020",1591,13645
2019,"02020",1726,12013
2020,"02020",2002,11716
2021,"02020",1569,7489
2022,"02020",1797,8664
2023,"02020",1812,8785
2024,"02020",2083,8712
2018,"20201",NA,NA
2019,"20201",NA,NA
2020,"20201",NA,NA
2023,"20201",NA,NA
2024,"20201",NA,NA
2014,"20209",1672,3585
2015,"20209",1539,3736
2016,"20209",1733,4256
2017,"20209",1613,4084
2018,"20209",1684,4123
2019,"20209",1744,4008
2020,"20209",1778,3962
2021,"20209",1872,3565
2022,"20209",1959,3473
2023,"20209",2290,3677
2024,"20209",2715,3813
2014,"02090",1641,2166
2015,"02090",1661,2116
2016,"02090",1653,2523
2017,"02090",1696,2492
2018,"02090",1728,2686
2019,"02090",1671,2358
2020,"02090",1814,2037
2021,"02090",1919,2321
2022,"02090",2082,1913
2023,"02090",2164,2012
2024,"02090",2354,2025
2021,"02100",NA,NA
2024,"02100",NA,NA
2014,"21001",1523,75
2015,"21001",1577,91
2016,"21001",1527,92
2017,"21001",1543,90
2018,"21001",1693,102
2019,"21001",1634,111
2020,"21001",1633,117
2021,"21001",1601,73
2022,"21001",1853,79
2023,"21001",1939,98
2024,"21001",2590,84
2014,"21003",1695,148
2015,"21003",1710,152
2016,"21003",1701,178
2017,"21003",1625,195
2018,"21003",1830,200
2019,"21003",1930,228
2020,"21003",1954,238
2021,"21003",2214,175
2022,"21003",2244,199
2023,"21003",2399,217
2024,"21003",2926,213
2014,"21005",1442,419
2015,"21005",1464,473
2016,"21005",1436,552
2017,"21005",1528,543
2018,"21005",1562,592
2019,"21005",1589,603
2020,"21005",1590,655
2021,"21005",1590,516
2022,"21005",1764,514
2023,"21005",1952,573
2024,"21005",2265,585
2014,"21007",1700,61
2015,"21007",1773,66
2016,"21007",1886,91
2017,"21007",2052,99
2018,"21007",1966,102
2019,"21007",2105,98
2020,"21007",2147,97
2021,"21007",2180,64
2022,"21007",2343,88
2023,"21007",2614,88
2024,"21007",3147,102
2014,"21009",1493,328
2015,"21009",1520,354
2016,"21009",1537,448
2017,"21009",1514,485
2018,"21009",1534,530
2019,"21009",1613,560
2020,"21009",1578,571
2021,"21009",1640,536
2022,"21009",1918,575
2023,"21009",2049,581
2024,"21009",2473,639
2022,"21011",NA,NA
2023,"21011",NA,NA
2024,"21011",NA,NA
2014,"21013",1911,49
2015,"21013",1386,60
2016,"21013",1367,68
2017,"21013",1342,61
2018,"21013",1426,67
2019,"21013",1455,65
2020,"21013",1415,64
2021,"21013",1356,55
2022,"21013",1505,55
2023,"21013",1889,55
2024,"21013",2024,57
2014,"21015",1496,3433
2015,"21015",1440,3578
2016,"21015",1473,4056
2017,"21015",1415,3914
2018,"21015",1537,3826
2019,"21015",1611,3897
2020,"21015",1633,3828
2021,"21015",1657,3315
2022,"21015",1784,3021
2023,"21015",2027,3315
2024,"21015",2281,3570
2014,"21017",1558,210
2015,"21017",1427,241
2016,"21017",1505,300
2017,"21017",1465,289
2018,"21017",1490,275
2019,"21017",1566,291
2020,"21017",1697,301
2021,"21017",1801,231
2022,"21017",2035,245
2023,"21017",2219,255
2024,"21017",2746,280
2014,"21019",1643,522
2015,"21019",1650,586
2016,"21019",1733,729
2017,"21019",1744,737
2018,"21019",1816,803
2019,"21019",1825,755
2020,"21019",1837,756
2021,"21019",1883,580
2022,"21019",1953,569
2023,"21019",2239,598
2024,"21019",2463,655
2014,"21021",1885,408
2015,"21021",1963,471
2016,"21021",2087,575
2017,"21021",2119,565
2018,"21021",2180,589
2019,"21021",2346,566
2020,"21021",2421,526
2021,"21021",2583,416
2022,"21021",2730,420
2023,"21021",3031,458
2024,"21021",3519,496
2014,"21023",1252,38
2015,"21023",1642,50
2016,"21023",1784,52
2017,"21023",1686,59
2018,"21023",1643,60
2019,"21023",1604,68
2020,"21023",1363,78
2021,"21023",1961,55
2022,"21023",1828,53
2023,"21023",1968,62
2024,"21023",2258,70
2014,"21027",1574,195
2015,"21027",1574,211
2016,"21027",1534,226
2017,"21027",1512,236
2018,"21027",1511,221
2019,"21027",1583,226
2020,"21027",1577,234
2021,"21027",1749,192
2022,"21027",1851,209
2023,"21027",2119,228
2024,"21027",2478,231
2014,"21029",1500,2767
2015,"21029",1458,2847
2016,"21029",1473,3308
2017,"21029",1531,3107
2018,"21029",1595,2891
2019,"21029",1634,2556
2020,"21029",1747,2615
2021,"21029",1784,2510
2022,"21029",2155,2602
2023,"21029",2010,2771
2024,"21029",2809,3004
2014,"21031",1582,69
2015,"21031",1535,78
2016,"21031",1546,86
2017,"21031",1524,93
2018,"21031",1595,109
2019,"21031",1725,118
2020,"21031",1733,134
2021,"21031",1583,85
2022,"21031",1801,94
2023,"21031",1977,98
2024,"21031",2627,95
2014,"21033",1467,78
2015,"21033",1482,83
2016,"21033",1430,105
2017,"21033",1356,114
2018,"21033",1485,143
2019,"21033",1479,150
2020,"21033",1672,151
2021,"21033",1622,113
2022,"21033",1903,103
2023,"21033",2167,117
2024,"21033",2640,136
2014,"21035",1634,532
2015,"21035",1848,527
2016,"21035",2132,597
2017,"21035",2188,583
2018,"21035",2077,615
2019,"21035",2023,641
2020,"21035",2056,650
2021,"21035",2236,519
2022,"21035",2297,527
2023,"21035",2717,547
2024,"21035",3061,648
2014,"21037",2359,1704
2015,"21037",2389,1846
2016,"21037",2401,2114
2017,"21037",2443,2101
2018,"21037",2681,2179
2019,"21037",2734,2075
2020,"21037",2759,2080
2021,"21037",2811,1771
2022,"21037",3045,1658
2023,"21037",3288,1872
2024,"21037",3571,2024
2016,"21039",NA,NA
2017,"21039",NA,NA
2018,"21039",NA,NA
2019,"21039",NA,NA
2020,"21039",NA,NA
2021,"21039",NA,NA
2022,"21039",NA,NA
2023,"21039",NA,NA
2024,"21039",NA,NA
2014,"21041",1240,75
2015,"21041",1392,83
2016,"21041",1332,103
2017,"21041",1529,103
2018,"21041",1466,109
2019,"21041",1516,122
2020,"21041",1497,127
2021,"21041",1860,94
2022,"21041",1768,94
2023,"21041",1995,108
2024,"21041",2362,117
2014,"21043",1283,80
2015,"21043",1351,88
2016,"21043",1451,106
2017,"21043",1391,124
2018,"21043",1429,144
2019,"21043",1546,154
2020,"21043",1521,179
2021,"21043",1597,123
2022,"21043",1706,136
2023,"21043",1849,146
2024,"21043",2136,144
2014,"21045",1393,46
2015,"21045",1431,58
2016,"21045",1534,79
2017,"21045",1441,90
2018,"21045",1484,104
2019,"21045",1532,106
2020,"21045",1520,134
2021,"21045",1743,79
2022,"21045",2048,81
2023,"21045",2177,101
2024,"21045",2528,96
2014,"21047",1697,1382
2015,"21047",1569,1391
2016,"21047",1652,1653
2017,"21047",1597,1504
2018,"21047",1660,1629
2019,"21047",1777,1617
2020,"21047",1824,1568
2021,"21047",1859,1523
2022,"21047",2079,1558
2023,"21047",2368,1551
2024,"21047",2724,1587
2014,"21049",1456,779
2015,"21049",1394,839
2016,"21049",1340,978
2017,"21049",1332,954
2018,"21049",1428,971
2019,"21049",1527,983
2020,"21049",1530,943
2021,"21049",1545,801
2022,"21049",1690,795
2023,"21049",1882,806
2024,"21049",2235,895
2015,"21051",NA,NA
2016,"21051",NA,NA
2017,"21051",NA,NA
2018,"21051",NA,NA
2019,"21051",NA,NA
2020,"21051",NA,NA
2021,"21051",NA,NA
2022,"21051",NA,NA
2023,"21051",NA,NA
2024,"21051",NA,NA
2015,"21053",NA,NA
2016,"21053",NA,NA
2017,"21053",NA,NA
2018,"21053",NA,NA
2019,"21053",NA,NA
2020,"21053",NA,NA
2021,"21053",NA,NA
2022,"21053",NA,NA
2023,"21053",NA,NA
2024,"21053",NA,NA
2014,"21055",1769,50
2015,"21055",1598,60
2016,"21055",1624,75
2017,"21055",1629,66
2018,"21055",1455,73
2019,"21055",1537,80
2020,"21055",1615,80
2021,"21055",1736,73
2022,"21055",1991,70
2023,"21055",2228,81
2024,"21055",2670,85
2014,"21059",1310,2126
2015,"21059",1341,2201
2016,"21059",1337,2335
2017,"21059",1231,1796
2018,"21059",1250,1738
2019,"21059",1006,1123
2020,"21059",1266,989
2021,"21059",1453,1350
2022,"21059",1600,1313
2023,"21059",1773,1353
2024,"21059",2531,1482
2014,"21061",1407,103
2015,"21061",1492,128
2016,"21061",1559,151
2017,"21061",1513,128
2018,"21061",1518,139
2019,"21061",1624,150
2020,"21061",1691,162
2021,"21061",1809,136
2022,"21061",1974,144
2023,"21061",2102,171
2024,"21061",2544,173
2014,"21067",1301,7820
2015,"21067",1297,8464
2016,"21067",1322,9466
2017,"21067",1411,9125
2018,"21067",1565,8679
2019,"21067",1848,8352
2020,"21067",1899,8315
2021,"21067",1917,6072
2022,"21067",2244,5814
2023,"21067",2588,6179
2024,"21067",3098,5819
2014,"21069",1421,29
2015,"21069",1338,37
2016,"21069",1383,46
2017,"21069",1363,52
2018,"21069",1301,63
2019,"21069",1434,71
2020,"21069",1366,81
2021,"21069",1792,45
2022,"21069",1854,74
2023,"21069",2021,73
2024,"21069",2193,89
2014,"21071",1491,98
2015,"21071",1606,135
2016,"21071",1552,152
2017,"21071",1415,166
2018,"21071",1577,187
2019,"21071",1610,207
2020,"21071",1557,215
2021,"21071",1647,174
2022,"21071",1854,182
2023,"21071",2079,198
2024,"21071",2450,211
2014,"21073",1374,788
2015,"21073",1361,884
2016,"21073",1391,1074
2017,"21073",1378,1046
2018,"21073",1433,1092
2019,"21073",1535,1100
2020,"21073",1545,1127
2021,"21073",1659,894
2022,"21073",1776,861
2023,"21073",2043,935
2024,"21073",2349,958
2016,"21075",NA,NA
2017,"21075",NA,NA
2018,"21075",NA,NA
2019,"21075",NA,NA
2020,"21075",NA,NA
2021,"21075",NA,NA
2024,"21075",NA,NA
2014,"21077",1465,91
2015,"21077",1561,106
2016,"21077",1600,124
2017,"21077",1467,103
2018,"21077",1553,122
2019,"21077",1748,126
2020,"21077",1522,131
2021,"21077",1593,114
2022,"21077",1829,115
2023,"21077",2229,138
2024,"21077",2504,148
2014,"21079",1315,225
2015,"21079",1335,262
2016,"21079",1318,311
2017,"21079",1380,307
2018,"21079",1440,329
2019,"21079",1491,323
2020,"21079",1488,336
2021,"21079",1689,258
2022,"21079",1757,250
2023,"21079",1889,287
2024,"21079",2203,320
2014,"21081",1539,469
2015,"21081",1440,485
2016,"21081",1484,510
2017,"21081",1485,496
2018,"21081",1592,517
2019,"21081",1727,525
2020,"21081",1625,546
2021,"21081",1686,468
2022,"21081",1873,423
2023,"21081",2116,464
2024,"21081",2443,491
2014,"21083",1679,196
2015,"21083",1697,222
2016,"21083",1708,276
2017,"21083",1765,314
2018,"21083",1821,374
2019,"21083",1909,381
2020,"21083",1915,390
2021,"21083",2017,272
2022,"21083",2215,281
2023,"21083",2563,328
2024,"21083",2910,378
2014,"21085",1513,187
2015,"21085",1601,232
2016,"21085",1537,258
2017,"21085",1488,260
2018,"21085",1474,272
2019,"21085",1564,272
2020,"21085",1632,332
2021,"21085",1722,228
2022,"21085",1913,239
2023,"21085",2026,273
2024,"21085",2555,281
2014,"21087",1465,34
2015,"21087",1435,41
2016,"21087",1842,46
2017,"21087",1730,53
2018,"21087",1670,56
2019,"21087",1673,59
2020,"21087",1811,64
2021,"21087",1984,51
2022,"21087",2134,61
2023,"21087",2180,60
2024,"21087",2666,67
2014,"21089",1622,262
2015,"21089",1564,304
2016,"21089",1653,369
2017,"21089",1595,387
2018,"21089",1632,414
2019,"21089",1676,400
2020,"21089",1733,403
2021,"21089",1990,276
2022,"21089",1983,306
2023,"21089",2222,308
2024,"21089",2542,340
2014,"21091",1319,52
2015,"21091",1368,61
2016,"21091",1696,76
2017,"21091",1685,79
2018,"21091",1679,76
2019,"21091",1778,76
2020,"21091",1760,79
2021,"21091",2102,69
2022,"21091",2280,70
2023,"21091",2569,80
2024,"21091",2637,92
2014,"21093",1698,3287
2015,"21093",1555,3449
2016,"21093",1509,4164
2017,"21093",1565,3830
2018,"21093",1648,3971
2019,"21093",1781,3936
2020,"21093",1776,4060
2021,"21093",1814,4049
2022,"21093",1954,3944
2023,"21093",2153,4118
2024,"21093",2738,4211
2014,"21095",1359,96
2015,"21095",1433,99
2016,"21095",1397,122
2017,"21095",1392,117
2018,"21095",1501,126
2019,"21095",1504,132
2020,"21095",1625,130
2021,"21095",1702,85
2022,"21095",1771,85
2023,"21095",2084,85
2024,"21095",2223,78
2014,"21097",1404,172
2015,"21097",1228,175
2016,"21097",1333,201
2017,"21097",1288,212
2018,"21097",1515,228
2019,"21097",1538,232
2020,"21097",1528,241
2021,"21097",1586,195
2022,"21097",1895,208
2023,"21097",1925,236
2024,"21097",2285,248
2014,"21099",1455,109
2015,"21099",1430,119
2016,"21099",1585,146
2017,"21099",1714,147
2018,"21099",1647,146
2019,"21099",1677,154
2020,"21099",1502,174
2021,"21099",1715,134
2022,"21099",1922,136
2023,"21099",1933,171
2024,"21099",2411,168
2014,"02110",1441,1352
2015,"02110",1480,1268
2016,"02110",1601,1380
2017,"02110",1536,1388
2018,"02110",1394,1389
2019,"02110",1251,1249
2020,"02110",1308,764
2021,"02110",1298,963
2022,"02110",1614,769
2023,"02110",1900,817
2024,"02110",1853,763
2014,"21101",1840,595
2015,"21101",1851,626
2016,"21101",2614,676
2017,"21101",2014,643
2018,"21101",1804,614
2019,"21101",1895,605
2020,"21101",1876,608
2021,"21101",1943,488
2022,"21101",2047,455
2023,"21101",2319,476
2024,"21101",2609,568
2014,"21103",1652,218
2015,"21103",1807,235
2016,"21103",1714,278
2017,"21103",1655,278
2018,"21103",1700,270
2019,"21103",1807,264
2020,"21103",1784,289
2021,"21103",1993,236
2022,"21103",2016,231
2023,"21103",2049,259
2024,"21103",2445,279
2015,"21105",NA,NA
2016,"21105",NA,NA
2017,"21105",NA,NA
2018,"21105",NA,NA
2019,"21105",NA,NA
2020,"21105",NA,NA
2021,"21105",NA,NA
2022,"21105",NA,NA
2023,"21105",NA,NA
2024,"21105",NA,NA
2014,"21107",1677,323
2015,"21107",1797,356
2016,"21107",1772,422
2017,"21107",1761,452
2018,"21107",1777,519
2019,"21107",1833,540
2020,"21107",1901,560
2021,"21107",1928,455
2022,"21107",2094,464
2023,"21107",2362,495
2024,"21107",2695,539
2016,"21109",NA,NA
2017,"21109",NA,NA
2018,"21109",NA,NA
2019,"21109",NA,NA
2020,"21109",NA,NA
2021,"21109",NA,NA
2022,"21109",NA,NA
2023,"21109",NA,NA
2024,"21109",NA,NA
2014,"21111",1618,22315
2015,"21111",1652,22857
2016,"21111",1657,26768
2017,"21111",1627,25500
2018,"21111",1662,23785
2019,"21111",1760,22059
2020,"21111",1729,21745
2021,"21111",1752,18997
2022,"21111",2059,19424
2023,"21111",2076,20415
2024,"21111",2385,22518
2014,"21113",1581,1149
2015,"21113",1710,1211
2016,"21113",1741,1422
2017,"21113",1742,1392
2018,"21113",1959,1348
2019,"21113",2055,1339
2020,"21113",2355,1382
2021,"21113",2451,1139
2022,"21113",2756,1121
2023,"21113",2993,1153
2024,"21113",3620,1173
2014,"21115",1625,102
2015,"21115",1727,124
2016,"21115",1921,189
2017,"21115",1923,200
2018,"21115",1881,217
2019,"21115",1971,229
2020,"21115",1992,244
2021,"21115",2308,196
2022,"21115",2553,211
2023,"21115",2718,228
2024,"21115",3182,225
2014,"21117",1763,3821
2015,"21117",1739,4119
2016,"21117",1787,4560
2017,"21117",1783,4413
2018,"21117",1837,4361
2019,"21117",1929,4358
2020,"21117",1973,4312
2021,"21117",1990,3868
2022,"21117",2118,3598
2023,"21117",2386,3847
2024,"21117",2704,4194
2014,"21121",1458,163
2015,"21121",1515,184
2016,"21121",1548,226
2017,"21121",1572,240
2018,"21121",1750,239
2019,"21121",1714,209
2020,"21121",1754,208
2021,"21121",1845,153
2022,"21121",2096,150
2023,"21121",2373,165
2024,"21121",2804,195
2014,"21123",2005,158
2015,"21123",2059,179
2016,"21123",2015,188
2017,"21123",2029,172
2018,"21123",2106,177
2019,"21123",2291,162
2020,"21123",2344,173
2021,"21123",2494,142
2022,"21123",2544,145
2023,"21123",2000,207
2024,"21123",2595,214
2014,"21125",1451,584
2015,"21125",1429,643
2016,"21125",1397,734
2017,"21125",1519,736
2018,"21125",1576,816
2019,"21125",1556,809
2020,"21125",1578,816
2021,"21125",1764,650
2022,"21125",1928,685
2023,"21125",2048,726
2024,"21125",2448,760
2014,"21127",1588,43
2015,"21127",1474,54
2016,"21127",1316,84
2017,"21127",1198,88
2018,"21127",1448,106
2019,"21127",1586,109
2020,"21127",1618,114
2021,"21127",1958,76
2022,"21127",2155,83
2023,"21127",2182,94
2024,"21127",2737,111
2020,"21131",NA,NA
2016,"21133",NA,NA
2017,"21133",NA,NA
2018,"21133",NA,NA
2019,"21133",NA,NA
2020,"21133",NA,NA
2014,"21135",1046,32
2015,"21135",1115,35
2016,"21135",1128,40
2017,"21135",1102,46
2018,"21135",1206,51
2019,"21135",1303,51
2020,"21135",1362,71
2021,"21135",1460,33
2022,"21135",1594,40
2023,"21135",1983,48
2024,"21135",2421,45
2014,"21137",1410,214
2015,"21137",1334,268
2016,"21137",1348,310
2017,"21137",1346,325
2018,"21137",1416,345
2019,"21137",1501,314
2020,"21137",1498,319
2021,"21137",1543,248
2022,"21137",1583,262
2023,"21137",1790,283
2024,"21137",1985,291
2014,"21139",1504,95
2015,"21139",1450,110
2016,"21139",1509,130
2017,"21139",1416,128
2018,"21139",1528,142
2019,"21139",1456,132
2020,"21139",1473,141
2021,"21139",1593,104
2022,"21139",1697,99
2023,"21139",1998,110
2024,"21139",2572,108
2014,"21141",1398,281
2015,"21141",1513,298
2016,"21141",1536,361
2017,"21141",1518,367
2018,"21141",1572,402
2019,"21141",1687,424
2020,"21141",1673,458
2021,"21141",1760,312
2022,"21141",1900,406
2023,"21141",1999,421
2024,"21141",2397,441
2014,"21143",1719,85
2015,"21143",1869,88
2016,"21143",1688,112
2017,"21143",1724,117
2018,"21143",1817,130
2019,"21143",1880,137
2020,"21143",1795,157
2021,"21143",2082,147
2022,"21143",2259,147
2023,"21143",2506,147
2024,"21143",3078,140
2014,"21145",1554,1146
2015,"21145",1629,1322
2016,"21145",1772,1517
2017,"21145",1804,1589
2018,"21145",1678,1614
2019,"21145",1793,1485
2020,"21145",2001,1493
2021,"21145",2145,1079
2022,"21145",2348,1257
2023,"21145",2618,1351
2024,"21145",3035,1265
2014,"21147",1219,32
2015,"21147",1005,29
2016,"21147",1220,43
2017,"21147",1171,61
2018,"21147",1141,73
2019,"21147",1237,82
2020,"21147",1260,77
2021,"21147",1602,45
2022,"21147",1800,70
2023,"21147",2034,68
2024,"21147",2270,80
2014,"21149",1579,48
2015,"21149",1515,49
2016,"21149",1422,67
2017,"21149",1353,76
2018,"21149",1418,73
2019,"21149",1401,77
2020,"21149",1384,78
2021,"21149",1515,65
2022,"21149",1869,71
2023,"21149",2136,69
2024,"21149",2530,68
2014,"21151",1485,1417
2015,"21151",1431,1594
2016,"21151",1482,1905
2017,"21151",1468,1879
2018,"21151",1526,1918
2019,"21151",1610,2006
2020,"21151",1541,2008
2021,"21151",1602,1682
2022,"21151",1813,1710
2023,"21151",1931,1823
2024,"21151",2222,1909
2014,"21155",1342,127
2015,"21155",1372,171
2016,"21155",1366,209
2017,"21155",1459,221
2018,"21155",1468,237
2019,"21155",1514,245
2020,"21155",1463,256
2021,"21155",1508,186
2022,"21155",1621,189
2023,"21155",1642,204
2024,"21155",2144,213
2014,"21157",1739,316
2015,"21157",1788,351
2016,"21157",1750,415
2017,"21157",1752,414
2018,"21157",1847,466
2019,"21157",1855,485
2020,"21157",1808,489
2021,"21157",2029,368
2022,"21157",2221,376
2023,"21157",2551,406
2024,"21157",2915,466
2017,"21159",NA,NA
2018,"21159",NA,NA
2019,"21159",NA,NA
2020,"21159",NA,NA
2021,"21159",NA,NA
2022,"21159",NA,NA
2023,"21159",NA,NA
2024,"21159",NA,NA
2014,"21161",890,84
2015,"21161",1123,106
2016,"21161",1127,144
2017,"21161",1267,143
2018,"21161",1244,164
2019,"21161",1266,181
2020,"21161",1166,204
2021,"21161",1290,104
2022,"21161",1253,105
2023,"21161",1445,129
2024,"21161",1920,130
2014,"21163",1681,668
2015,"21163",1596,679
2016,"21163",1543,809
2017,"21163",1536,753
2018,"21163",1558,763
2019,"21163",1714,730
2020,"21163",1703,764
2021,"21163",1843,790
2022,"21163",1939,759
2023,"21163",2249,809
2024,"21163",2673,848
2024,"21165",NA,NA
2014,"21167",1604,271
2015,"21167",1532,317
2016,"21167",1578,378
2017,"21167",1500,410
2018,"21167",1644,412
2019,"21167",1807,432
2020,"21167",1721,458
2021,"21167",1914,348
2022,"21167",2091,369
2023,"21167",2204,417
2024,"21167",2840,467
2014,"21169",1456,25
2015,"21169",1297,30
2016,"21169",1475,40
2017,"21169",1458,41
2018,"21169",1367,54
2019,"21169",1554,51
2020,"21169",1462,57
2021,"21169",1581,41
2022,"21169",1791,44
2023,"21169",1940,42
2024,"21169",2261,40
2017,"21171",NA,NA
2018,"21171",NA,NA
2019,"21171",NA,NA
2020,"21171",NA,NA
2021,"21171",NA,NA
2022,"21171",NA,NA
2023,"21171",NA,NA
2024,"21171",NA,NA
2014,"21173",1361,225
2015,"21173",1365,258
2016,"21173",1403,293
2017,"21173",1469,310
2018,"21173",1560,341
2019,"21173",1687,333
2020,"21173",1721,344
2021,"21173",1875,253
2022,"21173",2307,298
2023,"21173",2340,327
2024,"21173",2894,365
2015,"21175",NA,NA
2016,"21175",NA,NA
2017,"21175",NA,NA
2018,"21175",NA,NA
2019,"21175",NA,NA
2020,"21175",NA,NA
2021,"21175",NA,NA
2022,"21175",NA,NA
2023,"21175",NA,NA
2024,"21175",NA,NA
2014,"21177",1659,253
2015,"21177",1705,271
2016,"21177",1727,306
2017,"21177",1734,293
2018,"21177",1711,295
2019,"21177",1770,310
2020,"21177",1749,323
2021,"21177",1930,223
2022,"21177",2092,237
2023,"21177",2348,238
2024,"21177",2823,259
2014,"21179",1640,1039
2015,"21179",1634,1115
2016,"21179",1617,721
2017,"21179",1701,719
2018,"21179",1735,1218
2019,"21179",1772,1249
2020,"21179",1766,1291
2021,"21179",1842,1146
2022,"21179",2020,1188
2023,"21179",2156,1288
2024,"21179",2592,1306
2014,"21181",1041,36
2015,"21181",1118,37
2016,"21181",1517,47
2017,"21181",1297,45
2018,"21181",1355,48
2019,"21181",1456,54
2020,"21181",1611,64
2021,"21181",1594,50
2022,"21181",1544,48
2023,"21181",1731,54
2024,"21181",2144,55
2014,"21183",1445,168
2015,"21183",1488,176
2016,"21183",1425,217
2017,"21183",1438,225
2018,"21183",1457,250
2019,"21183",1556,243
2020,"21183",1540,251
2021,"21183",1579,183
2022,"21183",1799,193
2023,"21183",1996,197
2024,"21183",2511,208
2014,"21185",2122,2370
2015,"21185",2185,2468
2016,"21185",2076,2833
2017,"21185",1949,2722
2018,"21185",2125,2553
2019,"21185",2178,2414
2020,"21185",2101,2397
2021,"21185",2142,2024
2022,"21185",2367,2045
2023,"21185",2684,2210
2024,"21185",3063,2386
2014,"21187",1570,77
2015,"21187",1571,98
2016,"21187",1571,119
2017,"21187",1426,105
2018,"21187",1542,121
2019,"21187",1587,127
2020,"21187",1661,127
2021,"21187",1800,103
2022,"21187",2247,113
2023,"21187",2130,143
2024,"21187",2605,145
2014,"21191",1508,147
2015,"21191",1429,151
2016,"21191",1419,182
2017,"21191",1356,186
2018,"21191",1543,180
2019,"21191",1613,197
2020,"21191",1624,192
2021,"21191",1628,174
2022,"21191",1782,176
2023,"21191",1895,187
2024,"21191",2365,189
2015,"21193",NA,NA
2016,"21193",NA,NA
2017,"21193",NA,NA
2018,"21193",NA,NA
2019,"21193",NA,NA
2020,"21193",NA,NA
2021,"21193",NA,NA
2022,"21193",NA,NA
2023,"21193",NA,NA
2024,"21193",NA,NA
2014,"21195",1960,216
2015,"21195",2048,222
2016,"21195",1798,284
2017,"21195",1819,275
2018,"21195",2004,318
2019,"21195",2012,343
2020,"21195",1977,325
2021,"21195",2069,227
2022,"21195",2214,237
2023,"21195",2513,270
2024,"21195",2866,283
2017,"21197",NA,NA
2018,"21197",NA,NA
2019,"21197",NA,NA
2020,"21197",NA,NA
2021,"21197",NA,NA
2022,"21197",NA,NA
2023,"21197",NA,NA
2024,"21197",NA,NA
2014,"21199",1428,700
2015,"21199",1460,718
2016,"21199",1535,870
2017,"21199",1551,830
2018,"21199",1612,887
2019,"21199",1631,902
2020,"21199",1613,900
2021,"21199",1642,650
2022,"21199",1883,699
2023,"21199",2242,776
2024,"21199",2593,845
2014,"21203",1436,22
2015,"21203",1540,25
2016,"21203",1729,33
2017,"21203",1631,43
2018,"21203",1509,45
2019,"21203",1431,42
2020,"21203",1537,41
2021,"21203",1606,32
2022,"21203",1921,40
2023,"21203",1918,49
2024,"21203",2052,51
2019,"21205",NA,NA
2020,"21205",NA,NA
2021,"21205",NA,NA
2022,"21205",NA,NA
2023,"21205",NA,NA
2024,"21205",NA,NA
2014,"21207",1333,90
2015,"21207",1287,125
2016,"21207",1335,121
2017,"21207",1331,126
2018,"21207",1406,148
2019,"21207",1490,154
2020,"21207",1463,177
2021,"21207",1638,95
2022,"21207",1741,109
2023,"21207",1945,132
2024,"21207",2285,125
2014,"21209",1471,1282
2015,"21209",1424,1446
2016,"21209",1457,1680
2017,"21209",1375,1641
2018,"21209",1523,1654
2019,"21209",1466,1661
2020,"21209",1464,1715
2021,"21209",1581,1430
2022,"21209",1740,1410
2023,"21209",1993,1621
2024,"21209",2435,1723
2014,"21211",1676,886
2015,"21211",1686,919
2016,"21211",1721,1131
2017,"21211",1708,1096
2018,"21211",1830,1089
2019,"21211",1923,1111
2020,"21211",1923,1109
2021,"21211",1915,1014
2022,"21211",2099,1056
2023,"21211",2304,1172
2024,"21211",2688,1363
2014,"21213",1542,260
2015,"21213",1465,277
2016,"21213",1548,330
2017,"21213",1487,354
2018,"21213",1491,373
2019,"21213",1654,382
2020,"21213",1563,397
2021,"21213",1668,302
2022,"21213",1804,344
2023,"21213",1959,390
2024,"21213",2332,413
2014,"21215",1669,597
2015,"21215",1674,601
2016,"21215",1660,684
2017,"21215",1732,701
2018,"21215",1743,702
2019,"21215",1903,688
2020,"21215",1863,704
2021,"21215",1919,627
2022,"21215",2158,679
2023,"21215",2320,730
2024,"21215",2614,774
2014,"21217",1510,121
2015,"21217",1553,154
2016,"21217",1598,194
2017,"21217",1543,188
2018,"21217",1547,214
2019,"21217",1676,231
2020,"21217",1682,229
2021,"21217",1820,145
2022,"21217",1967,154
2023,"21217",2405,176
2024,"21217",2520,185
2014,"21219",1615,78
2015,"21219",1735,86
2016,"21219",1715,108
2017,"21219",1667,109
2018,"21219",1750,103
2019,"21219",1746,99
2020,"21219",1614,105
2021,"21219",1927,91
2022,"21219",2429,98
2023,"21219",2844,98
2024,"21219",2991,120
2014,"02122",1414,1429
2015,"02122",1523,1433
2016,"02122",1497,1563
2017,"02122",1510,1717
2018,"02122",1592,1772
2019,"02122",2297,1720
2020,"02122",1820,1142
2021,"02122",1595,1418
2022,"02122",1724,1166
2023,"02122",1889,1115
2024,"02122",2194,1163
2014,"21221",1792,252
2015,"21221",1779,267
2016,"21221",1726,300
2017,"21221",1707,281
2018,"21221",1820,315
2019,"21221",1938,323
2020,"21221",1904,345
2021,"21221",2083,312
2022,"21221",2353,301
2023,"21221",2630,331
2024,"21221",3053,313
2014,"21223",1414,86
2015,"21223",1537,102
2016,"21223",1494,136
2017,"21223",1426,134
2018,"21223",1479,148
2019,"21223",1727,150
2020,"21223",1703,151
2021,"21223",1733,125
2022,"21223",1886,115
2023,"21223",2109,115
2024,"21223",2591,117
2014,"21225",1722,102
2015,"21225",1764,97
2016,"21225",1898,108
2017,"21225",1802,100
2018,"21225",1808,105
2019,"21225",1748,102
2020,"21225",1864,111
2021,"21225",1884,70
2022,"21225",1864,79
2023,"21225",2155,84
2024,"21225",2653,95
2014,"21227",1736,2469
2015,"21227",1693,2691
2016,"21227",1673,3132
2017,"21227",1676,3072
2018,"21227",1751,3168
2019,"21227",1868,3185
2020,"21227",1761,3306
2021,"21227",1793,3008
2022,"21227",1941,2950
2023,"21227",2154,3158
2024,"21227",2566,3173
2014,"21229",1302,150
2015,"21229",1320,168
2016,"21229",1371,182
2017,"21229",1378,180
2018,"21229",1442,188
2019,"21229",1489,175
2020,"21229",1352,190
2021,"21229",1609,141
2022,"21229",1868,135
2023,"21229",1824,135
2024,"21229",2184,152
2014,"21231",1406,117
2015,"21231",1316,126
2016,"21231",1371,154
2017,"21231",1401,146
2018,"21231",1423,148
2019,"21231",1533,173
2020,"21231",1468,172
2021,"21231",1446,127
2022,"21231",1852,141
2023,"21231",1881,146
2024,"21231",2277,157
2014,"21233",1832,42
2015,"21233",1792,51
2016,"21233",1997,63
2017,"21233",1804,59
2018,"21233",2000,68
2019,"21233",1984,70
2020,"21233",1946,79
2021,"21233",2035,49
2022,"21233",2167,53
2023,"21233",2333,49
2024,"21233",2697,56
2014,"21235",1570,98
2015,"21235",1431,104
2016,"21235",1593,125
2017,"21235",1664,151
2018,"21235",1744,163
2019,"21235",1821,169
2020,"21235",1926,174
2021,"21235",2006,116
2022,"21235",2270,116
2023,"21235",2581,121
2024,"21235",2811,149
2014,"21239",1622,675
2015,"21239",1408,700
2016,"21239",1456,817
2017,"21239",1411,814
2018,"21239",1465,847
2019,"21239",1547,824
2020,"21239",1538,850
2021,"21239",1766,633
2022,"21239",1737,614
2023,"21239",1966,654
2024,"21239",2373,653
2014,"02130",1508,274
2015,"02130",1662,258
2016,"02130",1492,302
2017,"02130",1435,325
2018,"02130",1487,356
2019,"02130",1351,304
2020,"02130",1488,253
2021,"02130",1589,252
2022,"02130",1644,194
2023,"02130",1802,210
2024,"02130",1999,205
2014,"02150",1884,427
2015,"02150",1695,420
2016,"02150",1770,473
2017,"02150",1646,553
2018,"02150",1833,569
2019,"02150",1564,498
2020,"02150",1482,337
2021,"02150",1482,450
2022,"02150",1544,361
2023,"02150",1690,359
2024,"02150",1941,340
2014,"02170",1597,3669
2015,"02170",1677,3654
2016,"02170",1691,4083
2017,"02170",1665,4141
2018,"02170",1690,4237
2019,"02170",1636,3766
2020,"02170",1734,2856
2021,"02170",1771,4012
2022,"02170",1875,3357
2023,"02170",1848,3390
2024,"02170",2261,3598
2018,"02180",NA,NA
2019,"02180",NA,NA
2020,"02180",NA,NA
2021,"02180",NA,NA
2022,"02180",NA,NA
2023,"02180",NA,NA
2024,"02180",NA,NA
2014,"22001",1905,467
2015,"22001",1977,509
2016,"22001",1989,622
2017,"22001",2008,637
2018,"22001",2028,617
2019,"22001",2031,625
2020,"22001",2082,658
2021,"22001",2128,488
2022,"22001",2367,551
2023,"22001",2874,621
2024,"22001",3261,642
2014,"22003",1058,80
2015,"22003",1274,93
2016,"22003",1405,126
2017,"22003",1439,130
2018,"22003",1404,159
2019,"22003",1509,156
2020,"22003",1429,153
2021,"22003",1459,116
2022,"22003",1898,130
2023,"22003",2328,141
2024,"22003",2588,154
2014,"22005",1722,3153
2015,"22005",1782,3191
2016,"22005",1751,3601
2017,"22005",1792,3598
2018,"22005",1826,3424
2019,"22005",1834,3307
2020,"22005",1761,3294
2021,"22005",1779,2763
2022,"22005",2148,2649
2023,"22005",2625,3082
2024,"22005",3197,3325
2014,"22007",2109,201
2015,"22007",2105,203
2016,"22007",2242,213
2017,"22007",2246,209
2018,"22007",2041,208
2019,"22007",2026,191
2020,"22007",2039,249
2021,"22007",2091,181
2022,"22007",2510,200
2023,"22007",3648,226
2024,"22007",4676,224
2014,"22009",1255,237
2015,"22009",1255,263
2016,"22009",1262,319
2017,"22009",1266,331
2018,"22009",1316,367
2019,"22009",1313,355
2020,"22009",1320,390
2021,"22009",1445,275
2022,"22009",1590,295
2023,"22009",1951,318
2024,"22009",2270,347
2014,"22011",1057,637
2015,"22011",1149,651
2016,"22011",1227,783
2017,"22011",1252,723
2018,"22011",1256,776
2019,"22011",1320,761
2020,"22011",1321,757
2021,"22011",1367,787
2022,"22011",1753,780
2023,"22011",2033,776
2024,"22011",2244,864
2014,"22013",1108,58
2015,"22013",1213,54
2016,"22013",1050,63
2017,"22013",1238,67
2018,"22013",1146,72
2019,"22013",1150,86
2020,"22013",1152,94
2021,"22013",1216,73
2022,"22013",1541,85
2023,"22013",1847,90
2024,"22013",2035,105
2014,"22015",1618,3619
2015,"22015",1627,3736
2016,"22015",1610,4445
2017,"22015",1705,4201
2018,"22015",1671,4186
2019,"22015",1777,4194
2020,"22015",2018,3964
2021,"22015",2056,3602
2022,"22015",2317,3378
2023,"22015",2465,3516
2024,"22015",2639,3678
2014,"22017",1918,5274
2015,"22017",1603,5329
2016,"22017",1563,5787
2017,"22017",1375,4766
2018,"22017",1166,4220
2019,"22017",1175,4512
2020,"22017",1188,4443
2021,"22017",1226,4010
2022,"22017",1500,4183
2023,"22017",1696,4542
2024,"22017",1949,4463
2014,"22019",2093,3761
2015,"22019",1712,3825
2016,"22019",1799,4544
2017,"22019",1872,4554
2018,"22019",1808,4397
2019,"22019",1866,4360
2020,"22019",1870,4072
2021,"22019",1911,3900
2022,"22019",2737,3923
2023,"22019",3389,4019
2024,"22019",3745,4384
2014,"22021",NA,NA
2016,"22021",NA,NA
2017,"22021",NA,NA
2018,"22021",NA,NA
2019,"22021",NA,NA
2020,"22021",NA,NA
2021,"22021",NA,NA
2022,"22021",NA,NA
2023,"22021",NA,NA
2024,"22021",NA,NA
2014,"22023",2203,43
2015,"22023",2130,48
2016,"22023",1926,58
2017,"22023",2125,61
2018,"22023",2513,62
2019,"22023",2272,63
2020,"22023",2202,65
2021,"22023",2124,63
2022,"22023",2829,59
2023,"22023",3602,59
2024,"22023",4290,69
2014,"22025",1782,33
2015,"22025",1702,37
2016,"22025",1654,47
2017,"22025",1683,49
2018,"22025",1625,49
2019,"22025",1810,46
2020,"22025",1803,49
2021,"22025",1622,31
2022,"22025",1716,35
2023,"22025",2099,41
2024,"22025",2984,45
2014,"22027",1419,90
2015,"22027",1426,90
2016,"22027",1429,110
2017,"22027",1371,118
2018,"22027",1360,111
2019,"22027",1366,122
2020,"22027",1243,126
2021,"22027",1343,106
2022,"22027",1721,101
2023,"22027",2294,114
2024,"22027",2564,111
2014,"22029",1047,141
2015,"22029",1071,144
2016,"22029",967,165
2017,"22029",1110,164
2018,"22029",1122,164
2019,"22029",1090,167
2020,"22029",1210,168
2021,"22029",1061,118
2022,"22029",1357,113
2023,"22029",1781,112
2024,"22029",2123,152
2014,"22031",1098,289
2015,"22031",1114,302
2016,"22031",1044,344
2017,"22031",1196,360
2018,"22031",1273,348
2019,"22031",1322,393
2020,"22031",1250,412
2021,"22031",1266,343
2022,"22031",1722,359
2023,"22031",1882,403
2024,"22031",2261,463
2014,"22033",2200,10540
2015,"22033",2226,11043
2016,"22033",1815,11728
2017,"22033",1708,10900
2018,"22033",1887,10860
2019,"22033",1756,10001
2020,"22033",1719,9798
2021,"22033",1834,8330
2022,"22033",2108,8212
2023,"22033",2458,9131
2024,"22033",2922,9424
2019,"22035",NA,NA
2014,"22037",1961,237
2015,"22037",1994,244
2016,"22037",1826,282
2017,"22037",1798,302
2018,"22037",1790,298
2019,"22037",1943,287
2020,"22037",1835,306
2021,"22037",1916,230
2022,"22037",2330,240
2023,"22037",2825,273
2024,"22037",3306,317
2014,"22039",1552,239
2015,"22039",1481,245
2016,"22039",1531,266
2017,"22039",1572,281
2018,"22039",1520,301
2019,"22039",1533,277
2020,"22039",1501,325
2021,"22039",1642,205
2022,"22039",1888,226
2023,"22039",2373,256
2024,"22039",2785,258
2014,"22041",1298,111
2015,"22041",1355,115
2016,"22041",1309,122
2017,"22041",1120,118
2018,"22041",1310,115
2019,"22041",1442,111
2020,"22041",1238,113
2021,"22041",1356,93
2022,"22041",1577,118
2023,"22041",2072,120
2024,"22041",2302,117
2014,"22043",921,97
2015,"22043",910,112
2016,"22043",828,146
2017,"22043",940,123
2018,"22043",949,142
2019,"22043",986,160
2020,"22043",982,174
2021,"22043",1141,155
2022,"22043",1256,168
2023,"22043",1501,181
2024,"22043",1619,226
2014,"22045",2708,737
2015,"22045",2236,808
2016,"22045",2166,900
2017,"22045",2293,893
2018,"22045",2701,749
2019,"22045",2329,831
2020,"22045",2247,805
2021,"22045",2354,723
2022,"22045",2681,785
2023,"22045",3391,846
2024,"22045",4166,852
2014,"22047",1643,339
2015,"22047",1679,369
2016,"22047",1704,423
2017,"22047",1746,439
2018,"22047",1776,422
2019,"22047",1792,394
2020,"22047",1835,408
2021,"22047",1928,311
2022,"22047",2397,297
2023,"22047",2621,358
2024,"22047",3154,387
2014,"22049",1035,111
2015,"22049",1096,131
2016,"22049",999,155
2017,"22049",1082,137
2018,"22049",953,139
2019,"22049",1047,160
2020,"22049",1139,175
2021,"22049",1232,123
2022,"22049",1737,132
2023,"22049",2169,152
2024,"22049",2357,154
2014,"22051",3975,9282
2015,"22051",3331,9904
2016,"22051",3446,11341
2017,"22051",3298,11221
2018,"22051",2933,11427
2019,"22051",2757,11028
2020,"22051",2763,11508
2021,"22051",2822,9648
2022,"22051",3566,9623
2023,"22051",4769,9972
2024,"22051",5790,9740
2014,"22053",1649,273
2015,"22053",1690,310
2016,"22053",1830,412
2017,"22053",1671,448
2018,"22053",1678,430
2019,"22053",1831,433
2020,"22053",1889,438
2021,"22053",1990,381
2022,"22053",2406,388
2023,"22053",3177,417
2024,"22053",3296,424
2014,"22055",2197,5568
2015,"22055",2394,5854
2016,"22055",2375,7178
2017,"22055",2403,7284
2018,"22055",2203,6450
2019,"22055",2230,6300
2020,"22055",2392,6104
2021,"22055",1765,5273
2022,"22055",2053,5577
2023,"22055",2573,6012
2024,"22055",3018,6549
2014,"22057",3108,1130
2015,"22057",3078,1210
2016,"22057",2991,1414
2017,"22057",2708,1501
2018,"22057",2150,1525
2019,"22057",2168,1570
2020,"22057",2153,1684
2021,"22057",2194,1227
2022,"22057",2649,1273
2023,"22057",3372,1348
2024,"22057",4060,1568
2014,"22059",776,44
2015,"22059",857,46
2016,"22059",945,64
2017,"22059",1107,69
2018,"22059",1049,66
2019,"22059",1062,79
2020,"22059",1006,82
2021,"22059",1165,71
2022,"22059",1604,76
2023,"22059",1972,81
2024,"22059",2206,108
2014,"22061",1245,741
2015,"22061",1293,789
2016,"22061",1206,796
2017,"22061",1270,779
2018,"22061",1266,825
2019,"22061",1312,837
2020,"22061",1337,862
2021,"22061",1388,731
2022,"22061",1648,730
2023,"22061",2096,821
2024,"22061",2248,760
2014,"22063",1640,3181
2015,"22063",1689,3243
2016,"22063",1740,3481
2017,"22063",1711,3259
2018,"22063",1754,3112
2019,"22063",1771,3126
2020,"22063",1810,3101
2021,"22063",1891,2915
2022,"22063",2239,2833
2023,"22063",2612,3181
2024,"22063",3031,3528
2014,"22067",1257,266
2015,"22067",1338,287
2016,"22067",1326,303
2017,"22067",1287,312
2018,"22067",1352,308
2019,"22067",1385,293
2020,"22067",1381,293
2021,"22067",1316,241
2022,"22067",1642,253
2023,"22067",2131,263
2024,"22067",2327,264
2014,"22069",1334,204
2015,"22069",1330,215
2016,"22069",1246,263
2017,"22069",1330,252
2018,"22069",1329,282
2019,"22069",1449,313
2020,"22069",1354,336
2021,"22069",1508,271
2022,"22069",1740,262
2023,"22069",2082,295
2024,"22069",2725,533
2014,"22071",4792,4784
2015,"22071",4736,5159
2016,"22071",4596,6181
2017,"22071",4103,6459
2018,"22071",4200,6933
2019,"22071",3739,7174
2020,"22071",3959,7311
2021,"22071",3992,6201
2022,"22071",4698,6152
2023,"22071",6217,6201
2024,"22071",7513,5854
2014,"22073",1356,2931
2015,"22073",1339,3009
2016,"22073",1347,3289
2017,"22073",1351,3193
2018,"22073",1299,3276
2019,"22073",1340,3326
2020,"22073",1356,3330
2021,"22073",1465,2744
2022,"22073",1709,2839
2023,"22073",2035,3101
2024,"22073",2286,3027
2014,"22075",4321,261
2015,"22075",3976,290
2016,"22075",3970,364
2017,"22075",3731,372
2018,"22075",3673,427
2019,"22075",3627,435
2020,"22075",3574,424
2021,"22075",3697,357
2022,"22075",4413,367
2023,"22075",5554,361
2024,"22075",6546,395
2014,"22077",1953,186
2015,"22077",1884,189
2016,"22077",1937,210
2017,"22077",1979,232
2018,"22077",1941,233
2019,"22077",1955,225
2020,"22077",1995,227
2021,"22077",2000,188
2022,"22077",2315,204
2023,"22077",2754,219
2024,"22077",3316,257
2014,"22079",1196,1399
2015,"22079",1147,1384
2016,"22079",1087,1661
2017,"22079",1149,1537
2018,"22079",1317,1687
2019,"22079",1167,1698
2020,"22079",1201,1752
2021,"22079",1345,1556
2022,"22079",1442,1690
2023,"22079",1717,1817
2024,"22079",2090,2080
2014,"22081",1623,21
2015,"22081",1366,25
2016,"22081",1472,28
2017,"22081",1665,35
2018,"22081",1408,38
2019,"22081",1223,42
2020,"22081",1015,44
2021,"22081",1372,30
2022,"22081",1504,27
2023,"22081",1763,37
2024,"22081",2340,33
2014,"22083",1290,172
2015,"22083",1302,168
2016,"22083",1252,183
2017,"22083",1513,173
2018,"22083",1286,175
2019,"22083",1337,182
2020,"22083",1377,178
2021,"22083",1425,142
2022,"22083",1644,203
2023,"22083",2108,240
2024,"22083",2346,229
2014,"22085",1071,77
2015,"22085",1153,92
2016,"22085",1013,124
2017,"22085",998,108
2018,"22085",1072,125
2019,"22085",1372,128
2020,"22085",1433,137
2021,"22085",1520,107
2022,"22085",1758,124
2023,"22085",2254,123
2024,"22085",2400,178
2014,"22087",2413,524
2015,"22087",2383,559
2016,"22087",2298,658
2017,"22087",2294,672
2018,"22087",1902,732
2019,"22087",1959,797
2020,"22087",1949,775
2021,"22087",1933,705
2022,"22087",2544,758
2023,"22087",3551,795
2024,"22087",4229,1005
2014,"22089",2760,1516
2015,"22089",2813,1592
2016,"22089",2913,1798
2017,"22089",2749,1806
2018,"22089",2526,1765
2019,"22089",2519,1734
2020,"22089",2517,1831
2021,"22089",2669,1386
2022,"22089",3183,1337
2023,"22089",4274,1476
2024,"22089",5341,1511
2014,"22091",1726,62
2015,"22091",1754,64
2016,"22091",1932,86
2017,"22091",2047,74
2018,"22091",1918,82
2019,"22091",2043,88
2020,"22091",1768,89
2021,"22091",1921,69
2022,"22091",2432,72
2023,"22091",3155,87
2024,"22091",3036,78
2014,"22093",1967,213
2015,"22093",1944,236
2016,"22093",2091,277
2017,"22093",2223,307
2018,"22093",2059,302
2019,"22093",2077,300
2020,"22093",1909,359
2021,"22093",1990,224
2022,"22093",2346,225
2023,"22093",3127,255
2024,"22093",3909,219
2014,"22095",2369,993
2015,"22095",2328,1027
2016,"22095",2338,1112
2017,"22095",2254,1042
2018,"22095",2129,1045
2019,"22095",2104,987
2020,"22095",2253,986
2021,"22095",2243,810
2022,"22095",2718,766
2023,"22095",3994,758
2024,"22095",4761,720
2014,"22097",1665,696
2015,"22097",1752,728
2016,"22097",1755,883
2017,"22097",1787,905
2018,"22097",1747,909
2019,"22097",1716,904
2020,"22097",1682,974
2021,"22097",1786,766
2022,"22097",2124,845
2023,"22097",2554,980
2024,"22097",2959,1014
2014,"22099",1633,556
2015,"22099",1760,618
2016,"22099",1807,731
2017,"22099",1786,718
2018,"22099",1840,724
2019,"22099",1931,695
2020,"22099",1901,709
2021,"22099",1857,588
2022,"22099",2187,663
2023,"22099",2820,723
2024,"22099",3223,814
2014,"22101",2701,390
2015,"22101",2657,441
2016,"22101",2604,513
2017,"22101",2414,504
2018,"22101",2465,521
2019,"22101",2473,512
2020,"22101",2574,502
2021,"22101",2658,380
2022,"22101",3083,424
2023,"22101",3996,416
2024,"22101",4673,464
2014,"22103",2250,7026
2015,"22103",2251,7382
2016,"22103",2248,8519
2017,"22103",2226,8478
2018,"22103",2203,8603
2019,"22103",2178,8317
2020,"22103",2214,8310
2021,"22103",3046,7499
2022,"22103",3679,7264
2023,"22103",4487,7598
2024,"22103",5222,8027
2014,"22105",1607,1925
2015,"22105",1684,2051
2016,"22105",1721,2359
2017,"22105",1618,2311
2018,"22105",1584,2319
2019,"22105",1608,2330
2020,"22105",1636,2502
2021,"22105",1658,2244
2022,"22105",2156,2287
2023,"22105",2666,2564
2024,"22105",3119,2726
2014,"22109",3185,1773
2015,"22109",3122,1941
2016,"22109",2727,2315
2017,"22109",2516,2273
2018,"22109",2370,2297
2019,"22109",2306,2172
2020,"22109",2305,2155
2021,"22109",2372,1640
2022,"22109",2880,1618
2023,"22109",3919,1685
2024,"22109",4714,1800
2014,"22111",1095,216
2015,"22111",1210,240
2016,"22111",1063,257
2017,"22111",1151,247
2018,"22111",1174,265
2019,"22111",1188,269
2020,"22111",1139,276
2021,"22111",1370,206
2022,"22111",1603,200
2023,"22111",2047,238
2024,"22111",2298,239
2014,"22113",2241,441
2015,"22113",2118,485
2016,"22113",2137,606
2017,"22113",2126,614
2018,"22113",2229,596
2019,"22113",2251,610
2020,"22113",2357,561
2021,"22113",2323,521
2022,"22113",2675,601
2023,"22113",3229,617
2024,"22113",3996,702
2014,"22115",884,601
2015,"22115",1007,606
2016,"22115",1006,778
2017,"22115",1047,667
2018,"22115",1054,803
2019,"22115",1060,839
2020,"22115",1106,831
2021,"22115",1244,883
2022,"22115",1514,860
2023,"22115",1658,897
2024,"22115",2055,919
2014,"22117",1441,375
2015,"22117",1420,404
2016,"22117",1510,441
2017,"22117",1498,476
2018,"22117",1491,490
2019,"22117",1495,505
2020,"22117",1528,520
2021,"22117",1714,396
2022,"22117",2087,403
2023,"22117",2770,439
2024,"22117",3152,478
2014,"22119",1257,342
2015,"22119",1223,369
2016,"22119",1226,418
2017,"22119",1170,400
2018,"22119",1075,408
2019,"22119",1120,415
2020,"22119",1155,411
2021,"22119",1360,357
2022,"22119",1551,380
2023,"22119",1856,407
2024,"22119",2223,510
2014,"22121",1435,497
2015,"22121",1446,541
2016,"22121",1569,630
2017,"22121",1527,622
2018,"22121",1671,590
2019,"22121",1593,548
2020,"22121",1466,557
2021,"22121",1559,469
2022,"22121",1922,502
2023,"22121",2495,539
2024,"22121",2944,591
2014,"22123",744,40
2015,"22123",796,41
2016,"22123",752,53
2017,"22123",975,50
2018,"22123",1071,65
2019,"22123",1073,66
2020,"22123",1082,67
2021,"22123",1302,50
2022,"22123",1384,62
2023,"22123",2024,66
2024,"22123",2199,54
2014,"22125",1983,167
2015,"22125",1940,175
2016,"22125",1865,185
2017,"22125",2031,210
2018,"22125",1857,215
2019,"22125",1901,216
2020,"22125",1986,207
2021,"22125",2138,152
2022,"22125",2307,145
2023,"22125",2982,165
2024,"22125",3570,200
2014,"23001",1213,1576
2015,"23001",1049,1675
2016,"23001",1027,1979
2017,"23001",1027,1923
2018,"23001",962,2064
2019,"23001",982,2121
2020,"23001",1026,1828
2021,"23001",989,1756
2022,"23001",1136,1753
2023,"23001",1326,1920
2024,"23001",1502,2134
2014,"23003",1079,278
2015,"23003",971,248
2016,"23003",892,331
2017,"23003",910,305
2018,"23003",990,365
2019,"23003",1095,388
2020,"23003",1054,333
2021,"23003",1098,305
2022,"23003",1072,336
2023,"23003",1435,385
2024,"23003",1643,449
2014,"23005",1644,5564
2015,"23005",1235,6664
2016,"23005",1210,7672
2017,"23005",1154,7693
2018,"23005",1129,7961
2019,"23005",1200,7795
2020,"23005",1278,7391
2021,"23005",1162,6369
2022,"23005",1360,6073
2023,"23005",1654,6514
2024,"23005",1815,6667
2014,"23007",1425,141
2015,"23007",1227,168
2016,"23007",1242,183
2017,"23007",1209,199
2018,"23007",1142,258
2019,"23007",1256,289
2020,"23007",1212,239
2021,"23007",1194,226
2022,"23007",1219,248
2023,"23007",1574,251
2024,"23007",1689,288
2014,"23009",1533,477
2015,"23009",1225,499
2016,"23009",1253,569
2017,"23009",1180,547
2018,"23009",1220,648
2019,"23009",1258,711
2020,"23009",1359,669
2021,"23009",1243,608
2022,"23009",1477,586
2023,"23009",1888,663
2024,"23009",2032,678
2014,"23011",1333,1095
2015,"23011",1160,1258
2016,"23011",1122,1515
2017,"23011",1108,1515
2018,"23011",1064,1701
2019,"23011",1105,1808
2020,"23011",1132,1557
2021,"23011",1047,1602
2022,"23011",1210,1579
2023,"23011",1518,1694
2024,"23011",1629,1858
2014,"23013",1472,318
2015,"23013",1479,339
2016,"23013",1361,396
2017,"23013",1352,374
2018,"23013",1265,454
2019,"23013",1418,497
2020,"23013",1458,495
2021,"23013",1358,430
2022,"23013",1584,415
2023,"23013",2016,493
2024,"23013",2293,513
2014,"23015",1488,254
2015,"23015",1234,289
2016,"23015",1193,341
2017,"23015",1222,357
2018,"23015",1200,435
2019,"23015",1304,447
2020,"23015",1418,426
2021,"23015",1264,408
2022,"23015",1489,377
2023,"23015",1834,393
2024,"23015",2072,445
2014,"23017",1330,500
2015,"23017",1266,537
2016,"23017",1231,663
2017,"23017",1179,677
2018,"23017",1224,751
2019,"23017",1291,778
2020,"23017",1281,735
2021,"23017",1215,700
2022,"23017",1361,741
2023,"23017",1602,801
2024,"23017",1914,897
2014,"23019",1413,1624
2015,"23019",1166,1709
2016,"23019",1060,1918
2017,"23019",983,1846
2018,"23019",988,2003
2019,"23019",1036,2087
2020,"23019",1057,1803
2021,"23019",945,1649
2022,"23019",1039,1642
2023,"23019",1380,1794
2024,"23019",1531,1981
2014,"23021",1488,97
2015,"23021",1195,125
2016,"23021",1109,141
2017,"23021",1222,138
2018,"23021",1058,156
2019,"23021",1092,180
2020,"23021",1063,147
2021,"23021",1048,113
2022,"23021",1105,117
2023,"23021",1411,137
2024,"23021",1493,171
2014,"23023",1480,554
2015,"23023",1239,581
2016,"23023",1088,699
2017,"23023",1058,679
2018,"23023",1134,730
2019,"23023",1325,756
2020,"23023",1245,723
2021,"23023",1131,687
2022,"23023",1198,682
2023,"23023",1673,754
2024,"23023",1846,801
2014,"23025",1322,198
2015,"23025",1202,215
2016,"23025",1091,269
2017,"23025",1107,287
2018,"23025",1007,326
2019,"23025",1041,366
2020,"23025",1065,320
2021,"23025",1120,313
2022,"23025",1232,330
2023,"23025",1591,379
2024,"23025",1748,411
2014,"23027",1496,351
2015,"23027",1318,394
2016,"23027",1186,450
2017,"23027",1111,447
2018,"23027",1085,528
2019,"23027",1227,583
2020,"23027",1334,546
2021,"23027",1220,471
2022,"23027",1451,469
2023,"23027",1785,533
2024,"23027",2032,535
2014,"23029",1303,93
2015,"23029",1436,109
2016,"23029",1347,160
2017,"23029",1289,164
2018,"23029",1291,223
2019,"23029",1251,241
2020,"23029",1439,199
2021,"23029",1294,168
2022,"23029",1461,189
2023,"23029",1708,198
2024,"23029",2051,234
2014,"23031",1721,3358
2015,"23031",1262,3959
2016,"23031",1205,4563
2017,"23031",1210,4487
2018,"23031",1193,4873
2019,"23031",1242,4971
2020,"23031",1261,4612
2021,"23031",1178,4204
2022,"23031",1314,3996
2023,"23031",1674,4157
2024,"23031",1759,4475
2014,"24001",1318,1130
2015,"24001",1382,1131
2016,"24001",1298,1263
2017,"24001",1234,1283
2018,"24001",1331,1264
2019,"24001",1343,1249
2020,"24001",1377,1219
2021,"24001",1418,994
2022,"24001",1544,981
2023,"24001",1700,1051
2024,"24001",2020,1108
2014,"24003",1582,24173
2015,"24003",1559,25386
2016,"24003",1460,29170
2017,"24003",1536,28381
2018,"24003",1580,28311
2019,"24003",1746,27546
2020,"24003",1796,27130
2021,"24003",1710,23257
2022,"24003",1886,22127
2023,"24003",2166,22789
2024,"24003",2591,23743
2014,"24005",1448,27207
2015,"24005",1405,28857
2016,"24005",1455,33254
2017,"24005",1520,32919
2018,"24005",1551,32201
2019,"24005",1588,30792
2020,"24005",1634,30280
2021,"24005",1605,26931
2022,"24005",1842,26162
2023,"24005",2163,27246
2024,"24005",2403,27952
2014,"24009",1450,4992
2015,"24009",1451,5170
2016,"24009",1569,5858
2017,"24009",1707,5643
2018,"24009",1631,5541
2019,"24009",1761,5170
2020,"24009",1842,5175
2021,"24009",1844,4291
2022,"24009",2035,4040
2023,"24009",2351,4206
2024,"24009",2758,4209
2014,"24011",1314,1001
2015,"24011",1240,1056
2016,"24011",1293,1194
2017,"24011",1293,1164
2018,"24011",1255,1133
2019,"24011",1357,1115
2020,"24011",1410,1128
2021,"24011",1427,1029
2022,"24011",1547,1002
2023,"24011",1784,1047
2024,"24011",2118,1155
2014,"24013",1283,9072
2015,"24013",1243,9494
2016,"24013",1345,10653
2017,"24013",1370,10590
2018,"24013",1427,10393
2019,"24013",1512,9871
2020,"24013",1600,9912
2021,"24013",1549,8559
2022,"24013",1746,8190
2023,"24013",2027,8336
2024,"24013",2389,8674
2014,"24015",1323,3982
2015,"24015",1305,4025
2016,"24015",1362,4596
2017,"24015",1331,4395
2018,"24015",1427,4225
2019,"24015",1453,3829
2020,"24015",1491,3741
2021,"24015",1501,3406
2022,"24015",1625,3302
2023,"24015",1848,3394
2024,"24015",1942,3409
2014,"24017",1682,7237
2015,"24017",1516,7524
2016,"24017",1596,8615
2017,"24017",1610,8354
2018,"24017",1693,8029
2019,"24017",1852,7685
2020,"24017",1916,7293
2021,"24017",1890,6940
2022,"24017",2084,6453
2023,"24017",2465,6693
2024,"24017",2824,7035
2014,"24019",1359,710
2015,"24019",1381,738
2016,"24019",2425,827
2017,"24019",1766,766
2018,"24019",1490,752
2019,"24019",1566,775
2020,"24019",1593,812
2021,"24019",1556,734
2022,"24019",1745,787
2023,"24019",2487,862
2024,"24019",2347,915
2014,"24021",1264,11016
2015,"24021",1248,11552
2016,"24021",1298,12990
2017,"24021",1412,12848
2018,"24021",1449,12695
2019,"24021",1499,12219
2020,"24021",1602,12152
2021,"24021",1569,10876
2022,"24021",1832,10444
2023,"24021",2155,10788
2024,"24021",2420,11604
2014,"24023",1327,511
2015,"24023",1306,505
2016,"24023",1328,582
2017,"24023",1298,591
2018,"24023",1386,602
2019,"24023",1458,590
2020,"24023",1541,568
2021,"24023",1429,444
2022,"24023",1570,449
2023,"24023",1851,458
2024,"24023",2336,465
2014,"24025",1567,10451
2015,"24025",1547,10696
2016,"24025",1562,12020
2017,"24025",1638,11516
2018,"24025",1662,11461
2019,"24025",1745,10734
2020,"24025",1785,10574
2021,"24025",1799,9046
2022,"24025",1931,8667
2023,"24025",2156,8876
2024,"24025",2539,9148
2014,"24027",1890,12231
2015,"24027",1848,12883
2016,"24027",1835,14658
2017,"24027",1972,14820
2018,"24027",1994,14711
2019,"24027",2094,14152
2020,"24027",2359,14284
2021,"24027",2143,11579
2022,"24027",2495,10634
2023,"24027",2857,10569
2024,"24027",3192,10956
2014,"24029",1988,652
2015,"24029",1723,654
2016,"24029",2142,513
2017,"24029",1435,747
2018,"24029",1388,709
2019,"24029",1399,663
2020,"24029",1441,666
2021,"24029",1531,618
2022,"24029",1641,607
2023,"24029",1912,665
2024,"24029",2156,701
2014,"24031",1530,38151
2015,"24031",1479,39435
2016,"24031",1401,43217
2017,"24031",1856,43746
2018,"24031",1625,43197
2019,"24031",1679,41417
2020,"24031",1850,42664
2021,"24031",1867,35393
2022,"24031",2079,33123
2023,"24031",2556,32931
2024,"24031",3332,34003
2014,"24033",1656,30311
2015,"24033",1582,31575
2016,"24033",1752,36427
2017,"24033",1756,34710
2018,"24033",1790,33903
2019,"24033",1874,33151
2020,"24033",1884,31938
2021,"24033",1927,30364
2022,"24033",2049,29227
2023,"24033",2381,30752
2024,"24033",2730,31892
2014,"24035",1675,2211
2015,"24035",1587,2268
2016,"24035",1677,2503
2017,"24035",1627,2459
2018,"24035",1652,2343
2019,"24035",1753,2309
2020,"24035",1764,2328
2021,"24035",1753,2027
2022,"24035",1926,1991
2023,"24035",2118,2063
2024,"24035",2442,2168
2014,"24037",1514,5125
2015,"24037",1479,5262
2016,"24037",1482,6001
2017,"24037",1525,5771
2018,"24037",1536,5695
2019,"24037",1683,5360
2020,"24037",1744,5276
2021,"24037",1783,4326
2022,"24037",1994,3936
2023,"24037",2260,4068
2024,"24037",2541,4067
2014,"24039",1849,483
2015,"24039",1901,465
2016,"24039",2727,484
2017,"24039",1911,462
2018,"24039",1921,481
2019,"24039",1994,457
2020,"24039",2029,447
2021,"24039",2011,352
2022,"24039",2163,359
2023,"24039",2180,372
2024,"24039",2539,378
2014,"24041",2331,1430
2015,"24041",2260,1489
2016,"24041",2208,1596
2017,"24041",2196,1568
2018,"24041",2347,1546
2019,"24041",2389,1465
2020,"24041",2459,1534
2021,"24041",2427,1296
2022,"24041",2736,1274
2023,"24041",3020,1371
2024,"24041",3410,1350
2014,"24043",1333,4815
2015,"24043",1348,5010
2016,"24043",1384,5757
2017,"24043",1385,5579
2018,"24043",1442,5548
2019,"24043",1491,5294
2020,"24043",1547,5173
2021,"24043",1548,4577
2022,"24043",1763,4442
2023,"24043",1974,4515
2024,"24043",2320,4865
2014,"24045",1324,3376
2015,"24045",1339,3428
2016,"24045",1352,3639
2017,"24045",1361,3486
2018,"24045",1375,3404
2019,"24045",1502,3169
2020,"24045",1655,3130
2021,"24045",1704,2679
2022,"24045",1855,2660
2023,"24045",2118,2725
2024,"24045",2478,2768
2014,"24047",1613,1860
2015,"24047",1652,1928
2016,"24047",1730,2126
2017,"24047",1679,2097
2018,"24047",1684,2006
2019,"24047",1760,1897
2020,"24047",1837,1849
2021,"24047",1904,1566
2022,"24047",2050,1530
2023,"24047",2323,1533
2024,"24047",2584,1558
2014,"24510",1280,10241
2015,"24510",1324,11705
2016,"24510",1453,14699
2017,"24510",1499,14160
2018,"24510",1529,13870
2019,"24510",1568,13163
2020,"24510",1610,12978
2021,"24510",1638,12722
2022,"24510",1849,13051
2023,"24510",2070,14127
2024,"24510",2485,14461
2014,"25001",2131,3699
2015,"25001",2190,3776
2016,"25001",2220,4508
2017,"25001",2210,4612
2018,"25001",2241,5125
2019,"25001",2373,5298
2020,"25001",2467,5156
2021,"25001",2349,4185
2022,"25001",2691,4320
2023,"25001",3045,4839
2024,"25001",3237,5025
2014,"25003",1217,818
2015,"25003",1255,912
2016,"25003",1223,1162
2017,"25003",1286,1195
2018,"25003",1302,1363
2019,"25003",1314,1421
2020,"25003",1516,1393
2021,"25003",1416,1189
2022,"25003",1629,1109
2023,"25003",2007,1263
2024,"25003",2097,1273
2014,"25005",1743,8181
2015,"25005",1760,8448
2016,"25005",1831,10115
2017,"25005",1818,10590
2018,"25005",1881,11057
2019,"25005",1998,11691
2020,"25005",2004,11270
2021,"25005",1889,9932
2022,"25005",2154,9954
2023,"25005",2519,10695
2024,"25005",2767,12010
2014,"25007",2808,263
2015,"25007",2957,267
2016,"25007",2767,314
2017,"25007",2755,306
2018,"25007",2912,301
2019,"25007",2969,305
2020,"25007",2728,278
2021,"25007",3202,230
2022,"25007",3647,209
2023,"25007",4231,233
2024,"25007",4515,248
2014,"25009",1751,13006
2015,"25009",1885,13187
2016,"25009",1891,15398
2017,"25009",1897,16171
2018,"25009",1946,17636
2019,"25009",2044,18201
2020,"25009",2160,16524
2021,"25009",2119,12343
2022,"25009",2333,12107
2023,"25009",2712,13528
2024,"25009",2985,16786
2014,"25011",1343,876
2015,"25011",1461,848
2016,"25011",1408,942
2017,"25011",1396,911
2018,"25011",1444,925
2019,"25011",1498,989
2020,"25011",1656,1003
2021,"25011",1551,795
2022,"25011",1737,732
2023,"25011",1906,820
2024,"25011",2291,866
2014,"25013",1279,6658
2015,"25013",1300,6849
2016,"25013",1343,8187
2017,"25013",1339,7971
2018,"25013",1382,8464
2019,"25013",1469,8832
2020,"25013",1583,8653
2021,"25013",1481,7193
2022,"25013",1658,7039
2023,"25013",1914,7910
2024,"25013",2139,8526
2014,"25015",1419,1404
2015,"25015",1438,1418
2016,"25015",1487,1786
2017,"25015",1432,1787
2018,"25015",1469,2064
2019,"25015",1565,2150
2020,"25015",1750,2083
2021,"25015",1598,1645
2022,"25015",1922,1518
2023,"25015",2146,1715
2024,"25015",2368,1773
2014,"25017",1770,23366
2015,"25017",1865,23441
2016,"25017",1889,27205
2017,"25017",1896,28450
2018,"25017",1920,30557
2019,"25017",2052,31739
2020,"25017",2283,30543
2021,"25017",2075,21804
2022,"25017",2288,21207
2023,"25017",2756,23229
2024,"25017",2856,25167
2014,"25019",2716,47
2015,"25019",2573,55
2016,"25019",2645,69
2017,"25019",2694,60
2018,"25019",2484,56
2019,"25019",2290,58
2020,"25019",3561,81
2021,"25019",3294,40
2022,"25019",3033,48
2023,"25019",4543,71
2024,"25019",4613,44
2014,"25021",1861,12281
2015,"25021",1983,12507
2016,"25021",1996,14443
2017,"25021",1997,15285
2018,"25021",2014,16680
2019,"25021",2163,17424
2020,"25021",2332,16576
2021,"25021",2176,12405
2022,"25021",2418,12256
2023,"25021",2907,13188
2024,"25021",3024,14166
2014,"25023",2057,11266
2015,"25023",2166,11599
2016,"25023",2235,13660
2017,"25023",2208,14230
2018,"25023",2232,15576
2019,"25023",2325,16316
2020,"25023",2425,15046
2021,"25023",2279,12484
2022,"25023",2600,12798
2023,"25023",3018,13627
2024,"25023",3363,15355
2014,"25025",1937,2463
2015,"25025",2142,2316
2016,"25025",2259,2616
2017,"25025",2278,2182
2018,"25025",2334,2284
2019,"25025",2376,2321
2020,"25025",2542,2144
2021,"25025",2601,1667
2022,"25025",2751,1673
2023,"25025",3086,1986
2024,"25025",3255,2343
2014,"25027",1578,14551
2015,"25027",1618,14668
2016,"25027",1643,16936
2017,"25027",1633,17283
2018,"25027",1686,18445
2019,"25027",1810,19318
2020,"25027",1846,18050
2021,"25027",1772,14758
2022,"25027",2004,14711
2023,"25027",2347,15685
2024,"25027",2539,18007
2014,"26001",1176,70
2015,"26001",1179,88
2016,"26001",1225,139
2017,"26001",1212,142
2018,"26001",1279,172
2019,"26001",1267,180
2020,"26001",1396,141
2021,"26001",1785,104
2022,"26001",1661,102
2023,"26001",1563,106
2024,"26001",1915,125
2014,"26003",1171,38
2015,"26003",1066,43
2016,"26003",1418,98
2017,"26003",1440,107
2018,"26003",1352,110
2019,"26003",1494,91
2020,"26003",1462,71
2021,"26003",1587,53
2022,"26003",1425,48
2023,"26003",1740,44
2024,"26003",1955,41
2014,"26005",1588,68
2015,"26005",1704,83
2016,"26005",2077,99
2017,"26005",1599,96
2018,"26005",1767,99
2019,"26005",1592,225
2020,"26005",1601,215
2021,"26005",1859,177
2022,"26005",2005,186
2023,"26005",2211,180
2024,"26005",3345,259
2014,"26007",1128,209
2015,"26007",1065,240
2016,"26007",1166,318
2017,"26007",1301,342
2018,"26007",1272,364
2019,"26007",1500,345
2020,"26007",1535,275
2021,"26007",1536,177
2022,"26007",1532,195
2023,"26007",1813,202
2024,"26007",2062,228
2014,"26009",1506,226
2015,"26009",1506,248
2016,"26009",1489,307
2017,"26009",1658,325
2018,"26009",1651,316
2019,"26009",1466,330
2020,"26009",1933,271
2021,"26009",1923,202
2022,"26009",1906,208
2023,"26009",2470,244
2024,"26009",2230,295
2014,"26011",1415,92
2015,"26011",1258,104
2016,"26011",1379,138
2017,"26011",1442,147
2018,"26011",1439,183
2019,"26011",1724,168
2020,"26011",1642,134
2021,"26011",1737,84
2022,"26011",1773,88
2023,"26011",2088,96
2024,"26011",2417,113
2020,"26013",NA,NA
2021,"26013",NA,NA
2022,"26013",NA,NA
2023,"26013",NA,NA
2024,"26013",NA,NA
2014,"26015",1991,22
2015,"26015",2083,23
2016,"26015",2686,23
2017,"26015",2125,25
2018,"26015",1909,43
2019,"26015",2526,43
2020,"26015",2368,35
2021,"26015",2258,55
2022,"26015",2185,59
2023,"26015",2342,66
2024,"26015",2972,86
2014,"26017",1092,1557
2015,"26017",1135,1709
2016,"26017",1135,2088
2017,"26017",1128,1901
2018,"26017",1117,2075
2019,"26017",1308,1895
2020,"26017",1351,1546
2021,"26017",1526,1442
2022,"26017",1500,1392
2023,"26017",1809,1445
2024,"26017",1999,1594
2019,"26019",NA,NA
2020,"26019",NA,NA
2022,"26019",NA,NA
2023,"26019",NA,NA
2024,"26019",NA,NA
2014,"26021",1500,127
2015,"26021",1489,142
2016,"26021",1699,182
2017,"26021",1785,210
2018,"26021",1758,216
2019,"26021",1902,2319
2020,"26021",1821,2082
2021,"26021",1876,1575
2022,"26021",1916,1606
2023,"26021",2151,1870
2024,"26021",2510,1994
2022,"26023",NA,NA
2023,"26023",NA,NA
2024,"26023",NA,NA
2018,"26025",NA,NA
2019,"26025",NA,NA
2020,"26025",NA,NA
2021,"26025",NA,NA
2022,"26025",NA,NA
2023,"26025",NA,NA
2024,"26025",NA,NA
2014,"26027",1815,421
2015,"26027",1741,476
2016,"26027",1923,572
2017,"26027",2026,632
2018,"26027",1891,696
2019,"26027",1958,799
2020,"26027",2055,664
2021,"26027",2020,559
2022,"26027",2034,581
2023,"26027",2231,623
2024,"26027",2757,680
2014,"26029",1374,292
2015,"26029",1302,306
2016,"26029",1606,371
2017,"26029",1278,350
2018,"26029",1737,414
2019,"26029",1842,417
2020,"26029",1771,288
2021,"26029",2175,238
2022,"26029",2203,238
2023,"26029",2341,261
2024,"26029",2452,311
2014,"26031",1354,229
2015,"26031",1398,252
2016,"26031",1448,359
2017,"26031",1250,340
2018,"26031",1500,389
2019,"26031",1549,325
2020,"26031",1707,285
2021,"26031",1706,181
2022,"26031",2058,199
2023,"26031",2149,228
2024,"26031",2291,243
2014,"26033",1335,224
2015,"26033",1271,245
2016,"26033",1754,335
2017,"26033",1806,315
2018,"26033",1909,385
2019,"26033",1647,383
2020,"26033",1721,306
2021,"26033",1881,222
2022,"26033",1670,197
2023,"26033",2052,177
2024,"26033",3097,201
2014,"26035",1295,237
2015,"26035",1230,256
2016,"26035",1539,353
2017,"26035",1469,360
2018,"26035",1571,412
2019,"26035",1639,376
2020,"26035",1632,251
2021,"26035",1918,248
2022,"26035",1469,241
2023,"26035",2008,234
2024,"26035",2106,285
2014,"26037",1219,977
2015,"26037",1379,1158
2016,"26037",1426,1515
2017,"26037",1357,1430
2018,"26037",1593,1568
2019,"26037",1421,1407
2020,"26037",2060,1319
2021,"26037",2000,892
2022,"26037",2196,976
2023,"26037",2372,1031
2024,"26037",2801,1178
2014,"26039",1396,121
2015,"26039",1339,146
2016,"26039",1404,180
2017,"26039",1186,186
2018,"26039",1306,223
2019,"26039",1406,201
2020,"26039",1494,192
2021,"26039",1851,120
2022,"26039",1811,133
2023,"26039",2053,164
2024,"26039",2224,175
2014,"26041",1119,330
2015,"26041",1204,306
2016,"26041",1259,192
2017,"26041",1079,358
2018,"26041",1173,399
2019,"26041",1243,383
2020,"26041",1463,339
2021,"26041",1791,266
2022,"26041",1566,253
2023,"26041",1895,218
2024,"26041",2159,225
2014,"26043",977,200
2015,"26043",1014,219
2016,"26043",1436,341
2017,"26043",1405,344
2018,"26043",1241,395
2019,"26043",1286,389
2020,"26043",1294,312
2021,"26043",1273,226
2022,"26043",1326,220
2023,"26043",1594,206
2024,"26043",1972,281
2014,"26045",1234,389
2015,"26045",1343,445
2016,"26045",1609,605
2017,"26045",1399,553
2018,"26045",1314,2049
2019,"26045",2160,2148
2020,"26045",2117,1862
2021,"26045",2159,1327
2022,"26045",2112,1551
2023,"26045",2445,1631
2024,"26045",2328,1968
2014,"26047",1290,383
2015,"26047",1385,443
2016,"26047",1479,497
2017,"26047",1482,478
2018,"26047",1463,503
2019,"26047",1738,494
2020,"26047",1884,410
2021,"26047",1411,291
2022,"26047",1662,269
2023,"26047",1787,290
2024,"26047",2134,298
2014,"26049",1748,5921
2015,"26049",1451,6506
2016,"26049",1492,8130
2017,"26049",1486,7935
2018,"26049",1524,8554
2019,"26049",1711,8472
2020,"26049",1536,6805
2021,"26049",1936,5743
2022,"26049",1663,5906
2023,"26049",2474,6280
2024,"26049",2890,7443
2014,"26051",1225,295
2015,"26051",1340,331
2016,"26051",1155,376
2017,"26051",1241,389
2018,"26051",1448,412
2019,"26051",1522,383
2020,"26051",1758,324
2021,"26051",1635,212
2022,"26051",2079,223
2023,"26051",2336,241
2024,"26051",2925,283
2022,"26053",NA,NA
2023,"26053",NA,NA
2024,"26053",NA,NA
2014,"26055",2289,250
2015,"26055",2264,291
2016,"26055",2220,350
2017,"26055",2320,347
2018,"26055",2343,388
2019,"26055",2095,1315
2020,"26055",1779,1127
2021,"26055",1825,735
2022,"26055",1929,715
2023,"26055",2183,835
2024,"26055",2406,935
2014,"26057",2049,154
2015,"26057",2058,200
2016,"26057",2000,281
2017,"26057",1990,306
2018,"26057",2096,378
2019,"26057",2202,359
2020,"26057",2084,274
2021,"26057",2429,207
2022,"26057",2527,246
2023,"26057",2938,276
2024,"26057",3392,327
2014,"26059",1317,254
2015,"26059",1399,315
2016,"26059",1565,399
2017,"26059",1378,430
2018,"26059",1739,565
2019,"26059",1748,558
2020,"26059",1883,444
2021,"26059",1945,311
2022,"26059",1994,317
2023,"26059",2186,346
2024,"26059",2474,449
2014,"26061",1421,345
2015,"26061",1381,353
2016,"26061",1163,404
2017,"26061",1476,411
2018,"26061",1363,487
2019,"26061",1384,469
2020,"26061",1358,441
2021,"26061",1520,356
2022,"26061",1553,315
2023,"26061",1856,310
2024,"26061",2026,347
2014,"26063",1462,194
2015,"26063",1450,257
2016,"26063",1431,308
2017,"26063",1532,343
2018,"26063",1423,376
2019,"26063",1686,349
2020,"26063",1786,291
2021,"26063",2052,176
2022,"26063",2067,178
2023,"26063",2239,192
2024,"26063",2028,223
2014,"26065",1299,3958
2015,"26065",1386,4481
2016,"26065",1882,5766
2017,"26065",1245,5286
2018,"26065",1253,5659
2019,"26065",1529,5255
2020,"26065",2107,4641
2021,"26065",2211,3330
2022,"26065",2120,3527
2023,"26065",1805,3543
2024,"26065",2186,4409
2014,"26067",1203,576
2015,"26067",1353,705
2016,"26067",1793,840
2017,"26067",1657,829
2018,"26067",1406,897
2019,"26067",1705,902
2020,"26067",1817,817
2021,"26067",1918,595
2022,"26067",1973,615
2023,"26067",2243,680
2024,"26067",2474,825
2014,"26069",1113,278
2015,"26069",1146,312
2016,"26069",1071,398
2017,"26069",1188,384
2018,"26069",1310,458
2019,"26069",1479,433
2020,"26069",1552,328
2021,"26069",1547,216
2022,"26069",1629,230
2023,"26069",1924,231
2024,"26069",2191,280
2014,"26071",1445,94
2015,"26071",1366,87
2016,"26071",1320,83
2017,"26071",1396,81
2018,"26071",1500,97
2019,"26071",1631,130
2020,"26071",1479,107
2021,"26071",1318,82
2022,"26071",1550,74
2023,"26071",1716,75
2024,"26071",2056,100
2014,"26073",1609,385
2015,"26073",1387,420
2016,"26073",1350,529
2017,"26073",1298,523
2018,"26073",1363,587
2019,"26073",1332,531
2020,"26073",1932,462
2021,"26073",2072,420
2022,"26073",1582,432
2023,"26073",2416,425
2024,"26073",2323,558
2014,"26075",1271,2203
2015,"26075",1372,2600
2016,"26075",1373,3117
2017,"26075",1539,3303
2018,"26075",1666,4012
2019,"26075",1791,3890
2020,"26075",1818,3151
2021,"26075",1801,2426
2022,"26075",1831,2274
2023,"26075",2014,2302
2024,"26075",2534,3111
2014,"26077",2753,1550
2015,"26077",2772,1593
2016,"26077",3281,1768
2017,"26077",3056,1864
2018,"26077",3045,1937
2019,"26077",2914,3489
2020,"26077",2581,4235
2021,"26077",2164,3199
2022,"26077",2156,3065
2023,"26077",2504,3254
2024,"26077",2263,3682
2014,"26079",1307,139
2015,"26079",1253,163
2016,"26079",1307,225
2017,"26079",1361,227
2018,"26079",1386,280
2019,"26079",1506,253
2020,"26079",1652,238
2021,"26079",1682,129
2022,"26079",1870,136
2023,"26079",2093,160
2024,"26079",2636,192
2014,"26081",1121,9054
2015,"26081",1180,9708
2016,"26081",1400,11255
2017,"26081",1391,10768
2018,"26081",1258,10841
2019,"26081",1388,11001
2020,"26081",1494,9760
2021,"26081",1457,8498
2022,"26081",1592,8365
2023,"26081",1750,9105
2024,"26081",2191,10786
2014,"26085",1378,49
2015,"26085",1655,57
2016,"26085",2011,70
2017,"26085",1215,78
2018,"26085",1614,107
2019,"26085",1655,107
2020,"26085",1596,81
2021,"26085",1770,45
2022,"26085",1526,55
2023,"26085",1899,76
2024,"26085",1791,84
2014,"26087",1412,1592
2015,"26087",1751,1933
2016,"26087",1565,2404
2017,"26087",1949,2537
2018,"26087",1813,2711
2019,"26087",1693,2537
2020,"26087",2138,2161
2021,"26087",1965,1540
2022,"26087",2142,1492
2023,"26087",2592,1615
2024,"26087",2389,1888
2014,"26089",2654,32
2015,"26089",2476,29
2016,"26089",2675,27
2017,"26089",2763,32
2018,"26089",3315,32
2019,"26089",2338,256
2020,"26089",2075,247
2021,"26089",2085,125
2022,"26089",2355,169
2023,"26089",2362,179
2024,"26089",2563,187
2014,"26091",1452,1008
2015,"26091",1450,1199
2016,"26091",1437,1542
2017,"26091",1481,1738
2018,"26091",1746,2076
2019,"26091",1962,2183
2020,"26091",1578,1723
2021,"26091",1768,1337
2022,"26091",1515,1371
2023,"26091",1886,1407
2024,"26091",2537,1646
2014,"26093",1599,3789
2015,"26093",1722,4398
2016,"26093",2023,5589
2017,"26093",1735,5640
2018,"26093",1491,5884
2019,"26093",2040,5861
2020,"26093",2207,5209
2021,"26093",2118,3393
2022,"26093",2225,3381
2023,"26093",2558,3723
2024,"26093",3024,4259
2014,"26095",1366,44
2015,"26095",1087,44
2016,"26095",1076,49
2017,"26095",1066,52
2018,"26095",1379,56
2019,"26095",1196,54
2020,"26095",1027,57
2021,"26095",1036,42
2022,"26095",1256,37
2023,"26095",1674,39
2024,"26095",1714,36
2014,"26097",1128,36
2015,"26097",1244,57
2016,"26097",1383,94
2017,"26097",1334,80
2018,"26097",1609,101
2019,"26097",1550,88
2020,"26097",1649,93
2021,"26097",1903,44
2022,"26097",1725,43
2023,"26097",2306,48
2024,"26097",2610,49
2014,"26099",1286,17659
2015,"26099",1470,20815
2016,"26099",1346,26008
2017,"26099",1592,27191
2018,"26099",1366,29465
2019,"26099",1416,29335
2020,"26099",1614,25733
2021,"26099",1424,16447
2022,"26099",1802,16104
2023,"26099",2010,16877
2024,"26099",2457,19870
2014,"26101",1213,196
2015,"26101",1429,196
2016,"26101",1712,272
2017,"26101",1383,256
2018,"26101",1575,307
2019,"26101",1701,276
2020,"26101",1692,231
2021,"26101",1456,121
2022,"26101",1933,136
2023,"26101",2068,179
2024,"26101",2690,199
2014,"26103",2147,550
2015,"26103",1650,543
2016,"26103",1131,585
2017,"26103",1158,533
2018,"26103",2250,613
2019,"26103",1535,581
2020,"26103",1468,487
2021,"26103",1742,399
2022,"26103",1478,303
2023,"26103",1824,349
2024,"26103",2193,373
2016,"26105",NA,NA
2017,"26105",NA,NA
2018,"26105",NA,NA
2019,"26105",NA,NA
2014,"26109",2186,190
2015,"26109",2355,221
2016,"26109",2226,350
2017,"26109",2112,373
2018,"26109",2168,377
2019,"26109",2204,346
2020,"26109",2231,289
2021,"26109",2271,234
2022,"26109",2408,236
2023,"26109",2648,232
2024,"26109",2929,295
2014,"26111",1332,1608
2015,"26111",1346,1663
2016,"26111",1403,1892
2017,"26111",1208,1823
2018,"26111",1746,1992
2019,"26111",1721,1891
2020,"26111",1804,1559
2021,"26111",1928,1414
2022,"26111",1874,1337
2023,"26111",2214,1418
2024,"26111",2519,1558
2014,"26113",1209,45
2015,"26113",1350,62
2016,"26113",1255,85
2017,"26113",1430,95
2018,"26113",1378,103
2019,"26113",1737,125
2020,"26113",1800,111
2021,"26113",1755,72
2022,"26113",1935,95
2023,"26113",1910,106
2024,"26113",2229,126
2014,"26115",1258,1856
2015,"26115",1663,2478
2016,"26115",1778,3205
2017,"26115",1356,3420
2018,"26115",1484,4344
2019,"26115",1716,4723
2020,"26115",2022,4145
2021,"26115",1943,2884
2022,"26115",2090,2935
2023,"26115",2469,2935
2024,"26115",2815,3484
2014,"26117",1424,66
2015,"26117",1552,77
2016,"26117",1706,102
2017,"26117",1829,99
2018,"26117",1383,103
2019,"26117",1808,105
2020,"26117",2109,99
2021,"26117",2215,94
2022,"26117",2353,85
2023,"26117",2225,83
2024,"26117",2640,96
2019,"26119",NA,NA
2020,"26119",NA,NA
2021,"26119",NA,NA
2022,"26119",NA,NA
2023,"26119",NA,NA
2024,"26119",NA,NA
2014,"26121",985,2739
2015,"26121",1286,3046
2016,"26121",1053,3502
2017,"26121",2015,3495
2018,"26121",1467,3641
2019,"26121",1553,3125
2020,"26121",1701,2612
2021,"26121",1902,2272
2022,"26121",1777,2221
2023,"26121",2052,2369
2024,"26121",2395,2637
2014,"26123",1392,407
2015,"26123",1361,456
2016,"26123",1399,532
2017,"26123",1565,510
2018,"26123",1720,563
2019,"26123",1849,560
2020,"26123",1994,515
2021,"26123",2120,422
2022,"26123",2126,423
2023,"26123",2286,462
2024,"26123",2619,550
2014,"26125",1595,26877
2015,"26125",1813,30761
2016,"26125",2019,38027
2017,"26125",1573,38060
2018,"26125",1619,41635
2019,"26125",1642,40639
2020,"26125",2055,36907
2021,"26125",1664,22688
2022,"26125",2064,22425
2023,"26125",2190,23858
2024,"26125",3032,28016
2014,"26127",1461,151
2015,"26127",1339,170
2016,"26127",1367,211
2017,"26127",1438,227
2018,"26127",1895,246
2019,"26127",2162,232
2020,"26127",1802,113
2021,"26127",1878,165
2022,"26127",1964,168
2023,"26127",2123,180
2024,"26127",2191,190
2014,"26129",1149,161
2015,"26129",1207,196
2016,"26129",1157,264
2017,"26129",1453,285
2018,"26129",1576,294
2019,"26129",1662,272
2020,"26129",1705,198
2021,"26129",2114,146
2022,"26129",1837,153
2023,"26129",2208,166
2024,"26129",2509,197
2014,"26135",1570,29
2015,"26135",1534,41
2016,"26135",1289,72
2017,"26135",1324,78
2018,"26135",1262,92
2019,"26135",1588,102
2020,"26135",1482,85
2021,"26135",1800,43
2022,"26135",1593,53
2023,"26135",2138,66
2024,"26135",1975,69
2019,"26137",NA,NA
2020,"26137",NA,NA
2021,"26137",NA,NA
2022,"26137",NA,NA
2023,"26137",NA,NA
2024,"26137",NA,NA
2014,"26139",1037,202
2015,"26139",1124,231
2016,"26139",1283,251
2017,"26139",1472,257
2018,"26139",1290,257
2019,"26139",1594,3949
2020,"26139",1493,3660
2021,"26139",1442,3006
2022,"26139",1647,3200
2023,"26139",1885,3466
2024,"26139",2205,4153
2014,"26141",1209,84
2015,"26141",1323,106
2016,"26141",1383,126
2017,"26141",1368,140
2018,"26141",1412,150
2019,"26141",1555,157
2020,"26141",1533,144
2021,"26141",1868,79
2022,"26141",1907,81
2023,"26141",1964,92
2024,"26141",2241,77
2014,"26143",1232,246
2015,"26143",1117,297
2016,"26143",1085,397
2017,"26143",1090,413
2018,"26143",1218,503
2019,"26143",1619,485
2020,"26143",1741,401
2021,"26143",1739,291
2022,"26143",1705,319
2023,"26143",1834,354
2024,"26143",2062,411
2014,"26145",1707,2502
2015,"26145",1499,2602
2016,"26145",1654,3056
2017,"26145",1318,2986
2018,"26145",1656,3266
2019,"26145",1688,3041
2020,"26145",1817,2467
2021,"26145",1930,1910
2022,"26145",1948,1908
2023,"26145",2389,1871
2024,"26145",2926,2047
2014,"26147",1415,2812
2015,"26147",1541,3258
2016,"26147",1417,4035
2017,"26147",1736,4197
2018,"26147",1703,4503
2019,"26147",1622,4354
2020,"26147",1879,3763
2021,"26147",1788,2756
2022,"26147",1924,2745
2023,"26147",2289,3262
2024,"26147",2606,3614
2014,"26149",1413,473
2015,"26149",1235,512
2016,"26149",1268,648
2017,"26149",1275,645
2018,"26149",1315,735
2019,"26149",1660,756
2020,"26149",2042,548
2021,"26149",1967,437
2022,"26149",2139,491
2023,"26149",2420,573
2024,"26149",2682,675
2014,"26151",1456,336
2015,"26151",1330,365
2016,"26151",1321,445
2017,"26151",1804,480
2018,"26151",1403,513
2019,"26151",1348,510
2020,"26151",1857,438
2021,"26151",1766,285
2022,"26151",1577,298
2023,"26151",2072,345
2024,"26151",2604,412
2014,"26153",NA,NA
2016,"26153",NA,NA
2017,"26153",NA,NA
2018,"26153",NA,NA
2019,"26153",NA,NA
2020,"26153",NA,NA
2021,"26153",NA,NA
2022,"26153",NA,NA
2023,"26153",NA,NA
2024,"26153",NA,NA
2014,"26155",1319,1008
2015,"26155",1545,1014
2016,"26155",1438,1336
2017,"26155",1329,1275
2018,"26155",1540,1433
2019,"26155",1806,1587
2020,"26155",1931,1287
2021,"26155",2036,1064
2022,"26155",1973,1046
2023,"26155",2632,1083
2024,"26155",2821,1362
2014,"26157",1318,521
2015,"26157",1405,564
2016,"26157",1981,608
2017,"26157",1539,727
2018,"26157",1485,775
2019,"26157",1460,727
2020,"26157",2065,589
2021,"26157",1957,482
2022,"26157",2179,503
2023,"26157",2288,541
2024,"26157",2690,637
2014,"26159",1676,845
2015,"26159",1739,911
2016,"26159",2405,1073
2017,"26159",1569,998
2018,"26159",1826,1103
2019,"26159",2275,1077
2020,"26159",2185,937
2021,"26159",2592,751
2022,"26159",2706,758
2023,"26159",2708,862
2024,"26159",3134,928
2014,"26161",1473,4834
2015,"26161",1691,5884
2016,"26161",1689,7242
2017,"26161",2192,7525
2018,"26161",1975,6412
2019,"26161",2151,6052
2020,"26161",2404,7010
2021,"26161",2492,4368
2022,"26161",2455,4211
2023,"26161",2872,4387
2024,"26161",3506,5244
2014,"26163",1352,23940
2015,"26163",1503,27682
2016,"26163",1882,35849
2017,"26163",1837,37301
2018,"26163",1747,40020
2019,"26163",1911,39035
2020,"26163",2102,33728
2021,"26163",1942,22967
2022,"26163",2024,22993
2023,"26163",2442,22802
2024,"26163",2891,28121
2019,"26165",NA,NA
2020,"26165",NA,NA
2021,"26165",NA,NA
2022,"26165",NA,NA
2023,"26165",NA,NA
2024,"26165",NA,NA
2014,"27001",1733,295
2015,"27001",1711,306
2016,"27001",1663,343
2017,"27001",1696,350
2018,"27001",1697,346
2019,"27001",1677,361
2020,"27001",1756,363
2021,"27001",1849,275
2022,"27001",2085,276
2023,"27001",2272,299
2024,"27001",2756,311
2014,"27003",1722,16441
2015,"27003",1790,16943
2016,"27003",1779,18578
2017,"27003",1742,18490
2018,"27003",1865,18082
2019,"27003",1880,18370
2020,"27003",2083,17363
2021,"27003",2024,13855
2022,"27003",2437,13181
2023,"27003",3007,13142
2024,"27003",3239,14769
2014,"27005",1584,690
2015,"27005",1667,735
2016,"27005",1642,787
2017,"27005",1633,796
2018,"27005",1704,854
2019,"27005",1824,842
2020,"27005",1917,807
2021,"27005",1888,654
2022,"27005",2203,636
2023,"27005",2496,631
2024,"27005",3104,708
2014,"27007",1426,464
2015,"27007",1491,520
2016,"27007",1509,591
2017,"27007",1550,576
2018,"27007",1522,613
2019,"27007",1565,656
2020,"27007",1673,635
2021,"27007",1665,491
2022,"27007",1848,487
2023,"27007",2195,501
2024,"27007",2778,538
2014,"27009",1521,1192
2015,"27009",1561,1192
2016,"27009",1507,1276
2017,"27009",1581,1283
2018,"27009",1549,1304
2019,"27009",1750,1346
2020,"27009",1783,1255
2021,"27009",1834,1165
2022,"27009",2225,1150
2023,"27009",2649,1132
2024,"27009",3038,1234
2014,"27011",1331,67
2015,"27011",1460,74
2016,"27011",1375,89
2017,"27011",1402,82
2018,"27011",1441,96
2019,"27011",1568,102
2020,"27011",1582,101
2021,"27011",1709,87
2022,"27011",2008,82
2023,"27011",2329,77
2024,"27011",2838,65
2014,"27013",1403,2379
2015,"27013",1489,2316
2016,"27013",1509,2387
2017,"27013",1496,2244
2018,"27013",1825,2297
2019,"27013",1678,2282
2020,"27013",1710,2062
2021,"27013",1809,1737
2022,"27013",2152,1671
2023,"27013",2493,1655
2024,"27013",2663,1964
2014,"27015",1371,406
2015,"27015",1472,420
2016,"27015",1478,474
2017,"27015",1459,469
2018,"27015",1487,481
2019,"27015",1645,491
2020,"27015",1731,447
2021,"27015",1869,375
2022,"27015",2084,388
2023,"27015",2397,376
2024,"27015",2728,393
2014,"27017",1571,996
2015,"27017",1595,1067
2016,"27017",1594,1169
2017,"27017",1578,1156
2018,"27017",1599,1161
2019,"27017",1681,1133
2020,"27017",1742,1101
2021,"27017",1789,829
2022,"27017",1994,801
2023,"27017",2230,801
2024,"27017",2688,797
2014,"27019",2031,4755
2015,"27019",2140,4922
2016,"27019",2127,5291
2017,"27019",2007,5281
2018,"27019",2193,5163
2019,"27019",2237,5244
2020,"27019",2495,4887
2021,"27019",2393,3749
2022,"27019",2825,3593
2023,"27019",3540,3578
2024,"27019",3856,4045
2014,"27021",1635,494
2015,"27021",1648,538
2016,"27021",1648,585
2017,"27021",1712,549
2018,"27021",1649,590
2019,"27021",1784,575
2020,"27021",1857,563
2021,"27021",1761,482
2022,"27021",2081,497
2023,"27021",2348,509
2024,"27021",2848,605
2014,"27023",1398,265
2015,"27023",1555,280
2016,"27023",1660,303
2017,"27023",1643,295
2018,"27023",1628,293
2019,"27023",1729,281
2020,"27023",1764,268
2021,"27023",1942,214
2022,"27023",2119,230
2023,"27023",2512,227
2024,"27023",2869,219
2014,"27025",1855,2287
2015,"27025",2053,2361
2016,"27025",1914,2588
2017,"27025",1943,2619
2018,"27025",1952,2571
2019,"27025",2066,2672
2020,"27025",2083,2521
2021,"27025",2124,2001
2022,"27025",2533,1954
2023,"27025",2969,1970
2024,"27025",3423,2307
2014,"27027",1356,1999
2015,"27027",1385,1939
2016,"27027",1541,1930
2017,"27027",1517,1870
2018,"27027",1569,1903
2019,"27027",1547,1825
2020,"27027",1708,1692
2021,"27027",1703,1511
2022,"27027",1871,1449
2023,"27027",2326,1530
2024,"27027",2608,1642
2014,"27029",1396,91
2015,"27029",1455,101
2016,"27029",1420,113
2017,"27029",1393,108
2018,"27029",1420,106
2019,"27029",1540,112
2020,"27029",1642,119
2021,"27029",1640,84
2022,"27029",1978,78
2023,"27029",2194,77
2024,"27029",2795,78
2014,"27031",1667,81
2015,"27031",1787,88
2016,"27031",1772,99
2017,"27031",1990,91
2018,"27031",1766,90
2019,"27031",1788,88
2020,"27031",1732,95
2021,"27031",1616,75
2022,"27031",1838,83
2023,"27031",2192,81
2024,"27031",2881,77
2014,"27033",1369,113
2015,"27033",1331,127
2016,"27033",1398,145
2017,"27033",1428,154
2018,"27033",1462,176
2019,"27033",1643,173
2020,"27033",1529,171
2021,"27033",1702,121
2022,"27033",2074,154
2023,"27033",2301,157
2024,"27033",2459,149
2014,"27035",1642,1555
2015,"27035",1695,1600
2016,"27035",1693,1695
2017,"27035",1686,1656
2018,"27035",1696,1676
2019,"27035",1913,1651
2020,"27035",1928,1643
2021,"27035",1949,1305
2022,"27035",2056,1335
2023,"27035",2434,1349
2024,"27035",2909,1616
2014,"27037",1869,17514
2015,"27037",1961,18246
2016,"27037",1986,19918
2017,"27037",1938,19675
2018,"27037",1951,19429
2019,"27037",2083,19643
2020,"27037",2249,18506
2021,"27037",2208,14397
2022,"27037",2565,13605
2023,"27037",3092,13513
2024,"27037",3550,15002
2014,"27039",1475,716
2015,"27039",1602,727
2016,"27039",1484,762
2017,"27039",1550,770
2018,"27039",1564,784
2019,"27039",1688,770
2020,"27039",2051,731
2021,"27039",1899,598
2022,"27039",2085,567
2023,"27039",2396,539
2024,"27039",2755,598
2014,"27041",1499,1009
2015,"27041",1510,1020
2016,"27041",1591,1055
2017,"27041",1566,1037
2018,"27041",1618,1039
2019,"27041",1699,1029
2020,"27041",1829,1004
2021,"27041",1794,844
2022,"27041",2119,813
2023,"27041",2364,824
2024,"27041",2965,861
2014,"27043",1225,164
2015,"27043",1374,173
2016,"27043",1422,197
2017,"27043",1431,217
2018,"27043",1413,222
2019,"27043",1538,222
2020,"27043",1622,216
2021,"27043",1764,187
2022,"27043",1984,188
2023,"27043",2221,180
2024,"27043",2796,205
2014,"27045",1592,307
2015,"27045",1626,304
2016,"27045",1656,330
2017,"27045",1555,335
2018,"27045",1556,379
2019,"27045",1766,394
2020,"27045",1700,362
2021,"27045",1860,285
2022,"27045",2118,305
2023,"27045",2438,288
2024,"27045",2639,269
2014,"27047",1244,814
2015,"27047",1379,809
2016,"27047",1420,831
2017,"27047",1495,836
2018,"27047",1574,838
2019,"27047",1633,834
2020,"27047",1649,788
2021,"27047",1753,555
2022,"27047",1943,526
2023,"27047",2348,523
2024,"27047",2512,545
2014,"27049",1570,1391
2015,"27049",1672,1435
2016,"27049",1740,1551
2017,"27049",1777,1529
2018,"27049",1928,1552
2019,"27049",1962,1564
2020,"27049",1979,1452
2021,"27049",2042,1376
2022,"27049",2352,1389
2023,"27049",2727,1334
2024,"27049",3171,1407
2014,"27051",1343,86
2015,"27051",1421,93
2016,"27051",1546,100
2017,"27051",1619,103
2018,"27051",1544,110
2019,"27051",1790,107
2020,"27051",1754,94
2021,"27051",1962,84
2022,"27051",2086,84
2023,"27051",2223,85
2024,"27051",3104,68
2014,"27053",1903,49139
2015,"27053",1966,49588
2016,"27053",1932,53207
2017,"27053",1923,53103
2018,"27053",2166,52125
2019,"27053",2091,52413
2020,"27053",2157,48732
2021,"27053",2177,38151
2022,"27053",2612,36636
2023,"27053",3177,36107
2024,"27053",3548,39855
2014,"27055",1499,115
2015,"27055",1503,129
2016,"27055",1492,153
2017,"27055",1544,153
2018,"27055",1538,199
2019,"27055",1692,209
2020,"27055",1780,214
2021,"27055",1675,170
2022,"27055",1799,162
2023,"27055",2130,149
2024,"27055",2755,137
2014,"27057",1549,274
2015,"27057",1537,325
2016,"27057",1532,366
2017,"27057",1568,363
2018,"27057",1524,375
2019,"27057",1697,387
2020,"27057",1753,385
2021,"27057",1709,306
2022,"27057",1999,313
2023,"27057",2207,321
2024,"27057",2792,332
2014,"27059",1726,1524
2015,"27059",1876,1535
2016,"27059",1832,1705
2017,"27059",1819,1708
2018,"27059",1794,1679
2019,"27059",1932,1729
2020,"27059",1924,1689
2021,"27059",2154,1373
2022,"27059",2503,1362
2023,"27059",2926,1384
2024,"27059",3248,1654
2014,"27061",1690,821
2015,"27061",1604,885
2016,"27061",1582,1034
2017,"27061",1584,1075
2018,"27061",1611,1109
2019,"27061",1729,1135
2020,"27061",1713,1093
2021,"27061",1690,879
2022,"27061",1913,853
2023,"27061",2258,847
2024,"27061",2547,1043
2014,"27063",1294,127
2015,"27063",1403,144
2016,"27063",1420,148
2017,"27063",1475,147
2018,"27063",1579,152
2019,"27063",1672,153
2020,"27063",1608,162
2021,"27063",1804,104
2022,"27063",2053,149
2023,"27063",2350,141
2024,"27063",3043,132
2014,"27065",1992,324
2015,"27065",2105,340
2016,"27065",2219,385
2017,"27065",2149,391
2018,"27065",2043,364
2019,"27065",2103,371
2020,"27065",2220,357
2021,"27065",2328,288
2022,"27065",2614,278
2023,"27065",3061,284
2024,"27065",3213,357
2014,"27067",1452,807
2015,"27067",1516,838
2016,"27067",1601,905
2017,"27067",1562,867
2018,"27067",1541,876
2019,"27067",1722,883
2020,"27067",1818,868
2021,"27067",1842,791
2022,"27067",2128,785
2023,"27067",2649,854
2024,"27067",2983,937
2014,"27069",NA,NA
2016,"27069",NA,NA
2017,"27069",NA,NA
2018,"27069",NA,NA
2014,"27071",1393,138
2015,"27071",1421,142
2016,"27071",1357,168
2017,"27071",1289,165
2018,"27071",1385,197
2019,"27071",1404,198
2020,"27071",1409,197
2021,"27071",1535,134
2022,"27071",1628,139
2023,"27071",1969,136
2024,"27071",2381,146
2014,"27073",1394,98
2015,"27073",1573,95
2016,"27073",1536,107
2017,"27073",1754,101
2018,"27073",1661,104
2019,"27073",1718,105
2020,"27073",1798,105
2021,"27073",1943,83
2022,"27073",2280,85
2023,"27073",2638,85
2024,"27073",3061,89
2014,"27075",1423,257
2015,"27075",1451,249
2016,"27075",1449,274
2017,"27075",1454,287
2018,"27075",1386,281
2019,"27075",1512,277
2020,"27075",1647,268
2021,"27075",1690,196
2022,"27075",1797,192
2023,"27075",2157,196
2024,"27075",3280,180
2014,"27077",1287,45
2015,"27077",1388,44
2016,"27077",1458,67
2017,"27077",1377,65
2018,"27077",1380,84
2019,"27077",1406,92
2020,"27077",1473,89
2021,"27077",1771,67
2022,"27077",2015,64
2023,"27077",2627,61
2024,"27077",3236,65
2014,"27079",1632,899
2015,"27079",1693,929
2016,"27079",1834,1006
2017,"27079",1747,962
2018,"27079",1845,958
2019,"27079",2126,968
2020,"27079",1953,893
2021,"27079",2069,750
2022,"27079",2558,730
2023,"27079",2963,734
2024,"27079",3110,877
2014,"27081",1647,38
2015,"27081",1660,40
2016,"27081",1813,54
2017,"27081",1671,58
2018,"27081",1662,88
2019,"27081",1893,94
2020,"27081",2004,94
2021,"27081",1995,68
2022,"27081",2395,69
2023,"27081",2248,62
2024,"27081",2906,51
2014,"27083",1488,514
2015,"27083",1616,527
2016,"27083",1635,568
2017,"27083",1640,569
2018,"27083",1593,670
2019,"27083",1680,652
2020,"27083",1817,629
2021,"27083",1857,489
2022,"27083",2125,554
2023,"27083",2327,527
2024,"27083",2751,489
2014,"27085",1462,1327
2015,"27085",1573,1371
2016,"27085",1718,1409
2017,"27085",1674,1427
2018,"27085",1765,1371
2019,"27085",1791,1357
2020,"27085",1947,1254
2021,"27085",1909,1025
2022,"27085",2164,975
2023,"27085",2640,958
2024,"27085",2946,1080
2014,"27087",1862,26
2015,"27087",1962,26
2016,"27087",1811,44
2017,"27087",2097,45
2018,"27087",1887,47
2019,"27087",2049,47
2020,"27087",1988,48
2021,"27087",2112,22
2022,"27087",2277,27
2023,"27087",2357,29
2024,"27087",2970,28
2014,"27089",1446,85
2015,"27089",1446,100
2016,"27089",1483,113
2017,"27089",1568,113
2018,"27089",1619,118
2019,"27089",1699,119
2020,"27089",1584,121
2021,"27089",1739,91
2022,"27089",1875,92
2023,"27089",2140,92
2024,"27089",2545,97
2014,"27091",1391,328
2015,"27091",1422,319
2016,"27091",1435,353
2017,"27091",1434,367
2018,"27091",1391,380
2019,"27091",1501,376
2020,"27091",1548,354
2021,"27091",1762,328
2022,"27091",1949,379
2023,"27091",2523,342
2024,"27091",2539,346
2014,"27093",1562,818
2015,"27093",1575,849
2016,"27093",1564,899
2017,"27093",1612,887
2018,"27093",1607,854
2019,"27093",1757,831
2020,"27093",1858,783
2021,"27093",1890,666
2022,"27093",2099,647
2023,"27093",2479,653
2024,"27093",3015,737
2014,"27095",1632,671
2015,"27095",1661,715
2016,"27095",1691,785
2017,"27095",1717,788
2018,"27095",1749,780
2019,"27095",1829,792
2020,"27095",1863,755
2021,"27095",1984,637
2022,"27095",2296,638
2023,"27095",2702,668
2024,"27095",3101,770
2014,"27097",1566,647
2015,"27097",1608,697
2016,"27097",1644,747
2017,"27097",1598,727
2018,"27097",1596,741
2019,"27097",1843,755
2020,"27097",1743,735
2021,"27097",1828,637
2022,"27097",2055,640
2023,"27097",2490,670
2024,"27097",2941,824
2014,"27099",1304,1382
2015,"27099",1384,1391
2016,"27099",1421,1441
2017,"27099",1475,1471
2018,"27099",1568,1455
2019,"27099",1640,1375
2020,"27099",1737,1303
2021,"27099",1606,1099
2022,"27099",1827,1035
2023,"27099",2368,991
2024,"27099",2404,1091
2014,"27101",1467,102
2015,"27101",1441,116
2016,"27101",1648,129
2017,"27101",1685,138
2018,"27101",1704,147
2019,"27101",1712,151
2020,"27101",1797,146
2021,"27101",2000,104
2022,"27101",2007,115
2023,"27101",2480,123
2024,"27101",3133,100
2014,"27103",1415,1173
2015,"27103",1493,1169
2016,"27103",1537,1236
2017,"27103",1542,1213
2018,"27103",1639,1244
2019,"27103",1663,1262
2020,"27103",1699,1120
2021,"27103",1897,867
2022,"27103",2108,840
2023,"27103",2387,831
2024,"27103",2865,995
2014,"27105",1335,205
2015,"27105",1470,216
2016,"27105",1586,227
2017,"27105",1603,229
2018,"27105",1613,239
2019,"27105",1655,249
2020,"27105",1794,225
2021,"27105",1738,152
2022,"27105",1972,204
2023,"27105",2272,199
2024,"27105",3122,187
2014,"27107",1495,69
2015,"27107",1533,80
2016,"27107",1623,82
2017,"27107",1593,89
2018,"27107",1637,94
2019,"27107",1690,88
2020,"27107",1641,82
2021,"27107",1798,63
2022,"27107",1957,58
2023,"27107",2086,47
2024,"27107",2471,55
2014,"27109",1474,5210
2015,"27109",1625,5204
2016,"27109",1598,5486
2017,"27109",1606,5332
2018,"27109",1753,5325
2019,"27109",1792,5253
2020,"27109",1848,4797
2021,"27109",1812,3798
2022,"27109",2217,3660
2023,"27109",2506,3488
2024,"27109",2886,3691
2014,"27111",1576,1206
2015,"27111",1585,1233
2016,"27111",1604,1306
2017,"27111",1559,1343
2018,"27111",1550,1404
2019,"27111",1683,1382
2020,"27111",1817,1316
2021,"27111",1810,1070
2022,"27111",2088,1106
2023,"27111",2426,1068
2024,"27111",2908,1112
2014,"27113",1231,339
2015,"27113",1231,318
2016,"27113",1345,373
2017,"27113",1412,373
2018,"27113",1425,351
2019,"27113",1482,350
2020,"27113",1503,338
2021,"27113",1586,243
2022,"27113",1844,242
2023,"27113",1919,241
2024,"27113",2275,244
2014,"27115",1645,532
2015,"27115",1656,562
2016,"27115",1709,602
2017,"27115",1629,595
2018,"27115",1658,612
2019,"27115",1799,613
2020,"27115",1751,603
2021,"27115",1868,446
2022,"27115",2098,475
2023,"27115",2483,502
2024,"27115",2894,587
2014,"27117",1395,55
2015,"27117",1391,64
2016,"27117",1564,76
2017,"27117",1509,68
2018,"27117",1561,69
2019,"27117",1705,69
2020,"27117",1667,80
2021,"27117",1959,66
2022,"27117",2077,77
2023,"27117",2507,74
2024,"27117",3143,90
2014,"27119",1354,438
2015,"27119",1380,458
2016,"27119",1513,553
2017,"27119",1623,592
2018,"27119",1507,650
2019,"27119",1567,630
2020,"27119",1650,596
2021,"27119",1738,441
2022,"27119",1921,459
2023,"27119",2240,470
2024,"27119",2723,517
2014,"27121",1448,237
2015,"27121",1514,246
2016,"27121",1570,255
2017,"27121",1625,249
2018,"27121",1623,283
2019,"27121",1890,287
2020,"27121",1761,281
2021,"27121",1886,222
2022,"27121",2127,215
2023,"27121",2638,217
2024,"27121",3068,230
2014,"27123",1712,16677
2015,"27123",1795,17067
2016,"27123",1770,18647
2017,"27123",1770,18433
2018,"27123",1858,18123
2019,"27123",2042,18132
2020,"27123",2100,17118
2021,"27123",1970,13822
2022,"27123",2591,13287
2023,"27123",3000,13011
2024,"27123",3141,14508
2014,"27125",1260,41
2015,"27125",1277,38
2016,"27125",1422,42
2017,"27125",1385,44
2018,"27125",1243,40
2019,"27125",1408,42
2020,"27125",1403,32
2021,"27125",1442,27
2022,"27125",1704,33
2023,"27125",2135,35
2024,"27125",2779,33
2014,"27127",1552,126
2015,"27127",1505,131
2016,"27127",1640,138
2017,"27127",1579,158
2018,"27127",1558,184
2019,"27127",1665,188
2020,"27127",1604,195
2021,"27127",1700,172
2022,"27127",2163,209
2023,"27127",2427,205
2024,"27127",3062,181
2014,"27129",1399,117
2015,"27129",1580,135
2016,"27129",1673,139
2017,"27129",1642,150
2018,"27129",1741,164
2019,"27129",1791,164
2020,"27129",1888,173
2021,"27129",1890,164
2022,"27129",2074,164
2023,"27129",2384,167
2024,"27129",3107,166
2014,"27131",1712,2307
2015,"27131",1703,2295
2016,"27131",1735,2446
2017,"27131",1754,2413
2018,"27131",2004,2420
2019,"27131",1927,2477
2020,"27131",2009,2322
2021,"27131",2101,1850
2022,"27131",2454,1832
2023,"27131",2985,1759
2024,"27131",3159,1992
2014,"27133",1290,156
2015,"27133",1292,155
2016,"27133",1349,176
2017,"27133",1453,170
2018,"27133",1520,159
2019,"27133",1578,164
2020,"27133",1533,172
2021,"27133",1570,188
2022,"27133",1800,239
2023,"27133",2090,237
2024,"27133",2692,244
2014,"27135",1297,107
2015,"27135",1486,117
2016,"27135",1527,141
2017,"27135",1593,165
2018,"27135",1447,163
2019,"27135",1498,178
2020,"27135",1657,162
2021,"27135",1892,107
2022,"27135",1890,96
2023,"27135",2456,111
2024,"27135",2730,109
2014,"27137",1439,6808
2015,"27137",1525,7224
2016,"27137",1452,8054
2017,"27137",1475,7925
2018,"27137",1488,7814
2019,"27137",1738,7694
2020,"27137",1642,7178
2021,"27137",1582,5590
2022,"27137",1824,5352
2023,"27137",2302,5236
2024,"27137",2394,5272
2014,"27139",1972,6907
2015,"27139",2043,7086
2016,"27139",2135,7554
2017,"27139",2032,7559
2018,"27139",2125,7451
2019,"27139",2150,7478
2020,"27139",2245,6875
2021,"27139",2308,5462
2022,"27139",2780,5326
2023,"27139",3304,5219
2024,"27139",3699,5876
2014,"27141",1723,4396
2015,"27141",1803,4433
2016,"27141",1851,4798
2017,"27141",1827,4869
2018,"27141",1852,4659
2019,"27141",2040,4916
2020,"27141",2360,4686
2021,"27141",2214,3874
2022,"27141",2572,3782
2023,"27141",3261,3734
2024,"27141",3536,4418
2014,"27143",1473,384
2015,"27143",1654,390
2016,"27143",1559,419
2017,"27143",1524,405
2018,"27143",1764,390
2019,"27143",1754,397
2020,"27143",1978,387
2021,"27143",2049,327
2022,"27143",2299,329
2023,"27143",2577,335
2024,"27143",2880,370
2014,"27145",1380,3966
2015,"27145",1486,4096
2016,"27145",1481,4289
2017,"27145",1536,4307
2018,"27145",1519,4331
2019,"27145",1606,4266
2020,"27145",1728,3986
2021,"27145",1763,3636
2022,"27145",2110,3532
2023,"27145",2661,3598
2024,"27145",2833,3874
2014,"27147",1427,1567
2015,"27147",1483,1550
2016,"27147",1607,1646
2017,"27147",1555,1577
2018,"27147",1704,1532
2019,"27147",1713,1538
2020,"27147",1859,1414
2021,"27147",1879,1172
2022,"27147",2164,1287
2023,"27147",2755,1252
2024,"27147",2843,1409
2014,"27149",1431,129
2015,"27149",1485,151
2016,"27149",1579,160
2017,"27149",1710,151
2018,"27149",1648,196
2019,"27149",1759,174
2020,"27149",1799,165
2021,"27149",1881,127
2022,"27149",2144,126
2023,"27149",2657,116
2024,"27149",3182,112
2014,"27151",1468,123
2015,"27151",1407,141
2016,"27151",1404,144
2017,"27151",1462,142
2018,"27151",1398,231
2019,"27151",1552,226
2020,"27151",1639,211
2021,"27151",1830,178
2022,"27151",1960,192
2023,"27151",2358,186
2024,"27151",3065,120
2014,"27153",1527,368
2015,"27153",1545,380
2016,"27153",1595,412
2017,"27153",1557,409
2018,"27153",1535,433
2019,"27153",1601,430
2020,"27153",1599,426
2021,"27153",1699,381
2022,"27153",1932,370
2023,"27153",2142,382
2024,"27153",2712,394
2014,"27155",NA,NA
2015,"27155",NA,NA
2016,"27155",NA,NA
2017,"27155",NA,NA
2018,"27155",NA,NA
2019,"27155",NA,NA
2020,"27155",NA,NA
2021,"27155",NA,NA
2022,"27155",NA,NA
2023,"27155",NA,NA
2014,"27157",1621,348
2015,"27157",1629,355
2016,"27157",1550,398
2017,"27157",1559,379
2018,"27157",1720,390
2019,"27157",1996,404
2020,"27157",1854,383
2021,"27157",1964,314
2022,"27157",2263,308
2023,"27157",2562,318
2024,"27157",2895,347
2014,"27159",1477,132
2015,"27159",1431,148
2016,"27159",1543,170
2017,"27159",1521,176
2018,"27159",1584,187
2019,"27159",1560,195
2020,"27159",1569,204
2021,"27159",1734,148
2022,"27159",1957,155
2023,"27159",2336,175
2024,"27159",2982,173
2014,"27161",1302,549
2015,"27161",1329,570
2016,"27161",1493,617
2017,"27161",1452,608
2018,"27161",1644,621
2019,"27161",1568,628
2020,"27161",1713,569
2021,"27161",1785,469
2022,"27161",2164,478
2023,"27161",2388,462
2024,"27161",2483,520
2014,"27163",1981,11297
2015,"27163",2093,11555
2016,"27163",2114,12572
2017,"27163",2013,12610
2018,"27163",2078,12308
2019,"27163",2157,12389
2020,"27163",2222,11403
2021,"27163",2286,8837
2022,"27163",2657,8348
2023,"27163",3241,8291
2024,"27163",3727,9439
2014,"27165",1264,152
2015,"27165",1410,168
2016,"27165",1507,160
2017,"27165",1506,167
2018,"27165",1564,164
2019,"27165",1615,167
2020,"27165",1648,156
2021,"27165",1801,115
2022,"27165",2075,107
2023,"27165",2555,111
2024,"27165",2671,121
2014,"27167",1670,94
2015,"27167",1675,94
2016,"27167",1650,101
2017,"27167",1720,105
2018,"27167",1590,119
2019,"27167",1656,120
2020,"27167",1983,110
2021,"27167",1841,79
2022,"27167",2009,74
2023,"27167",2203,76
2024,"27167",2821,87
2014,"27169",1218,667
2015,"27169",1279,706
2016,"27169",1267,811
2017,"27169",1319,812
2018,"27169",1381,847
2019,"27169",1476,853
2020,"27169",1523,829
2021,"27169",1574,694
2022,"27169",1860,633
2023,"27169",2233,614
2024,"27169",2760,638
2014,"27171",1814,6293
2015,"27171",1874,6486
2016,"27171",1877,7069
2017,"27171",1959,7137
2018,"27171",1901,6894
2019,"27171",2143,7023
2020,"27171",2162,6493
2021,"27171",2125,5351
2022,"27171",2532,5189
2023,"27171",2912,5227
2024,"27171",3505,6312
2014,"27173",1340,131
2015,"27173",1455,133
2016,"27173",1482,158
2017,"27173",1449,174
2018,"27173",1519,194
2019,"27173",1603,190
2020,"27173",1719,185
2021,"27173",1880,162
2022,"27173",2056,160
2023,"27173",2535,159
2024,"27173",2964,168
2014,"28001",1980,211
2015,"28001",2076,265
2016,"28001",2154,281
2017,"28001",2019,298
2018,"28001",2126,344
2019,"28001",2104,320
2020,"28001",2205,337
2021,"28001",2251,216
2022,"28001",2321,233
2023,"28001",2667,231
2024,"28001",2885,301
2014,"28003",1906,197
2015,"28003",1952,212
2016,"28003",2090,236
2017,"28003",1944,263
2018,"28003",2229,289
2019,"28003",2137,305
2020,"28003",2237,291
2021,"28003",2332,192
2022,"28003",2607,198
2023,"28003",2848,201
2024,"28003",2978,286
2014,"28005",2489,34
2015,"28005",2143,39
2016,"28005",2120,45
2017,"28005",2095,45
2018,"28005",2139,60
2019,"28005",2112,54
2020,"28005",2075,58
2021,"28005",2559,45
2022,"28005",2511,46
2023,"28005",2919,47
2024,"28005",3178,45
2014,"28007",1527,82
2015,"28007",1659,88
2016,"28007",1667,113
2017,"28007",1843,120
2018,"28007",1895,125
2019,"28007",1893,129
2020,"28007",1850,136
2021,"28007",1891,92
2022,"28007",2110,94
2023,"28007",2311,94
2024,"28007",2534,93
2014,"28009",2041,38
2015,"28009",1917,53
2016,"28009",1934,54
2017,"28009",2091,56
2018,"28009",2141,67
2019,"28009",2148,68
2020,"28009",2096,65
2021,"28009",2226,36
2022,"28009",2362,37
2023,"28009",2554,44
2024,"28009",2829,60
2014,"28011",1954,208
2015,"28011",1841,253
2016,"28011",1900,303
2017,"28011",1886,292
2018,"28011",1886,318
2019,"28011",2105,295
2020,"28011",1874,300
2021,"28011",2060,192
2022,"28011",2106,175
2023,"28011",2286,211
2024,"28011",2731,205
2014,"28013",1911,23
2015,"28013",2155,29
2016,"28013",1944,31
2017,"28013",1906,31
2018,"28013",1948,43
2019,"28013",1821,50
2020,"28013",1803,52
2021,"28013",2499,28
2022,"28013",1947,32
2023,"28013",2446,36
2024,"28013",2853,56
2014,"28015",1876,30
2015,"28015",2004,34
2016,"28015",2050,45
2017,"28015",1955,49
2018,"28015",2028,53
2019,"28015",2225,44
2020,"28015",2027,48
2021,"28015",2291,22
2022,"28015",2576,21
2023,"28015",2762,22
2024,"28015",3883,29
2014,"28017",1738,22
2015,"28017",1808,33
2016,"28017",1852,45
2017,"28017",1753,49
2018,"28017",1861,34
2019,"28017",1968,39
2020,"28017",2075,49
2021,"28017",2460,27
2022,"28017",1697,31
2023,"28017",2065,33
2024,"28017",2118,40
2016,"28019",NA,NA
2017,"28019",NA,NA
2018,"28019",NA,NA
2019,"28019",NA,NA
2020,"28019",NA,NA
2021,"28019",NA,NA
2022,"28019",NA,NA
2023,"28019",NA,NA
2024,"28019",NA,NA
2015,"28021",NA,NA
2018,"28021",NA,NA
2014,"28023",1962,101
2015,"28023",1977,123
2016,"28023",2149,134
2017,"28023",2075,153
2018,"28023",2045,169
2019,"28023",2173,157
2020,"28023",2067,158
2021,"28023",2141,102
2022,"28023",2203,107
2023,"28023",2439,115
2024,"28023",2605,109
2014,"28025",2321,84
2015,"28025",2460,101
2016,"28025",2391,123
2017,"28025",2338,111
2018,"28025",2405,54
2019,"28025",2340,76
2020,"28025",2427,83
2021,"28025",2853,65
2022,"28025",2955,71
2023,"28025",3048,83
2024,"28025",3653,112
2014,"28027",2081,89
2015,"28027",2088,97
2016,"28027",2137,106
2017,"28027",2014,130
2018,"28027",2134,140
2019,"28027",1933,132
2020,"28027",1946,125
2021,"28027",2146,79
2022,"28027",2596,78
2023,"28027",2787,66
2024,"28027",3297,73
2014,"28029",2180,145
2015,"28029",1938,185
2016,"28029",1953,215
2017,"28029",1978,233
2018,"28029",2058,244
2019,"28029",2329,231
2020,"28029",2327,242
2021,"28029",2253,181
2022,"28029",2511,173
2023,"28029",2594,190
2024,"28029",2919,210
2014,"28031",2123,60
2015,"28031",2056,70
2016,"28031",2147,74
2017,"28031",2156,86
2018,"28031",2181,99
2019,"28031",2301,109
2020,"28031",2216,113
2021,"28031",2503,77
2022,"28031",2731,93
2023,"28031",3091,110
2024,"28031",3494,98
2014,"28033",1585,5947
2015,"28033",1664,6378
2016,"28033",1654,7288
2017,"28033",1610,7032
2018,"28033",1672,7299
2019,"28033",1764,7167
2020,"28033",1764,7026
2021,"28033",1819,6278
2022,"28033",2120,6054
2023,"28033",2264,6139
2024,"28033",2464,6575
2014,"28035",1997,886
2015,"28035",2015,975
2016,"28035",2101,1192
2017,"28035",2005,1189
2018,"28035",2102,1251
2019,"28035",2129,1216
2020,"28035",2101,1256
2021,"28035",2207,947
2022,"28035",2396,1022
2023,"28035",2663,1085
2024,"28035",2817,1085
2015,"28037",NA,NA
2016,"28037",NA,NA
2017,"28037",NA,NA
2018,"28037",NA,NA
2019,"28037",NA,NA
2020,"28037",NA,NA
2021,"28037",NA,NA
2022,"28037",NA,NA
2023,"28037",NA,NA
2024,"28037",NA,NA
2014,"28039",2400,91
2015,"28039",2329,106
2016,"28039",2345,129
2017,"28039",2157,152
2018,"28039",2155,163
2019,"28039",2174,159
2020,"28039",2210,171
2021,"28039",2273,145
2022,"28039",2537,163
2023,"28039",2981,165
2024,"28039",3095,164
2014,"28041",2404,22
2015,"28041",2202,26
2016,"28041",2104,35
2017,"28041",1893,36
2018,"28041",2283,49
2019,"28041",2314,49
2020,"28041",2299,59
2021,"28041",2671,48
2022,"28041",2828,56
2023,"28041",2998,64
2024,"28041",3235,52
2014,"28043",1958,88
2015,"28043",1887,99
2016,"28043",1816,124
2017,"28043",1820,128
2018,"28043",2188,161
2019,"28043",2196,185
2020,"28043",2175,179
2021,"28043",2420,121
2022,"28043",2554,128
2023,"28043",2733,134
2024,"28043",3095,152
2014,"28045",3083,546
2015,"28045",3079,608
2016,"28045",3028,685
2017,"28045",2899,701
2018,"28045",2901,735
2019,"28045",2947,734
2020,"28045",3067,796
2021,"28045",3165,596
2022,"28045",3626,623
2023,"28045",4191,638
2024,"28045",4498,663
2014,"28047",3089,2964
2015,"28047",3046,3215
2016,"28047",2874,4098
2017,"28047",2657,4033
2018,"28047",2633,4263
2019,"28047",2554,4283
2020,"28047",2612,4318
2021,"28047",2634,3967
2022,"28047",3033,4208
2023,"28047",3571,4193
2024,"28047",3993,4106
2014,"28049",2042,3381
2015,"28049",2078,3620
2016,"28049",2065,4007
2017,"28049",2094,4038
2018,"28049",2124,4186
2019,"28049",2143,4089
2020,"28049",2172,4150
2021,"28049",2139,3147
2022,"28049",2350,3080
2023,"28049",2605,3290
2024,"28049",2904,2996
2015,"28051",NA,NA
2016,"28051",NA,NA
2017,"28051",NA,NA
2018,"28051",NA,NA
2019,"28051",NA,NA
2020,"28051",NA,NA
2021,"28051",NA,NA
2023,"28051",NA,NA
2024,"28051",NA,NA
2017,"28053",NA,NA
2018,"28053",NA,NA
2019,"28053",NA,NA
2020,"28053",NA,NA
2014,"28057",1754,121
2015,"28057",1837,126
2016,"28057",1843,145
2017,"28057",1663,152
2018,"28057",1640,182
2019,"28057",1706,188
2020,"28057",1754,186
2021,"28057",1756,127
2022,"28057",2053,110
2023,"28057",2069,124
2024,"28057",2342,232
2014,"28059",3171,1944
2015,"28059",3154,2136
2016,"28059",3001,2675
2017,"28059",2860,2688
2018,"28059",2773,2972
2019,"28059",2727,3023
2020,"28059",2737,3033
2021,"28059",2930,2539
2022,"28059",3491,2547
2023,"28059",4079,2496
2024,"28059",4503,2489
2014,"28061",1409,29
2015,"28061",1557,40
2016,"28061",1408,54
2017,"28061",1551,58
2018,"28061",1830,86
2019,"28061",1756,90
2020,"28061",1980,101
2021,"28061",2295,65
2022,"28061",2292,69
2023,"28061",2765,80
2024,"28061",2942,76
2016,"28063",NA,NA
2014,"28065",1803,26
2015,"28065",1811,32
2016,"28065",1986,44
2017,"28065",1934,46
2018,"28065",1762,51
2019,"28065",2178,47
2020,"28065",2526,45
2021,"28065",2114,36
2022,"28065",2589,43
2023,"28065",3242,43
2024,"28065",3126,43
2014,"28067",1897,351
2015,"28067",1948,414
2016,"28067",1920,495
2017,"28067",1939,542
2018,"28067",1947,599
2019,"28067",1956,636
2020,"28067",1911,671
2021,"28067",1951,477
2022,"28067",2181,539
2023,"28067",2361,604
2024,"28067",2578,568
2014,"28069",1996,26
2015,"28069",2330,32
2016,"28069",2185,40
2017,"28069",2203,36
2018,"28069",2287,48
2019,"28069",2324,41
2020,"28069",2515,42
2021,"28069",2550,34
2022,"28069",2668,35
2023,"28069",3129,38
2024,"28069",3289,36
2014,"28071",2785,456
2015,"28071",2747,483
2016,"28071",2762,592
2017,"28071",2682,592
2018,"28071",3045,699
2019,"28071",3210,682
2020,"28071",3142,686
2021,"28071",3265,491
2022,"28071",3373,536
2023,"28071",3480,572
2024,"28071",3670,720
2014,"28073",2217,1118
2015,"28073",2276,1262
2016,"28073",2270,1473
2017,"28073",2206,1511
2018,"28073",2270,1608
2019,"28073",2263,1536
2020,"28073",2265,1627
2021,"28073",2258,1167
2022,"28073",2473,1213
2023,"28073",2806,1317
2024,"28073",3188,1253
2014,"28075",1860,885
2015,"28075",1818,943
2016,"28075",1831,1131
2017,"28075",1886,1162
2018,"28075",1848,1308
2019,"28075",1936,1303
2020,"28075",1962,1339
2021,"28075",1992,944
2022,"28075",2205,1004
2023,"28075",2460,1037
2024,"28075",2651,938
2014,"28077",2555,40
2015,"28077",2728,51
2016,"28077",2201,52
2017,"28077",2492,53
2018,"28077",2740,60
2019,"28077",2831,59
2020,"28077",2494,60
2021,"28077",2324,35
2022,"28077",2910,41
2023,"28077",3153,43
2024,"28077",3134,51
2014,"28079",1705,104
2015,"28079",1743,130
2016,"28079",1867,135
2017,"28079",1832,154
2018,"28079",1802,192
2019,"28079",1879,193
2020,"28079",1905,187
2021,"28079",2005,150
2022,"28079",2365,142
2023,"28079",2480,157
2024,"28079",2719,151
2014,"28081",1562,1125
2015,"28081",1626,1131
2016,"28081",1632,1209
2017,"28081",1648,1242
2018,"28081",1645,1293
2019,"28081",1692,1366
2020,"28081",1744,1413
2021,"28081",1844,1018
2022,"28081",1982,1006
2023,"28081",2149,1077
2024,"28081",2334,1595
2014,"28083",1768,104
2015,"28083",1731,114
2016,"28083",1766,163
2017,"28083",1745,161
2018,"28083",1858,179
2019,"28083",1834,166
2020,"28083",1975,165
2021,"28083",1993,124
2022,"28083",2294,134
2023,"28083",2522,137
2024,"28083",2808,127
2014,"28085",2121,239
2015,"28085",2046,257
2016,"28085",1992,282
2017,"28085",2111,297
2018,"28085",2233,328
2019,"28085",2246,328
2020,"28085",2171,373
2021,"28085",2293,321
2022,"28085",2631,343
2023,"28085",2991,283
2024,"28085",3226,369
2014,"28087",1676,588
2015,"28087",1692,643
2016,"28087",1672,891
2017,"28087",1673,875
2018,"28087",1699,1053
2019,"28087",1820,1059
2020,"28087",1897,1055
2021,"28087",1908,843
2022,"28087",2121,891
2023,"28087",2329,898
2024,"28087",2419,1000
2014,"28089",1777,2318
2015,"28089",1922,2482
2016,"28089",2073,2905
2017,"28089",2137,3066
2018,"28089",2248,3107
2019,"28089",2489,3292
2020,"28089",2358,3328
2021,"28089",2433,2822
2022,"28089",2572,2612
2023,"28089",2985,2789
2024,"28089",3092,2709
2014,"28091",2374,89
2015,"28091",2399,116
2016,"28091",2405,148
2017,"28091",2025,167
2018,"28091",2189,192
2019,"28091",2134,151
2020,"28091",2225,160
2021,"28091",2475,88
2022,"28091",2509,108
2023,"28091",2739,110
2024,"28091",3212,118
2014,"28093",1856,385
2015,"28093",1946,433
2016,"28093",1914,487
2017,"28093",1887,533
2018,"28093",1903,564
2019,"28093",2000,593
2020,"28093",2011,642
2021,"28093",2163,512
2022,"28093",2534,536
2023,"28093",2594,582
2024,"28093",2774,647
2014,"28095",2018,194
2015,"28095",1917,208
2016,"28095",1963,253
2017,"28095",1743,267
2018,"28095",1802,318
2019,"28095",1882,315
2020,"28095",1818,313
2021,"28095",1890,237
2022,"28095",2069,224
2023,"28095",2250,242
2024,"28095",2364,285
2018,"28097",NA,NA
2019,"28097",NA,NA
2020,"28097",NA,NA
2022,"28097",NA,NA
2023,"28097",NA,NA
2024,"28097",NA,NA
2014,"28099",1805,120
2015,"28099",1794,142
2016,"28099",1864,185
2017,"28099",1759,199
2018,"28099",1759,216
2019,"28099",1851,223
2020,"28099",1882,241
2021,"28099",1996,135
2022,"28099",2226,148
2023,"28099",2539,159
2024,"28099",2635,155
2014,"28101",1907,76
2015,"28101",1829,85
2016,"28101",1800,122
2017,"28101",1969,146
2018,"28101",1964,187
2019,"28101",2011,184
2020,"28101",2094,214
2021,"28101",2057,145
2022,"28101",2206,128
2023,"28101",2535,144
2024,"28101",2790,131
2019,"28103",NA,NA
2020,"28103",NA,NA
2014,"28105",1708,269
2015,"28105",1859,320
2016,"28105",1759,381
2017,"28105",1755,406
2018,"28105",1729,467
2019,"28105",1965,488
2020,"28105",1902,504
2021,"28105",1975,380
2022,"28105",2086,390
2023,"28105",2399,402
2024,"28105",2588,499
2014,"28107",1789,213
2015,"28107",1827,240
2016,"28107",1739,282
2017,"28107",1653,275
2018,"28107",1830,292
2019,"28107",1904,288
2020,"28107",2013,305
2021,"28107",1939,186
2022,"28107",2336,184
2023,"28107",2549,198
2024,"28107",2633,265
2014,"28109",2399,685
2015,"28109",2461,749
2016,"28109",2342,850
2017,"28109",2247,887
2018,"28109",2214,959
2019,"28109",2260,1042
2020,"28109",2242,1146
2021,"28109",2291,797
2022,"28109",2569,846
2023,"28109",2932,943
2024,"28109",3292,921
2014,"28111",1873,65
2015,"28111",2094,74
2016,"28111",1976,86
2017,"28111",1974,79
2018,"28111",2313,91
2019,"28111",2438,91
2020,"28111",2209,102
2021,"28111",2466,68
2022,"28111",2557,84
2023,"28111",2808,89
2024,"28111",2986,100
2014,"28113",1965,243
2015,"28113",1924,286
2016,"28113",1909,329
2017,"28113",1933,350
2018,"28113",2037,429
2019,"28113",2154,415
2020,"28113",2207,434
2021,"28113",2293,333
2022,"28113",2522,339
2023,"28113",2756,344
2024,"28113",3119,357
2014,"28115",1813,237
2015,"28115",1777,249
2016,"28115",1861,266
2017,"28115",1601,276
2018,"28115",1596,288
2019,"28115",1697,318
2020,"28115",1659,352
2021,"28115",1700,228
2022,"28115",1825,222
2023,"28115",1998,255
2024,"28115",2546,394
2014,"28117",1795,140
2015,"28117",1672,149
2016,"28117",1699,171
2017,"28117",1679,167
2018,"28117",1624,176
2019,"28117",1689,188
2020,"28117",1815,190
2021,"28117",1943,111
2022,"28117",1957,106
2023,"28117",1968,135
2024,"28117",2371,294
2014,"28121",1683,2994
2015,"28121",1711,3185
2016,"28121",1738,3804
2017,"28121",1683,3812
2018,"28121",1793,4192
2019,"28121",1781,3943
2020,"28121",1816,4076
2021,"28121",1940,3250
2022,"28121",2039,3242
2023,"28121",2366,3444
2024,"28121",2642,3387
2014,"28123",1907,54
2015,"28123",1701,75
2016,"28123",1702,97
2017,"28123",1811,115
2018,"28123",1925,147
2019,"28123",2073,152
2020,"28123",2197,172
2021,"28123",2263,131
2022,"28123",2645,126
2023,"28123",2938,136
2024,"28123",3128,127
2014,"28127",1873,112
2015,"28127",1869,140
2016,"28127",1932,175
2017,"28127",2012,179
2018,"28127",2085,197
2019,"28127",2056,212
2020,"28127",2122,200
2021,"28127",2144,130
2022,"28127",2330,145
2023,"28127",2605,158
2024,"28127",3168,165
2014,"28129",1890,23
2015,"28129",2380,29
2016,"28129",2239,45
2017,"28129",2108,51
2018,"28129",2228,70
2019,"28129",2128,70
2020,"28129",1868,71
2021,"28129",2123,59
2022,"28129",2605,55
2023,"28129",2695,61
2024,"28129",2841,59
2014,"28131",2249,112
2015,"28131",2053,131
2016,"28131",2083,159
2017,"28131",1978,162
2018,"28131",2021,166
2019,"28131",2109,161
2020,"28131",2202,172
2021,"28131",2278,130
2022,"28131",2730,148
2023,"28131",2981,183
2024,"28131",3215,171
2014,"28133",2468,64
2015,"28133",2408,73
2016,"28133",2448,85
2017,"28133",2317,90
2018,"28133",2346,89
2019,"28133",2468,107
2020,"28133",2261,115
2021,"28133",2213,63
2022,"28133",2500,77
2023,"28133",2589,84
2024,"28133",2949,79
2015,"28135",NA,NA
2016,"28135",NA,NA
2017,"28135",NA,NA
2018,"28135",NA,NA
2019,"28135",NA,NA
2014,"28137",1727,404
2015,"28137",1770,446
2016,"28137",1758,519
2017,"28137",1786,544
2018,"28137",1811,595
2019,"28137",1916,572
2020,"28137",1816,581
2021,"28137",1931,462
2022,"28137",2174,463
2023,"28137",2432,483
2024,"28137",2742,553
2014,"28139",1584,61
2015,"28139",1539,66
2016,"28139",1477,87
2017,"28139",1574,95
2018,"28139",1552,102
2019,"28139",1745,113
2020,"28139",1806,104
2021,"28139",1794,60
2022,"28139",2023,53
2023,"28139",2233,62
2024,"28139",2586,108
2014,"28141",1409,88
2015,"28141",1481,106
2016,"28141",1581,121
2017,"28141",1472,140
2018,"28141",1578,152
2019,"28141",1551,155
2020,"28141",1736,139
2021,"28141",1666,86
2022,"28141",1869,96
2023,"28141",2094,123
2024,"28141",2349,145
2014,"28143",1620,42
2015,"28143",1758,55
2016,"28143",1882,63
2017,"28143",1791,54
2018,"28143",1855,58
2019,"28143",1936,52
2020,"28143",2116,53
2021,"28143",1989,43
2022,"28143",2058,40
2023,"28143",2304,39
2024,"28143",2596,41
2014,"28145",1558,140
2015,"28145",1521,164
2016,"28145",1615,185
2017,"28145",1452,198
2018,"28145",1540,204
2019,"28145",1571,232
2020,"28145",1603,231
2021,"28145",1816,164
2022,"28145",1803,170
2023,"28145",2063,174
2024,"28145",2502,432
2014,"28147",2071,43
2015,"28147",1679,48
2016,"28147",1696,50
2017,"28147",1978,67
2018,"28147",2056,84
2019,"28147",2279,80
2020,"28147",2144,86
2021,"28147",2484,56
2022,"28147",2545,49
2023,"28147",3127,65
2024,"28147",3964,63
2014,"28149",1898,475
2015,"28149",1901,513
2016,"28149",1921,623
2017,"28149",1901,602
2018,"28149",2035,699
2019,"28149",2078,715
2020,"28149",2219,725
2021,"28149",2063,489
2022,"28149",2331,488
2023,"28149",2690,490
2024,"28149",2760,546
2014,"28151",2087,293
2015,"28151",1939,341
2016,"28151",2043,377
2017,"28151",1986,385
2018,"28151",2091,428
2019,"28151",2011,424
2020,"28151",2072,398
2021,"28151",2286,269
2022,"28151",2379,276
2023,"28151",2605,274
2024,"28151",2956,272
2014,"28153",1737,56
2015,"28153",1699,72
2016,"28153",1790,95
2017,"28153",1769,104
2018,"28153",1859,123
2019,"28153",1827,130
2020,"28153",2041,119
2021,"28153",2099,91
2022,"28153",2173,111
2023,"28153",2604,111
2024,"28153",2657,113
2016,"28155",NA,NA
2017,"28155",NA,NA
2018,"28155",NA,NA
2019,"28155",NA,NA
2020,"28155",NA,NA
2021,"28155",NA,NA
2022,"28155",NA,NA
2023,"28155",NA,NA
2024,"28155",NA,NA
2014,"28159",1848,50
2015,"28159",1636,54
2016,"28159",1634,63
2017,"28159",1867,67
2018,"28159",2349,56
2019,"28159",2414,54
2020,"28159",2156,60
2021,"28159",2390,44
2022,"28159",2483,48
2023,"28159",2355,47
2024,"28159",2819,72
2014,"28161",2042,37
2015,"28161",1713,42
2016,"28161",1844,41
2017,"28161",1727,52
2018,"28161",1987,74
2019,"28161",1855,77
2020,"28161",1996,85
2021,"28161",2221,51
2022,"28161",2413,56
2023,"28161",2473,65
2024,"28161",2772,76
2014,"28163",2128,119
2015,"28163",2059,132
2016,"28163",2263,160
2017,"28163",2218,180
2018,"28163",2288,188
2019,"28163",2279,198
2020,"28163",2282,203
2021,"28163",2435,174
2022,"28163",2476,160
2023,"28163",2839,162
2024,"28163",3038,147
2014,"29001",1144,118
2015,"29001",1242,137
2016,"29001",1320,183
2017,"29001",1320,179
2018,"29001",1411,224
2019,"29001",1502,249
2020,"29001",1568,259
2021,"29001",1788,191
2022,"29001",1846,221
2023,"29001",2038,231
2024,"29001",1987,245
2014,"29003",1388,282
2015,"29003",1363,302
2016,"29003",1431,363
2017,"29003",1393,364
2018,"29003",1459,416
2019,"29003",1506,409
2020,"29003",1628,405
2021,"29003",1696,334
2022,"29003",1788,354
2023,"29003",2015,375
2024,"29003",2230,382
2019,"29005",NA,NA
2020,"29005",NA,NA
2021,"29005",NA,NA
2022,"29005",NA,NA
2023,"29005",NA,NA
2024,"29005",NA,NA
2014,"29007",1219,188
2015,"29007",1274,208
2016,"29007",1345,246
2017,"29007",1271,270
2018,"29007",1311,262
2019,"29007",1370,270
2020,"29007",1395,294
2021,"29007",1433,228
2022,"29007",1467,251
2023,"29007",1675,286
2024,"29007",1961,299
2014,"29009",1458,268
2015,"29009",1531,410
2016,"29009",1521,479
2017,"29009",1492,525
2018,"29009",1603,567
2019,"29009",1680,579
2020,"29009",1671,602
2021,"29009",1826,438
2022,"29009",2125,468
2023,"29009",2248,532
2024,"29009",2497,514
2014,"29011",1419,72
2015,"29011",1339,87
2016,"29011",1384,104
2017,"29011",1361,111
2018,"29011",1389,121
2019,"29011",1511,119
2020,"29011",1594,137
2021,"29011",1731,83
2022,"29011",2036,109
2023,"29011",2237,114
2024,"29011",2479,127
2014,"29013",1631,134
2015,"29013",1648,153
2016,"29013",1574,177
2017,"29013",1594,183
2018,"29013",1628,200
2019,"29013",1739,224
2020,"29013",1944,262
2021,"29013",1837,249
2022,"29013",2020,251
2023,"29013",2222,295
2024,"29013",2710,350
2014,"29015",1422,67
2015,"29015",1460,75
2016,"29015",1521,174
2017,"29015",1477,222
2018,"29015",1516,241
2019,"29015",1652,243
2020,"29015",1575,256
2021,"29015",1834,222
2022,"29015",2055,227
2023,"29015",2205,246
2024,"29015",2464,258
2019,"29017",NA,NA
2020,"29017",NA,NA
2021,"29017",NA,NA
2023,"29017",NA,NA
2024,"29017",NA,NA
2014,"29019",1372,3746
2015,"29019",1425,3824
2016,"29019",1422,4033
2017,"29019",1543,3887
2018,"29019",1470,3698
2019,"29019",1555,3664
2020,"29019",1626,3841
2021,"29019",1709,3209
2022,"29019",1871,3129
2023,"29019",2011,3347
2024,"29019",2381,3292
2014,"29021",1355,1854
2015,"29021",1317,2008
2016,"29021",1338,2205
2017,"29021",1390,2246
2018,"29021",1392,2354
2019,"29021",1477,2344
2020,"29021",1603,2290
2021,"29021",1603,1963
2022,"29021",1721,1957
2023,"29021",1873,2053
2024,"29021",2113,2194
2014,"29023",1716,250
2015,"29023",2107,285
2016,"29023",1988,337
2017,"29023",1874,347
2018,"29023",1877,415
2019,"29023",1706,460
2020,"29023",1771,469
2021,"29023",1874,366
2022,"29023",2060,407
2023,"29023",2180,441
2024,"29023",2462,489
2014,"29025",1689,51
2015,"29025",1855,90
2016,"29025",1741,99
2017,"29025",1765,101
2018,"29025",1788,121
2019,"29025",1748,129
2020,"29025",1854,161
2021,"29025",1781,115
2022,"29025",2135,107
2023,"29025",2266,126
2024,"29025",2647,133
2014,"29027",1398,418
2015,"29027",1408,436
2016,"29027",1450,484
2017,"29027",1459,488
2018,"29027",1789,530
2019,"29027",2002,547
2020,"29027",1647,559
2021,"29027",1741,447
2022,"29027",1766,452
2023,"29027",1899,488
2024,"29027",2225,549
2014,"29029",1784,711
2015,"29029",1843,741
2016,"29029",1773,820
2017,"29029",1738,827
2018,"29029",1703,814
2019,"29029",1826,828
2020,"29029",1884,826
2021,"29029",2004,700
2022,"29029",2244,717
2023,"29029",2502,757
2024,"29029",2753,859
2014,"29031",1571,1585
2015,"29031",1579,1708
2016,"29031",1625,1838
2017,"29031",1613,1866
2018,"29031",1644,2112
2019,"29031",1714,2177
2020,"29031",1724,2512
2021,"29031",1862,1976
2022,"29031",1982,1966
2023,"29031",2149,2225
2024,"29031",2510,2090
2015,"29033",NA,NA
2016,"29033",NA,NA
2017,"29033",NA,NA
2018,"29033",NA,NA
2019,"29033",NA,NA
2020,"29033",NA,NA
2021,"29033",NA,NA
2022,"29033",NA,NA
2023,"29033",NA,NA
2024,"29033",NA,NA
2014,"29037",1580,3937
2015,"29037",1609,4125
2016,"29037",1649,4591
2017,"29037",1678,4534
2018,"29037",1806,4589
2019,"29037",1878,4667
2020,"29037",1983,4920
2021,"29037",2029,4257
2022,"29037",2181,3988
2023,"29037",2360,4328
2024,"29037",2939,4621
2014,"29039",1602,133
2015,"29039",1550,157
2016,"29039",1580,176
2017,"29039",1527,179
2018,"29039",1611,187
2019,"29039",1656,197
2020,"29039",1619,201
2021,"29039",1764,162
2022,"29039",1909,181
2023,"29039",2134,206
2024,"29039",2310,207
2019,"29041",NA,NA
2020,"29041",NA,NA
2021,"29041",NA,NA
2022,"29041",NA,NA
2023,"29041",NA,NA
2024,"29041",NA,NA
2014,"29043",1523,2635
2015,"29043",1513,2759
2016,"29043",1573,3049
2017,"29043",1567,3068
2018,"29043",1686,3268
2019,"29043",1761,3320
2020,"29043",1857,3628
2021,"29043",1886,2925
2022,"29043",2145,2767
2023,"29043",2289,2927
2024,"29043",2690,2870
2014,"29047",1496,9106
2015,"29047",1617,9603
2016,"29047",1619,10673
2017,"29047",1570,10708
2018,"29047",1727,10788
2019,"29047",1769,10741
2020,"29047",1992,10998
2021,"29047",1950,9348
2022,"29047",2156,8568
2023,"29047",2299,9162
2024,"29047",2907,9464
2014,"29049",1588,349
2015,"29049",1654,375
2016,"29049",1656,403
2017,"29049",1641,449
2018,"29049",1677,495
2019,"29049",1770,549
2020,"29049",1901,574
2021,"29049",1982,475
2022,"29049",2296,492
2023,"29049",2383,563
2024,"29049",2864,561
2014,"29051",1332,912
2015,"29051",1334,955
2016,"29051",1402,1169
2017,"29051",1382,1150
2018,"29051",1600,1164
2019,"29051",1594,1189
2020,"29051",1652,1176
2021,"29051",1790,1001
2022,"29051",1888,1082
2023,"29051",2097,1181
2024,"29051",2375,1476
2014,"29053",1284,235
2015,"29053",1315,253
2016,"29053",1329,272
2017,"29053",1347,290
2018,"29053",1363,284
2019,"29053",1378,272
2020,"29053",1507,282
2021,"29053",1571,211
2022,"29053",1810,232
2023,"29053",1932,257
2024,"29053",2278,267
2014,"29055",1527,247
2015,"29055",1549,292
2016,"29055",1501,346
2017,"29055",1518,373
2018,"29055",1458,409
2019,"29055",1596,412
2020,"29055",1588,350
2021,"29055",1689,242
2022,"29055",1938,242
2023,"29055",2173,269
2024,"29055",2505,256
2015,"29057",NA,NA
2016,"29057",NA,NA
2017,"29057",NA,NA
2018,"29057",NA,NA
2019,"29057",NA,NA
2020,"29057",NA,NA
2021,"29057",NA,NA
2022,"29057",NA,NA
2023,"29057",NA,NA
2024,"29057",NA,NA
2014,"29059",1516,156
2015,"29059",1458,203
2016,"29059",1488,245
2017,"29059",1558,271
2018,"29059",1588,293
2019,"29059",1666,312
2020,"29059",1624,347
2021,"29059",1823,252
2022,"29059",1905,245
2023,"29059",2083,260
2024,"29059",2526,275
2014,"29061",1715,41
2015,"29061",1537,60
2016,"29061",1614,69
2017,"29061",1808,88
2018,"29061",1732,94
2019,"29061",1769,85
2020,"29061",1852,92
2021,"29061",1931,74
2022,"29061",2077,77
2023,"29061",2275,97
2024,"29061",2393,101
2014,"29063",1545,78
2015,"29063",1549,94
2016,"29063",1517,116
2017,"29063",1590,120
2018,"29063",1543,132
2019,"29063",1569,141
2020,"29063",1652,154
2021,"29063",1770,117
2022,"29063",1881,135
2023,"29063",2070,151
2024,"29063",2376,173
2014,"29065",1680,43
2015,"29065",1567,53
2016,"29065",1557,84
2017,"29065",1587,94
2018,"29065",1581,122
2019,"29065",1672,135
2020,"29065",1710,152
2021,"29065",1919,100
2022,"29065",2050,115
2023,"29065",2135,126
2024,"29065",2238,113
2021,"29067",NA,NA
2022,"29067",NA,NA
2023,"29067",NA,NA
2024,"29067",NA,NA
2015,"29069",NA,NA
2016,"29069",NA,NA
2017,"29069",NA,NA
2018,"29069",NA,NA
2019,"29069",NA,NA
2020,"29069",NA,NA
2021,"29069",NA,NA
2022,"29069",NA,NA
2023,"29069",NA,NA
2024,"29069",NA,NA
2014,"29071",1619,1723
2015,"29071",1675,1849
2016,"29071",1673,2084
2017,"29071",1693,2061
2018,"29071",1733,2014
2019,"29071",1752,2078
2020,"29071",1811,2196
2021,"29071",1894,1735
2022,"29071",2087,1692
2023,"29071",2179,1889
2024,"29071",2525,1841
2014,"29073",1710,115
2015,"29073",1611,134
2016,"29073",1593,149
2017,"29073",1558,179
2018,"29073",1541,194
2019,"29073",1573,196
2020,"29073",1581,226
2021,"29073",1684,173
2022,"29073",1845,176
2023,"29073",1991,205
2024,"29073",2302,203
2014,"29075",1386,33
2015,"29075",1463,36
2016,"29075",1518,43
2017,"29075",1499,52
2018,"29075",1609,60
2019,"29075",1564,69
2020,"29075",1631,67
2021,"29075",1944,54
2022,"29075",2073,55
2023,"29075",2296,55
2024,"29075",2532,64
2014,"29077",1395,7913
2015,"29077",1379,8650
2016,"29077",1390,9409
2017,"29077",1388,9445
2018,"29077",1462,9727
2019,"29077",1519,9775
2020,"29077",1615,10186
2021,"29077",1695,8375
2022,"29077",1867,7887
2023,"29077",2028,8331
2024,"29077",2495,7904
2014,"29079",1226,62
2015,"29079",1298,72
2016,"29079",1255,81
2017,"29079",1214,96
2018,"29079",1499,98
2019,"29079",1377,96
2020,"29079",1413,97
2021,"29079",1592,73
2022,"29079",1748,77
2023,"29079",1973,75
2024,"29079",2092,100
2014,"29081",1361,43
2015,"29081",1229,49
2016,"29081",1659,55
2017,"29081",1535,53
2018,"29081",1318,58
2019,"29081",1306,54
2020,"29081",1265,66
2021,"29081",1501,36
2022,"29081",1839,50
2023,"29081",2051,52
2024,"29081",2387,48
2014,"29083",1525,263
2015,"29083",1490,291
2016,"29083",1524,342
2017,"29083",1555,351
2018,"29083",1572,371
2019,"29083",1570,369
2020,"29083",1679,383
2021,"29083",1766,338
2022,"29083",2088,329
2023,"29083",2230,348
2024,"29083",2546,400
2020,"29085",NA,NA
2021,"29085",NA,NA
2022,"29085",NA,NA
2023,"29085",NA,NA
2024,"29085",NA,NA
2014,"29087",1977,31
2015,"29087",1989,34
2016,"29087",1780,39
2017,"29087",1697,45
2018,"29087",1789,43
2019,"29087",1775,43
2020,"29087",1946,52
2021,"29087",2003,32
2022,"29087",2068,42
2023,"29087",2093,47
2024,"29087",2473,53
2014,"29089",1652,63
2015,"29089",1590,64
2016,"29089",1581,73
2017,"29089",1557,66
2018,"29089",1464,76
2019,"29089",1455,69
2020,"29089",1619,78
2021,"29089",1958,65
2022,"29089",1842,61
2023,"29089",2172,73
2024,"29089",2372,68
2014,"29091",1371,349
2015,"29091",1400,415
2016,"29091",1391,458
2017,"29091",1444,482
2018,"29091",1500,529
2019,"29091",1607,535
2020,"29091",1635,603
2021,"29091",1786,465
2022,"29091",1925,518
2023,"29091",2013,550
2024,"29091",2237,608
2014,"29093",1402,31
2015,"29093",1414,47
2016,"29093",1490,54
2017,"29093",1461,59
2018,"29093",1578,68
2019,"29093",1559,76
2020,"29093",1640,68
2021,"29093",1820,45
2022,"29093",2022,51
2023,"29093",2069,51
2024,"29093",2645,57
2014,"29095",1518,18842
2015,"29095",1540,20152
2016,"29095",1587,22521
2017,"29095",1563,21930
2018,"29095",1696,22211
2019,"29095",1779,22353
2020,"29095",1915,22837
2021,"29095",1919,19863
2022,"29095",2179,18644
2023,"29095",2283,20199
2024,"29095",3096,20691
2014,"29097",1418,3024
2015,"29097",1432,3218
2016,"29097",1471,3618
2017,"29097",1443,3584
2018,"29097",1506,3770
2019,"29097",1607,3727
2020,"29097",1675,3835
2021,"29097",1761,3209
2022,"29097",2035,3104
2023,"29097",2164,3272
2024,"29097",2446,3199
2014,"29099",1560,7869
2015,"29099",1579,8459
2016,"29099",1614,9359
2017,"29099",1594,9179
2018,"29099",1791,8991
2019,"29099",1776,9020
2020,"29099",1758,8970
2021,"29099",1776,7277
2022,"29099",2043,6896
2023,"29099",2132,7507
2024,"29099",2492,7094
2014,"29101",1537,1053
2015,"29101",1687,1126
2016,"29101",1522,1435
2017,"29101",1575,1411
2018,"29101",1704,1531
2019,"29101",1766,1512
2020,"29101",1811,1563
2021,"29101",2003,1498
2022,"29101",2211,1463
2023,"29101",2322,1438
2024,"29101",2604,1566
2014,"29105",1362,372
2015,"29105",1550,443
2016,"29105",1464,506
2017,"29105",1541,489
2018,"29105",1619,594
2019,"29105",1707,650
2020,"29105",1752,617
2021,"29105",1820,564
2022,"29105",1989,546
2023,"29105",2209,583
2024,"29105",2435,621
2014,"29107",1542,630
2015,"29107",1568,709
2016,"29107",1591,794
2017,"29107",1645,824
2018,"29107",1810,853
2019,"29107",1807,840
2020,"29107",1886,871
2021,"29107",1934,706
2022,"29107",2113,726
2023,"29107",2248,826
2024,"29107",2642,910
2014,"29109",1519,469
2015,"29109",1532,580
2016,"29109",1626,685
2017,"29109",1461,710
2018,"29109",1568,775
2019,"29109",1625,789
2020,"29109",1680,813
2021,"29109",1748,585
2022,"29109",1973,661
2023,"29109",2140,723
2024,"29109",2408,733
2022,"29111",NA,NA
2023,"29111",NA,NA
2024,"29111",NA,NA
2014,"29113",1604,1129
2015,"29113",1620,1270
2016,"29113",1652,1398
2017,"29113",1631,1465
2018,"29113",1783,1533
2019,"29113",1691,1586
2020,"29113",1692,1596
2021,"29113",1744,1253
2022,"29113",2132,1296
2023,"29113",2170,1410
2024,"29113",2554,1450
2019,"29115",NA,NA
2020,"29115",NA,NA
2021,"29115",NA,NA
2022,"29115",NA,NA
2023,"29115",NA,NA
2024,"29115",NA,NA
2014,"29117",1555,197
2015,"29117",1466,206
2016,"29117",1311,218
2017,"29117",1391,226
2018,"29117",1457,241
2019,"29117",1443,264
2020,"29117",1491,274
2021,"29117",1593,245
2022,"29117",1785,267
2023,"29117",1927,282
2024,"29117",2188,312
2014,"29119",1581,97
2015,"29119",1687,144
2016,"29119",1741,180
2017,"29119",1711,202
2018,"29119",1810,229
2019,"29119",1858,250
2020,"29119",1937,277
2021,"29119",2137,196
2022,"29119",2285,203
2023,"29119",2525,213
2024,"29119",2676,225
2014,"29121",1328,79
2015,"29121",1311,85
2016,"29121",1417,100
2017,"29121",1393,97
2018,"29121",1438,116
2019,"29121",1432,127
2020,"29121",1458,129
2021,"29121",1927,86
2022,"29121",2096,100
2023,"29121",2149,107
2024,"29121",2342,122
2014,"29123",1377,62
2015,"29123",1434,79
2016,"29123",1522,97
2017,"29123",1425,98
2018,"29123",1531,120
2019,"29123",1554,125
2020,"29123",1534,134
2021,"29123",1556,106
2022,"29123",1662,101
2023,"29123",1819,106
2024,"29123",2052,103
2014,"29125",1732,69
2015,"29125",1762,82
2016,"29125",1619,103
2017,"29125",1651,97
2018,"29125",1583,108
2019,"29125",1725,122
2020,"29125",1800,109
2021,"29125",1846,97
2022,"29125",2083,94
2023,"29125",2299,100
2024,"29125",2741,110
2014,"29127",1348,169
2015,"29127",1457,193
2016,"29127",1430,239
2017,"29127",1394,249
2018,"29127",1442,311
2019,"29127",1484,311
2020,"29127",1468,287
2021,"29127",1606,203
2022,"29127",1752,208
2023,"29127",1840,237
2024,"29127",2016,267
2019,"29129",NA,NA
2020,"29129",NA,NA
2014,"29131",1626,243
2015,"29131",1519,265
2016,"29131",1549,298
2017,"29131",1536,284
2018,"29131",1642,313
2019,"29131",1705,323
2020,"29131",1668,342
2021,"29131",1892,270
2022,"29131",2099,316
2023,"29131",2398,341
2024,"29131",2762,408
2014,"29133",1384,44
2015,"29133",1444,52
2016,"29133",1422,74
2017,"29133",1589,86
2018,"29133",1512,106
2019,"29133",1620,114
2020,"29133",1673,121
2021,"29133",1786,84
2022,"29133",1818,90
2023,"29133",1935,109
2024,"29133",2092,97
2014,"29135",1472,66
2015,"29135",1607,73
2016,"29135",1599,102
2017,"29135",1581,107
2018,"29135",1498,113
2019,"29135",1663,113
2020,"29135",1681,117
2021,"29135",1842,96
2022,"29135",2052,117
2023,"29135",2261,129
2024,"29135",2394,164
2014,"29137",1382,20
2015,"29137",1269,24
2016,"29137",1715,39
2017,"29137",1754,43
2018,"29137",1508,50
2019,"29137",1549,58
2020,"29137",1619,55
2021,"29137",1900,36
2022,"29137",2019,36
2023,"29137",1971,51
2024,"29137",2497,46
2014,"29139",1780,56
2015,"29139",1719,85
2016,"29139",1799,94
2017,"29139",1684,115
2018,"29139",1861,131
2019,"29139",1931,146
2020,"29139",1757,155
2021,"29139",1905,113
2022,"29139",1895,137
2023,"29139",2073,145
2024,"29139",2473,154
2014,"29141",1465,143
2015,"29141",1483,157
2016,"29141",1505,175
2017,"29141",1547,185
2018,"29141",1612,200
2019,"29141",1617,202
2020,"29141",1837,217
2021,"29141",1830,199
2022,"29141",2059,208
2023,"29141",2378,234
2024,"29141",2502,269
2014,"29143",1648,54
2015,"29143",1556,80
2016,"29143",1642,88
2017,"29143",1667,121
2018,"29143",1617,135
2019,"29143",1672,138
2020,"29143",1747,168
2021,"29143",1875,97
2022,"29143",2045,112
2023,"29143",2174,130
2024,"29143",2532,130
2014,"29145",1430,1140
2015,"29145",1465,1239
2016,"29145",1559,1390
2017,"29145",1513,1426
2018,"29145",1555,1462
2019,"29145",1649,1487
2020,"29145",1697,1484
2021,"29145",1845,1319
2022,"29145",2153,1250
2023,"29145",2291,1355
2024,"29145",2541,1338
2014,"29147",1316,219
2015,"29147",1323,237
2016,"29147",1357,278
2017,"29147",1349,282
2018,"29147",1359,297
2019,"29147",1411,306
2020,"29147",1505,286
2021,"29147",1566,220
2022,"29147",1783,211
2023,"29147",1958,220
2024,"29147",2246,241
2020,"29149",NA,NA
2021,"29149",NA,NA
2022,"29149",NA,NA
2023,"29149",NA,NA
2024,"29149",NA,NA
2014,"29151",1427,124
2015,"29151",1452,121
2016,"29151",1444,121
2017,"29151",1430,121
2018,"29151",1521,132
2019,"29151",1673,145
2020,"29151",1639,128
2021,"29151",1796,122
2022,"29151",2036,147
2023,"29151",2241,177
2024,"29151",2632,221
2016,"29153",NA,NA
2017,"29153",NA,NA
2018,"29153",NA,NA
2019,"29153",NA,NA
2020,"29153",NA,NA
2021,"29153",NA,NA
2022,"29153",NA,NA
2023,"29153",NA,NA
2024,"29153",NA,NA
2018,"29155",NA,NA
2019,"29155",NA,NA
2020,"29155",NA,NA
2021,"29155",NA,NA
2022,"29155",NA,NA
2023,"29155",NA,NA
2024,"29155",NA,NA
2014,"29157",1435,343
2015,"29157",1533,395
2016,"29157",1570,429
2017,"29157",1541,439
2018,"29157",1634,487
2019,"29157",1557,520
2020,"29157",1586,604
2021,"29157",1558,490
2022,"29157",1632,468
2023,"29157",1756,483
2024,"29157",2040,478
2014,"29159",1418,618
2015,"29159",1423,692
2016,"29159",1485,799
2017,"29159",1454,794
2018,"29159",1453,829
2019,"29159",1565,817
2020,"29159",1685,821
2021,"29159",1606,749
2022,"29159",1759,718
2023,"29159",1856,738
2024,"29159",2116,772
2014,"29161",1568,410
2015,"29161",1544,504
2016,"29161",1588,632
2017,"29161",1606,639
2018,"29161",1617,708
2019,"29161",1673,737
2020,"29161",1729,720
2021,"29161",1866,533
2022,"29161",2036,508
2023,"29161",2116,538
2024,"29161",2463,550
2014,"29163",1497,103
2015,"29163",1567,111
2016,"29163",1568,141
2017,"29163",1570,144
2018,"29163",1615,149
2019,"29163",1700,160
2020,"29163",1658,163
2021,"29163",1737,119
2022,"29163",1995,122
2023,"29163",1983,141
2024,"29163",2397,140
2014,"29165",1775,3271
2015,"29165",1785,3378
2016,"29165",1821,3984
2017,"29165",1797,3995
2018,"29165",1930,4092
2019,"29165",1968,4200
2020,"29165",2147,4217
2021,"29165",2178,3439
2022,"29165",2614,3208
2023,"29165",2610,3362
2024,"29165",3158,3484
2014,"29167",1554,722
2015,"29167",1540,742
2016,"29167",1661,779
2017,"29167",1593,739
2018,"29167",1581,752
2019,"29167",1662,782
2020,"29167",1750,823
2021,"29167",1872,729
2022,"29167",2092,736
2023,"29167",2234,743
2024,"29167",2609,736
2014,"29169",1494,1732
2015,"29169",1540,1803
2016,"29169",1519,2082
2017,"29169",1554,1962
2018,"29169",1678,2126
2019,"29169",1696,2103
2020,"29169",1761,2057
2021,"29169",1822,1921
2022,"29169",2034,1795
2023,"29169",2206,1716
2024,"29169",2390,1763
2018,"29171",NA,NA
2019,"29171",NA,NA
2020,"29171",NA,NA
2021,"29171",NA,NA
2022,"29171",NA,NA
2014,"29173",1295,70
2015,"29173",1328,92
2016,"29173",1560,107
2017,"29173",1559,117
2018,"29173",1571,130
2019,"29173",1592,139
2020,"29173",1657,139
2021,"29173",1767,81
2022,"29173",1927,87
2023,"29173",2126,86
2024,"29173",2108,111
2014,"29175",1295,194
2015,"29175",1381,219
2016,"29175",1415,259
2017,"29175",1356,286
2018,"29175",1453,312
2019,"29175",1452,335
2020,"29175",1509,356
2021,"29175",1609,297
2022,"29175",1655,314
2023,"29175",1799,355
2024,"29175",2137,344
2014,"29177",1531,502
2015,"29177",1592,563
2016,"29177",1635,623
2017,"29177",1592,637
2018,"29177",1668,667
2019,"29177",1680,691
2020,"29177",1743,701
2021,"29177",1874,572
2022,"29177",1978,592
2023,"29177",2191,664
2024,"29177",2686,666
2016,"29179",NA,NA
2017,"29179",NA,NA
2018,"29179",NA,NA
2019,"29179",NA,NA
2020,"29179",NA,NA
2021,"29179",NA,NA
2022,"29179",NA,NA
2023,"29179",NA,NA
2024,"29179",NA,NA
2020,"29181",NA,NA
2021,"29181",NA,NA
2022,"29181",NA,NA
2023,"29181",NA,NA
2024,"29181",NA,NA
2014,"29183",1655,13503
2015,"29183",1725,14689
2016,"29183",1809,16666
2017,"29183",1754,16690
2018,"29183",1884,16355
2019,"29183",1844,17256
2020,"29183",1924,17098
2021,"29183",1973,13853
2022,"29183",2188,12832
2023,"29183",2272,13250
2024,"29183",3009,13395
2014,"29185",1848,30
2015,"29185",1698,36
2016,"29185",1673,54
2017,"29185",1645,51
2018,"29185",1630,54
2019,"29185",1698,55
2020,"29185",1808,62
2021,"29185",1919,73
2022,"29185",2111,78
2023,"29185",2159,89
2024,"29185",2410,91
2014,"29186",1553,173
2015,"29186",1629,193
2016,"29186",1648,240
2017,"29186",1647,247
2018,"29186",1685,247
2019,"29186",1854,262
2020,"29186",1790,254
2021,"29186",1789,202
2022,"29186",1897,197
2023,"29186",2057,217
2024,"29186",2477,217
2014,"29187",1447,605
2015,"29187",1401,724
2016,"29187",1459,850
2017,"29187",1502,852
2018,"29187",1491,909
2019,"29187",1639,912
2020,"29187",1713,899
2021,"29187",1730,703
2022,"29187",1853,711
2023,"29187",1995,769
2024,"29187",2311,800
2014,"29189",1820,28730
2015,"29189",1758,31012
2016,"29189",1853,35106
2017,"29189",1784,35146
2018,"29189",1929,35295
2019,"29189",1918,36352
2020,"29189",2020,37138
2021,"29189",1980,29939
2022,"29189",2220,28020
2023,"29189",2365,29795
2024,"29189",2933,28578
2014,"29195",1277,210
2015,"29195",1285,221
2016,"29195",1383,310
2017,"29195",1462,321
2018,"29195",1425,326
2019,"29195",1510,334
2020,"29195",1487,353
2021,"29195",1626,235
2022,"29195",1905,238
2023,"29195",1845,267
2024,"29195",2333,272
2014,"29201",1737,388
2015,"29201",1818,436
2016,"29201",1797,502
2017,"29201",1820,571
2018,"29201",1781,610
2019,"29201",1854,631
2020,"29201",1800,688
2021,"29201",1812,518
2022,"29201",2013,589
2023,"29201",2061,644
2024,"29201",2319,635
2018,"29203",NA,NA
2019,"29203",NA,NA
2020,"29203",NA,NA
2021,"29203",NA,NA
2022,"29203",NA,NA
2023,"29203",NA,NA
2024,"29203",NA,NA
2019,"29205",NA,NA
2020,"29205",NA,NA
2024,"29205",NA,NA
2014,"29207",1501,187
2015,"29207",1469,211
2016,"29207",1467,245
2017,"29207",1509,284
2018,"29207",1524,321
2019,"29207",1606,342
2020,"29207",1578,337
2021,"29207",1743,222
2022,"29207",1863,262
2023,"29207",2086,279
2024,"29207",2447,300
2014,"29209",1670,533
2015,"29209",1720,601
2016,"29209",1834,668
2017,"29209",1803,759
2018,"29209",1837,776
2019,"29209",1922,802
2020,"29209",2037,806
2021,"29209",2011,599
2022,"29209",2312,633
2023,"29209",2418,654
2024,"29209",2673,687
2017,"29211",NA,NA
2018,"29211",NA,NA
2019,"29211",NA,NA
2020,"29211",NA,NA
2022,"29211",NA,NA
2023,"29211",NA,NA
2024,"29211",NA,NA
2014,"29213",1594,812
2015,"29213",1619,890
2016,"29213",1762,961
2017,"29213",1627,1006
2018,"29213",1689,1076
2019,"29213",1780,1100
2020,"29213",1801,1135
2021,"29213",1841,930
2022,"29213",2026,969
2023,"29213",2235,1005
2024,"29213",2648,1020
2014,"29215",1614,86
2015,"29215",1628,106
2016,"29215",1568,125
2017,"29215",1495,132
2018,"29215",1609,154
2019,"29215",1583,170
2020,"29215",1624,188
2021,"29215",1822,136
2022,"29215",1870,144
2023,"29215",2032,157
2024,"29215",2499,156
2014,"29217",1389,181
2015,"29217",1377,219
2016,"29217",1400,259
2017,"29217",1500,266
2018,"29217",1482,279
2019,"29217",1573,310
2020,"29217",1622,327
2021,"29217",1751,229
2022,"29217",1974,234
2023,"29217",1991,259
2024,"29217",2344,268
2014,"29219",1699,635
2015,"29219",1713,701
2016,"29219",1678,801
2017,"29219",1688,942
2018,"29219",1716,927
2019,"29219",1758,962
2020,"29219",1806,917
2021,"29219",1863,774
2022,"29219",2039,787
2023,"29219",2229,861
2024,"29219",2724,975
2014,"29221",1654,130
2015,"29221",1559,155
2016,"29221",1609,179
2017,"29221",1540,192
2018,"29221",1505,203
2019,"29221",1570,211
2020,"29221",1554,216
2021,"29221",1904,174
2022,"29221",1942,170
2023,"29221",2056,179
2024,"29221",2448,172
2020,"29223",NA,NA
2021,"29223",NA,NA
2022,"29223",NA,NA
2023,"29223",NA,NA
2024,"29223",NA,NA
2014,"29225",1565,473
2015,"29225",1575,544
2016,"29225",1655,671
2017,"29225",1629,670
2018,"29225",1668,747
2019,"29225",1743,757
2020,"29225",1791,793
2021,"29225",1884,607
2022,"29225",2132,621
2023,"29225",2212,648
2024,"29225",2549,670
2017,"29229",NA,NA
2018,"29229",NA,NA
2019,"29229",NA,NA
2020,"29229",NA,NA
2021,"29229",NA,NA
2022,"29229",NA,NA
2023,"29229",NA,NA
2024,"29229",NA,NA
2014,"29510",1599,5901
2015,"29510",1622,6560
2016,"29510",1643,7536
2017,"29510",1761,7438
2018,"29510",1830,7522
2019,"29510",1748,7470
2020,"29510",1886,8062
2021,"29510",1840,6572
2022,"29510",2132,6402
2023,"29510",2160,7064
2024,"29510",2514,6472
2014,"30001",1157,69
2015,"30001",1525,76
2016,"30001",1490,90
2017,"30001",1461,93
2018,"30001",1505,96
2019,"30001",1606,96
2020,"30001",1430,220
2021,"30001",1526,198
2022,"30001",1707,169
2023,"30001",1823,179
2024,"30001",2273,187
2014,"30003",1397,57
2015,"30003",1510,56
2016,"30003",1456,61
2017,"30003",1491,54
2018,"30003",1421,65
2019,"30003",1526,67
2020,"30003",1502,56
2021,"30003",1795,56
2022,"30003",2019,53
2023,"30003",2241,54
2024,"30003",2657,62
2014,"30005",1284,43
2015,"30005",1312,38
2016,"30005",1365,42
2017,"30005",1310,49
2018,"30005",1395,50
2019,"30005",1509,44
2020,"30005",1702,35
2021,"30005",1688,33
2022,"30005",1989,27
2023,"30005",2137,28
2024,"30005",2401,31
2014,"30007",1244,117
2015,"30007",1345,109
2016,"30007",1437,122
2017,"30007",1363,126
2018,"30007",1548,164
2019,"30007",1570,178
2020,"30007",1731,177
2021,"30007",1916,190
2022,"30007",2324,167
2023,"30007",2433,163
2024,"30007",2897,194
2014,"30009",1574,134
2015,"30009",1726,167
2016,"30009",1768,216
2017,"30009",1762,243
2018,"30009",1843,268
2019,"30009",1789,285
2020,"30009",1931,287
2021,"30009",2084,276
2022,"30009",2397,243
2023,"30009",2779,249
2024,"30009",3212,289
2014,"30013",1235,3203
2015,"30013",1314,3223
2016,"30013",1345,3596
2017,"30013",1332,3449
2018,"30013",1436,3428
2019,"30013",1518,3351
2020,"30013",1588,3052
2021,"30013",1575,3191
2022,"30013",1757,2967
2023,"30013",1935,2875
2024,"30013",2477,3169
2014,"30015",1258,25
2015,"30015",1209,33
2016,"30015",1609,35
2017,"30015",1331,42
2018,"30015",1441,41
2019,"30015",1531,69
2020,"30015",1591,60
2021,"30015",1589,64
2022,"30015",1714,52
2023,"30015",1844,46
2024,"30015",2382,44
2014,"30017",1637,212
2015,"30017",1803,243
2016,"30017",1834,265
2017,"30017",1860,269
2018,"30017",2058,282
2019,"30017",2237,302
2020,"30017",2228,261
2021,"30017",2256,238
2022,"30017",2367,249
2023,"30017",2449,243
2024,"30017",2856,242
2016,"30019",NA,NA
2017,"30019",NA,NA
2018,"30019",NA,NA
2019,"30019",NA,NA
2014,"30021",1422,219
2015,"30021",1668,237
2016,"30021",1918,248
2017,"30021",1725,260
2018,"30021",1730,265
2019,"30021",1666,269
2020,"30021",1723,214
2021,"30021",1730,207
2022,"30021",2012,188
2023,"30021",2269,186
2024,"30021",2731,186
2014,"30023",1065,236
2015,"30023",1201,238
2016,"30023",1252,269
2017,"30023",1124,288
2018,"30023",1157,303
2019,"30023",1277,322
2020,"30023",1316,288
2021,"30023",1367,305
2022,"30023",1455,282
2023,"30023",1615,262
2024,"30023",1995,269
2014,"30025",1615,87
2015,"30025",1837,84
2016,"30025",2014,88
2017,"30025",2040,96
2018,"30025",2131,98
2019,"30025",2425,99
2020,"30025",2584,76
2021,"30025",2662,51
2022,"30025",3176,43
2023,"30025",3182,37
2024,"30025",3235,40
2014,"30027",1289,440
2015,"30027",1473,445
2016,"30027",1542,465
2017,"30027",1520,480
2018,"30027",1608,481
2019,"30027",1703,472
2020,"30027",1793,431
2021,"30027",1781,370
2022,"30027",1911,303
2023,"30027",2082,296
2024,"30027",2409,325
2014,"30029",1288,2724
2015,"30029",1304,2725
2016,"30029",1320,2989
2017,"30029",1370,2991
2018,"30029",1412,3006
2019,"30029",1508,3046
2020,"30029",1454,2815
2021,"30029",1529,2410
2022,"30029",1720,2232
2023,"30029",1993,2346
2024,"30029",2343,2739
2014,"30031",1573,3095
2015,"30031",1560,3164
2016,"30031",1624,3537
2017,"30031",1614,3689
2018,"30031",1739,3684
2019,"30031",1751,3730
2020,"30031",1810,3617
2021,"30031",1922,3044
2022,"30031",2219,2586
2023,"30031",2451,2563
2024,"30031",3232,2707
2014,"30035",1081,90
2015,"30035",1150,91
2016,"30035",1154,94
2017,"30035",1058,91
2018,"30035",1214,95
2019,"30035",1256,96
2020,"30035",1383,86
2021,"30035",1435,79
2022,"30035",1789,70
2023,"30035",2194,72
2024,"30035",2433,74
2014,"30039",1377,45
2015,"30039",1485,52
2016,"30039",1537,55
2017,"30039",1586,62
2018,"30039",1506,76
2019,"30039",1671,79
2020,"30039",1586,69
2021,"30039",1793,74
2022,"30039",2117,66
2023,"30039",2293,69
2024,"30039",2685,77
2014,"30041",1334,464
2015,"30041",1417,463
2016,"30041",1532,477
2017,"30041",1479,479
2018,"30041",1610,495
2019,"30041",1602,466
2020,"30041",1664,402
2021,"30041",1689,330
2022,"30041",1877,318
2023,"30041",2108,297
2024,"30041",2464,309
2014,"30043",1505,406
2015,"30043",1615,402
2016,"30043",1627,431
2017,"30043",1601,453
2018,"30043",1667,478
2019,"30043",1633,494
2020,"30043",1686,465
2021,"30043",1801,456
2022,"30043",2068,396
2023,"30043",2278,403
2024,"30043",3003,397
2017,"30045",NA,NA
2018,"30045",NA,NA
2019,"30045",NA,NA
2020,"30045",NA,NA
2021,"30045",NA,NA
2022,"30045",NA,NA
2023,"30045",NA,NA
2024,"30045",NA,NA
2014,"30047",1284,667
2015,"30047",1309,682
2016,"30047",1355,751
2017,"30047",1310,792
2018,"30047",1370,836
2019,"30047",1467,857
2020,"30047",1476,847
2021,"30047",1545,768
2022,"30047",1762,720
2023,"30047",2002,762
2024,"30047",2557,769
2014,"30049",1292,2641
2015,"30049",1387,2574
2016,"30049",1436,2775
2017,"30049",1420,2769
2018,"30049",1528,2817
2019,"30049",1605,2847
2020,"30049",1629,2659
2021,"30049",1711,2429
2022,"30049",1896,2120
2023,"30049",2071,2082
2024,"30049",2712,2089
2014,"30053",1304,258
2015,"30053",1235,286
2016,"30053",1326,341
2017,"30053",1356,371
2018,"30053",1441,431
2019,"30053",1476,446
2020,"30053",1561,402
2021,"30053",1664,414
2022,"30053",1874,400
2023,"30053",2091,414
2024,"30053",2549,468
2014,"30057",1408,154
2015,"30057",1467,170
2016,"30057",1493,188
2017,"30057",1404,200
2018,"30057",1543,209
2019,"30057",1591,225
2020,"30057",1663,221
2021,"30057",1691,220
2022,"30057",2021,214
2023,"30057",2222,217
2024,"30057",2934,222
2015,"30059",NA,NA
2016,"30059",NA,NA
2017,"30059",NA,NA
2018,"30059",NA,NA
2020,"30059",NA,NA
2021,"30059",NA,NA
2022,"30059",NA,NA
2023,"30059",NA,NA
2024,"30059",NA,NA
2014,"30061",1336,73
2015,"30061",1389,73
2016,"30061",1513,90
2017,"30061",1355,96
2018,"30061",1505,104
2019,"30061",1595,109
2020,"30061",1647,112
2021,"30061",1579,103
2022,"30061",1883,91
2023,"30061",2250,91
2024,"30061",2735,100
2014,"30063",1181,3367
2015,"30063",1296,3401
2016,"30063",1330,3796
2017,"30063",1292,3847
2018,"30063",1458,3882
2019,"30063",1484,3906
2020,"30063",1622,3564
2021,"30063",1591,3030
2022,"30063",1785,2627
2023,"30063",2067,2611
2024,"30063",2604,2679
2014,"30065",1514,75
2015,"30065",1695,80
2016,"30065",1694,95
2017,"30065",1668,95
2018,"30065",1757,111
2019,"30065",1974,101
2020,"30065",2021,89
2021,"30065",2196,82
2022,"30065",2336,84
2023,"30065",2769,82
2024,"30065",3398,94
2014,"30067",1317,328
2015,"30067",1444,364
2016,"30067",1434,415
2017,"30067",1433,448
2018,"30067",1602,424
2019,"30067",1687,398
2020,"30067",1756,396
2021,"30067",1780,329
2022,"30067",1971,323
2023,"30067",2321,332
2024,"30067",2873,446
2014,"30071",1372,55
2015,"30071",1602,63
2016,"30071",1738,64
2017,"30071",1645,73
2018,"30071",1792,76
2019,"30071",1748,73
2020,"30071",1954,65
2021,"30071",1876,49
2022,"30071",1951,47
2023,"30071",2088,53
2024,"30071",2467,56
2014,"30073",1250,108
2015,"30073",1373,115
2016,"30073",1466,134
2017,"30073",1367,127
2018,"30073",1311,132
2019,"30073",1393,118
2020,"30073",1411,102
2021,"30073",1497,107
2022,"30073",1663,93
2023,"30073",1711,94
2024,"30073",2196,97
2014,"30077",1141,64
2015,"30077",1242,69
2016,"30077",1319,84
2017,"30077",1336,84
2018,"30077",1382,102
2019,"30077",1510,98
2020,"30077",1361,96
2021,"30077",1489,83
2022,"30077",1651,67
2023,"30077",1769,64
2024,"30077",2317,70
2014,"30081",1268,1447
2015,"30081",1336,1462
2016,"30081",1362,1604
2017,"30081",1312,1662
2018,"30081",1407,1722
2019,"30081",1467,1795
2020,"30081",1572,1727
2021,"30081",1650,1465
2022,"30081",1867,1260
2023,"30081",2074,1300
2024,"30081",2677,1362
2014,"30083",1606,137
2015,"30083",1722,144
2016,"30083",2141,158
2017,"30083",1933,170
2018,"30083",1901,193
2019,"30083",1861,211
2020,"30083",1986,180
2021,"30083",2033,162
2022,"30083",2440,159
2023,"30083",2646,157
2024,"30083",3029,177
2021,"30085",NA,NA
2022,"30085",NA,NA
2023,"30085",NA,NA
2024,"30085",NA,NA
2014,"30087",1464,81
2015,"30087",1518,91
2016,"30087",1673,103
2017,"30087",1741,123
2018,"30087",1683,140
2019,"30087",1720,169
2020,"30087",1784,138
2021,"30087",1948,127
2022,"30087",2157,120
2023,"30087",2524,126
2024,"30087",3036,117
2014,"30089",1186,228
2015,"30089",1180,226
2016,"30089",1266,244
2017,"30089",1341,255
2018,"30089",1339,263
2019,"30089",1496,269
2020,"30089",1446,256
2021,"30089",1411,243
2022,"30089",1708,248
2023,"30089",1796,250
2024,"30089",2424,252
2014,"30091",1398,28
2015,"30091",1579,33
2016,"30091",1811,43
2017,"30091",1852,48
2018,"30091",1851,49
2019,"30091",1927,46
2020,"30091",1969,35
2021,"30091",1850,37
2022,"30091",2260,50
2023,"30091",2571,42
2024,"30091",2777,43
2014,"30093",1115,1030
2015,"30093",1177,1104
2016,"30093",1199,1191
2017,"30093",1158,1249
2018,"30093",1217,1301
2019,"30093",1318,1323
2020,"30093",1319,1245
2021,"30093",1318,1202
2022,"30093",1497,1060
2023,"30093",1673,1065
2024,"30093",2113,1171
2014,"30095",1595,114
2015,"30095",1669,143
2016,"30095",1879,202
2017,"30095",1929,263
2018,"30095",1980,282
2019,"30095",2019,288
2020,"30095",1981,272
2021,"30095",2316,230
2022,"30095",2594,221
2023,"30095",2782,233
2024,"30095",3483,236
2014,"30097",1221,39
2015,"30097",1475,56
2016,"30097",1493,66
2017,"30097",1408,77
2018,"30097",1385,74
2019,"30097",1533,67
2020,"30097",1469,69
2021,"30097",1645,52
2022,"30097",1796,49
2023,"30097",2032,58
2024,"30097",2879,59
2014,"30099",1157,68
2015,"30099",1320,99
2016,"30099",1458,99
2017,"30099",1293,89
2018,"30099",1276,86
2019,"30099",1352,87
2020,"30099",1552,85
2021,"30099",1523,77
2022,"30099",1769,79
2023,"30099",1956,86
2024,"30099",2560,90
2014,"30101",1161,101
2015,"30101",1120,98
2016,"30101",1386,104
2017,"30101",1297,105
2018,"30101",1305,111
2019,"30101",1310,119
2020,"30101",1406,107
2021,"30101",1465,84
2022,"30101",1600,77
2023,"30101",1781,77
2024,"30101",2057,80
2014,"30105",1494,175
2015,"30105",1716,170
2016,"30105",2035,181
2017,"30105",1817,189
2018,"30105",1744,204
2019,"30105",1824,204
2020,"30105",1886,167
2021,"30105",2095,130
2022,"30105",2193,124
2023,"30105",2393,113
2024,"30105",2603,125
2014,"30111",1520,5549
2015,"30111",1746,6008
2016,"30111",1837,6769
2017,"30111",1803,7019
2018,"30111",1868,7017
2019,"30111",1947,7008
2020,"30111",1984,6692
2021,"30111",2128,6434
2022,"30111",2422,5636
2023,"30111",2702,5549
2024,"30111",3319,5790
2014,"31001",1294,647
2015,"31001",1476,656
2016,"31001",1588,721
2017,"31001",1733,742
2018,"31001",1865,780
2019,"31001",1932,779
2020,"31001",1973,725
2021,"31001",2101,651
2022,"31001",2428,648
2023,"31001",2898,626
2024,"31001",3479,629
2016,"31003",NA,NA
2017,"31003",NA,NA
2018,"31003",NA,NA
2019,"31003",NA,NA
2020,"31003",NA,NA
2021,"31003",NA,NA
2022,"31003",NA,NA
2023,"31003",NA,NA
2024,"31003",NA,NA
2015,"31011",NA,NA
2016,"31011",NA,NA
2017,"31011",NA,NA
2018,"31011",NA,NA
2019,"31011",NA,NA
2020,"31011",NA,NA
2021,"31011",NA,NA
2022,"31011",NA,NA
2023,"31011",NA,NA
2024,"31011",NA,NA
2014,"31013",1736,267
2015,"31013",2091,264
2016,"31013",1986,287
2017,"31013",2018,288
2018,"31013",2132,382
2019,"31013",2323,361
2020,"31013",2278,339
2021,"31013",2549,212
2022,"31013",2804,203
2023,"31013",2882,187
2024,"31013",3235,185
2018,"31017",NA,NA
2019,"31017",NA,NA
2020,"31017",NA,NA
2014,"31019",1702,1023
2015,"31019",1829,1041
2016,"31019",2055,1070
2017,"31019",2045,1065
2018,"31019",2114,995
2019,"31019",2205,956
2020,"31019",2304,902
2021,"31019",2353,689
2022,"31019",2551,643
2023,"31019",3099,624
2024,"31019",3790,568
2014,"31021",1605,101
2015,"31021",1679,102
2016,"31021",1529,105
2017,"31021",1555,112
2018,"31021",1760,128
2019,"31021",1799,117
2020,"31021",2016,127
2021,"31021",2337,79
2022,"31021",2238,81
2023,"31021",2993,86
2024,"31021",3642,76
2014,"31023",1341,20
2015,"31023",1381,23
2016,"31023",1498,37
2017,"31023",1677,42
2018,"31023",1893,40
2019,"31023",2105,33
2020,"31023",1888,35
2021,"31023",2086,41
2022,"31023",2282,50
2023,"31023",2695,48
2024,"31023",3036,48
2014,"31025",1704,932
2015,"31025",1845,931
2016,"31025",1905,1033
2017,"31025",2020,1046
2018,"31025",2270,1132
2019,"31025",2366,1122
2020,"31025",2419,1073
2021,"31025",2521,894
2022,"31025",2876,821
2023,"31025",3350,826
2024,"31025",3768,801
2014,"31027",1251,65
2015,"31027",1321,65
2016,"31027",1363,78
2017,"31027",1507,81
2018,"31027",1592,74
2019,"31027",1551,75
2020,"31027",1813,77
2021,"31027",1934,62
2022,"31027",2472,83
2023,"31027",2822,90
2024,"31027",3499,79
2015,"31029",NA,NA
2016,"31029",NA,NA
2017,"31029",NA,NA
2018,"31029",NA,NA
2019,"31029",NA,NA
2020,"31029",NA,NA
2022,"31029",NA,NA
2023,"31029",NA,NA
2024,"31029",NA,NA
2014,"31031",1681,63
2015,"31031",1928,63
2016,"31031",1813,70
2017,"31031",1713,70
2018,"31031",1816,88
2019,"31031",2044,93
2020,"31031",1995,92
2021,"31031",2319,64
2022,"31031",2564,57
2023,"31031",2476,50
2024,"31031",3150,46
2014,"31033",1784,252
2015,"31033",2117,287
2016,"31033",2055,307
2017,"31033",2051,297
2018,"31033",2242,319
2019,"31033",2063,309
2020,"31033",1988,294
2021,"31033",2366,153
2022,"31033",2572,157
2023,"31033",3017,163
2024,"31033",3510,186
2014,"31035",1612,59
2015,"31035",1625,60
2016,"31035",1707,58
2017,"31035",1763,53
2018,"31035",2010,64
2019,"31035",2060,65
2020,"31035",2249,67
2021,"31035",2284,64
2022,"31035",2500,51
2023,"31035",2752,49
2024,"31035",3317,59
2014,"31037",1300,55
2015,"31037",1442,63
2016,"31037",1582,72
2017,"31037",1731,81
2018,"31037",1816,79
2019,"31037",1961,74
2020,"31037",1917,75
2021,"31037",2117,74
2022,"31037",2431,87
2023,"31037",2633,79
2024,"31037",3812,71
2014,"31039",1278,137
2015,"31039",1448,153
2016,"31039",1584,163
2017,"31039",1587,161
2018,"31039",1629,172
2019,"31039",1774,169
2020,"31039",1916,158
2021,"31039",2072,120
2022,"31039",2351,112
2023,"31039",2744,111
2024,"31039",3438,96
2014,"31041",1547,88
2015,"31041",1578,83
2016,"31041",1717,92
2017,"31041",1744,114
2018,"31041",1736,123
2019,"31041",1792,129
2020,"31041",1979,119
2021,"31041",2134,68
2022,"31041",2571,65
2023,"31041",3010,54
2024,"31041",3564,58
2014,"31043",1343,250
2015,"31043",1479,317
2016,"31043",1621,337
2017,"31043",1767,332
2018,"31043",1809,352
2019,"31043",1944,357
2020,"31043",1923,337
2021,"31043",2028,298
2022,"31043",2316,299
2023,"31043",2576,319
2024,"31043",3222,312
2014,"31045",1624,114
2015,"31045",1775,124
2016,"31045",1809,130
2017,"31045",1967,128
2018,"31045",2267,172
2019,"31045",2186,178
2020,"31045",2231,177
2021,"31045",2367,113
2022,"31045",2567,91
2023,"31045",3022,92
2024,"31045",3534,77
2014,"31047",1569,336
2015,"31047",1688,370
2016,"31047",1856,403
2017,"31047",1881,421
2018,"31047",1898,447
2019,"31047",1918,435
2020,"31047",1995,430
2021,"31047",2196,297
2022,"31047",2527,314
2023,"31047",3004,313
2024,"31047",3833,289
2016,"31049",NA,NA
2017,"31049",NA,NA
2018,"31049",NA,NA
2019,"31049",NA,NA
2020,"31049",NA,NA
2014,"31051",1273,35
2015,"31051",1599,39
2016,"31051",1628,51
2017,"31051",1583,59
2018,"31051",1847,66
2019,"31051",2157,67
2020,"31051",2209,59
2021,"31051",2298,42
2022,"31051",2603,46
2023,"31051",2897,49
2024,"31051",3384,47
2014,"31053",1618,672
2015,"31053",1672,691
2016,"31053",1736,727
2017,"31053",1793,752
2018,"31053",1952,824
2019,"31053",2336,826
2020,"31053",2170,758
2021,"31053",2348,572
2022,"31053",2732,557
2023,"31053",2943,584
2024,"31053",3638,514
2014,"31055",1629,18607
2015,"31055",1733,18718
2016,"31055",1856,19785
2017,"31055",1945,20761
2018,"31055",2087,21504
2019,"31055",2247,21013
2020,"31055",2334,20349
2021,"31055",2490,17270
2022,"31055",2793,16357
2023,"31055",3347,16022
2024,"31055",3842,15283
2014,"31059",1204,26
2015,"31059",1415,29
2016,"31059",1531,35
2017,"31059",1544,38
2018,"31059",1759,42
2019,"31059",1921,46
2020,"31059",2145,45
2021,"31059",2576,33
2022,"31059",2745,27
2023,"31059",2976,30
2024,"31059",3333,37
2018,"31061",NA,NA
2019,"31061",NA,NA
2014,"31063",1676,26
2015,"31063",1622,25
2016,"31063",2031,28
2017,"31063",2139,31
2018,"31063",2244,40
2019,"31063",2402,37
2020,"31063",2505,42
2021,"31063",2772,28
2022,"31063",2617,30
2023,"31063",3099,36
2024,"31063",3790,26
2014,"31065",1361,30
2015,"31065",1596,36
2016,"31065",1841,45
2017,"31065",2121,55
2018,"31065",2153,58
2019,"31065",2109,66
2020,"31065",2174,64
2021,"31065",2666,30
2022,"31065",2545,37
2023,"31065",2847,39
2024,"31065",4134,39
2014,"31067",1560,381
2015,"31067",1597,405
2016,"31067",1622,439
2017,"31067",1678,468
2018,"31067",1751,504
2019,"31067",1942,477
2020,"31067",1945,503
2021,"31067",2084,372
2022,"31067",2408,348
2023,"31067",2764,356
2024,"31067",3535,365
2014,"31073",NA,NA
2015,"31073",NA,NA
2016,"31073",NA,NA
2017,"31073",NA,NA
2018,"31073",NA,NA
2019,"31073",NA,NA
2020,"31073",NA,NA
2022,"31073",NA,NA
2023,"31073",NA,NA
2024,"31073",NA,NA
2014,"31079",1383,1157
2015,"31079",1593,1196
2016,"31079",1654,1278
2017,"31079",1679,1271
2018,"31079",1847,1374
2019,"31079",1885,1366
2020,"31079",1869,1267
2021,"31079",1953,1129
2022,"31079",2202,1066
2023,"31079",2521,1062
2024,"31079",3279,1014
2014,"31081",1566,102
2015,"31081",1629,117
2016,"31081",1729,145
2017,"31081",1739,147
2018,"31081",1955,148
2019,"31081",2017,158
2020,"31081",1984,169
2021,"31081",2012,135
2022,"31081",2336,132
2023,"31081",2801,128
2024,"31081",3433,122
2014,"31083",1455,26
2015,"31083",1621,29
2016,"31083",1790,34
2017,"31083",2006,33
2018,"31083",2000,36
2019,"31083",2121,38
2020,"31083",2148,36
2021,"31083",2332,27
2022,"31083",2725,34
2023,"31083",3136,32
2024,"31083",4067,28
2014,"31089",1325,78
2015,"31089",1352,84
2016,"31089",1519,90
2017,"31089",1606,103
2018,"31089",1852,100
2019,"31089",1883,101
2020,"31089",1770,107
2021,"31089",1945,61
2022,"31089",2161,61
2023,"31089",2520,65
2024,"31089",3230,57
2014,"31093",1630,73
2015,"31093",1754,73
2016,"31093",1838,80
2017,"31093",1851,89
2018,"31093",1994,107
2019,"31093",2102,99
2020,"31093",2100,100
2021,"31093",2189,60
2022,"31093",2476,67
2023,"31093",2929,62
2024,"31093",3703,52
2014,"31095",1202,65
2015,"31095",1372,64
2016,"31095",1583,73
2017,"31095",1443,87
2018,"31095",1547,91
2019,"31095",1647,88
2020,"31095",1830,81
2021,"31095",1764,60
2022,"31095",2195,54
2023,"31095",2376,56
2024,"31095",2534,50
2014,"31097",1401,41
2015,"31097",1277,42
2016,"31097",1665,46
2017,"31097",1896,52
2018,"31097",2006,52
2019,"31097",1932,54
2020,"31097",1989,53
2021,"31097",2268,47
2022,"31097",2458,41
2023,"31097",2848,39
2024,"31097",3777,27
2014,"31099",1591,125
2015,"31099",1721,130
2016,"31099",1926,131
2017,"31099",1995,132
2018,"31099",2114,117
2019,"31099",2144,115
2020,"31099",2283,105
2021,"31099",2499,88
2022,"31099",2628,83
2023,"31099",3151,77
2024,"31099",3662,71
2014,"31101",1862,64
2015,"31101",1937,77
2016,"31101",2257,94
2017,"31101",2280,114
2018,"31101",2036,108
2019,"31101",2182,106
2020,"31101",2109,115
2021,"31101",2339,49
2022,"31101",2702,45
2023,"31101",2704,52
2024,"31101",3473,49
2014,"31105",1765,36
2015,"31105",1850,45
2016,"31105",2074,48
2017,"31105",2102,54
2018,"31105",2203,67
2019,"31105",2179,69
2020,"31105",2207,64
2021,"31105",2296,36
2022,"31105",2610,48
2023,"31105",2935,58
2024,"31105",3401,66
2014,"31107",1089,55
2015,"31107",1288,62
2016,"31107",1549,65
2017,"31107",1557,72
2018,"31107",1559,77
2019,"31107",1657,77
2020,"31107",1671,77
2021,"31107",1774,60
2022,"31107",2075,60
2023,"31107",2311,61
2024,"31107",2730,60
2014,"31109",1372,9881
2015,"31109",1450,10304
2016,"31109",1686,10857
2017,"31109",1628,11153
2018,"31109",1817,10972
2019,"31109",1827,10583
2020,"31109",1974,10148
2021,"31109",1996,8563
2022,"31109",2410,8042
2023,"31109",2662,8150
2024,"31109",3435,7938
2014,"31111",1583,692
2015,"31111",1569,674
2016,"31111",1800,757
2017,"31111",1806,782
2018,"31111",1879,840
2019,"31111",2016,829
2020,"31111",2039,802
2021,"31111",2192,593
2022,"31111",2422,584
2023,"31111",2735,582
2024,"31111",3298,484
2014,"31119",1303,666
2015,"31119",1567,671
2016,"31119",1673,724
2017,"31119",1771,722
2018,"31119",1812,753
2019,"31119",1926,791
2020,"31119",2019,762
2021,"31119",2083,629
2022,"31119",2400,581
2023,"31119",2920,563
2024,"31119",3518,520
2014,"31121",1421,78
2015,"31121",1567,82
2016,"31121",1745,84
2017,"31121",1678,94
2018,"31121",1791,85
2019,"31121",1870,99
2020,"31121",2001,97
2021,"31121",1940,85
2022,"31121",2292,82
2023,"31121",2711,80
2024,"31121",2950,80
2014,"31123",1757,49
2015,"31123",2290,58
2016,"31123",2490,59
2017,"31123",2614,55
2018,"31123",2359,63
2019,"31123",2630,49
2020,"31123",2626,47
2021,"31123",2350,39
2022,"31123",2847,41
2023,"31123",3252,43
2024,"31123",3103,36
2016,"31125",NA,NA
2017,"31125",NA,NA
2018,"31125",NA,NA
2019,"31125",NA,NA
2020,"31125",NA,NA
2022,"31125",NA,NA
2023,"31125",NA,NA
2014,"31127",1301,74
2015,"31127",1438,80
2016,"31127",1627,107
2017,"31127",1622,104
2018,"31127",1811,135
2019,"31127",1999,127
2020,"31127",2007,118
2021,"31127",2265,86
2022,"31127",2437,91
2023,"31127",2522,89
2024,"31127",2993,89
2017,"31129",NA,NA
2018,"31129",NA,NA
2019,"31129",NA,NA
2020,"31129",NA,NA
2014,"31131",1409,382
2015,"31131",1533,407
2016,"31131",1767,447
2017,"31131",1811,464
2018,"31131",1837,483
2019,"31131",1961,489
2020,"31131",2087,469
2021,"31131",2170,364
2022,"31131",2486,325
2023,"31131",2894,323
2024,"31131",3243,281
2014,"31135",NA,NA
2015,"31135",NA,NA
2016,"31135",NA,NA
2017,"31135",NA,NA
2018,"31135",NA,NA
2019,"31135",NA,NA
2014,"31137",1714,144
2015,"31137",1807,137
2016,"31137",1903,148
2017,"31137",1909,154
2018,"31137",1925,159
2019,"31137",1859,137
2020,"31137",1939,136
2021,"31137",2246,80
2022,"31137",2583,93
2023,"31137",2958,95
2024,"31137",3544,98
2014,"31139",1392,73
2015,"31139",1478,69
2016,"31139",1685,78
2017,"31139",1720,88
2018,"31139",1850,100
2019,"31139",2029,107
2020,"31139",2074,101
2021,"31139",1979,76
2022,"31139",2113,74
2023,"31139",2508,68
2024,"31139",3405,57
2014,"31141",1397,329
2015,"31141",1462,364
2016,"31141",1627,438
2017,"31141",1592,475
2018,"31141",1726,481
2019,"31141",1920,484
2020,"31141",1812,470
2021,"31141",1954,463
2022,"31141",2228,561
2023,"31141",2721,558
2024,"31141",3580,547
2014,"31143",1494,34
2015,"31143",1535,38
2016,"31143",1827,49
2017,"31143",1836,58
2018,"31143",1899,58
2019,"31143",1947,56
2020,"31143",1782,59
2021,"31143",2041,41
2022,"31143",2489,47
2023,"31143",2740,43
2024,"31143",3420,44
2014,"31145",1477,127
2015,"31145",1636,129
2016,"31145",1843,147
2017,"31145",1865,189
2018,"31145",2045,221
2019,"31145",2067,223
2020,"31145",2197,240
2021,"31145",2352,187
2022,"31145",2510,219
2023,"31145",2973,207
2024,"31145",3774,183
2014,"31147",1460,55
2015,"31147",1465,58
2016,"31147",1688,67
2017,"31147",1475,70
2018,"31147",1662,85
2019,"31147",1921,86
2020,"31147",1981,97
2021,"31147",2034,57
2022,"31147",2245,58
2023,"31147",2719,56
2024,"31147",3167,54
2014,"31151",1440,172
2015,"31151",1444,207
2016,"31151",1668,241
2017,"31151",1799,265
2018,"31151",1915,295
2019,"31151",2008,280
2020,"31151",2045,294
2021,"31151",2304,251
2022,"31151",2709,231
2023,"31151",2951,227
2024,"31151",3590,218
2014,"31153",1550,8167
2015,"31153",1711,8243
2016,"31153",1840,9350
2017,"31153",1896,9402
2018,"31153",2029,10118
2019,"31153",2233,9979
2020,"31153",2328,9682
2021,"31153",2471,8352
2022,"31153",2802,7783
2023,"31153",3262,7735
2024,"31153",3694,7387
2014,"31155",1624,417
2015,"31155",1730,463
2016,"31155",1922,500
2017,"31155",2009,552
2018,"31155",2147,592
2019,"31155",2359,604
2020,"31155",2403,588
2021,"31155",2504,483
2022,"31155",2943,474
2023,"31155",3557,482
2024,"31155",4261,465
2014,"31157",1808,656
2015,"31157",1929,674
2016,"31157",2103,759
2017,"31157",2220,742
2018,"31157",2250,798
2019,"31157",2207,779
2020,"31157",2280,738
2021,"31157",2398,582
2022,"31157",2700,617
2023,"31157",3098,845
2024,"31157",3536,923
2014,"31159",1460,313
2015,"31159",1455,334
2016,"31159",1826,394
2017,"31159",1850,440
2018,"31159",1980,458
2019,"31159",2057,421
2020,"31159",2087,425
2021,"31159",2374,338
2022,"31159",2693,318
2023,"31159",2967,325
2024,"31159",3791,283
2017,"31161",NA,NA
2018,"31161",NA,NA
2019,"31161",NA,NA
2020,"31161",NA,NA
2021,"31161",NA,NA
2022,"31161",NA,NA
2023,"31161",NA,NA
2024,"31161",NA,NA
2014,"31167",1322,63
2015,"31167",1429,72
2016,"31167",1690,78
2017,"31167",1720,78
2018,"31167",1807,84
2019,"31167",1899,88
2020,"31167",1989,79
2021,"31167",2024,71
2022,"31167",2463,68
2023,"31167",2856,64
2024,"31167",3835,65
2014,"31169",1457,20
2015,"31169",1736,23
2016,"31169",1903,34
2017,"31169",1941,32
2018,"31169",1939,31
2019,"31169",2180,29
2020,"31169",2118,33
2021,"31169",2516,21
2022,"31169",2687,23
2023,"31169",2885,26
2024,"31169",3762,23
2014,"31173",1491,24
2015,"31173",1511,34
2016,"31173",1824,42
2017,"31173",1708,45
2018,"31173",2039,41
2019,"31173",2028,40
2020,"31173",1932,42
2021,"31173",1942,33
2022,"31173",2423,36
2023,"31173",2936,33
2024,"31173",3516,30
2014,"31175",NA,NA
2015,"31175",NA,NA
2016,"31175",NA,NA
2017,"31175",NA,NA
2018,"31175",NA,NA
2019,"31175",NA,NA
2020,"31175",NA,NA
2021,"31175",NA,NA
2022,"31175",NA,NA
2014,"31177",1671,524
2015,"31177",1762,539
2016,"31177",2145,576
2017,"31177",2240,588
2018,"31177",2302,592
2019,"31177",2544,616
2020,"31177",2567,608
2021,"31177",2736,494
2022,"31177",3058,458
2023,"31177",3638,463
2024,"31177",4161,438
2014,"31179",1202,86
2015,"31179",1349,93
2016,"31179",1609,106
2017,"31179",1758,122
2018,"31179",1658,126
2019,"31179",1739,114
2020,"31179",1746,124
2021,"31179",2017,95
2022,"31179",2451,90
2023,"31179",2586,86
2024,"31179",3212,68
2016,"31181",NA,NA
2017,"31181",NA,NA
2018,"31181",NA,NA
2019,"31181",NA,NA
2020,"31181",NA,NA
2021,"31181",NA,NA
2022,"31181",NA,NA
2023,"31181",NA,NA
2024,"31181",NA,NA
2014,"31185",1582,127
2015,"31185",1586,146
2016,"31185",1682,185
2017,"31185",1690,218
2018,"31185",1818,245
2019,"31185",1920,234
2020,"31185",1991,230
2021,"31185",2306,156
2022,"31185",2477,145
2023,"31185",2947,173
2024,"31185",3332,164
2014,"32001",941,660
2015,"32001",981,656
2016,"32001",1050,832
2017,"32001",1056,791
2018,"32001",1086,836
2019,"32001",1151,860
2020,"32001",1213,849
2021,"32001",1195,696
2022,"32001",1235,673
2023,"32001",1372,718
2024,"32001",1510,775
2014,"32003",1069,45956
2015,"32003",1077,47955
2016,"32003",1055,58529
2017,"32003",1014,52849
2018,"32003",1085,51299
2019,"32003",1172,52726
2020,"32003",1240,46835
2021,"32003",1158,39887
2022,"32003",1268,40712
2023,"32003",1412,42964
2024,"32003",1652,48364
2014,"32005",1039,1321
2015,"32005",1053,1376
2016,"32005",1118,1675
2017,"32005",1112,1663
2018,"32005",1156,1738
2019,"32005",1226,1738
2020,"32005",1389,1732
2021,"32005",1359,1103
2022,"32005",1458,1070
2023,"32005",1708,1156
2024,"32005",1848,1245
2014,"32007",1049,1205
2015,"32007",1082,1136
2016,"32007",1089,1251
2017,"32007",1090,1216
2018,"32007",1076,1111
2019,"32007",1190,1095
2020,"32007",1157,979
2021,"32007",1230,739
2022,"32007",1327,680
2023,"32007",1499,702
2024,"32007",1889,774
2014,"32013",862,338
2015,"32013",893,322
2016,"32013",989,360
2017,"32013",988,338
2018,"32013",949,323
2019,"32013",1007,316
2020,"32013",1077,338
2021,"32013",1127,240
2022,"32013",1273,235
2023,"32013",1396,250
2024,"32013",1557,283
2014,"32015",1620,58
2015,"32015",1726,56
2016,"32015",1612,70
2017,"32015",1599,65
2018,"32015",1876,59
2019,"32015",1767,55
2020,"32015",1911,54
2021,"32015",1986,51
2022,"32015",1689,58
2023,"32015",1829,66
2024,"32015",2058,76
2014,"32017",1010,50
2015,"32017",963,46
2016,"32017",965,51
2017,"32017",937,48
2018,"32017",1058,45
2019,"32017",1127,54
2020,"32017",993,61
2021,"32017",1068,40
2022,"32017",1077,41
2023,"32017",1272,50
2024,"32017",1484,56
2014,"32019",915,1516
2015,"32019",917,1541
2016,"32019",901,1921
2017,"32019",898,1821
2018,"32019",953,1886
2019,"32019",1003,1857
2020,"32019",1100,1768
2021,"32019",1082,1412
2022,"32019",1219,1336
2023,"32019",1319,1518
2024,"32019",1457,1866
2014,"32021",942,53
2015,"32021",990,51
2016,"32021",1260,51
2017,"32021",1229,49
2018,"32021",1218,53
2019,"32021",1194,54
2020,"32021",1232,61
2021,"32021",1157,23
2022,"32021",1280,31
2023,"32021",1391,37
2024,"32021",1702,40
2014,"32023",1166,768
2015,"32023",1206,764
2016,"32023",1237,907
2017,"32023",1176,877
2018,"32023",1216,903
2019,"32023",1289,975
2020,"32023",1367,966
2021,"32023",1361,865
2022,"32023",1506,835
2023,"32023",1754,926
2024,"32023",1910,1087
2014,"32027",802,57
2015,"32027",901,54
2016,"32027",992,60
2017,"32027",1072,56
2018,"32027",1004,57
2019,"32027",1044,51
2020,"32027",1122,50
2021,"32027",1335,36
2022,"32027",1501,37
2023,"32027",1697,42
2024,"32027",1683,44
2014,"32029",1011,118
2015,"32029",960,129
2016,"32029",1037,147
2017,"32029",1118,147
2018,"32029",1246,157
2019,"32029",1398,161
2020,"32029",1352,163
2021,"32029",1613,97
2022,"32029",1336,103
2023,"32029",1476,122
2024,"32029",1641,131
2014,"32031",1013,13118
2015,"32031",1070,13058
2016,"32031",1095,15384
2017,"32031",1089,15287
2018,"32031",1133,14720
2019,"32031",1192,14093
2020,"32031",1288,13152
2021,"32031",1318,8997
2022,"32031",1427,9075
2023,"32031",1534,10060
2024,"32031",1645,10941
2014,"32033",906,76
2015,"32033",901,77
2016,"32033",1050,111
2017,"32033",1025,96
2018,"32033",1006,122
2019,"32033",1096,127
2020,"32033",1085,143
2021,"32033",1212,84
2022,"32033",1178,90
2023,"32033",1324,119
2024,"32033",1534,129
2014,"32510",922,1221
2015,"32510",960,1282
2016,"32510",999,1479
2017,"32510",950,1457
2018,"32510",973,1503
2019,"32510",1040,1554
2020,"32510",1160,1543
2021,"32510",1170,1095
2022,"32510",1276,1109
2023,"32510",1361,1157
2024,"32510",1559,1253
2014,"33001",1401,1139
2015,"33001",1416,1214
2016,"33001",1444,1453
2017,"33001",1289,1428
2018,"33001",1443,1549
2019,"33001",1479,1568
2020,"33001",1518,1520
2021,"33001",1530,1210
2022,"33001",1479,1188
2023,"33001",1892,1231
2024,"33001",2214,1302
2014,"33003",1446,700
2015,"33003",1463,754
2016,"33003",1430,921
2017,"33003",1446,943
2018,"33003",1456,1028
2019,"33003",1534,1045
2020,"33003",1630,1041
2021,"33003",1578,800
2022,"33003",1693,778
2023,"33003",1731,840
2024,"33003",2390,904
2014,"33005",2603,1430
2015,"33005",2517,1420
2016,"33005",2357,1755
2017,"33005",2345,1712
2018,"33005",2402,1858
2019,"33005",2346,1910
2020,"33005",2414,1912
2021,"33005",1935,1385
2022,"33005",1558,1294
2023,"33005",1718,1319
2024,"33005",2041,1356
2014,"33007",1313,289
2015,"33007",1202,312
2016,"33007",1254,377
2017,"33007",1198,385
2018,"33007",1392,468
2019,"33007",1414,455
2020,"33007",1289,450
2021,"33007",1575,342
2022,"33007",1755,317
2023,"33007",1946,322
2024,"33007",1993,390
2014,"33009",1827,700
2015,"33009",1625,772
2016,"33009",1521,1090
2017,"33009",1591,1102
2018,"33009",1766,1244
2019,"33009",1549,1237
2020,"33009",1730,1260
2021,"33009",1959,980
2022,"33009",1873,926
2023,"33009",1941,984
2024,"33009",2521,1073
2014,"33011",1653,9108
2015,"33011",1503,9688
2016,"33011",1394,11696
2017,"33011",1482,11825
2018,"33011",1465,12408
2019,"33011",1625,12703
2020,"33011",1475,12242
2021,"33011",1649,9793
2022,"33011",1645,9054
2023,"33011",1977,9371
2024,"33011",2374,10254
2014,"33013",1703,2529
2015,"33013",1687,2758
2016,"33013",1530,3417
2017,"33013",1579,3597
2018,"33013",1666,3995
2019,"33013",1481,3954
2020,"33013",1749,3965
2021,"33013",1692,3129
2022,"33013",1710,2914
2023,"33013",2023,3022
2024,"33013",2546,3253
2014,"33015",2021,7101
2015,"33015",1666,7819
2016,"33015",1567,9441
2017,"33015",1684,9955
2018,"33015",1669,10325
2019,"33015",1856,10624
2020,"33015",1797,10136
2021,"33015",1900,7797
2022,"33015",1832,7235
2023,"33015",2017,7658
2024,"33015",2996,8617
2014,"33017",1563,2348
2015,"33017",1648,2381
2016,"33017",1411,3152
2017,"33017",1376,3061
2018,"33017",1666,3362
2019,"33017",1502,3395
2020,"33017",1454,3290
2021,"33017",1536,2850
2022,"33017",1525,2727
2023,"33017",1707,2716
2024,"33017",2178,2834
2014,"33019",1824,381
2015,"33019",1558,438
2016,"33019",1405,537
2017,"33019",1448,591
2018,"33019",1374,658
2019,"33019",1548,700
2020,"33019",1547,697
2021,"33019",1635,566
2022,"33019",1603,536
2023,"33019",1967,572
2024,"33019",2659,585
2014,"34001",2146,7169
2015,"34001",2048,6966
2016,"34001",1903,7945
2017,"34001",2037,7418
2018,"34001",1884,7285
2019,"34001",1817,7155
2020,"34001",2022,7251
2021,"34001",1828,6778
2022,"34001",1999,6719
2023,"34001",2413,7466
2024,"34001",2467,7538
2014,"34003",2216,17248
2015,"34003",2160,17617
2016,"34003",2118,20669
2017,"34003",2121,21170
2018,"34003",2069,21555
2019,"34003",2129,22323
2020,"34003",2229,22412
2021,"34003",2159,17773
2022,"34003",2316,18203
2023,"34003",2694,19741
2024,"34003",2937,21056
2014,"34005",1876,12991
2015,"34005",1811,13138
2016,"34005",1737,15815
2017,"34005",1715,15190
2018,"34005",1729,15369
2019,"34005",1696,15753
2020,"34005",1933,15924
2021,"34005",1645,13969
2022,"34005",1845,13577
2023,"34005",2235,14538
2024,"34005",2345,16143
2014,"34007",1871,14369
2015,"34007",1804,14351
2016,"34007",1594,16127
2017,"34007",1588,15633
2018,"34007",1608,15597
2019,"34007",1850,15622
2020,"34007",1970,15283
2021,"34007",1503,14999
2022,"34007",1698,14749
2023,"34007",1930,15561
2024,"34007",2178,17346
2014,"34009",2110,2291
2015,"34009",2142,2351
2016,"34009",2084,2768
2017,"34009",2154,2644
2018,"34009",2061,2622
2019,"34009",2036,2644
2020,"34009",2116,2769
2021,"34009",2092,2280
2022,"34009",2246,2224
2023,"34009",2517,2436
2024,"34009",2790,2449
2014,"34011",1608,2809
2015,"34011",1532,2697
2016,"34011",1437,2982
2017,"34011",1485,2879
2018,"34011",1470,2980
2019,"34011",1496,2982
2020,"34011",1622,2965
2021,"34011",1448,3291
2022,"34011",1647,3274
2023,"34011",1782,3474
2024,"34011",1947,3721
2014,"34013",2547,11430
2015,"34013",2512,11668
2016,"34013",2376,13161
2017,"34013",2478,12934
2018,"34013",2352,13274
2019,"34013",2346,13628
2020,"34013",2545,13373
2021,"34013",2375,11038
2022,"34013",2616,11153
2023,"34013",2999,12030
2024,"34013",3147,12487
2014,"34015",2397,9118
2015,"34015",1852,8973
2016,"34015",1688,9913
2017,"34015",1681,9683
2018,"34015",1642,9598
2019,"34015",1619,9796
2020,"34015",1812,9717
2021,"34015",1580,9528
2022,"34015",1738,9359
2023,"34015",1968,10015
2024,"34015",2143,11173
2014,"34017",2284,2828
2015,"34017",2111,2851
2016,"34017",2089,3268
2017,"34017",2027,3059
2018,"34017",2157,2939
2019,"34017",2339,2993
2020,"34017",2236,2911
2021,"34017",2043,2483
2022,"34017",2562,2504
2023,"34017",2905,2785
2024,"34017",2878,3035
2014,"34019",2035,4219
2015,"34019",2002,4248
2016,"34019",1963,4886
2017,"34019",1999,4962
2018,"34019",2040,4957
2019,"34019",2012,5015
2020,"34019",2158,5273
2021,"34019",2062,4047
2022,"34019",2280,4027
2023,"34019",2598,4225
2024,"34019",2649,4323
2014,"34021",1786,8244
2015,"34021",1898,8336
2016,"34021",1782,9537
2017,"34021",1726,9051
2018,"34021",1599,8725
2019,"34021",1700,9045
2020,"34021",1965,9496
2021,"34021",1736,7511
2022,"34021",1907,7464
2023,"34021",2216,8173
2024,"34021",2596,8536
2014,"34023",1795,17523
2015,"34023",1760,17895
2016,"34023",1645,20428
2017,"34023",1791,20609
2018,"34023",1631,20514
2019,"34023",1755,21707
2020,"34023",1941,21716
2021,"34023",1620,17540
2022,"34023",1890,17751
2023,"34023",2171,18817
2024,"34023",2315,20382
2014,"34025",2342,18336
2015,"34025",2422,18733
2016,"34025",2345,21346
2017,"34025",2358,21251
2018,"34025",2211,21492
2019,"34025",2397,22450
2020,"34025",2503,22336
2021,"34025",2226,18063
2022,"34025",2615,17980
2023,"34025",3003,19443
2024,"34025",3452,20516
2014,"34027",1970,13369
2015,"34027",1882,13778
2016,"34027",1805,15619
2017,"34027",1862,15754
2018,"34027",1848,16137
2019,"34027",1831,16540
2020,"34027",2044,16968
2021,"34027",1954,12454
2022,"34027",2101,12654
2023,"34027",2389,13652
2024,"34027",2360,14182
2014,"34029",2116,16876
2015,"34029",2029,18163
2016,"34029",1976,20636
2017,"34029",2047,20144
2018,"34029",1905,20479
2019,"34029",1958,21072
2020,"34029",2042,20589
2021,"34029",1894,18237
2022,"34029",2197,18611
2023,"34029",2539,20135
2024,"34029",2595,21265
2014,"34031",1981,7379
2015,"34031",1948,7463
2016,"34031",1890,8652
2017,"34031",1752,8512
2018,"34031",1803,8719
2019,"34031",1736,8934
2020,"34031",2004,8723
2021,"34031",1753,7373
2022,"34031",1971,7549
2023,"34031",2419,8102
2024,"34031",2569,9169
2014,"34033",1992,1408
2015,"34033",1931,1367
2016,"34033",1984,1607
2017,"34033",2017,1510
2018,"34033",2010,1548
2019,"34033",1875,1545
2020,"34033",2043,1530
2021,"34033",1737,1507
2022,"34033",1973,1517
2023,"34033",2297,1640
2024,"34033",2315,1853
2014,"34035",2039,7915
2015,"34035",2016,8115
2016,"34035",2050,9402
2017,"34035",1919,9189
2018,"34035",1881,9107
2019,"34035",1931,9425
2020,"34035",2115,10013
2021,"34035",1937,7742
2022,"34035",2268,7855
2023,"34035",2466,8395
2024,"34035",2647,8703
2014,"34037",1837,4800
2015,"34037",1704,4743
2016,"34037",1672,5422
2017,"34037",1603,5271
2018,"34037",1586,5380
2019,"34037",1638,5586
2020,"34037",1865,5590
2021,"34037",1667,4930
2022,"34037",1749,4888
2023,"34037",1968,5334
2024,"34037",2219,6023
2014,"34039",2043,10967
2015,"34039",1982,11102
2016,"34039",2013,12929
2017,"34039",2003,12915
2018,"34039",1953,13133
2019,"34039",2018,13449
2020,"34039",2129,13713
2021,"34039",1810,11718
2022,"34039",1977,11467
2023,"34039",2251,12693
2024,"34039",2590,13136
2014,"34041",1755,3074
2015,"34041",1803,3157
2016,"34041",1607,3576
2017,"34041",1627,3615
2018,"34041",1607,3404
2019,"34041",1618,3443
2020,"34041",1801,3577
2021,"34041",1553,2974
2022,"34041",1857,2915
2023,"34041",2067,3132
2024,"34041",2180,3410
2014,"35001",1218,18520
2015,"35001",1189,18845
2016,"35001",1183,23023
2017,"35001",1166,23187
2018,"35001",1192,22705
2019,"35001",1270,22989
2020,"35001",1311,23918
2021,"35001",1346,20280
2022,"35001",1442,18784
2023,"35001",1646,19434
2024,"35001",2018,18596
2014,"35005",1619,1446
2015,"35005",1580,1550
2016,"35005",1550,1819
2017,"35005",1584,1829
2018,"35005",1614,1899
2019,"35005",1750,2010
2020,"35005",1810,2073
2021,"35005",2004,1663
2022,"35005",2137,1590
2023,"35005",2386,1551
2024,"35005",2913,1443
2014,"35006",1367,112
2015,"35006",1183,138
2016,"35006",1199,166
2017,"35006",1403,166
2018,"35006",1319,186
2019,"35006",1300,178
2020,"35006",1265,191
2021,"35006",1227,124
2022,"35006",1546,112
2023,"35006",1447,121
2024,"35006",2024,110
2014,"35007",1511,77
2015,"35007",1760,105
2016,"35007",1677,140
2017,"35007",1811,162
2018,"35007",1627,189
2019,"35007",1857,192
2020,"35007",1886,223
2021,"35007",2056,140
2022,"35007",1717,150
2023,"35007",2424,147
2024,"35007",3094,132
2014,"35009",1608,1149
2015,"35009",1630,1207
2016,"35009",1554,2020
2017,"35009",1629,1750
2018,"35009",1650,2158
2019,"35009",1825,2215
2020,"35009",1884,2269
2021,"35009",2077,1843
2022,"35009",2300,1620
2023,"35009",2660,1488
2024,"35009",3260,1406
2014,"35013",1139,3955
2015,"35013",1092,4131
2016,"35013",1135,4771
2017,"35013",1163,4952
2018,"35013",1187,5098
2019,"35013",1328,5315
2020,"35013",1311,5664
2021,"35013",1322,4759
2022,"35013",1420,4451
2023,"35013",1599,4471
2024,"35013",1967,4475
2014,"35015",1870,1207
2015,"35015",2034,1160
2016,"35015",2085,1382
2017,"35015",2046,1675
2018,"35015",2095,1844
2019,"35015",2177,1907
2020,"35015",2188,1943
2021,"35015",2489,1455
2022,"35015",2738,1347
2023,"35015",2791,1339
2024,"35015",3254,1314
2014,"35017",1105,378
2015,"35017",1119,395
2016,"35017",1115,486
2017,"35017",1125,504
2018,"35017",1187,578
2019,"35017",1220,625
2020,"35017",1244,701
2021,"35017",1238,454
2022,"35017",1479,409
2023,"35017",1585,401
2024,"35017",1916,390
2015,"35019",NA,NA
2016,"35019",NA,NA
2017,"35019",NA,NA
2018,"35019",NA,NA
2019,"35019",NA,NA
2020,"35019",NA,NA
2016,"35023",NA,NA
2017,"35023",NA,NA
2018,"35023",NA,NA
2019,"35023",NA,NA
2020,"35023",NA,NA
2014,"35025",2103,855
2015,"35025",2093,928
2016,"35025",2118,1100
2017,"35025",2085,1086
2018,"35025",2006,1105
2019,"35025",2163,1350
2020,"35025",2315,1323
2021,"35025",2296,1149
2022,"35025",2584,1118
2023,"35025",2964,1147
2024,"35025",3415,1335
2014,"35027",1566,282
2015,"35027",1543,315
2016,"35027",1582,357
2017,"35027",1554,343
2018,"35027",1509,349
2019,"35027",1610,339
2020,"35027",1648,407
2021,"35027",1844,332
2022,"35027",2023,308
2023,"35027",2428,321
2024,"35027",2826,383
2014,"35028",1289,295
2015,"35028",1341,299
2016,"35028",1489,339
2017,"35028",1505,335
2018,"35028",1591,460
2019,"35028",1587,649
2020,"35028",1554,716
2021,"35028",1772,608
2022,"35028",1961,542
2023,"35028",2227,505
2024,"35028",2781,498
2014,"35029",1114,240
2015,"35029",1241,186
2016,"35029",1165,320
2017,"35029",1102,334
2018,"35029",1177,389
2019,"35029",1305,412
2020,"35029",1311,433
2021,"35029",1292,301
2022,"35029",1355,299
2023,"35029",1567,223
2024,"35029",1954,227
2014,"35031",1154,164
2015,"35031",1156,200
2016,"35031",1151,283
2017,"35031",1181,255
2018,"35031",1212,301
2019,"35031",1276,325
2020,"35031",1321,342
2021,"35031",1365,239
2022,"35031",1577,223
2023,"35031",1593,241
2024,"35031",2119,215
2014,"35035",1154,1892
2015,"35035",1149,1921
2016,"35035",1194,2237
2017,"35035",1202,2148
2018,"35035",1251,2312
2019,"35035",1412,2370
2020,"35035",1527,2425
2021,"35035",1542,2211
2022,"35035",1639,2001
2023,"35035",1883,1902
2024,"35035",2287,1945
2014,"35037",1630,50
2015,"35037",1624,70
2016,"35037",1534,75
2017,"35037",1407,77
2018,"35037",1552,90
2019,"35037",1602,96
2020,"35037",1675,93
2021,"35037",2109,59
2022,"35037",2365,58
2023,"35037",2552,53
2024,"35037",2680,50
2014,"35039",1500,79
2015,"35039",1624,87
2016,"35039",1703,119
2017,"35039",1649,130
2018,"35039",1616,153
2019,"35039",1709,170
2020,"35039",1714,217
2021,"35039",1792,181
2022,"35039",1954,172
2023,"35039",2257,206
2024,"35039",2728,208
2014,"35041",1785,277
2015,"35041",1779,355
2016,"35041",1877,454
2017,"35041",1808,419
2018,"35041",1860,463
2019,"35041",2053,461
2020,"35041",2065,463
2021,"35041",2226,388
2022,"35041",2442,362
2023,"35041",2770,340
2024,"35041",3529,334
2014,"35043",1198,4582
2015,"35043",1138,4743
2016,"35043",1217,5868
2017,"35043",1207,5903
2018,"35043",1146,5578
2019,"35043",1313,5693
2020,"35043",1421,5911
2021,"35043",1382,5102
2022,"35043",1481,4701
2023,"35043",1700,4905
2024,"35043",2094,4925
2014,"35045",1264,2129
2015,"35045",1184,2158
2016,"35045",1234,2582
2017,"35045",1199,2594
2018,"35045",1184,2454
2019,"35045",1255,2426
2020,"35045",1210,2530
2021,"35045",1224,1973
2022,"35045",1326,1868
2023,"35045",1469,1918
2024,"35045",1759,1945
2014,"35047",1492,101
2015,"35047",1481,119
2016,"35047",1586,165
2017,"35047",1692,175
2018,"35047",1656,186
2019,"35047",1852,205
2020,"35047",1952,214
2021,"35047",1892,140
2022,"35047",1990,135
2023,"35047",2375,196
2024,"35047",2980,188
2014,"35049",1532,3057
2015,"35049",1565,3337
2016,"35049",1515,3764
2017,"35049",1469,4004
2018,"35049",1528,3920
2019,"35049",1595,3988
2020,"35049",1654,4335
2021,"35049",1745,3348
2022,"35049",1984,3103
2023,"35049",2225,3267
2024,"35049",2649,3029
2014,"35051",944,48
2015,"35051",1030,65
2016,"35051",1032,70
2017,"35051",1009,85
2018,"35051",1187,95
2019,"35051",1191,104
2020,"35051",1208,119
2021,"35051",1318,97
2022,"35051",1423,99
2023,"35051",1598,91
2024,"35051",1747,97
2014,"35053",1643,74
2015,"35053",1404,79
2016,"35053",1519,89
2017,"35053",1563,108
2018,"35053",1451,115
2019,"35053",1514,121
2020,"35053",1460,141
2021,"35053",1533,101
2022,"35053",1745,103
2023,"35053",1755,119
2024,"35053",2244,113
2014,"35055",1732,168
2015,"35055",1651,190
2016,"35055",1503,214
2017,"35055",1531,226
2018,"35055",1547,215
2019,"35055",1626,228
2020,"35055",1785,289
2021,"35055",1668,241
2022,"35055",1937,240
2023,"35055",2310,265
2024,"35055",2639,309
2014,"35057",1304,86
2015,"35057",1366,96
2016,"35057",1375,110
2017,"35057",1506,121
2018,"35057",1414,136
2019,"35057",1519,132
2020,"35057",1644,168
2021,"35057",1841,146
2022,"35057",1820,143
2023,"35057",2183,156
2024,"35057",2575,163
2014,"35059",1421,28
2015,"35059",1395,38
2016,"35059",1417,44
2017,"35059",1461,50
2018,"35059",1721,61
2019,"35059",1953,64
2020,"35059",1927,67
2021,"35059",2359,28
2022,"35059",2590,30
2023,"35059",2224,32
2024,"35059",3500,28
2014,"35061",1714,1569
2015,"35061",1719,1685
2016,"35061",1713,1857
2017,"35061",1727,1802
2018,"35061",1775,1776
2019,"35061",1868,1826
2020,"35061",1875,1842
2021,"35061",1894,1570
2022,"35061",1996,1486
2023,"35061",2070,1545
2024,"35061",2470,1475
2014,"36001",2427,4286
2015,"36001",1719,3864
2016,"36001",1554,3190
2017,"36001",1565,3822
2018,"36001",1585,4776
2019,"36001",2230,5588
2020,"36001",2321,5009
2021,"36001",1526,4235
2022,"36001",1600,4139
2023,"36001",1853,4435
2024,"36001",1596,4158
2014,"36003",1106,228
2015,"36003",1008,223
2016,"36003",1033,270
2017,"36003",990,300
2018,"36003",995,326
2019,"36003",1066,371
2020,"36003",1270,278
2021,"36003",1204,223
2022,"36003",1351,190
2023,"36003",1400,232
2024,"36003",1355,223
2014,"36005",3326,3339
2015,"36005",2835,3313
2016,"36005",2818,3461
2017,"36005",2676,3841
2018,"36005",2662,3887
2019,"36005",2694,3640
2020,"36005",2757,3241
2021,"36005",2445,3089
2022,"36005",2354,3003
2023,"36005",3049,3125
2024,"36005",3137,3116
2014,"36007",1223,2807
2015,"36007",1165,2828
2016,"36007",1124,3030
2017,"36007",1095,3440
2018,"36007",1115,3566
2019,"36007",1167,3535
2020,"36007",1043,2862
2021,"36007",1052,2689
2022,"36007",1199,2012
2023,"36007",1351,2088
2024,"36007",1333,2072
2014,"36009",1267,400
2015,"36009",1182,428
2016,"36009",1208,538
2017,"36009",1137,629
2018,"36009",1242,751
2019,"36009",1149,788
2020,"36009",1302,596
2021,"36009",1372,483
2022,"36009",1364,464
2023,"36009",1575,496
2024,"36009",1559,494
2014,"36011",1396,788
2015,"36011",1411,813
2016,"36011",1591,968
2017,"36011",1506,1060
2018,"36011",1570,1144
2019,"36011",1646,1163
2020,"36011",1634,974
2021,"36011",1616,903
2022,"36011",1719,835
2023,"36011",1877,874
2024,"36011",1902,812
2014,"36013",1085,954
2015,"36013",1147,473
2016,"36013",1084,1157
2017,"36013",1085,1572
2018,"36013",1074,1689
2019,"36013",1102,1697
2020,"36013",1178,1263
2021,"36013",1162,1063
2022,"36013",1165,916
2023,"36013",1321,933
2024,"36013",1316,938
2014,"36015",1935,851
2015,"36015",1521,873
2016,"36015",1321,912
2017,"36015",1409,1043
2018,"36015",1501,1183
2019,"36015",1156,1211
2020,"36015",1416,914
2021,"36015",1532,917
2022,"36015",1532,883
2023,"36015",1170,793
2024,"36015",1291,831
2014,"36017",1282,417
2015,"36017",1193,418
2016,"36017",1285,489
2017,"36017",1315,543
2018,"36017",1499,589
2019,"36017",1341,572
2020,"36017",1326,469
2021,"36017",1459,404
2022,"36017",1418,376
2023,"36017",1586,413
2024,"36017",1699,414
2014,"36019",1360,686
2015,"36019",1260,875
2016,"36019",1292,998
2017,"36019",1258,1149
2018,"36019",1302,1266
2019,"36019",1429,1318
2020,"36019",1297,1023
2021,"36019",1390,947
2022,"36019",1299,838
2023,"36019",1506,863
2024,"36019",1494,1114
2014,"36021",1820,766
2015,"36021",1828,761
2016,"36021",1786,841
2017,"36021",1759,989
2018,"36021",1773,1038
2019,"36021",1714,1121
2020,"36021",1777,971
2021,"36021",1876,846
2022,"36021",1875,832
2023,"36021",2131,915
2024,"36021",2001,827
2014,"36023",1684,333
2015,"36023",1439,206
2016,"36023",1275,356
2017,"36023",1135,434
2018,"36023",1319,484
2019,"36023",2015,511
2020,"36023",1577,413
2021,"36023",1328,394
2022,"36023",1395,400
2023,"36023",1534,392
2024,"36023",1501,367
2014,"36025",1289,393
2015,"36025",1248,380
2016,"36025",1217,409
2017,"36025",1192,466
2018,"36025",1327,538
2019,"36025",1416,562
2020,"36025",1569,439
2021,"36025",1470,361
2022,"36025",1367,366
2023,"36025",1655,387
2024,"36025",1699,349
2014,"36027",2107,6277
2015,"36027",1827,6061
2016,"36027",1691,6896
2017,"36027",1693,7654
2018,"36027",1795,8151
2019,"36027",1866,8215
2020,"36027",1898,7375
2021,"36027",1794,6401
2022,"36027",1849,2487
2023,"36027",2010,2745
2024,"36027",1968,3077
2014,"36029",1339,12987
2015,"36029",1318,13371
2016,"36029",1165,15063
2017,"36029",1148,20600
2018,"36029",1271,21731
2019,"36029",1247,22310
2020,"36029",1289,18016
2021,"36029",1397,17276
2022,"36029",1521,14785
2023,"36029",1563,15039
2024,"36029",1744,15042
2014,"36031",1567,352
2015,"36031",1523,384
2016,"36031",1470,445
2017,"36031",1392,459
2018,"36031",1456,536
2019,"36031",1527,591
2020,"36031",1501,452
2021,"36031",1313,382
2022,"36031",1434,350
2023,"36031",1661,372
2024,"36031",1711,395
2014,"36033",1344,383
2015,"36033",1171,398
2016,"36033",1148,465
2017,"36033",1126,524
2018,"36033",1135,574
2019,"36033",1228,603
2020,"36033",1267,444
2021,"36033",1289,370
2022,"36033",1234,359
2023,"36033",1435,381
2024,"36033",1486,423
2014,"36035",1794,617
2015,"36035",1565,618
2016,"36035",1578,686
2017,"36035",1562,783
2018,"36035",1663,860
2019,"36035",1190,774
2020,"36035",1812,733
2021,"36035",1881,657
2022,"36035",1767,726
2023,"36035",1885,744
2024,"36035",2017,738
2014,"36037",1291,648
2015,"36037",1322,713
2016,"36037",1154,827
2017,"36037",1163,995
2018,"36037",1194,1033
2019,"36037",1235,1052
2020,"36037",1258,862
2021,"36037",1467,715
2022,"36037",1262,665
2023,"36037",1376,758
2024,"36037",1672,716
2014,"36039",1901,447
2015,"36039",1699,435
2016,"36039",1518,438
2017,"36039",1589,506
2018,"36039",1723,549
2019,"36039",1631,534
2020,"36039",1745,486
2021,"36039",1456,399
2022,"36039",1633,426
2023,"36039",1872,465
2024,"36039",1765,426
2014,"36041",1359,34
2015,"36041",1520,31
2016,"36041",1223,29
2017,"36041",1267,38
2018,"36041",1511,46
2019,"36041",1325,50
2020,"36041",1306,41
2021,"36041",1496,29
2022,"36041",1431,34
2023,"36041",1534,39
2024,"36041",1716,38
2014,"36043",1256,455
2015,"36043",1180,455
2016,"36043",1189,534
2017,"36043",1221,606
2018,"36043",1274,710
2019,"36043",1283,691
2020,"36043",1346,528
2021,"36043",1345,595
2022,"36043",1393,590
2023,"36043",1538,679
2024,"36043",1568,727
2014,"36045",1515,745
2015,"36045",1445,738
2016,"36045",1357,1079
2017,"36045",1357,1123
2018,"36045",1403,1390
2019,"36045",1333,1474
2020,"36045",1478,1202
2021,"36045",2238,1696
2022,"36045",2146,1486
2023,"36045",2300,1530
2024,"36045",2147,1454
2014,"36047",3279,8406
2015,"36047",2886,8254
2016,"36047",2978,8464
2017,"36047",3028,9447
2018,"36047",2874,9059
2019,"36047",3007,8378
2020,"36047",3317,7581
2021,"36047",2721,6841
2022,"36047",2763,6633
2023,"36047",3818,7152
2024,"36047",3698,6757
2014,"36049",1375,117
2015,"36049",1470,124
2016,"36049",1446,187
2017,"36049",1352,212
2018,"36049",1444,272
2019,"36049",1489,279
2020,"36049",1461,210
2021,"36049",1470,227
2022,"36049",1546,221
2023,"36049",1609,225
2024,"36049",1558,222
2014,"36051",1144,663
2015,"36051",1161,441
2016,"36051",1211,842
2017,"36051",1170,1121
2018,"36051",1178,1193
2019,"36051",1209,1230
2020,"36051",1191,1024
2021,"36051",1209,889
2022,"36051",1097,730
2023,"36051",1529,807
2024,"36051",1375,809
2014,"36053",1385,696
2015,"36053",1372,704
2016,"36053",1287,874
2017,"36053",1489,992
2018,"36053",1759,1163
2019,"36053",1335,1218
2020,"36053",1336,1025
2021,"36053",1301,954
2022,"36053",1324,834
2023,"36053",1492,906
2024,"36053",1624,803
2014,"36055",1425,12290
2015,"36055",1398,12701
2016,"36055",1373,14434
2017,"36055",1365,17844
2018,"36055",1446,19376
2019,"36055",1508,19383
2020,"36055",1421,17150
2021,"36055",1436,15752
2022,"36055",1509,13718
2023,"36055",1638,16268
2024,"36055",1815,14876
2014,"36057",1901,451
2015,"36057",1611,449
2016,"36057",1552,487
2017,"36057",1652,541
2018,"36057",1723,623
2019,"36057",1618,655
2020,"36057",1874,533
2021,"36057",2110,463
2022,"36057",2094,495
2023,"36057",2085,500
2024,"36057",2140,520
2014,"36059",3998,35211
2015,"36059",4061,36751
2016,"36059",3922,39668
2017,"36059",3985,42443
2018,"36059",4097,43151
2019,"36059",4023,42634
2020,"36059",4365,39941
2021,"36059",4199,38822
2022,"36059",3936,30079
2023,"36059",4617,38601
2024,"36059",5027,37183
2014,"36061",5619,85
2015,"36061",5723,76
2016,"36061",5848,76
2017,"36061",4977,101
2018,"36061",4745,95
2019,"36061",5277,87
2020,"36061",7151,100
2021,"36061",4956,63
2022,"36061",4727,53
2023,"36061",8113,80
2024,"36061",5817,47
2014,"36063",1643,3423
2015,"36063",1519,3554
2016,"36063",1493,4080
2017,"36063",1479,5391
2018,"36063",1602,5774
2019,"36063",1671,5994
2020,"36063",1689,5218
2021,"36063",1756,4448
2022,"36063",1762,3769
2023,"36063",1832,3932
2024,"36063",1778,3917
2014,"36065",1587,1799
2015,"36065",1524,1900
2016,"36065",1395,2288
2017,"36065",1341,2709
2018,"36065",1439,3251
2019,"36065",1733,3393
2020,"36065",1794,2623
2021,"36065",1677,2573
2022,"36065",1736,2535
2023,"36065",1995,2696
2024,"36065",2098,2460
2014,"36067",1393,6791
2015,"36067",1397,6903
2016,"36067",1336,7872
2017,"36067",1364,8809
2018,"36067",1432,9748
2019,"36067",1393,9862
2020,"36067",1393,8882
2021,"36067",1561,8340
2022,"36067",1509,7381
2023,"36067",1747,8213
2024,"36067",1655,7452
2014,"36069",1522,1448
2015,"36069",1520,1407
2016,"36069",1506,1740
2017,"36069",1583,1959
2018,"36069",1569,2199
2019,"36069",1578,2278
2020,"36069",3138,2012
2021,"36069",1435,1755
2022,"36069",1542,1658
2023,"36069",1713,1755
2024,"36069",1791,1664
2014,"36071",1900,6274
2015,"36071",1750,5708
2016,"36071",1624,6014
2017,"36071",1641,7169
2018,"36071",1856,8793
2019,"36071",2507,10236
2020,"36071",2320,8826
2021,"36071",1979,8218
2022,"36071",1784,7510
2023,"36071",2000,7772
2024,"36071",2117,8583
2014,"36073",1197,539
2015,"36073",1028,517
2016,"36073",1100,599
2017,"36073",1044,721
2018,"36073",1055,772
2019,"36073",1095,776
2020,"36073",1133,654
2021,"36073",1210,616
2022,"36073",1101,504
2023,"36073",1301,531
2024,"36073",1445,545
2014,"36075",1651,1107
2015,"36075",1698,1133
2016,"36075",1701,1297
2017,"36075",1700,1468
2018,"36075",1840,1632
2019,"36075",1429,1738
2020,"36075",1662,1432
2021,"36075",1687,1362
2022,"36075",1415,1218
2023,"36075",1665,1387
2024,"36075",1695,1350
2014,"36077",1427,642
2015,"36077",1510,634
2016,"36077",1392,704
2017,"36077",1415,739
2018,"36077",1497,815
2019,"36077",1346,832
2020,"36077",1408,675
2021,"36077",1373,622
2022,"36077",1446,640
2023,"36077",1648,681
2024,"36077",1709,679
2014,"36079",2207,2842
2015,"36079",1953,2013
2016,"36079",2037,3129
2017,"36079",2042,3550
2018,"36079",2353,3613
2019,"36079",2173,3780
2020,"36079",2218,3470
2021,"36079",2068,2972
2022,"36079",2078,2254
2023,"36079",2444,2322
2024,"36079",2493,2605
2014,"36081",2615,16588
2015,"36081",2268,16827
2016,"36081",2381,17852
2017,"36081",2309,19645
2018,"36081",2273,19395
2019,"36081",2376,18475
2020,"36081",2469,16198
2021,"36081",2102,15428
2022,"36081",2040,15114
2023,"36081",2875,16033
2024,"36081",2692,15323
2014,"36083",1757,2079
2015,"36083",2141,2151
2016,"36083",1630,2203
2017,"36083",1458,2474
2018,"36083",1552,2735
2019,"36083",1681,2828
2020,"36083",2410,2581
2021,"36083",2085,2268
2022,"36083",3152,1935
2023,"36083",1813,1982
2024,"36083",1561,1925
2014,"36085",2477,10064
2015,"36085",2217,9873
2016,"36085",2293,10229
2017,"36085",2238,10878
2018,"36085",2131,10751
2019,"36085",2247,10252
2020,"36085",2272,9167
2021,"36085",1979,8329
2022,"36085",1978,8277
2023,"36085",2753,8514
2024,"36085",2596,8311
2014,"36087",2870,5564
2015,"36087",1949,3796
2016,"36087",2266,5595
2017,"36087",2428,7304
2018,"36087",2372,7415
2019,"36087",2773,7337
2020,"36087",2604,6536
2021,"36087",2325,6162
2022,"36087",3395,5741
2023,"36087",2553,3577
2024,"36087",2792,4911
2014,"36089",1292,378
2015,"36089",1323,420
2016,"36089",1310,576
2017,"36089",1278,688
2018,"36089",1336,771
2019,"36089",1381,792
2020,"36089",1381,549
2021,"36089",1466,475
2022,"36089",1376,422
2023,"36089",1468,442
2024,"36089",1501,472
2014,"36091",1719,3966
2015,"36091",1656,3977
2016,"36091",1606,4429
2017,"36091",1661,5101
2018,"36091",2108,5506
2019,"36091",2848,5536
2020,"36091",2348,4897
2021,"36091",1888,4150
2022,"36091",2043,4248
2023,"36091",2211,4575
2024,"36091",1761,4208
2014,"36093",1776,1974
2015,"36093",1418,1486
2016,"36093",1509,2342
2017,"36093",1495,2714
2018,"36093",1465,2988
2019,"36093",1855,3282
2020,"36093",1797,2865
2021,"36093",1796,2800
2022,"36093",1277,2157
2023,"36093",1392,2033
2024,"36093",1517,2371
2014,"36095",1681,316
2015,"36095",1534,321
2016,"36095",1473,349
2017,"36095",1432,408
2018,"36095",1419,418
2019,"36095",1404,424
2020,"36095",1421,358
2021,"36095",1444,351
2022,"36095",1582,354
2023,"36095",1650,395
2024,"36095",1589,378
2014,"36097",1382,88
2015,"36097",1631,85
2016,"36097",1545,104
2017,"36097",1517,141
2018,"36097",1507,164
2019,"36097",1257,174
2020,"36097",1644,124
2021,"36097",2083,106
2022,"36097",1521,106
2023,"36097",1462,96
2024,"36097",1832,93
2014,"36099",1125,239
2015,"36099",1270,243
2016,"36099",1289,263
2017,"36099",1346,305
2018,"36099",1554,333
2019,"36099",1234,329
2020,"36099",1244,256
2021,"36099",1213,225
2022,"36099",1280,194
2023,"36099",1365,204
2024,"36099",1245,216
2014,"36101",1959,723
2015,"36101",1678,541
2016,"36101",1558,805
2017,"36101",1547,895
2018,"36101",1571,1045
2019,"36101",1302,1084
2020,"36101",1900,865
2021,"36101",2353,800
2022,"36101",1461,726
2023,"36101",1749,724
2024,"36101",1851,731
2014,"36103",3110,40075
2015,"36103",2944,40782
2016,"36103",2833,43479
2017,"36103",2789,48345
2018,"36103",2712,49744
2019,"36103",2849,48606
2020,"36103",2936,34343
2021,"36103",2649,41041
2022,"36103",2948,40786
2023,"36103",3315,41394
2024,"36103",3506,41212
2014,"36105",1582,750
2015,"36105",1501,650
2016,"36105",1445,700
2017,"36105",1463,875
2018,"36105",1567,1070
2019,"36105",1544,1094
2020,"36105",1549,939
2021,"36105",1596,781
2022,"36105",1603,786
2023,"36105",1837,874
2024,"36105",1954,978
2014,"36107",1322,505
2015,"36107",1433,517
2016,"36107",1274,586
2017,"36107",1270,638
2018,"36107",1354,736
2019,"36107",1478,742
2020,"36107",1328,586
2021,"36107",1410,556
2022,"36107",1572,550
2023,"36107",1605,549
2024,"36107",1557,521
2014,"36109",1554,498
2015,"36109",2400,398
2016,"36109",2552,576
2017,"36109",2334,647
2018,"36109",1705,675
2019,"36109",1898,670
2020,"36109",2098,552
2021,"36109",2165,495
2022,"36109",1777,461
2023,"36109",1921,450
2024,"36109",2232,414
2014,"36111",2072,1841
2015,"36111",1867,1681
2016,"36111",1696,2419
2017,"36111",1678,2767
2018,"36111",1673,3080
2019,"36111",1723,3078
2020,"36111",1716,2576
2021,"36111",1622,2250
2022,"36111",1670,1784
2023,"36111",1969,1936
2024,"36111",1944,2029
2014,"36113",1717,1055
2015,"36113",1771,1123
2016,"36113",1854,1241
2017,"36113",1685,1295
2018,"36113",1875,1486
2019,"36113",1750,1520
2020,"36113",2478,1338
2021,"36113",2652,1171
2022,"36113",1172,1057
2023,"36113",1470,1119
2024,"36113",1474,1020
2014,"36115",1272,708
2015,"36115",1252,761
2016,"36115",1208,876
2017,"36115",1172,963
2018,"36115",1202,1108
2019,"36115",1268,1146
2020,"36115",1443,943
2021,"36115",1288,866
2022,"36115",1310,847
2023,"36115",1538,916
2024,"36115",1522,930
2014,"36117",1069,1244
2015,"36117",1052,1227
2016,"36117",1138,1443
2017,"36117",1156,1799
2018,"36117",1119,1906
2019,"36117",1137,1972
2020,"36117",1213,1656
2021,"36117",1202,1517
2022,"36117",1194,1272
2023,"36117",1290,1331
2024,"36117",1220,1332
2014,"36119",3958,12553
2015,"36119",3596,13144
2016,"36119",3646,13712
2017,"36119",3583,12423
2018,"36119",4033,17010
2019,"36119",4450,16580
2020,"36119",3891,17056
2021,"36119",3695,16082
2022,"36119",4027,15879
2023,"36119",5644,17214
2024,"36119",5903,16100
2014,"36121",1169,383
2015,"36121",1144,420
2016,"36121",1096,470
2017,"36121",1162,597
2018,"36121",1259,606
2019,"36121",1178,616
2020,"36121",1177,473
2021,"36121",1353,438
2022,"36121",1214,375
2023,"36121",1435,403
2024,"36121",1427,399
2014,"36123",1281,127
2015,"36123",1229,65
2016,"36123",1166,156
2017,"36123",1117,183
2018,"36123",1260,226
2019,"36123",1209,233
2020,"36123",1137,193
2021,"36123",1213,165
2022,"36123",1088,161
2023,"36123",1345,148
2024,"36123",1385,142
2014,"37001",1457,4851
2015,"37001",1430,5211
2016,"37001",1345,5698
2017,"37001",1035,5310
2018,"37001",1067,5398
2019,"37001",1152,5510
2020,"37001",1266,5825
2021,"37001",1148,4516
2022,"37001",1276,4276
2023,"37001",1494,4403
2024,"37001",2068,4820
2014,"37003",1058,708
2015,"37003",1181,777
2016,"37003",1274,841
2017,"37003",1079,801
2018,"37003",1052,784
2019,"37003",1054,808
2020,"37003",1121,902
2021,"37003",1164,642
2022,"37003",1232,616
2023,"37003",1466,659
2024,"37003",2071,706
2014,"37005",1097,177
2015,"37005",1203,179
2016,"37005",1188,187
2017,"37005",1121,184
2018,"37005",1171,210
2019,"37005",1260,225
2020,"37005",1338,253
2021,"37005",1366,191
2022,"37005",1472,194
2023,"37005",1747,194
2024,"37005",1905,208
2014,"37007",1265,106
2015,"37007",1281,121
2016,"37007",1298,137
2017,"37007",1281,149
2018,"37007",1227,175
2019,"37007",1446,213
2020,"37007",1345,223
2021,"37007",1498,199
2022,"37007",1647,196
2023,"37007",1820,197
2024,"37007",1962,226
2014,"37009",1364,331
2015,"37009",1332,365
2016,"37009",1250,426
2017,"37009",1228,396
2018,"37009",1177,407
2019,"37009",1283,423
2020,"37009",1304,451
2021,"37009",1385,326
2022,"37009",1609,318
2023,"37009",1878,306
2024,"37009",2423,349
2014,"37011",1503,196
2015,"37011",1395,214
2016,"37011",1386,241
2017,"37011",1511,244
2018,"37011",1423,258
2019,"37011",1332,241
2020,"37011",1497,274
2021,"37011",1511,222
2022,"37011",1732,224
2023,"37011",2110,250
2024,"37011",2128,240
2014,"37013",2199,403
2015,"37013",2249,438
2016,"37013",2258,486
2017,"37013",2299,840
2018,"37013",2184,843
2019,"37013",2250,864
2020,"37013",2208,951
2021,"37013",2092,704
2022,"37013",2230,651
2023,"37013",2571,665
2024,"37013",2838,759
2014,"37015",1562,81
2015,"37015",1562,84
2016,"37015",1687,94
2017,"37015",1546,100
2018,"37015",1614,96
2019,"37015",1789,94
2020,"37015",1973,107
2021,"37015",2020,78
2022,"37015",2047,82
2023,"37015",2410,81
2024,"37015",2449,88
2014,"37017",2122,275
2015,"37017",2059,389
2016,"37017",1906,434
2017,"37017",1843,406
2018,"37017",1872,393
2019,"37017",1930,443
2020,"37017",2004,457
2021,"37017",2067,342
2022,"37017",2162,356
2023,"37017",2343,374
2024,"37017",2633,393
2014,"37019",2643,4205
2015,"37019",2620,4424
2016,"37019",2578,4958
2017,"37019",2643,4957
2018,"37019",2584,5070
2019,"37019",2709,5164
2020,"37019",2811,5415
2021,"37019",2909,4591
2022,"37019",3203,4256
2023,"37019",3717,4305
2024,"37019",4114,4798
2014,"37021",1362,6894
2015,"37021",1210,7247
2016,"37021",1192,8044
2017,"37021",1253,8105
2018,"37021",1602,8512
2019,"37021",1249,8762
2020,"37021",1291,9098
2021,"37021",1354,7230
2022,"37021",1720,6784
2023,"37021",1642,6902
2024,"37021",1864,6674
2014,"37023",1310,1878
2015,"37023",1158,1932
2016,"37023",1177,2081
2017,"37023",1171,2041
2018,"37023",1172,2085
2019,"37023",1241,2160
2020,"37023",1338,2248
2021,"37023",1284,1762
2022,"37023",1435,1622
2023,"37023",1603,1711
2024,"37023",1955,1750
2014,"37025",1625,6781
2015,"37025",1548,7143
2016,"37025",1646,7907
2017,"37025",1751,7938
2018,"37025",1263,7324
2019,"37025",1375,7978
2020,"37025",1394,8597
2021,"37025",1663,7005
2022,"37025",1561,5940
2023,"37025",1741,6211
2024,"37025",2043,6531
2014,"37027",1151,1989
2015,"37027",1132,2138
2016,"37027",1126,2262
2017,"37027",1087,2273
2018,"37027",914,2133
2019,"37027",997,2185
2020,"37027",1207,2280
2021,"37027",1257,1848
2022,"37027",1572,1813
2023,"37027",1582,1894
2024,"37027",1756,2078
2014,"37029",2413,549
2015,"37029",2357,561
2016,"37029",2187,626
2017,"37029",2098,565
2018,"37029",2330,607
2019,"37029",2324,601
2020,"37029",2318,613
2021,"37029",2158,540
2022,"37029",2548,493
2023,"37029",2761,483
2024,"37029",3604,515
2014,"37031",3033,2438
2015,"37031",3005,2607
2016,"37031",3024,2863
2017,"37031",3064,2799
2018,"37031",2972,2732
2019,"37031",3071,2807
2020,"37031",3256,2909
2021,"37031",3506,2519
2022,"37031",3761,2305
2023,"37031",4264,2261
2024,"37031",4607,2265
2014,"37033",1287,363
2015,"37033",1191,374
2016,"37033",1182,417
2017,"37033",1172,424
2018,"37033",1259,434
2019,"37033",1282,409
2020,"37033",1319,443
2021,"37033",1221,348
2022,"37033",1363,351
2023,"37033",1504,376
2024,"37033",1750,381
2014,"37035",1015,4852
2015,"37035",1023,4973
2016,"37035",1067,5527
2017,"37035",1015,5280
2018,"37035",1035,5214
2019,"37035",1091,5359
2020,"37035",1220,5816
2021,"37035",1173,4528
2022,"37035",1264,4125
2023,"37035",1410,4458
2024,"37035",1818,4786
2014,"37037",1479,2359
2015,"37037",1501,2471
2016,"37037",1413,2674
2017,"37037",1425,2674
2018,"37037",1545,2723
2019,"37037",1611,2799
2020,"37037",1744,3103
2021,"37037",1674,2629
2022,"37037",1960,2424
2023,"37037",2060,2418
2024,"37037",2437,2455
2014,"37039",1114,624
2015,"37039",1126,638
2016,"37039",1150,668
2017,"37039",1122,693
2018,"37039",1120,682
2019,"37039",1197,716
2020,"37039",1246,708
2021,"37039",1288,572
2022,"37039",1524,561
2023,"37039",1783,556
2024,"37039",1879,601
2014,"37041",2026,281
2015,"37041",1991,310
2016,"37041",2037,354
2017,"37041",2104,346
2018,"37041",2141,338
2019,"37041",2183,382
2020,"37041",2338,418
2021,"37041",2302,322
2022,"37041",2470,298
2023,"37041",3280,311
2024,"37041",3220,287
2014,"37043",1465,242
2015,"37043",1367,262
2016,"37043",1478,296
2017,"37043",1509,286
2018,"37043",1462,287
2019,"37043",1538,291
2020,"37043",1428,278
2021,"37043",1567,232
2022,"37043",1672,230
2023,"37043",1851,239
2024,"37043",2225,232
2014,"37045",1122,1769
2015,"37045",1088,1963
2016,"37045",1082,2177
2017,"37045",1083,2234
2018,"37045",1101,2335
2019,"37045",1167,2400
2020,"37045",1188,2501
2021,"37045",1241,1948
2022,"37045",1566,1855
2023,"37045",1532,1912
2024,"37045",1798,1976
2014,"37047",2130,666
2015,"37047",2112,686
2016,"37047",1966,762
2017,"37047",1908,782
2018,"37047",1987,783
2019,"37047",1941,763
2020,"37047",2133,766
2021,"37047",2267,629
2022,"37047",2356,617
2023,"37047",2462,608
2024,"37047",2843,636
2014,"37049",1829,3905
2015,"37049",1807,4121
2016,"37049",1751,4553
2017,"37049",1823,4369
2018,"37049",1780,4143
2019,"37049",1887,4215
2020,"37049",1984,4347
2021,"37049",1993,3446
2022,"37049",2127,3179
2023,"37049",2470,3232
2024,"37049",3007,3227
2014,"37051",1356,15132
2015,"37051",1389,15786
2016,"37051",1334,18823
2017,"37051",1361,17253
2018,"37051",1472,17938
2019,"37051",1542,18019
2020,"37051",1605,17517
2021,"37051",1720,16482
2022,"37051",1800,14792
2023,"37051",2116,14614
2024,"37051",2550,15233
2014,"37053",3080,1369
2015,"37053",2895,1482
2016,"37053",2789,1590
2017,"37053",2902,1565
2018,"37053",2815,1526
2019,"37053",2618,1633
2020,"37053",2534,1663
2021,"37053",2526,1482
2022,"37053",3011,1375
2023,"37053",3172,1394
2024,"37053",3744,1472
2014,"37055",3729,1615
2015,"37055",3669,1873
2016,"37055",3550,1995
2017,"37055",3611,1975
2018,"37055",3747,1998
2019,"37055",3709,1948
2020,"37055",3603,2111
2021,"37055",3892,1770
2022,"37055",4079,1548
2023,"37055",4767,1528
2024,"37055",5266,1531
2014,"37057",1055,4213
2015,"37057",1014,4518
2016,"37057",1030,5087
2017,"37057",1023,5032
2018,"37057",1062,5117
2019,"37057",1075,5214
2020,"37057",1096,5461
2021,"37057",1139,4367
2022,"37057",1400,4286
2023,"37057",1477,4401
2024,"37057",1664,4601
2014,"37059",1180,1411
2015,"37059",1138,1447
2016,"37059",1371,1629
2017,"37059",1216,1543
2018,"37059",1183,1588
2019,"37059",1255,1662
2020,"37059",1286,1714
2021,"37059",1330,1394
2022,"37059",1560,1309
2023,"37059",1626,1351
2024,"37059",1855,1391
2014,"37061",1792,607
2015,"37061",1793,640
2016,"37061",1806,694
2017,"37061",1707,703
2018,"37061",1701,699
2019,"37061",1691,738
2020,"37061",1833,743
2021,"37061",1938,624
2022,"37061",1946,518
2023,"37061",2161,513
2024,"37061",2457,667
2014,"37063",1300,11112
2015,"37063",1286,11720
2016,"37063",1248,12552
2017,"37063",1355,12908
2018,"37063",1361,13004
2019,"37063",1367,13298
2020,"37063",1561,14036
2021,"37063",1481,11764
2022,"37063",1640,10928
2023,"37063",1841,10941
2024,"37063",2134,10790
2014,"37065",1424,569
2015,"37065",1490,627
2016,"37065",1561,684
2017,"37065",1470,688
2018,"37065",1465,683
2019,"37065",1560,679
2020,"37065",1609,662
2021,"37065",1722,581
2022,"37065",1796,579
2023,"37065",1979,626
2024,"37065",2220,669
2014,"37067",1129,12989
2015,"37067",1134,13712
2016,"37067",1141,14915
2017,"37067",1145,14528
2018,"37067",1320,14795
2019,"37067",1212,14856
2020,"37067",1267,15645
2021,"37067",1271,12407
2022,"37067",1528,11607
2023,"37067",1588,11619
2024,"37067",1847,11952
2014,"37069",1359,1784
2015,"37069",1356,1913
2016,"37069",1434,2190
2017,"37069",1387,2202
2018,"37069",1417,2248
2019,"37069",1547,2358
2020,"37069",1536,2535
2021,"37069",1609,2220
2022,"37069",1711,2101
2023,"37069",1967,2216
2024,"37069",2251,2343
2014,"37071",1257,5982
2015,"37071",1227,6480
2016,"37071",1233,7248
2017,"37071",1242,6986
2018,"37071",1174,7204
2019,"37071",1195,7764
2020,"37071",1431,8643
2021,"37071",1254,6583
2022,"37071",1374,6075
2023,"37071",1543,6562
2024,"37071",2320,6816
2014,"37073",1693,224
2015,"37073",1589,225
2016,"37073",1488,246
2017,"37073",1575,264
2018,"37073",1613,244
2019,"37073",1614,233
2020,"37073",1840,256
2021,"37073",1626,226
2022,"37073",1737,201
2023,"37073",2081,228
2024,"37073",2330,230
2014,"37075",1347,63
2015,"37075",1174,79
2016,"37075",1384,93
2017,"37075",1328,78
2018,"37075",1303,80
2019,"37075",1412,77
2020,"37075",1387,82
2021,"37075",1368,68
2022,"37075",1630,70
2023,"37075",1862,72
2024,"37075",2748,70
2014,"37077",1293,1618
2015,"37077",1303,1693
2016,"37077",1296,1825
2017,"37077",1377,1837
2018,"37077",1365,1777
2019,"37077",1456,1855
2020,"37077",1484,1864
2021,"37077",1462,1622
2022,"37077",1504,1515
2023,"37077",1731,1573
2024,"37077",2092,1601
2014,"37079",1645,291
2015,"37079",1520,319
2016,"37079",1487,325
2017,"37079",1436,323
2018,"37079",1589,328
2019,"37079",1640,339
2020,"37079",1679,359
2021,"37079",1631,267
2022,"37079",1731,240
2023,"37079",1823,251
2024,"37079",2248,257
2014,"37081",1171,17414
2015,"37081",1159,18001
2016,"37081",1121,19510
2017,"37081",1137,19001
2018,"37081",1212,18503
2019,"37081",1205,18421
2020,"37081",1273,19638
2021,"37081",1295,15712
2022,"37081",1547,14408
2023,"37081",2014,15155
2024,"37081",1933,14668
2014,"37083",1170,585
2015,"37083",1224,693
2016,"37083",1252,779
2017,"37083",1228,787
2018,"37083",1193,738
2019,"37083",1224,760
2020,"37083",1240,817
2021,"37083",1412,625
2022,"37083",1474,613
2023,"37083",1638,684
2024,"37083",1993,656
2014,"37085",1317,4094
2015,"37085",1300,4300
2016,"37085",1362,5235
2017,"37085",1381,5035
2018,"37085",1397,5200
2019,"37085",1476,5200
2020,"37085",1572,5196
2021,"37085",1655,4728
2022,"37085",1749,4109
2023,"37085",2192,4208
2024,"37085",2355,4577
2014,"37087",1345,1561
2015,"37087",1321,1580
2016,"37087",1422,1789
2017,"37087",1366,1781
2018,"37087",1409,1885
2019,"37087",1420,1929
2020,"37087",1429,1967
2021,"37087",1540,1576
2022,"37087",1945,1451
2023,"37087",1865,1437
2024,"37087",2148,1418
2014,"37089",1256,3461
2015,"37089",1245,3535
2016,"37089",1343,3929
2017,"37089",1333,3913
2018,"37089",1295,3824
2019,"37089",1350,3928
2020,"37089",1558,4163
2021,"37089",1355,3119
2022,"37089",1491,2821
2023,"37089",1643,2938
2024,"37089",2252,2881
2014,"37091",1708,136
2015,"37091",1521,144
2016,"37091",1398,167
2017,"37091",1315,166
2018,"37091",1301,156
2019,"37091",1397,176
2020,"37091",1435,189
2021,"37091",1433,151
2022,"37091",1533,154
2023,"37091",1719,160
2024,"37091",2064,164
2014,"37093",1254,2874
2015,"37093",1396,2971
2016,"37093",1353,3646
2017,"37093",1337,3217
2018,"37093",1396,3391
2019,"37093",1512,3361
2020,"37093",1609,3135
2021,"37093",1565,2972
2022,"37093",1706,2769
2023,"37093",2056,2650
2024,"37093",2322,2749
2018,"37095",NA,NA
2019,"37095",NA,NA
2020,"37095",NA,NA
2021,"37095",NA,NA
2022,"37095",NA,NA
2023,"37095",NA,NA
2024,"37095",NA,NA
2014,"37097",1262,5460
2015,"37097",1261,5761
2016,"37097",1341,6413
2017,"37097",1345,6305
2018,"37097",1308,6160
2019,"37097",1393,6711
2020,"37097",1558,7480
2021,"37097",1488,5609
2022,"37097",1566,4985
2023,"37097",1787,5384
2024,"37097",2793,5818
2014,"37099",1281,433
2015,"37099",1315,514
2016,"37099",1309,592
2017,"37099",1386,618
2018,"37099",1337,606
2019,"37099",1329,625
2020,"37099",1291,651
2021,"37099",1384,530
2022,"37099",1624,498
2023,"37099",1751,504
2024,"37099",2020,534
2014,"37101",1183,6849
2015,"37101",1226,7131
2016,"37101",1240,7849
2017,"37101",1248,7628
2018,"37101",1306,7554
2019,"37101",1354,8074
2020,"37101",1536,8546
2021,"37101",1499,7252
2022,"37101",1563,6616
2023,"37101",1792,6788
2024,"37101",2007,7233
2014,"37103",1901,225
2015,"37103",1938,230
2016,"37103",1832,252
2017,"37103",1935,230
2018,"37103",1844,232
2019,"37103",1835,218
2020,"37103",2002,227
2021,"37103",2066,199
2022,"37103",2121,184
2023,"37103",2411,191
2024,"37103",2619,193
2014,"37105",1254,2121
2015,"37105",1356,2223
2016,"37105",1340,2557
2017,"37105",1296,2376
2018,"37105",1315,2375
2019,"37105",1397,2390
2020,"37105",1442,2336
2021,"37105",1554,2080
2022,"37105",1642,1863
2023,"37105",1918,1826
2024,"37105",2587,1932
2014,"37107",1444,982
2015,"37107",1450,1015
2016,"37107",1453,1085
2017,"37107",1423,1076
2018,"37107",1440,1091
2019,"37107",1491,1128
2020,"37107",1620,1193
2021,"37107",1764,983
2022,"37107",1856,950
2023,"37107",2073,958
2024,"37107",2414,996
2014,"37109",1248,2075
2015,"37109",1246,2239
2016,"37109",1310,2551
2017,"37109",1327,2616
2018,"37109",1329,2669
2019,"37109",1354,2923
2020,"37109",1519,3413
2021,"37109",1371,2560
2022,"37109",1504,2386
2023,"37109",1705,2618
2024,"37109",2444,2676
2014,"37111",1134,356
2015,"37111",1118,487
2016,"37111",1098,544
2017,"37111",1120,549
2018,"37111",1100,608
2019,"37111",1226,616
2020,"37111",1405,692
2021,"37111",1232,497
2022,"37111",1344,499
2023,"37111",1595,576
2024,"37111",2082,577
2014,"37113",1203,520
2015,"37113",1213,562
2016,"37113",1290,664
2017,"37113",1183,683
2018,"37113",1178,673
2019,"37113",1198,710
2020,"37113",1244,747
2021,"37113",1289,586
2022,"37113",1409,569
2023,"37113",1585,603
2024,"37113",1912,630
2014,"37115",1547,327
2015,"37115",1454,345
2016,"37115",1441,382
2017,"37115",1549,376
2018,"37115",1581,395
2019,"37115",1601,435
2020,"37115",1516,472
2021,"37115",1874,381
2022,"37115",1760,354
2023,"37115",1929,378
2024,"37115",2169,365
2014,"37117",1736,312
2015,"37117",1669,349
2016,"37117",1611,378
2017,"37117",1647,381
2018,"37117",1642,410
2019,"37117",1625,423
2020,"37117",1637,438
2021,"37117",1832,368
2022,"37117",1843,346
2023,"37117",2062,369
2024,"37117",2372,370
2014,"37119",1364,31962
2015,"37119",1335,34567
2016,"37119",1396,38498
2017,"37119",1494,38696
2018,"37119",1423,37821
2019,"37119",1492,38655
2020,"37119",1740,41845
2021,"37119",1546,32003
2022,"37119",1681,28656
2023,"37119",1970,30582
2024,"37119",2614,30514
2014,"37121",1096,143
2015,"37121",1237,165
2016,"37121",1198,177
2017,"37121",1219,171
2018,"37121",1263,191
2019,"37121",1292,212
2020,"37121",1138,225
2021,"37121",1264,166
2022,"37121",1389,174
2023,"37121",1865,179
2024,"37121",1808,178
2014,"37123",1328,191
2015,"37123",1411,209
2016,"37123",1525,258
2017,"37123",1473,265
2018,"37123",1448,266
2019,"37123",1498,290
2020,"37123",1668,280
2021,"37123",1624,229
2022,"37123",1792,215
2023,"37123",1976,231
2024,"37123",2338,253
2014,"37125",1447,3459
2015,"37125",1463,3795
2016,"37125",1374,4916
2017,"37125",1427,4763
2018,"37125",1509,5166
2019,"37125",1573,5396
2020,"37125",1815,5425
2021,"37125",1589,4488
2022,"37125",1744,4020
2023,"37125",1954,4004
2024,"37125",2456,4202
2014,"37127",1560,2573
2015,"37127",1602,2648
2016,"37127",1663,2882
2017,"37127",1621,2830
2018,"37127",1623,2675
2019,"37127",1697,2728
2020,"37127",1769,2774
2021,"37127",1815,2442
2022,"37127",1923,2260
2023,"37127",2131,2304
2024,"37127",2439,2367
2014,"37129",2492,8362
2015,"37129",2445,8734
2016,"37129",2546,9471
2017,"37129",2725,9341
2018,"37129",2630,8983
2019,"37129",2600,8966
2020,"37129",2742,8843
2021,"37129",3004,7315
2022,"37129",3376,6455
2023,"37129",3669,6758
2024,"37129",4050,7141
2014,"37131",1324,135
2015,"37131",1412,154
2016,"37131",1407,170
2017,"37131",1419,182
2018,"37131",1544,164
2019,"37131",1507,174
2020,"37131",1535,171
2021,"37131",1770,139
2022,"37131",1661,144
2023,"37131",2113,149
2024,"37131",2701,153
2014,"37133",2082,8302
2015,"37133",2120,8508
2016,"37133",1934,8881
2017,"37133",1975,8189
2018,"37133",1911,7783
2019,"37133",1979,7948
2020,"37133",2062,7590
2021,"37133",2082,7709
2022,"37133",2312,6854
2023,"37133",2857,6805
2024,"37133",2881,7051
2014,"37135",1497,4402
2015,"37135",1568,4591
2016,"37135",1446,5044
2017,"37135",1521,4899
2018,"37135",1612,4903
2019,"37135",1570,5124
2020,"37135",1723,5589
2021,"37135",1628,4639
2022,"37135",1869,4268
2023,"37135",2018,4198
2024,"37135",2380,4035
2014,"37137",2554,295
2015,"37137",2516,307
2016,"37137",2585,334
2017,"37137",2545,337
2018,"37137",2455,352
2019,"37137",2443,359
2020,"37137",2544,390
2021,"37137",2652,278
2022,"37137",2685,256
2023,"37137",3176,260
2024,"37137",3518,241
2014,"37139",1927,1376
2015,"37139",1922,1454
2016,"37139",1826,1607
2017,"37139",1853,1546
2018,"37139",1873,1553
2019,"37139",1886,1600
2020,"37139",1961,1480
2021,"37139",1863,1385
2022,"37139",2086,1232
2023,"37139",2473,1265
2024,"37139",2641,1347
2014,"37141",2716,1736
2015,"37141",2587,1819
2016,"37141",2980,2072
2017,"37141",2566,1982
2018,"37141",2516,1899
2019,"37141",2596,1931
2020,"37141",2680,2012
2021,"37141",2888,1698
2022,"37141",3179,1601
2023,"37141",3486,1648
2024,"37141",4018,1808
2014,"37143",2622,370
2015,"37143",2537,406
2016,"37143",2589,430
2017,"37143",2623,418
2018,"37143",2375,400
2019,"37143",2440,400
2020,"37143",2547,431
2021,"37143",2317,381
2022,"37143",2449,356
2023,"37143",2826,356
2024,"37143",3083,366
2014,"37145",1303,896
2015,"37145",1271,907
2016,"37145",1211,954
2017,"37145",1234,933
2018,"37145",1243,959
2019,"37145",1288,1019
2020,"37145",1325,1030
2021,"37145",1313,857
2022,"37145",1573,814
2023,"37145",1566,803
2024,"37145",1773,820
2014,"37147",1688,5249
2015,"37147",1663,5618
2016,"37147",1628,6081
2017,"37147",1650,6032
2018,"37147",1645,5944
2019,"37147",1690,6147
2020,"37147",1854,6490
2021,"37147",1888,5382
2022,"37147",1889,4768
2023,"37147",2164,4799
2024,"37147",2539,4920
2014,"37149",1443,390
2015,"37149",1485,437
2016,"37149",1428,483
2017,"37149",1340,506
2018,"37149",1356,505
2019,"37149",1358,531
2020,"37149",1599,623
2021,"37149",1493,444
2022,"37149",1856,402
2023,"37149",2020,452
2024,"37149",2320,440
2014,"37151",1055,3212
2015,"37151",1063,3408
2016,"37151",1022,3678
2017,"37151",999,3701
2018,"37151",1043,3643
2019,"37151",1070,3796
2020,"37151",1126,4049
2021,"37151",1093,3211
2022,"37151",1232,3148
2023,"37151",1444,3348
2024,"37151",1867,3435
2014,"37153",1348,570
2015,"37153",1396,722
2016,"37153",1442,793
2017,"37153",1471,824
2018,"37153",1455,860
2019,"37153",1478,877
2020,"37153",1458,871
2021,"37153",1753,622
2022,"37153",1770,579
2023,"37153",1982,620
2024,"37153",2281,629
2014,"37155",1984,1179
2015,"37155",1949,1241
2016,"37155",1858,1395
2017,"37155",1836,1332
2018,"37155",1839,1319
2019,"37155",1908,1381
2020,"37155",1965,1412
2021,"37155",2063,1188
2022,"37155",2189,1190
2023,"37155",2336,1238
2024,"37155",2654,1292
2014,"37157",1051,2145
2015,"37157",1032,2221
2016,"37157",1026,2447
2017,"37157",1041,2394
2018,"37157",1050,2398
2019,"37157",1087,2572
2020,"37157",1119,2776
2021,"37157",1120,2333
2022,"37157",1239,2158
2023,"37157",1450,2277
2024,"37157",1562,2387
2014,"37159",1132,3015
2015,"37159",1129,3363
2016,"37159",1182,3716
2017,"37159",1134,3707
2018,"37159",1135,3863
2019,"37159",1228,4103
2020,"37159",1354,4553
2021,"37159",1282,3463
2022,"37159",1407,3262
2023,"37159",1622,3455
2024,"37159",2262,3821
2014,"37161",1150,1351
2015,"37161",1106,1408
2016,"37161",1170,1559
2017,"37161",1137,1547
2018,"37161",1175,1536
2019,"37161",1250,1566
2020,"37161",1346,1603
2021,"37161",1223,1193
2022,"37161",1380,1121
2023,"37161",1702,1189
2024,"37161",2067,1200
2014,"37163",1520,929
2015,"37163",1600,1008
2016,"37163",1507,1132
2017,"37163",1534,1079
2018,"37163",1559,1133
2019,"37163",1633,1155
2020,"37163",1723,1184
2021,"37163",1795,1015
2022,"37163",1939,1005
2023,"37163",2093,1037
2024,"37163",2405,1154
2014,"37165",1636,467
2015,"37165",1656,507
2016,"37165",1690,547
2017,"37165",1596,556
2018,"37165",1612,556
2019,"37165",1653,549
2020,"37165",1696,548
2021,"37165",1844,403
2022,"37165",1960,396
2023,"37165",2124,402
2024,"37165",2410,399
2014,"37167",1152,704
2015,"37167",1167,774
2016,"37167",1142,922
2017,"37167",1131,946
2018,"37167",1229,1046
2019,"37167",1234,1166
2020,"37167",1265,1255
2021,"37167",1328,932
2022,"37167",1618,978
2023,"37167",1619,1021
2024,"37167",1860,1186
2014,"37169",1041,733
2015,"37169",1048,1219
2016,"37169",1099,1345
2017,"37169",1059,1364
2018,"37169",1103,1445
2019,"37169",1126,1451
2020,"37169",1134,1485
2021,"37169",1208,1174
2022,"37169",1418,1123
2023,"37169",1398,1160
2024,"37169",1677,1207
2014,"37171",1161,1293
2015,"37171",1201,1398
2016,"37171",1238,1531
2017,"37171",1239,1567
2018,"37171",1225,1588
2019,"37171",1341,1668
2020,"37171",1324,1696
2021,"37171",1395,1309
2022,"37171",1527,1271
2023,"37171",1675,1380
2024,"37171",1907,1412
2014,"37173",1292,99
2015,"37173",1299,103
2016,"37173",1368,143
2017,"37173",1328,138
2018,"37173",1279,123
2019,"37173",1311,135
2020,"37173",1395,150
2021,"37173",1353,118
2022,"37173",1639,104
2023,"37173",1682,119
2024,"37173",2047,115
2014,"37175",1414,582
2015,"37175",1268,660
2016,"37175",1263,753
2017,"37175",1338,756
2018,"37175",1318,776
2019,"37175",1414,816
2020,"37175",1707,826
2021,"37175",1620,644
2022,"37175",2140,624
2023,"37175",2104,614
2024,"37175",2390,616
2017,"37177",NA,NA
2018,"37177",NA,NA
2019,"37177",NA,NA
2020,"37177",NA,NA
2021,"37177",NA,NA
2022,"37177",NA,NA
2023,"37177",NA,NA
2024,"37177",NA,NA
2014,"37179",1674,8752
2015,"37179",2151,9711
2016,"37179",1467,10291
2017,"37179",1403,10016
2018,"37179",1549,9958
2019,"37179",1430,10420
2020,"37179",1499,10763
2021,"37179",1571,8809
2022,"37179",1959,7929
2023,"37179",1991,8110
2024,"37179",2233,8400
2014,"37181",1267,468
2015,"37181",1309,533
2016,"37181",1264,567
2017,"37181",1237,584
2018,"37181",1281,574
2019,"37181",1336,611
2020,"37181",1348,662
2021,"37181",1352,528
2022,"37181",1408,481
2023,"37181",1630,510
2024,"37181",1897,491
2014,"37183",1333,45231
2015,"37183",1430,47970
2016,"37183",1440,52296
2017,"37183",1394,51416
2018,"37183",1464,50897
2019,"37183",1586,51667
2020,"37183",1700,53697
2021,"37183",1701,43433
2022,"37183",1787,37549
2023,"37183",2126,38099
2024,"37183",2468,38460
2014,"37185",1398,212
2015,"37185",1395,238
2016,"37185",1459,246
2017,"37185",1460,241
2018,"37185",1442,259
2019,"37185",1449,269
2020,"37185",1474,281
2021,"37185",1552,208
2022,"37185",1715,204
2023,"37185",1963,225
2024,"37185",2219,242
2014,"37187",2043,67
2015,"37187",2256,73
2016,"37187",2116,90
2017,"37187",2048,110
2018,"37187",2028,106
2019,"37187",1970,105
2020,"37187",2146,116
2021,"37187",2302,92
2022,"37187",2285,92
2023,"37187",2533,99
2024,"37187",2557,95
2014,"37189",1407,1031
2015,"37189",1455,1131
2016,"37189",1383,1175
2017,"37189",1391,1145
2018,"37189",1408,1153
2019,"37189",1401,1131
2020,"37189",1531,1187
2021,"37189",1533,888
2022,"37189",1620,832
2023,"37189",2002,854
2024,"37189",1986,817
2014,"37191",1369,4212
2015,"37191",1446,4281
2016,"37191",1413,4739
2017,"37191",1437,4571
2018,"37191",1492,4532
2019,"37191",1529,4654
2020,"37191",1586,4664
2021,"37191",1600,4077
2022,"37191",1742,3755
2023,"37191",2027,3673
2024,"37191",2302,3699
2014,"37193",1141,895
2015,"37193",1130,960
2016,"37193",1200,1069
2017,"37193",1173,1104
2018,"37193",1107,1151
2019,"37193",1214,1259
2020,"37193",1309,1379
2021,"37193",1335,1039
2022,"37193",1446,986
2023,"37193",1617,1064
2024,"37193",1852,1048
2014,"37195",1184,2418
2015,"37195",1196,2529
2016,"37195",1222,2726
2017,"37195",1187,2650
2018,"37195",1253,2546
2019,"37195",1287,2669
2020,"37195",1317,2700
2021,"37195",1377,2346
2022,"37195",1466,2142
2023,"37195",1662,2174
2024,"37195",1907,2173
2014,"37197",1141,685
2015,"37197",1147,724
2016,"37197",1167,766
2017,"37197",1153,790
2018,"37197",1323,794
2019,"37197",1200,804
2020,"37197",1255,852
2021,"37197",1204,680
2022,"37197",1317,677
2023,"37197",1602,696
2024,"37197",2016,747
2014,"37199",1385,191
2015,"37199",1263,223
2016,"37199",1323,263
2017,"37199",1364,273
2018,"37199",1267,275
2019,"37199",1322,280
2020,"37199",1323,294
2021,"37199",1304,253
2022,"37199",1487,231
2023,"37199",1597,233
2024,"37199",2048,212
2018,"38001",NA,NA
2019,"38001",NA,NA
2020,"38001",NA,NA
2014,"38003",1177,107
2015,"38003",1461,133
2016,"38003",1609,182
2017,"38003",1643,190
2018,"38003",1674,206
2019,"38003",1719,205
2020,"38003",1654,181
2021,"38003",1605,121
2022,"38003",1778,120
2023,"38003",1945,141
2024,"38003",2352,160
2014,"38009",1274,55
2015,"38009",1647,61
2016,"38009",1642,83
2017,"38009",1634,87
2018,"38009",1671,94
2019,"38009",1737,104
2020,"38009",1877,96
2021,"38009",1814,67
2022,"38009",1975,78
2023,"38009",2197,80
2024,"38009",2390,84
2014,"38011",1427,29
2015,"38011",1792,37
2016,"38011",1889,36
2017,"38011",1871,40
2018,"38011",1693,40
2019,"38011",1868,44
2020,"38011",1845,42
2021,"38011",1874,29
2022,"38011",2205,24
2023,"38011",1986,36
2024,"38011",2594,34
2014,"38015",1709,2287
2015,"38015",2181,2598
2016,"38015",1897,2788
2017,"38015",1959,2696
2018,"38015",2101,2787
2019,"38015",1953,2549
2020,"38015",1985,2437
2021,"38015",2010,2004
2022,"38015",2196,1887
2023,"38015",2525,2067
2024,"38015",2838,2135
2014,"38017",1352,4020
2015,"38017",1502,4045
2016,"38017",1558,4072
2017,"38017",1569,3947
2018,"38017",1764,4157
2019,"38017",1664,3990
2020,"38017",1676,3807
2021,"38017",1711,3385
2022,"38017",1836,3274
2023,"38017",2160,3519
2024,"38017",2325,3662
2020,"38019",NA,NA
2014,"38021",1258,24
2015,"38021",1377,33
2016,"38021",1666,42
2017,"38021",1579,58
2018,"38021",1600,63
2019,"38021",1338,60
2020,"38021",1536,65
2021,"38021",1635,41
2022,"38021",1593,40
2023,"38021",1847,41
2024,"38021",2358,47
2020,"38023",NA,NA
2014,"38025",1880,21
2015,"38025",2367,28
2016,"38025",2141,26
2017,"38025",2008,27
2018,"38025",2267,34
2019,"38025",1986,37
2020,"38025",2003,30
2021,"38025",1839,27
2022,"38025",2035,26
2023,"38025",2726,29
2024,"38025",3015,37
2017,"38029",NA,NA
2018,"38029",NA,NA
2019,"38029",NA,NA
2020,"38029",NA,NA
2018,"38031",NA,NA
2019,"38031",NA,NA
2020,"38031",NA,NA
2024,"38031",NA,NA
2014,"38035",943,1061
2015,"38035",1548,1199
2016,"38035",1402,1414
2017,"38035",1475,1414
2018,"38035",1538,1551
2019,"38035",1575,1519
2020,"38035",1603,1483
2021,"38035",1593,1247
2022,"38035",1685,1258
2023,"38035",1905,1262
2024,"38035",2305,1305
2017,"38041",NA,NA
2018,"38041",NA,NA
2019,"38041",NA,NA
2019,"38043",NA,NA
2020,"38043",NA,NA
2014,"38045",NA,NA
2016,"38045",NA,NA
2017,"38045",NA,NA
2018,"38045",NA,NA
2019,"38045",NA,NA
2020,"38045",NA,NA
2021,"38045",NA,NA
2022,"38045",NA,NA
2023,"38045",NA,NA
2024,"38045",NA,NA
2014,"38049",1381,39
2015,"38049",1738,41
2016,"38049",1607,59
2017,"38049",1564,62
2018,"38049",1522,63
2019,"38049",1580,68
2020,"38049",1552,61
2021,"38049",1804,50
2022,"38049",1816,51
2023,"38049",1997,49
2024,"38049",2612,48
2014,"38053",1484,28
2015,"38053",1856,51
2016,"38053",1618,104
2017,"38053",1682,106
2018,"38053",1733,129
2019,"38053",1799,146
2020,"38053",1834,163
2021,"38053",1791,178
2022,"38053",1887,172
2023,"38053",2220,177
2024,"38053",2314,198
2014,"38055",1321,92
2015,"38055",1725,112
2016,"38055",1976,117
2017,"38055",1701,110
2018,"38055",1847,118
2019,"38055",1743,117
2020,"38055",1831,120
2021,"38055",1704,84
2022,"38055",1985,76
2023,"38055",2192,78
2024,"38055",2657,73
2014,"38057",1514,48
2015,"38057",1736,62
2016,"38057",1912,100
2017,"38057",2164,107
2018,"38057",2728,107
2019,"38057",2658,106
2020,"38057",2411,99
2021,"38057",2918,80
2022,"38057",2969,72
2023,"38057",2921,81
2024,"38057",3285,76
2014,"38059",1546,659
2015,"38059",1789,717
2016,"38059",1712,766
2017,"38059",1642,750
2018,"38059",1929,785
2019,"38059",1796,723
2020,"38059",1708,679
2021,"38059",1877,550
2022,"38059",2170,509
2023,"38059",2388,551
2024,"38059",2677,609
2014,"38061",1450,35
2015,"38061",1679,43
2016,"38061",1629,54
2017,"38061",1672,67
2018,"38061",1620,73
2019,"38061",1599,62
2020,"38061",1725,65
2021,"38061",1929,47
2022,"38061",1931,48
2023,"38061",1949,46
2024,"38061",2154,47
2019,"38063",NA,NA
2020,"38063",NA,NA
2014,"38067",1156,39
2015,"38067",1601,52
2016,"38067",1390,68
2017,"38067",1556,66
2018,"38067",1648,75
2019,"38067",1550,82
2020,"38067",1573,95
2021,"38067",1597,53
2022,"38067",1654,52
2023,"38067",1802,53
2024,"38067",2099,45
2014,"38069",1167,37
2015,"38069",1445,42
2016,"38069",1291,41
2017,"38069",1029,46
2018,"38069",1379,48
2019,"38069",1204,42
2020,"38069",1342,35
2021,"38069",1825,25
2022,"38069",1849,21
2023,"38069",2228,26
2024,"38069",1838,25
2014,"38071",928,43
2015,"38071",1302,59
2016,"38071",1392,70
2017,"38071",1354,74
2018,"38071",1432,101
2019,"38071",1377,119
2020,"38071",1471,108
2021,"38071",1476,79
2022,"38071",1829,75
2023,"38071",1855,93
2024,"38071",2308,99
2014,"38073",1917,62
2015,"38073",1970,62
2016,"38073",1973,69
2017,"38073",1888,70
2018,"38073",2098,81
2019,"38073",1967,78
2020,"38073",1932,77
2021,"38073",2132,56
2022,"38073",2119,57
2023,"38073",2208,68
2024,"38073",2631,71
2014,"38075",NA,NA
2016,"38075",NA,NA
2017,"38075",NA,NA
2018,"38075",NA,NA
2019,"38075",NA,NA
2020,"38075",NA,NA
2021,"38075",NA,NA
2022,"38075",NA,NA
2023,"38075",NA,NA
2024,"38075",NA,NA
2014,"38077",1475,323
2015,"38077",1578,337
2016,"38077",1706,343
2017,"38077",1588,311
2018,"38077",1571,347
2019,"38077",1511,343
2020,"38077",1684,303
2021,"38077",1640,266
2022,"38077",1832,254
2023,"38077",2380,261
2024,"38077",2503,260
2015,"38079",NA,NA
2016,"38079",NA,NA
2017,"38079",NA,NA
2018,"38079",NA,NA
2019,"38079",NA,NA
2020,"38079",NA,NA
2023,"38079",NA,NA
2024,"38079",NA,NA
2015,"38081",NA,NA
2016,"38081",NA,NA
2017,"38081",NA,NA
2018,"38081",NA,NA
2019,"38081",NA,NA
2020,"38081",NA,NA
2021,"38081",NA,NA
2022,"38081",NA,NA
2023,"38081",NA,NA
2024,"38081",NA,NA
2014,"38089",1673,739
2015,"38089",1842,801
2016,"38089",1833,890
2017,"38089",1713,901
2018,"38089",1983,952
2019,"38089",1933,993
2020,"38089",1954,941
2021,"38089",1934,787
2022,"38089",2177,711
2023,"38089",2389,698
2024,"38089",2852,689
2017,"38091",NA,NA
2018,"38091",NA,NA
2019,"38091",NA,NA
2020,"38091",NA,NA
2014,"38093",902,228
2015,"38093",1560,273
2016,"38093",1415,291
2017,"38093",1392,271
2018,"38093",1509,293
2019,"38093",1663,295
2020,"38093",1686,268
2021,"38093",1697,209
2022,"38093",1917,203
2023,"38093",2131,251
2024,"38093",2528,311
2014,"38097",1345,158
2015,"38097",1465,161
2016,"38097",1538,175
2017,"38097",1478,170
2018,"38097",1557,179
2019,"38097",1604,173
2020,"38097",1530,162
2021,"38097",1900,111
2022,"38097",1859,126
2023,"38097",2038,140
2024,"38097",2519,149
2014,"38099",1778,76
2015,"38099",1919,77
2016,"38099",2094,86
2017,"38099",1892,97
2018,"38099",2208,116
2019,"38099",2118,111
2020,"38099",2175,114
2021,"38099",2107,84
2022,"38099",2047,85
2023,"38099",1987,88
2024,"38099",1970,95
2014,"38101",1229,1218
2015,"38101",1701,1306
2016,"38101",1637,1639
2017,"38101",1821,1427
2018,"38101",2002,1663
2019,"38101",1888,1573
2020,"38101",1653,1508
2021,"38101",1692,1389
2022,"38101",1849,1297
2023,"38101",2198,1258
2024,"38101",2267,1265
2014,"38103",NA,NA
2015,"38103",NA,NA
2016,"38103",NA,NA
2017,"38103",NA,NA
2018,"38103",NA,NA
2019,"38103",NA,NA
2020,"38103",NA,NA
2014,"38105",1445,270
2015,"38105",1565,337
2016,"38105",1894,531
2017,"38105",1697,551
2018,"38105",1569,615
2019,"38105",1580,685
2020,"38105",1723,643
2021,"38105",1874,541
2022,"38105",1955,567
2023,"38105",2160,597
2024,"38105",2394,657
2014,"39001",1369,100
2015,"39001",1338,112
2016,"39001",1292,140
2017,"39001",1321,145
2018,"39001",1405,168
2019,"39001",1534,158
2020,"39001",1625,141
2021,"39001",1611,131
2022,"39001",1717,143
2023,"39001",2262,154
2024,"39001",2294,193
2014,"39003",1130,581
2015,"39003",1176,628
2016,"39003",1179,744
2017,"39003",1150,749
2018,"39003",1189,861
2019,"39003",1277,886
2020,"39003",1265,855
2021,"39003",1325,681
2022,"39003",1597,750
2023,"39003",1662,804
2024,"39003",1856,998
2014,"39005",1174,686
2015,"39005",1146,733
2016,"39005",1139,900
2017,"39005",1145,928
2018,"39005",1222,981
2019,"39005",1230,849
2020,"39005",1188,816
2021,"39005",1269,603
2022,"39005",1439,650
2023,"39005",1643,696
2024,"39005",1886,946
2014,"39007",1097,1003
2015,"39007",1196,1114
2016,"39007",1156,1513
2017,"39007",1137,1490
2018,"39007",1152,1658
2019,"39007",1116,1566
2020,"39007",1169,1573
2021,"39007",1262,1100
2022,"39007",1301,1177
2023,"39007",1490,1276
2024,"39007",1894,1642
2014,"39009",1585,259
2015,"39009",1611,285
2016,"39009",1477,368
2017,"39009",1472,375
2018,"39009",1576,450
2019,"39009",1589,440
2020,"39009",1505,448
2021,"39009",1782,327
2022,"39009",1737,330
2023,"39009",1819,347
2024,"39009",2269,377
2014,"39011",1123,426
2015,"39011",1142,455
2016,"39011",1173,539
2017,"39011",1230,528
2018,"39011",1291,604
2019,"39011",1252,566
2020,"39011",1251,546
2021,"39011",1382,394
2022,"39011",1450,411
2023,"39011",1529,418
2024,"39011",1951,501
2014,"39013",1147,650
2015,"39013",1236,695
2016,"39013",1194,899
2017,"39013",1195,878
2018,"39013",1192,867
2019,"39013",1316,776
2020,"39013",1273,799
2021,"39013",1249,580
2022,"39013",1495,705
2023,"39013",1548,755
2024,"39013",1773,807
2014,"39015",994,305
2015,"39015",1032,314
2016,"39015",977,365
2017,"39015",1307,424
2018,"39015",1385,476
2019,"39015",1418,497
2020,"39015",1354,507
2021,"39015",1448,468
2022,"39015",1658,461
2023,"39015",1819,511
2024,"39015",2045,693
2014,"39017",1295,6715
2015,"39017",1319,7037
2016,"39017",1259,8251
2017,"39017",1214,8134
2018,"39017",1314,8319
2019,"39017",1261,7873
2020,"39017",1258,7480
2021,"39017",1407,7083
2022,"39017",1470,6901
2023,"39017",1862,7410
2024,"39017",2246,8085
2014,"39019",1329,300
2015,"39019",1325,353
2016,"39019",1303,435
2017,"39019",1261,415
2018,"39019",1290,451
2019,"39019",1270,384
2020,"39019",1310,422
2021,"39019",1359,298
2022,"39019",1539,315
2023,"39019",1925,364
2024,"39019",2006,413
2014,"39021",1340,542
2015,"39021",1308,581
2016,"39021",1276,702
2017,"39021",1242,690
2018,"39021",1275,771
2019,"39021",1297,703
2020,"39021",1383,692
2021,"39021",1406,539
2022,"39021",1445,522
2023,"39021",1899,594
2024,"39021",2062,756
2014,"39023",1079,2968
2015,"39023",1114,3155
2016,"39023",1078,3894
2017,"39023",1062,3548
2018,"39023",1127,3765
2019,"39023",1181,3070
2020,"39023",1263,2958
2021,"39023",1281,2446
2022,"39023",1370,2414
2023,"39023",1726,2577
2024,"39023",1780,2846
2014,"39025",1321,3169
2015,"39025",1339,3316
2016,"39025",1258,3953
2017,"39025",1263,4066
2018,"39025",1319,4262
2019,"39025",1291,4088
2020,"39025",1273,3901
2021,"39025",1503,3545
2022,"39025",1490,3430
2023,"39025",1646,3703
2024,"39025",2229,4189
2014,"39027",1259,371
2015,"39027",1237,403
2016,"39027",1324,545
2017,"39027",1276,580
2018,"39027",1429,634
2019,"39027",1348,600
2020,"39027",1307,602
2021,"39027",1408,497
2022,"39027",1622,589
2023,"39027",1804,629
2024,"39027",2397,676
2014,"39029",1105,1020
2015,"39029",1171,1156
2016,"39029",1197,1373
2017,"39029",1180,1410
2018,"39029",1177,1543
2019,"39029",1216,1448
2020,"39029",1221,1409
2021,"39029",1245,1025
2022,"39029",1399,1077
2023,"39029",1686,1212
2024,"39029",1841,1358
2014,"39031",1150,171
2015,"39031",1232,179
2016,"39031",1204,242
2017,"39031",1158,254
2018,"39031",1254,314
2019,"39031",1298,304
2020,"39031",1244,303
2021,"39031",1352,213
2022,"39031",1557,228
2023,"39031",1705,231
2024,"39031",1764,285
2014,"39033",1237,304
2015,"39033",1356,370
2016,"39033",1300,444
2017,"39033",1272,458
2018,"39033",1371,525
2019,"39033",1415,482
2020,"39033",1374,486
2021,"39033",1510,350
2022,"39033",1662,427
2023,"39033",1714,454
2024,"39033",1929,533
2014,"39035",1334,20267
2015,"39035",1303,21622
2016,"39035",1316,26080
2017,"39035",1194,25702
2018,"39035",1181,27152
2019,"39035",1259,25313
2020,"39035",1191,24803
2021,"39035",1295,19402
2022,"39035",1507,18980
2023,"39035",1551,19845
2024,"39035",1746,25016
2014,"39037",959,358
2015,"39037",1054,368
2016,"39037",1062,428
2017,"39037",1039,438
2018,"39037",1254,492
2019,"39037",1186,429
2020,"39037",1185,441
2021,"39037",1239,441
2022,"39037",1399,445
2023,"39037",1596,474
2024,"39037",2103,530
2014,"39039",1109,140
2015,"39039",1145,177
2016,"39039",1174,219
2017,"39039",1169,232
2018,"39039",1211,290
2019,"39039",1217,294
2020,"39039",1232,297
2021,"39039",1437,197
2022,"39039",1490,204
2023,"39039",1671,225
2024,"39039",2132,395
2014,"39041",1551,4420
2015,"39041",1564,4641
2016,"39041",1441,5404
2017,"39041",1601,5664
2018,"39041",1625,5794
2019,"39041",1525,5034
2020,"39041",1497,4815
2021,"39041",1956,4022
2022,"39041",1733,3885
2023,"39041",1883,4185
2024,"39041",2687,4513
2014,"39043",1176,1094
2015,"39043",1253,1194
2016,"39043",1243,1496
2017,"39043",1231,1509
2018,"39043",1215,1562
2019,"39043",1276,1435
2020,"39043",1166,1475
2021,"39043",1249,982
2022,"39043",1465,1064
2023,"39043",1472,1147
2024,"39043",1798,1149
2014,"39045",1355,2869
2015,"39045",1398,3069
2016,"39045",1370,3725
2017,"39045",1378,3699
2018,"39045",1360,3850
2019,"39045",1350,3526
2020,"39045",1460,3488
2021,"39045",1446,3162
2022,"39045",1572,3168
2023,"39045",2061,3336
2024,"39045",2113,3686
2014,"39047",1110,179
2015,"39047",1231,199
2016,"39047",1171,264
2017,"39047",1157,279
2018,"39047",1203,332
2019,"39047",1287,361
2020,"39047",1282,377
2021,"39047",1294,351
2022,"39047",1628,355
2023,"39047",1691,391
2024,"39047",1936,476
2014,"39049",1354,18920
2015,"39049",1326,20534
2016,"39049",1222,24289
2017,"39049",1248,24890
2018,"39049",1385,26180
2019,"39049",1290,23461
2020,"39049",1267,22842
2021,"39049",1439,19837
2022,"39049",1458,19223
2023,"39049",1679,20493
2024,"39049",2278,22473
2014,"39051",1091,460
2015,"39051",1134,489
2016,"39051",1195,606
2017,"39051",1202,587
2018,"39051",1306,658
2019,"39051",1290,547
2020,"39051",1291,517
2021,"39051",1446,437
2022,"39051",1537,452
2023,"39051",1645,492
2024,"39051",2197,579
2014,"39053",1680,96
2015,"39053",1682,125
2016,"39053",1610,150
2017,"39053",1536,163
2018,"39053",1532,197
2019,"39053",1511,218
2020,"39053",1503,219
2021,"39053",1618,179
2022,"39053",1696,182
2023,"39053",1902,186
2024,"39053",2402,196
2014,"39055",1485,1560
2015,"39055",1420,1587
2016,"39055",1495,2008
2017,"39055",1515,2125
2018,"39055",1652,2221
2019,"39055",1549,2106
2020,"39055",1530,2137
2021,"39055",1623,1535
2022,"39055",1653,1461
2023,"39055",1870,1619
2024,"39055",2345,1993
2014,"39057",1295,2860
2015,"39057",1341,2859
2016,"39057",1301,3862
2017,"39057",1253,3528
2018,"39057",1338,3922
2019,"39057",1367,3557
2020,"39057",1489,3502
2021,"39057",1678,3291
2022,"39057",1668,3241
2023,"39057",1810,3335
2024,"39057",2346,3576
2014,"39059",1292,195
2015,"39059",1300,228
2016,"39059",1296,297
2017,"39059",1292,329
2018,"39059",1311,384
2019,"39059",1394,398
2020,"39059",1483,404
2021,"39059",1411,272
2022,"39059",1635,334
2023,"39059",1749,360
2024,"39059",1925,423
2014,"39061",1264,11897
2015,"39061",1374,12381
2016,"39061",1224,14485
2017,"39061",1244,14542
2018,"39061",1441,15196
2019,"39061",1349,13699
2020,"39061",1399,13350
2021,"39061",1487,12330
2022,"39061",1530,12150
2023,"39061",1719,13083
2024,"39061",2244,14249
2014,"39063",1147,824
2015,"39063",1184,915
2016,"39063",1198,1149
2017,"39063",1240,1250
2018,"39063",1251,1352
2019,"39063",1274,1371
2020,"39063",1360,1242
2021,"39063",1367,837
2022,"39063",1421,1201
2023,"39063",1734,1226
2024,"39063",1936,1276
2014,"39065",1289,146
2015,"39065",1333,163
2016,"39065",1244,213
2017,"39065",1231,227
2018,"39065",1383,287
2019,"39065",1267,295
2020,"39065",1305,296
2021,"39065",1442,224
2022,"39065",1486,250
2023,"39065",1665,277
2024,"39065",2016,329
2014,"39067",1329,90
2015,"39067",1281,96
2016,"39067",1259,135
2017,"39067",1246,128
2018,"39067",1238,134
2019,"39067",1266,119
2020,"39067",1352,113
2021,"39067",1231,83
2022,"39067",1285,101
2023,"39067",1631,106
2024,"39067",1867,134
2014,"39069",922,60
2015,"39069",989,57
2016,"39069",938,75
2017,"39069",1240,189
2018,"39069",1380,234
2019,"39069",1441,191
2020,"39069",1383,203
2021,"39069",1735,146
2022,"39069",1618,164
2023,"39069",1848,180
2024,"39069",1988,231
2014,"39071",1193,261
2015,"39071",1183,242
2016,"39071",1186,333
2017,"39071",1198,343
2018,"39071",1260,399
2019,"39071",1287,436
2020,"39071",1333,425
2021,"39071",1403,359
2022,"39071",1684,377
2023,"39071",1900,402
2024,"39071",2158,456
2014,"39073",1051,176
2015,"39073",1389,242
2016,"39073",1320,310
2017,"39073",1321,322
2018,"39073",1405,332
2019,"39073",1477,296
2020,"39073",1602,312
2021,"39073",1531,256
2022,"39073",1643,283
2023,"39073",2061,318
2024,"39073",2162,345
2014,"39075",1206,97
2015,"39075",1384,116
2016,"39075",1290,176
2017,"39075",1294,190
2018,"39075",1231,219
2019,"39075",1230,193
2020,"39075",1299,202
2021,"39075",1309,120
2022,"39075",1486,116
2023,"39075",1607,135
2024,"39075",1898,150
2014,"39077",1138,831
2015,"39077",1242,911
2016,"39077",1195,1125
2017,"39077",1150,1117
2018,"39077",1201,1100
2019,"39077",1245,985
2020,"39077",1225,947
2021,"39077",1288,630
2022,"39077",1452,708
2023,"39077",1628,744
2024,"39077",1801,807
2014,"39079",1263,171
2015,"39079",1276,182
2016,"39079",1295,234
2017,"39079",1305,255
2018,"39079",1393,310
2019,"39079",1414,300
2020,"39079",1405,318
2021,"39079",1455,234
2022,"39079",1635,261
2023,"39079",1891,305
2024,"39079",2500,334
2014,"39081",1109,446
2015,"39081",1198,548
2016,"39081",1170,720
2017,"39081",1164,777
2018,"39081",1123,827
2019,"39081",1262,658
2020,"39081",1202,670
2021,"39081",1179,598
2022,"39081",1388,642
2023,"39081",1456,692
2024,"39081",1606,759
2014,"39083",1208,827
2015,"39083",1220,906
2016,"39083",1213,1149
2017,"39083",1268,1148
2018,"39083",1336,1086
2019,"39083",1331,967
2020,"39083",1325,963
2021,"39083",1486,756
2022,"39083",1546,850
2023,"39083",1723,937
2024,"39083",2720,1067
2014,"39085",1113,4546
2015,"39085",1135,4987
2016,"39085",1163,6239
2017,"39085",1156,6422
2018,"39085",1156,7021
2019,"39085",1195,6571
2020,"39085",1136,6525
2021,"39085",1184,4962
2022,"39085",1346,4914
2023,"39085",1426,5071
2024,"39085",1617,7037
2014,"39087",1192,581
2015,"39087",1249,608
2016,"39087",1333,732
2017,"39087",1330,720
2018,"39087",1337,811
2019,"39087",1304,709
2020,"39087",1416,735
2021,"39087",1490,602
2022,"39087",1544,606
2023,"39087",1821,647
2024,"39087",1961,672
2014,"39089",1341,2706
2015,"39089",1319,2893
2016,"39089",1336,3462
2017,"39089",1314,3485
2018,"39089",1502,3785
2019,"39089",1354,3545
2020,"39089",1341,3400
2021,"39089",1536,2919
2022,"39089",1557,2861
2023,"39089",1739,3125
2024,"39089",2343,3573
2014,"39091",1163,453
2015,"39091",1245,485
2016,"39091",1236,603
2017,"39091",1233,631
2018,"39091",1252,708
2019,"39091",1354,676
2020,"39091",1439,650
2021,"39091",1509,508
2022,"39091",1561,518
2023,"39091",2027,587
2024,"39091",2015,740
2014,"39093",1290,5356
2015,"39093",1185,5740
2016,"39093",1232,7171
2017,"39093",1174,7333
2018,"39093",1152,7723
2019,"39093",1178,7508
2020,"39093",1164,7440
2021,"39093",1206,5928
2022,"39093",1440,5899
2023,"39093",1462,6025
2024,"39093",1683,7525
2014,"39095",1166,7021
2015,"39095",1290,7653
2016,"39095",1198,9332
2017,"39095",1179,9135
2018,"39095",1158,9239
2019,"39095",1241,7963
2020,"39095",1218,7493
2021,"39095",1428,6200
2022,"39095",1391,6266
2023,"39095",1467,6740
2024,"39095",1697,7105
2014,"39097",1495,674
2015,"39097",1510,700
2016,"39097",1471,818
2017,"39097",1462,821
2018,"39097",1589,926
2019,"39097",1555,843
2020,"39097",1555,835
2021,"39097",1651,704
2022,"39097",1694,691
2023,"39097",1927,745
2024,"39097",2459,890
2014,"39099",1079,3160
2015,"39099",1128,3473
2016,"39099",1104,4150
2017,"39099",1086,4155
2018,"39099",1182,4276
2019,"39099",1234,3955
2020,"39099",1125,3866
2021,"39099",1191,3134
2022,"39099",1268,3227
2023,"39099",1467,3527
2024,"39099",1743,4034
2014,"39101",965,523
2015,"39101",1181,773
2016,"39101",1172,983
2017,"39101",1146,971
2018,"39101",1170,1077
2019,"39101",1170,987
2020,"39101",1385,972
2021,"39101",1368,734
2022,"39101",1436,878
2023,"39101",1844,953
2024,"39101",1910,1042
2014,"39103",1256,4032
2015,"39103",1229,4232
2016,"39103",1182,5202
2017,"39103",1260,5532
2018,"39103",1206,5717
2019,"39103",1168,5233
2020,"39103",1266,5189
2021,"39103",1286,3843
2022,"39103",1417,3800
2023,"39103",1795,4032
2024,"39103",1812,4795
2014,"39105",1481,54
2015,"39105",1358,66
2016,"39105",1455,102
2017,"39105",1348,98
2018,"39105",1515,133
2019,"39105",1527,135
2020,"39105",1527,149
2021,"39105",1394,99
2022,"39105",1430,106
2023,"39105",1831,107
2024,"39105",2030,112
2014,"39107",981,232
2015,"39107",1074,234
2016,"39107",1080,266
2017,"39107",1066,285
2018,"39107",1139,308
2019,"39107",1125,310
2020,"39107",1143,297
2021,"39107",1245,210
2022,"39107",1378,200
2023,"39107",1426,201
2024,"39107",1933,239
2014,"39109",1101,2101
2015,"39109",1122,2196
2016,"39109",1157,2651
2017,"39109",1141,2605
2018,"39109",1172,2642
2019,"39109",1174,2225
2020,"39109",1291,2209
2021,"39109",1293,1985
2022,"39109",1357,2150
2023,"39109",1834,2309
2024,"39109",1793,2334
2014,"39111",1210,34
2015,"39111",1387,37
2016,"39111",1506,55
2017,"39111",1443,57
2018,"39111",1323,70
2019,"39111",1300,73
2020,"39111",1440,84
2021,"39111",1277,41
2022,"39111",1538,42
2023,"39111",1828,52
2024,"39111",1953,56
2014,"39113",1173,9591
2015,"39113",1195,9480
2016,"39113",1160,12357
2017,"39113",1141,11009
2018,"39113",1229,11605
2019,"39113",1251,9794
2020,"39113",1288,9523
2021,"39113",1438,9029
2022,"39113",1531,9358
2023,"39113",1682,9654
2024,"39113",2010,10333
2014,"39115",1358,51
2015,"39115",1468,57
2016,"39115",1209,81
2017,"39115",1220,84
2018,"39115",1306,93
2019,"39115",1324,88
2020,"39115",1503,101
2021,"39115",1616,76
2022,"39115",1835,81
2023,"39115",1872,84
2024,"39115",2033,93
2014,"39117",1414,342
2015,"39117",1380,395
2016,"39117",1399,487
2017,"39117",1401,555
2018,"39117",1647,605
2019,"39117",1552,570
2020,"39117",1510,549
2021,"39117",1772,456
2022,"39117",1847,499
2023,"39117",2166,524
2024,"39117",2835,578
2014,"39119",1240,662
2015,"39119",1273,725
2016,"39119",1279,857
2017,"39119",1234,944
2018,"39119",1288,1045
2019,"39119",1343,1047
2020,"39119",1351,1039
2021,"39119",1343,859
2022,"39119",1590,883
2023,"39119",1765,987
2024,"39119",2012,1253
2014,"39121",1173,31
2015,"39121",1146,38
2016,"39121",1151,45
2017,"39121",1234,50
2018,"39121",1303,65
2019,"39121",1331,74
2020,"39121",1414,83
2021,"39121",1408,59
2022,"39121",1554,69
2023,"39121",1700,66
2024,"39121",1735,78
2014,"39123",1262,515
2015,"39123",1344,590
2016,"39123",1427,733
2017,"39123",1380,750
2018,"39123",1333,820
2019,"39123",1478,741
2020,"39123",1458,749
2021,"39123",1537,527
2022,"39123",1705,537
2023,"39123",1770,582
2024,"39123",1896,594
2014,"39125",1089,58
2015,"39125",1164,58
2016,"39125",1112,77
2017,"39125",1242,92
2018,"39125",1200,114
2019,"39125",1254,118
2020,"39125",1355,117
2021,"39125",1360,98
2022,"39125",1479,97
2023,"39125",1604,99
2024,"39125",1945,158
2014,"39127",1282,216
2015,"39127",1275,229
2016,"39127",1343,288
2017,"39127",1345,302
2018,"39127",1413,333
2019,"39127",1420,326
2020,"39127",1420,340
2021,"39127",1483,254
2022,"39127",1579,286
2023,"39127",1852,289
2024,"39127",2021,378
2014,"39129",1266,837
2015,"39129",1290,898
2016,"39129",1371,1065
2017,"39129",1323,1099
2018,"39129",1431,1204
2019,"39129",1410,1115
2020,"39129",1410,1150
2021,"39129",1590,950
2022,"39129",1641,950
2023,"39129",1817,1051
2024,"39129",2350,1250
2014,"39131",1262,108
2015,"39131",1351,116
2016,"39131",1371,161
2017,"39131",1310,177
2018,"39131",1521,215
2019,"39131",1511,217
2020,"39131",1532,231
2021,"39131",1497,172
2022,"39131",1590,172
2023,"39131",1964,188
2024,"39131",2196,201
2014,"39133",1242,2587
2015,"39133",1266,2752
2016,"39133",1254,3318
2017,"39133",1198,3339
2018,"39133",1261,3515
2019,"39133",1289,3358
2020,"39133",1269,3300
2021,"39133",1244,2580
2022,"39133",1420,2621
2023,"39133",1541,2793
2024,"39133",1775,3482
2014,"39135",1156,532
2015,"39135",1164,583
2016,"39135",1204,694
2017,"39135",1177,705
2018,"39135",1414,740
2019,"39135",1285,666
2020,"39135",1321,627
2021,"39135",1488,621
2022,"39135",1633,640
2023,"39135",1705,660
2024,"39135",2221,758
2014,"39137",869,57
2015,"39137",1271,89
2016,"39137",1350,108
2017,"39137",1411,113
2018,"39137",1372,130
2019,"39137",1414,142
2020,"39137",1409,147
2021,"39137",1672,83
2022,"39137",1603,112
2023,"39137",1790,122
2024,"39137",2216,160
2014,"39139",1094,1480
2015,"39139",1168,1819
2016,"39139",1143,2110
2017,"39139",1139,2199
2018,"39139",1195,2274
2019,"39139",1190,2223
2020,"39139",1298,2095
2021,"39139",1303,1720
2022,"39139",1296,1811
2023,"39139",1450,1922
2024,"39139",1880,2384
2014,"39141",986,487
2015,"39141",1024,427
2016,"39141",994,570
2017,"39141",1423,814
2018,"39141",1444,948
2019,"39141",1378,779
2020,"39141",1463,816
2021,"39141",1501,729
2022,"39141",1547,799
2023,"39141",1916,878
2024,"39141",2039,958
2014,"39143",1174,692
2015,"39143",1243,741
2016,"39143",1197,893
2017,"39143",1144,926
2018,"39143",1254,993
2019,"39143",1268,946
2020,"39143",1242,909
2021,"39143",1316,634
2022,"39143",1484,691
2023,"39143",1580,722
2024,"39143",1849,744
2014,"39145",1190,391
2015,"39145",1309,427
2016,"39145",1304,600
2017,"39145",1310,596
2018,"39145",1302,654
2019,"39145",1356,606
2020,"39145",1492,597
2021,"39145",1519,397
2022,"39145",1605,435
2023,"39145",1934,483
2024,"39145",2028,536
2014,"39147",1019,320
2015,"39147",1091,347
2016,"39147",1174,460
2017,"39147",1176,470
2018,"39147",1211,516
2019,"39147",1220,479
2020,"39147",1196,476
2021,"39147",1262,302
2022,"39147",1300,470
2023,"39147",1483,495
2024,"39147",1877,518
2014,"39149",1092,527
2015,"39149",1170,560
2016,"39149",1109,670
2017,"39149",1092,667
2018,"39149",1178,677
2019,"39149",1193,616
2020,"39149",1291,594
2021,"39149",1467,486
2022,"39149",1479,540
2023,"39149",1620,579
2024,"39149",2114,634
2014,"39151",1038,6652
2015,"39151",1064,7467
2016,"39151",1106,9220
2017,"39151",1063,9187
2018,"39151",1075,9666
2019,"39151",1113,8753
2020,"39151",1130,8739
2021,"39151",1234,6863
2022,"39151",1528,7038
2023,"39151",1776,7371
2024,"39151",1654,9252
2014,"39153",1227,10892
2015,"39153",1205,11403
2016,"39153",1206,14010
2017,"39153",1193,14241
2018,"39153",1285,14960
2019,"39153",1209,13440
2020,"39153",1231,13371
2021,"39153",1348,10463
2022,"39153",1455,10301
2023,"39153",1568,10772
2024,"39153",1931,13550
2014,"39155",1080,2654
2015,"39155",1083,2866
2016,"39155",1110,3505
2017,"39155",1060,3494
2018,"39155",1117,3710
2019,"39155",1100,3588
2020,"39155",1097,3618
2021,"39155",1181,2874
2022,"39155",1239,2842
2023,"39155",1402,2977
2024,"39155",1783,3372
2014,"39157",1028,1023
2015,"39157",1162,1071
2016,"39157",1123,1280
2017,"39157",1181,1341
2018,"39157",1145,1441
2019,"39157",1141,1374
2020,"39157",1200,1383
2021,"39157",1219,1064
2022,"39157",1274,1061
2023,"39157",1594,1146
2024,"39157",1671,1296
2014,"39159",1406,870
2015,"39159",1595,1073
2016,"39159",1435,1243
2017,"39159",1494,1286
2018,"39159",1383,1265
2019,"39159",1427,1181
2020,"39159",1527,1171
2021,"39159",1600,986
2022,"39159",1697,1010
2023,"39159",2143,1161
2024,"39159",2224,1366
2014,"39161",976,143
2015,"39161",1078,198
2016,"39161",1117,257
2017,"39161",1167,277
2018,"39161",1307,311
2019,"39161",1202,309
2020,"39161",1226,290
2021,"39161",1367,240
2022,"39161",1410,238
2023,"39161",1533,231
2024,"39161",1805,291
2014,"39163",1544,32
2015,"39163",1786,47
2016,"39163",1607,56
2017,"39163",1620,53
2018,"39163",1610,56
2019,"39163",1528,65
2020,"39163",1633,68
2021,"39163",1990,58
2022,"39163",1879,60
2023,"39163",2096,76
2024,"39163",2441,83
2014,"39165",1388,4591
2015,"39165",1472,4748
2016,"39165",1415,5562
2017,"39165",1362,5525
2018,"39165",1385,5529
2019,"39165",1550,5248
2020,"39165",1521,5078
2021,"39165",1613,4465
2022,"39165",1700,4317
2023,"39165",2044,4676
2024,"39165",4091,4890
2014,"39167",1227,573
2015,"39167",1275,574
2016,"39167",1311,667
2017,"39167",1347,707
2018,"39167",1352,820
2019,"39167",1351,817
2020,"39167",1387,861
2021,"39167",1348,713
2022,"39167",1505,745
2023,"39167",1807,782
2024,"39167",1897,807
2014,"39169",1066,1264
2015,"39169",1105,1430
2016,"39169",1130,1902
2017,"39169",1113,1992
2018,"39169",1119,2094
2019,"39169",1097,1807
2020,"39169",1114,1775
2021,"39169",1287,1261
2022,"39169",1353,1303
2023,"39169",1484,1357
2024,"39169",1879,1772
2014,"39171",925,163
2015,"39171",1004,176
2016,"39171",1030,201
2017,"39171",1061,221
2018,"39171",1082,284
2019,"39171",1069,293
2020,"39171",1095,277
2021,"39171",1173,197
2022,"39171",1417,208
2023,"39171",1498,246
2024,"39171",1618,481
2014,"39173",1259,1846
2015,"39173",1264,2007
2016,"39173",1321,2507
2017,"39173",1325,2496
2018,"39173",1427,2643
2019,"39173",1397,2350
2020,"39173",1409,2285
2021,"39173",1676,1694
2022,"39173",1591,1774
2023,"39173",1681,1946
2024,"39173",2203,2044
2014,"39175",1315,134
2015,"39175",1340,171
2016,"39175",1278,212
2017,"39175",1228,220
2018,"39175",1244,235
2019,"39175",1325,226
2020,"39175",1398,242
2021,"39175",1465,149
2022,"39175",1497,189
2023,"39175",1713,223
2024,"39175",1803,210
2016,"40001",NA,NA
2017,"40001",NA,NA
2018,"40001",NA,NA
2019,"40001",NA,NA
2020,"40001",NA,NA
2021,"40001",NA,NA
2022,"40001",NA,NA
2023,"40001",NA,NA
2024,"40001",NA,NA
2014,"40005",1873,31
2015,"40005",1720,36
2016,"40005",1957,47
2017,"40005",1742,45
2018,"40005",1787,53
2019,"40005",2022,67
2020,"40005",2056,78
2021,"40005",2294,51
2022,"40005",2450,75
2023,"40005",3148,63
2024,"40005",3716,72
2014,"40007",1922,20
2015,"40007",2410,26
2016,"40007",2350,32
2017,"40007",2459,26
2018,"40007",2563,22
2019,"40007",2692,23
2020,"40007",2799,30
2021,"40007",3062,24
2022,"40007",3171,26
2023,"40007",3364,22
2024,"40007",3657,22
2014,"40009",2119,296
2015,"40009",2285,310
2016,"40009",2308,369
2017,"40009",2238,371
2018,"40009",2293,365
2019,"40009",2426,401
2020,"40009",2400,373
2021,"40009",2589,310
2022,"40009",2711,331
2023,"40009",3004,352
2024,"40009",3364,343
2014,"04001",955,87
2015,"04001",1074,158
2016,"04001",1165,199
2017,"04001",1152,203
2018,"04001",1121,233
2019,"04001",1231,208
2020,"04001",1278,280
2021,"04001",1334,236
2022,"04001",1433,241
2023,"04001",1869,227
2024,"04001",2303,235
2014,"40011",1873,23
2015,"40011",2195,31
2016,"40011",2058,29
2017,"40011",2342,34
2018,"40011",2017,31
2019,"40011",2632,41
2020,"40011",2110,62
2021,"40011",2321,38
2022,"40011",2327,51
2023,"40011",2521,50
2024,"40011",2831,48
2014,"40013",1886,347
2015,"40013",1907,350
2016,"40013",1951,363
2017,"40013",1847,380
2018,"40013",1855,417
2019,"40013",2034,452
2020,"40013",2085,457
2021,"40013",2271,366
2022,"40013",2447,393
2023,"40013",2801,403
2024,"40013",3177,425
2014,"40015",2057,64
2015,"40015",2019,92
2016,"40015",2085,113
2017,"40015",2339,132
2018,"40015",2022,135
2019,"40015",2191,151
2020,"40015",1999,170
2021,"40015",2312,143
2022,"40015",2417,149
2023,"40015",2774,155
2024,"40015",3151,169
2014,"40017",2419,3594
2015,"40017",2581,3768
2016,"40017",2525,4391
2017,"40017",2621,4761
2018,"40017",2502,4636
2019,"40017",2606,4686
2020,"40017",2564,4793
2021,"40017",2613,4328
2022,"40017",2868,4225
2023,"40017",3235,4464
2024,"40017",3559,4439
2014,"40019",1989,911
2015,"40019",2164,906
2016,"40019",2082,944
2017,"40019",1976,938
2018,"40019",1952,928
2019,"40019",2038,911
2020,"40019",2065,925
2021,"40019",2204,835
2022,"40019",2386,807
2023,"40019",2664,855
2024,"40019",3198,764
2014,"40021",2081,422
2015,"40021",2062,471
2016,"40021",2016,544
2017,"40021",1988,550
2018,"40021",1933,611
2019,"40021",1896,638
2020,"40021",1988,744
2021,"40021",2230,638
2022,"40021",2378,659
2023,"40021",2615,694
2024,"40021",3148,631
2014,"40023",1914,24
2015,"40023",1961,37
2016,"40023",1941,43
2017,"40023",1777,51
2018,"40023",1781,70
2019,"40023",1775,71
2020,"40023",1774,65
2021,"40023",2367,45
2022,"40023",2592,52
2023,"40023",2672,63
2024,"40023",2908,67
2014,"40027",2399,5960
2015,"40027",2490,6317
2016,"40027",2487,7640
2017,"40027",2813,8175
2018,"40027",2504,8190
2019,"40027",2550,8261
2020,"40027",2547,8373
2021,"40027",2537,7050
2022,"40027",2823,6807
2023,"40027",3100,7046
2024,"40027",3763,6357
2019,"40029",NA,NA
2020,"40029",NA,NA
2022,"40029",NA,NA
2014,"04003",964,3678
2015,"04003",1010,3828
2016,"04003",1058,4631
2017,"04003",1036,4099
2018,"04003",1057,4510
2019,"04003",1090,4392
2020,"04003",1165,4220
2021,"04003",1198,3949
2022,"04003",1279,3592
2023,"04003",1554,3592
2024,"04003",1993,3948
2014,"40031",2012,1737
2015,"40031",2053,1840
2016,"40031",2068,2529
2017,"40031",2062,2390
2018,"40031",2085,2709
2019,"40031",2251,2710
2020,"40031",2201,2801
2021,"40031",2326,2891
2022,"40031",2524,2720
2023,"40031",2929,2694
2024,"40031",3431,2518
2014,"40033",1985,24
2015,"40033",1950,22
2016,"40033",2057,32
2017,"40033",2031,34
2018,"40033",2193,44
2019,"40033",2216,48
2020,"40033",2029,56
2021,"40033",2251,41
2022,"40033",2226,32
2023,"40033",2481,38
2024,"40033",3394,30
2014,"40035",1685,66
2015,"40035",1835,85
2016,"40035",1735,99
2017,"40035",1761,102
2018,"40035",1792,89
2019,"40035",1918,100
2020,"40035",1941,112
2021,"40035",2048,92
2022,"40035",2185,94
2023,"40035",2164,101
2024,"40035",2863,95
2014,"40037",2264,941
2015,"40037",2270,988
2016,"40037",2241,1111
2017,"40037",2140,1144
2018,"40037",2166,1216
2019,"40037",2220,1285
2020,"40037",2273,1329
2021,"40037",2403,1148
2022,"40037",2546,1156
2023,"40037",2874,1215
2024,"40037",3331,1154
2014,"40039",2235,419
2015,"40039",2358,446
2016,"40039",2315,504
2017,"40039",2450,520
2018,"40039",2448,542
2019,"40039",2524,601
2020,"40039",2549,629
2021,"40039",2539,525
2022,"40039",2742,534
2023,"40039",2981,522
2024,"40039",3645,494
2014,"40041",2149,294
2015,"40041",2097,336
2016,"40041",2021,373
2017,"40041",1993,411
2018,"40041",2130,401
2019,"40041",2096,437
2020,"40041",2146,513
2021,"40041",2230,384
2022,"40041",2392,406
2023,"40041",2875,437
2024,"40041",3236,481
2024,"40043",NA,NA
2018,"40045",NA,NA
2019,"40045",NA,NA
2020,"40045",NA,NA
2021,"40045",NA,NA
2022,"40045",NA,NA
2014,"40047",1975,948
2015,"40047",2125,1034
2016,"40047",2137,1261
2017,"40047",2117,1254
2018,"40047",2142,1566
2019,"40047",2237,1550
2020,"40047",2227,1484
2021,"40047",2247,1348
2022,"40047",2325,1279
2023,"40047",2634,1214
2024,"40047",3054,1093
2014,"40049",2065,180
2015,"40049",2147,208
2016,"40049",2180,260
2017,"40049",2099,267
2018,"40049",1993,277
2019,"40049",2168,305
2020,"40049",2217,343
2021,"40049",2259,274
2022,"40049",2510,289
2023,"40049",2817,286
2024,"40049",3209,270
2014,"04005",1067,2487
2015,"04005",1179,2718
2016,"04005",1181,3599
2017,"04005",1182,3478
2018,"04005",1208,3630
2019,"04005",1242,3545
2020,"04005",1284,3328
2021,"04005",1310,2840
2022,"04005",1522,2650
2023,"04005",1896,2722
2024,"04005",2458,2918
2014,"40051",2389,760
2015,"40051",2562,842
2016,"40051",2579,1002
2017,"40051",2574,1056
2018,"40051",2540,1084
2019,"40051",2623,1134
2020,"40051",2600,1217
2021,"40051",2666,1007
2022,"40051",2907,990
2023,"40051",3240,1086
2024,"40051",3793,1074
2016,"40053",NA,NA
2017,"40053",NA,NA
2018,"40053",NA,NA
2019,"40053",NA,NA
2020,"40053",NA,NA
2021,"40053",NA,NA
2022,"40053",NA,NA
2023,"40053",NA,NA
2024,"40053",NA,NA
2014,"40055",2000,35
2015,"40055",2062,41
2016,"40055",2053,46
2017,"40055",2181,48
2018,"40055",2047,52
2019,"40055",2223,58
2020,"40055",2303,58
2021,"40055",2261,51
2022,"40055",2464,55
2023,"40055",2893,60
2024,"40055",2954,55
2014,"40061",2105,35
2015,"40061",1976,46
2016,"40061",2345,63
2017,"40061",2031,67
2018,"40061",1948,71
2019,"40061",1932,79
2020,"40061",2240,100
2021,"40061",2383,76
2022,"40061",2756,64
2023,"40061",2979,65
2024,"40061",3657,60
2014,"40063",1422,26
2015,"40063",1592,31
2016,"40063",1559,39
2017,"40063",1664,39
2018,"40063",1692,49
2019,"40063",1863,56
2020,"40063",1963,63
2021,"40063",2255,45
2022,"40063",2411,46
2023,"40063",2602,54
2024,"40063",3307,51
2014,"40065",2128,601
2015,"40065",2145,579
2016,"40065",2087,715
2017,"40065",2078,667
2018,"40065",2012,761
2019,"40065",2127,774
2020,"40065",2320,778
2021,"40065",2292,695
2022,"40065",2420,637
2023,"40065",2743,621
2024,"40065",3422,610
2020,"40067",NA,NA
2023,"40067",NA,NA
2024,"40067",NA,NA
2014,"40069",1692,50
2015,"40069",1846,55
2016,"40069",1691,68
2017,"40069",1786,68
2018,"40069",1778,80
2019,"40069",1810,77
2020,"40069",1828,83
2021,"40069",2014,58
2022,"40069",2194,59
2023,"40069",2512,58
2024,"40069",2884,57
2014,"04007",1033,860
2015,"04007",1094,949
2016,"04007",1101,1067
2017,"04007",1156,1109
2018,"04007",1101,1155
2019,"04007",1119,1151
2020,"04007",1199,1129
2021,"04007",1231,1116
2022,"04007",1446,1039
2023,"04007",1714,1021
2024,"04007",2152,1214
2014,"40071",1911,577
2015,"40071",2050,617
2016,"40071",2020,688
2017,"40071",1993,707
2018,"40071",1981,777
2019,"40071",2043,790
2020,"40071",2031,834
2021,"40071",2140,722
2022,"40071",2303,684
2023,"40071",2432,705
2024,"40071",2763,624
2014,"40073",2453,137
2015,"40073",2648,150
2016,"40073",2617,184
2017,"40073",2636,221
2018,"40073",2725,232
2019,"40073",2704,256
2020,"40073",2697,275
2021,"40073",2920,235
2022,"40073",3052,241
2023,"40073",3190,258
2024,"40073",3917,226
2014,"40075",2247,31
2015,"40075",2217,38
2016,"40075",2402,44
2017,"40075",2246,49
2018,"40075",2139,56
2019,"40075",2274,56
2020,"40075",2349,62
2021,"40075",2472,54
2022,"40075",2529,58
2023,"40075",2634,63
2024,"40075",3111,60
2014,"40077",1835,21
2015,"40077",1951,21
2016,"40077",2056,34
2017,"40077",1895,40
2018,"40077",1916,52
2019,"40077",1988,62
2020,"40077",1817,69
2021,"40077",2168,29
2022,"40077",2748,36
2023,"40077",2857,36
2024,"40077",3085,38
2014,"40079",1937,308
2015,"40079",1900,356
2016,"40079",1928,413
2017,"40079",1880,431
2018,"40079",1788,476
2019,"40079",1831,503
2020,"40079",1846,531
2021,"40079",1955,408
2022,"40079",2141,471
2023,"40079",2530,474
2024,"40079",2890,496
2014,"40081",2341,320
2015,"40081",2314,366
2016,"40081",2292,416
2017,"40081",2278,466
2018,"40081",2214,540
2019,"40081",2320,571
2020,"40081",2394,614
2021,"40081",2495,512
2022,"40081",2702,503
2023,"40081",2983,511
2024,"40081",3469,504
2014,"40083",2804,831
2015,"40083",3013,853
2016,"40083",3076,981
2017,"40083",3189,1143
2018,"40083",3189,1175
2019,"40083",3329,1236
2020,"40083",3322,1262
2021,"40083",3241,1030
2022,"40083",3544,1013
2023,"40083",3863,1042
2024,"40083",4738,1064
2014,"40085",1851,65
2015,"40085",2110,64
2016,"40085",2042,79
2017,"40085",2048,89
2018,"40085",2047,81
2019,"40085",2121,77
2020,"40085",2084,90
2021,"40085",2188,74
2022,"40085",2245,72
2023,"40085",2231,84
2024,"40085",2819,69
2014,"40087",2544,613
2015,"40087",2709,669
2016,"40087",2753,781
2017,"40087",2734,871
2018,"40087",2768,932
2019,"40087",2746,1007
2020,"40087",2811,1050
2021,"40087",2858,895
2022,"40087",3088,899
2023,"40087",3497,928
2024,"40087",4113,862
2014,"40089",1759,56
2015,"40089",1869,78
2016,"40089",1990,116
2017,"40089",1916,136
2018,"40089",1897,157
2019,"40089",1997,178
2020,"40089",2126,189
2021,"40089",2176,100
2022,"40089",2556,122
2023,"40089",3188,135
2024,"40089",3681,178
2014,"04009",1169,465
2015,"04009",1123,484
2016,"04009",1134,609
2017,"04009",1197,600
2018,"04009",1227,625
2019,"04009",1259,613
2020,"04009",1306,564
2021,"04009",1262,533
2022,"04009",1393,762
2023,"04009",1627,760
2024,"04009",1998,881
2014,"40091",2345,61
2015,"40091",2096,69
2016,"40091",2152,103
2017,"40091",2061,116
2018,"40091",2250,149
2019,"40091",2249,165
2020,"40091",2221,173
2021,"40091",2159,149
2022,"40091",2351,141
2023,"40091",2493,128
2024,"40091",3110,135
2014,"40093",2287,33
2015,"40093",2501,41
2016,"40093",2307,51
2017,"40093",2280,61
2018,"40093",2363,78
2019,"40093",2452,84
2020,"40093",2353,94
2021,"40093",2706,70
2022,"40093",2710,72
2023,"40093",3055,69
2024,"40093",3431,62
2014,"40095",2086,95
2015,"40095",2412,110
2016,"40095",2237,117
2017,"40095",2085,123
2018,"40095",2098,131
2019,"40095",2153,142
2020,"40095",2283,147
2021,"40095",2354,115
2022,"40095",2332,120
2023,"40095",2654,130
2024,"40095",3250,127
2014,"40097",1965,276
2015,"40097",2014,317
2016,"40097",1889,395
2017,"40097",1880,419
2018,"40097",1884,468
2019,"40097",1967,496
2020,"40097",2015,555
2021,"40097",2218,478
2022,"40097",2367,494
2023,"40097",2735,554
2024,"40097",3197,522
2014,"40099",1854,107
2015,"40099",1951,108
2016,"40099",1900,132
2017,"40099",1907,146
2018,"40099",1871,183
2019,"40099",1894,186
2020,"40099",1903,199
2021,"40099",2224,162
2022,"40099",2574,155
2023,"40099",2812,157
2024,"40099",3209,150
2014,"40101",1819,807
2015,"40101",1848,874
2016,"40101",1794,1000
2017,"40101",1707,1007
2018,"40101",1764,1038
2019,"40101",1811,994
2020,"40101",1814,1075
2021,"40101",2074,1045
2022,"40101",2248,1021
2023,"40101",2426,1068
2024,"40101",2973,966
2014,"40103",2153,88
2015,"40103",2284,89
2016,"40103",2346,96
2017,"40103",2486,102
2018,"40103",2510,114
2019,"40103",2356,106
2020,"40103",2321,108
2021,"40103",2606,107
2022,"40103",2917,110
2023,"40103",2941,127
2024,"40103",3317,113
2014,"40105",1822,23
2015,"40105",1694,21
2016,"40105",1610,29
2017,"40105",1716,38
2018,"40105",1480,38
2019,"40105",1860,39
2020,"40105",1831,38
2021,"40105",2238,31
2022,"40105",2039,35
2023,"40105",2029,38
2024,"40105",2719,39
2015,"40107",NA,NA
2016,"40107",NA,NA
2017,"40107",NA,NA
2018,"40107",NA,NA
2019,"40107",NA,NA
2020,"40107",NA,NA
2021,"40107",NA,NA
2022,"40107",NA,NA
2023,"40107",NA,NA
2024,"40107",NA,NA
2014,"40109",2441,14490
2015,"40109",2580,15089
2016,"40109",2605,17699
2017,"40109",2674,19625
2018,"40109",2632,19401
2019,"40109",2781,19690
2020,"40109",2737,19996
2021,"40109",2700,16829
2022,"40109",2959,16042
2023,"40109",3337,16385
2024,"40109",3986,15457
2021,"04011",NA,NA
2022,"04011",NA,NA
2023,"04011",NA,NA
2024,"04011",NA,NA
2014,"40111",1803,208
2015,"40111",1866,239
2016,"40111",1848,278
2017,"40111",1801,312
2018,"40111",1899,339
2019,"40111",2065,346
2020,"40111",2081,353
2021,"40111",2191,284
2022,"40111",2522,315
2023,"40111",2948,323
2024,"40111",3315,327
2014,"40113",1996,468
2015,"40113",2026,489
2016,"40113",1987,568
2017,"40113",2096,586
2018,"40113",2028,630
2019,"40113",2075,629
2020,"40113",2163,678
2021,"40113",2342,549
2022,"40113",2550,570
2023,"40113",2853,613
2024,"40113",3136,549
2014,"40115",1726,226
2015,"40115",1747,231
2016,"40115",1690,256
2017,"40115",1663,262
2018,"40115",1782,277
2019,"40115",1817,269
2020,"40115",1767,324
2021,"40115",2036,195
2022,"40115",2201,212
2023,"40115",2344,222
2024,"40115",2908,203
2014,"40117",2581,81
2015,"40117",2608,99
2016,"40117",2244,117
2017,"40117",2306,128
2018,"40117",2161,146
2019,"40117",2074,157
2020,"40117",1987,166
2021,"40117",2247,146
2022,"40117",2685,160
2023,"40117",3010,179
2024,"40117",3778,173
2014,"40119",2227,1008
2015,"40119",2271,1029
2016,"40119",2250,1164
2017,"40119",2187,1190
2018,"40119",2077,1328
2019,"40119",2150,1379
2020,"40119",2286,1520
2021,"40119",2434,1342
2022,"40119",2712,1330
2023,"40119",3066,1393
2024,"40119",3481,1543
2014,"04012",1111,86
2015,"04012",1093,132
2016,"04012",1114,151
2017,"04012",1113,145
2018,"04012",1062,155
2019,"04012",1265,146
2020,"04012",1376,128
2021,"04012",1152,116
2022,"04012",1336,96
2023,"04012",1553,94
2024,"04012",2246,117
2014,"40121",1933,485
2015,"40121",2007,506
2016,"40121",1945,608
2017,"40121",1817,608
2018,"40121",1818,670
2019,"40121",1899,661
2020,"40121",1973,660
2021,"40121",2205,531
2022,"40121",2283,527
2023,"40121",2546,549
2024,"40121",3021,524
2014,"40123",2135,441
2015,"40123",2286,494
2016,"40123",2175,525
2017,"40123",2186,524
2018,"40123",2115,553
2019,"40123",2237,593
2020,"40123",2279,591
2021,"40123",2319,548
2022,"40123",2591,541
2023,"40123",2951,528
2024,"40123",3430,453
2014,"40125",2145,682
2015,"40125",2274,768
2016,"40125",2262,921
2017,"40125",2170,936
2018,"40125",2238,1039
2019,"40125",2247,1042
2020,"40125",2272,1086
2021,"40125",2383,888
2022,"40125",2668,867
2023,"40125",2984,915
2024,"40125",3344,884
2019,"40127",NA,NA
2020,"40127",NA,NA
2022,"40127",NA,NA
2023,"40127",NA,NA
2024,"40127",NA,NA
2014,"04013",1127,118483
2015,"04013",1207,123590
2016,"04013",1217,142901
2017,"04013",1192,138514
2018,"04013",1208,134268
2019,"04013",1304,128862
2020,"04013",1329,114195
2021,"04013",1288,102004
2022,"04013",1449,90192
2023,"04013",1736,93069
2024,"04013",2216,107654
2014,"40131",2156,1634
2015,"40131",2187,1774
2016,"40131",2081,2080
2017,"40131",2077,2159
2018,"40131",2110,2229
2019,"40131",2140,2351
2020,"40131",2112,2470
2021,"40131",2264,2187
2022,"40131",2558,2140
2023,"40131",2929,2289
2024,"40131",3249,2152
2014,"40133",1883,74
2015,"40133",1917,76
2016,"40133",1990,102
2017,"40133",1933,112
2018,"40133",1889,156
2019,"40133",2068,162
2020,"40133",2050,162
2021,"40133",2362,141
2022,"40133",2606,145
2023,"40133",2749,155
2024,"40133",3657,138
2014,"40135",1925,234
2015,"40135",1776,271
2016,"40135",1854,334
2017,"40135",1733,359
2018,"40135",1751,453
2019,"40135",1908,508
2020,"40135",1995,548
2021,"40135",2181,579
2022,"40135",2375,575
2023,"40135",2673,574
2024,"40135",2987,534
2014,"40137",2015,452
2015,"40137",2155,483
2016,"40137",2177,546
2017,"40137",2144,567
2018,"40137",2121,606
2019,"40137",2181,621
2020,"40137",2225,655
2021,"40137",2285,598
2022,"40137",2437,598
2023,"40137",2795,608
2024,"40137",3282,571
2014,"40139",1790,99
2015,"40139",1954,135
2016,"40139",2091,177
2017,"40139",2267,191
2018,"40139",2151,201
2019,"40139",2338,213
2020,"40139",2253,235
2021,"40139",2156,170
2022,"40139",2396,177
2023,"40139",2512,192
2024,"40139",2994,185
2014,"40141",1829,49
2015,"40141",1847,52
2016,"40141",1987,54
2017,"40141",1763,56
2018,"40141",1852,64
2019,"40141",1905,70
2020,"40141",1799,74
2021,"40141",1947,56
2022,"40141",2168,58
2023,"40141",2202,64
2024,"40141",2633,62
2014,"40143",2165,12332
2015,"40143",2128,12918
2016,"40143",2064,14485
2017,"40143",2044,15186
2018,"40143",2060,15019
2019,"40143",2150,15066
2020,"40143",2142,15489
2021,"40143",2216,13094
2022,"40143",2422,12870
2023,"40143",2794,13486
2024,"40143",3138,12684
2014,"40145",2098,1526
2015,"40145",2153,1609
2016,"40145",2054,1834
2017,"40145",2079,1920
2018,"40145",2106,1926
2019,"40145",2202,1933
2020,"40145",2205,2103
2021,"40145",2386,1900
2022,"40145",2637,1949
2023,"40145",2893,2084
2024,"40145",3312,2044
2014,"40147",1689,807
2015,"40147",1745,835
2016,"40147",1680,897
2017,"40147",1661,905
2018,"40147",1727,997
2019,"40147",1755,1034
2020,"40147",1838,1065
2021,"40147",1966,888
2022,"40147",2163,907
2023,"40147",2408,920
2024,"40147",2815,930
2014,"40149",2189,33
2015,"40149",2548,46
2016,"40149",2303,70
2017,"40149",2375,88
2018,"40149",2140,98
2019,"40149",2243,106
2020,"40149",2435,118
2021,"40149",2702,97
2022,"40149",2658,103
2023,"40149",3002,128
2024,"40149",3321,121
2014,"04015",945,4852
2015,"04015",983,5291
2016,"04015",983,6181
2017,"04015",1001,5933
2018,"04015",999,6199
2019,"04015",1012,6149
2020,"04015",1021,5933
2021,"04015",1020,4980
2022,"04015",1134,4809
2023,"04015",1323,5116
2024,"04015",1670,6050
2014,"40151",2083,86
2015,"40151",2264,99
2016,"40151",2246,106
2017,"40151",2167,115
2018,"40151",2100,131
2019,"40151",2106,131
2020,"40151",2040,132
2021,"40151",2187,92
2022,"40151",2384,99
2023,"40151",2338,87
2024,"40151",2726,70
2014,"40153",2152,216
2015,"40153",2330,243
2016,"40153",2298,287
2017,"40153",2355,295
2018,"40153",2401,317
2019,"40153",2463,329
2020,"40153",2349,327
2021,"40153",2543,264
2022,"40153",2657,277
2023,"40153",2970,292
2024,"40153",3261,279
2014,"04017",1082,1109
2015,"04017",1173,1187
2016,"04017",1188,1411
2017,"04017",1196,1408
2018,"04017",1211,1494
2019,"04017",1218,1463
2020,"04017",1304,1433
2021,"04017",1296,1258
2022,"04017",1505,1247
2023,"04017",1780,1205
2024,"04017",2271,1479
2014,"04019",961,30888
2015,"04019",1022,32441
2016,"04019",1079,37670
2017,"04019",1074,36009
2018,"04019",1077,35731
2019,"04019",1150,33014
2020,"04019",1214,28848
2021,"04019",1125,26392
2022,"04019",1260,22999
2023,"04019",1498,23550
2024,"04019",1887,26257
2014,"04021",922,7733
2015,"04021",993,8260
2016,"04021",1028,9974
2017,"04021",1038,9847
2018,"04021",1064,9782
2019,"04021",1116,9771
2020,"04021",1152,8278
2021,"04021",1183,8670
2022,"04021",1381,7988
2023,"04021",1572,8187
2024,"04021",1904,10654
2014,"04023",1022,1057
2015,"04023",1054,1115
2016,"04023",1048,1274
2017,"04023",1083,1263
2018,"04023",1096,1266
2019,"04023",1153,1201
2020,"04023",1202,1139
2021,"04023",1266,1057
2022,"04023",1360,1097
2023,"04023",1611,1162
2024,"04023",1989,1259
2014,"04025",973,5996
2015,"04025",1060,6312
2016,"04025",1063,7302
2017,"04025",1072,7006
2018,"04025",1091,7137
2019,"04025",1140,6836
2020,"04025",1218,6394
2021,"04025",1206,5711
2022,"04025",1370,5770
2023,"04025",1618,5945
2024,"04025",2019,6366
2014,"04027",1005,4446
2015,"04027",1059,5236
2016,"04027",1023,6172
2017,"04027",1049,5765
2018,"04027",981,5841
2019,"04027",1033,5225
2020,"04027",1088,4588
2021,"04027",1016,5262
2022,"04027",1165,4870
2023,"04027",1285,5058
2024,"04027",1596,5844
2014,"41001",868,299
2015,"41001",903,319
2016,"41001",935,355
2017,"41001",932,341
2018,"41001",990,373
2019,"41001",925,374
2020,"41001",1018,378
2021,"41001",1050,294
2022,"41001",1217,283
2023,"41001",1517,292
2024,"41001",1574,326
2014,"41003",1077,1521
2015,"41003",1081,1551
2016,"41003",1093,1734
2017,"41003",1038,1671
2018,"41003",1035,1776
2019,"41003",1270,1838
2020,"41003",1217,1896
2021,"41003",1179,1519
2022,"41003",1364,1404
2023,"41003",1512,1464
2024,"41003",1580,1581
2014,"41005",1237,10747
2015,"41005",1194,11411
2016,"41005",1218,13048
2017,"41005",1177,12745
2018,"41005",1224,12767
2019,"41005",1266,12770
2020,"41005",1487,12729
2021,"41005",1233,9868
2022,"41005",1454,8618
2023,"41005",1760,9599
2024,"41005",1902,10513
2014,"41007",1318,838
2015,"41007",1216,902
2016,"41007",1229,1116
2017,"41007",1256,1101
2018,"41007",1485,1210
2019,"41007",1336,1242
2020,"41007",1469,1239
2021,"41007",1351,1029
2022,"41007",1504,914
2023,"41007",1799,1016
2024,"41007",1897,1091
2014,"41009",1168,1495
2015,"41009",1138,1562
2016,"41009",1129,1742
2017,"41009",1248,1729
2018,"41009",1173,1698
2019,"41009",1117,1713
2020,"41009",1203,1677
2021,"41009",1194,1386
2022,"41009",1465,1269
2023,"41009",1627,1349
2024,"41009",1782,1445
2014,"41011",1064,840
2015,"41011",1073,889
2016,"41011",1032,1015
2017,"41011",998,1009
2018,"41011",1064,1094
2019,"41011",1287,1179
2020,"41011",1146,1207
2021,"41011",1142,996
2022,"41011",1237,972
2023,"41011",1413,1133
2024,"41011",1640,1171
2014,"41013",1273,316
2015,"41013",1165,342
2016,"41013",1049,398
2017,"41013",1179,429
2018,"41013",1146,465
2019,"41013",1110,523
2020,"41013",1174,549
2021,"41013",1203,424
2022,"41013",1270,406
2023,"41013",1529,464
2024,"41013",1863,537
2014,"41015",1220,284
2015,"41015",1061,289
2016,"41015",1110,334
2017,"41015",1148,324
2018,"41015",1098,327
2019,"41015",1271,344
2020,"41015",1271,348
2021,"41015",1290,248
2022,"41015",1387,233
2023,"41015",1716,259
2024,"41015",2050,275
2014,"41017",1029,4661
2015,"41017",1002,4899
2016,"41017",970,5559
2017,"41017",1004,5569
2018,"41017",1047,5693
2019,"41017",1142,5950
2020,"41017",1084,5892
2021,"41017",1122,4542
2022,"41017",1386,4102
2023,"41017",1641,4542
2024,"41017",1945,4913
2014,"41019",1068,1943
2015,"41019",997,1958
2016,"41019",1054,2274
2017,"41019",1032,2134
2018,"41019",1034,2183
2019,"41019",1090,2218
2020,"41019",1074,2200
2021,"41019",1080,1959
2022,"41019",1261,1904
2023,"41019",1413,2296
2024,"41019",1632,2442
2014,"41021",774,25
2015,"41021",859,30
2016,"41021",881,32
2017,"41021",954,32
2018,"41021",1081,31
2019,"41021",1058,32
2020,"41021",1078,36
2021,"41021",1229,33
2022,"41021",1455,26
2023,"41021",1507,28
2024,"41021",1915,32
2014,"41025",1136,57
2015,"41025",1174,71
2016,"41025",1132,89
2017,"41025",1223,98
2018,"41025",1374,92
2019,"41025",1286,91
2020,"41025",1407,111
2021,"41025",1371,58
2022,"41025",1519,55
2023,"41025",1739,102
2024,"41025",1974,98
2014,"41027",1065,562
2015,"41027",1000,580
2016,"41027",959,651
2017,"41027",970,637
2018,"41027",1060,654
2019,"41027",1093,624
2020,"41027",1202,614
2021,"41027",1308,478
2022,"41027",1477,411
2023,"41027",1650,425
2024,"41027",1896,450
2014,"41029",1019,5139
2015,"41029",1053,5448
2016,"41029",978,6325
2017,"41029",962,6132
2018,"41029",939,6161
2019,"41029",981,6252
2020,"41029",1080,6223
2021,"41029",1048,4766
2022,"41029",1188,4359
2023,"41029",1426,4506
2024,"41029",1580,5172
2014,"41031",924,308
2015,"41031",1013,323
2016,"41031",974,376
2017,"41031",908,374
2018,"41031",940,379
2019,"41031",1067,406
2020,"41031",1069,397
2021,"41031",1113,389
2022,"41031",1241,352
2023,"41031",1534,406
2024,"41031",1737,476
2014,"41033",1060,2016
2015,"41033",1002,2060
2016,"41033",1040,2449
2017,"41033",1059,2360
2018,"41033",1213,2392
2019,"41033",1131,2393
2020,"41033",1224,2327
2021,"41033",1224,1774
2022,"41033",1355,1569
2023,"41033",1608,1749
2024,"41033",1863,1929
2014,"41035",1050,1219
2015,"41035",1048,1231
2016,"41035",1017,1476
2017,"41035",1054,1447
2018,"41035",1009,1469
2019,"41035",1089,1448
2020,"41035",1075,1530
2021,"41035",1096,1302
2022,"41035",1267,1187
2023,"41035",1481,1377
2024,"41035",1677,1731
2014,"41037",1141,54
2015,"41037",1162,55
2016,"41037",1139,77
2017,"41037",1263,78
2018,"41037",1178,90
2019,"41037",1246,91
2020,"41037",1430,107
2021,"41037",1441,78
2022,"41037",1377,78
2023,"41037",1725,89
2024,"41037",1823,99
2014,"41039",1152,8596
2015,"41039",1026,8663
2016,"41039",991,10776
2017,"41039",975,10618
2018,"41039",967,9655
2019,"41039",1044,9724
2020,"41039",1101,9335
2021,"41039",1069,7829
2022,"41039",1160,7161
2023,"41039",1432,7850
2024,"41039",1548,9300
2014,"41041",1187,772
2015,"41041",1144,814
2016,"41041",1239,1012
2017,"41041",1307,983
2018,"41041",1310,1047
2019,"41041",1235,1061
2020,"41041",1376,1089
2021,"41041",1332,925
2022,"41041",1393,884
2023,"41041",1724,965
2024,"41041",1845,1094
2014,"41043",1088,2846
2015,"41043",982,2908
2016,"41043",994,3400
2017,"41043",1047,3331
2018,"41043",1040,3348
2019,"41043",991,3464
2020,"41043",1004,3396
2021,"41043",983,2918
2022,"41043",1088,2701
2023,"41043",1308,3021
2024,"41043",1417,3354
2014,"41045",964,255
2015,"41045",974,286
2016,"41045",1045,335
2017,"41045",1012,312
2018,"41045",997,352
2019,"41045",1060,379
2020,"41045",1269,415
2021,"41045",1192,308
2022,"41045",1387,300
2023,"41045",1510,321
2024,"41045",1916,355
2014,"41047",1017,7639
2015,"41047",1082,8096
2016,"41047",983,9159
2017,"41047",915,8643
2018,"41047",971,8866
2019,"41047",1129,9419
2020,"41047",1078,9166
2021,"41047",1082,7958
2022,"41047",1336,7305
2023,"41047",1379,7740
2024,"41047",1548,8504
2014,"41049",1138,130
2015,"41049",1134,144
2016,"41049",1090,161
2017,"41049",1066,169
2018,"41049",1324,189
2019,"41049",1236,200
2020,"41049",1265,195
2021,"41049",1264,168
2022,"41049",1412,164
2023,"41049",1700,168
2024,"41049",1830,175
2014,"41051",1245,21048
2015,"41051",1098,21669
2016,"41051",1037,24392
2017,"41051",1033,23448
2018,"41051",1272,22987
2019,"41051",1303,22721
2020,"41051",1187,22216
2021,"41051",1166,17620
2022,"41051",1693,15839
2023,"41051",1476,17257
2024,"41051",1628,18925
2014,"41053",1035,2004
2015,"41053",1101,2139
2016,"41053",1123,2478
2017,"41053",978,2342
2018,"41053",997,2368
2019,"41053",1306,2536
2020,"41053",1048,2514
2021,"41053",1056,2163
2022,"41053",1217,1990
2023,"41053",1384,2216
2024,"41053",1543,2418
2014,"41057",1260,463
2015,"41057",1149,475
2016,"41057",1211,566
2017,"41057",1182,571
2018,"41057",1270,629
2019,"41057",1305,634
2020,"41057",1337,646
2021,"41057",1365,481
2022,"41057",1488,481
2023,"41057",1726,525
2024,"41057",1964,579
2014,"41059",1048,1146
2015,"41059",981,1196
2016,"41059",1127,1372
2017,"41059",1061,1324
2018,"41059",1175,1399
2019,"41059",1138,1388
2020,"41059",1123,1380
2021,"41059",1194,1339
2022,"41059",1354,1282
2023,"41059",1491,1377
2024,"41059",1702,1495
2014,"41061",965,550
2015,"41061",944,568
2016,"41061",1137,607
2017,"41061",1019,602
2018,"41061",950,603
2019,"41061",1033,604
2020,"41061",1057,626
2021,"41061",1195,451
2022,"41061",1344,448
2023,"41061",1356,468
2024,"41061",1675,535
2014,"41063",1029,118
2015,"41063",1210,114
2016,"41063",1166,151
2017,"41063",1175,153
2018,"41063",1178,159
2019,"41063",1297,155
2020,"41063",1445,173
2021,"41063",1395,104
2022,"41063",1769,82
2023,"41063",1882,100
2024,"41063",2382,150
2014,"41065",962,506
2015,"41065",1039,548
2016,"41065",1071,617
2017,"41065",1119,577
2018,"41065",1052,603
2019,"41065",1178,638
2020,"41065",1236,603
2021,"41065",1183,499
2022,"41065",1387,507
2023,"41065",1636,507
2024,"41065",1830,543
2014,"41067",1193,14153
2015,"41067",1060,13434
2016,"41067",1045,15460
2017,"41067",1129,15367
2018,"41067",1115,15389
2019,"41067",1189,15483
2020,"41067",1159,15354
2021,"41067",1237,12416
2022,"41067",1308,10704
2023,"41067",1550,11588
2024,"41067",1653,12236
2014,"41071",1062,2441
2015,"41071",1059,2508
2016,"41071",1118,2857
2017,"41071",1035,2698
2018,"41071",1105,2759
2019,"41071",1042,2821
2020,"41071",1050,2839
2021,"41071",1075,2338
2022,"41071",1326,2112
2023,"41071",1377,2432
2024,"41071",1563,2513
2014,"42001",1020,2621
2015,"42001",1040,2715
2016,"42001",1038,3135
2017,"42001",1059,3173
2018,"42001",1088,3150
2019,"42001",1005,3130
2020,"42001",1022,2430
2021,"42001",991,2932
2022,"42001",1126,2769
2023,"42001",1278,2857
2024,"42001",1381,3258
2014,"42003",1169,29614
2015,"42003",1220,31417
2016,"42003",1225,37139
2017,"42003",1243,37117
2018,"42003",1278,34196
2019,"42003",1268,33454
2020,"42003",1321,23740
2021,"42003",1332,29026
2022,"42003",1501,28646
2023,"42003",1613,28325
2024,"42003",1849,29204
2014,"42005",835,674
2015,"42005",836,716
2016,"42005",841,861
2017,"42005",834,865
2018,"42005",802,797
2019,"42005",854,800
2020,"42005",864,580
2021,"42005",887,713
2022,"42005",967,744
2023,"42005",1155,779
2024,"42005",1345,807
2014,"42007",1052,3575
2015,"42007",966,3764
2016,"42007",954,4436
2017,"42007",991,4478
2018,"42007",968,4391
2019,"42007",996,4335
2020,"42007",1059,3089
2021,"42007",1008,3579
2022,"42007",1188,3542
2023,"42007",1330,3441
2024,"42007",1600,3683
2014,"42009",939,322
2015,"42009",947,381
2016,"42009",949,497
2017,"42009",911,485
2018,"42009",942,532
2019,"42009",928,572
2020,"42009",942,433
2021,"42009",981,548
2022,"42009",1045,495
2023,"42009",1170,530
2024,"42009",1317,617
2014,"42011",1133,8970
2015,"42011",1087,9279
2016,"42011",1106,11033
2017,"42011",1092,10895
2018,"42011",1112,11259
2019,"42011",1113,11146
2020,"42011",1139,7902
2021,"42011",1140,10409
2022,"42011",1275,10193
2023,"42011",1505,10169
2024,"42011",1778,11817
2014,"42013",987,987
2015,"42013",934,1118
2016,"42013",930,1951
2017,"42013",1086,360
2018,"42013",970,2034
2019,"42013",931,2111
2020,"42013",925,1420
2021,"42013",922,1867
2022,"42013",1010,1777
2023,"42013",1179,1784
2024,"42013",1322,2660
2014,"42015",986,381
2015,"42015",1046,414
2016,"42015",1030,510
2017,"42015",963,523
2018,"42015",980,608
2019,"42015",1007,673
2020,"42015",1023,453
2021,"42015",1059,488
2022,"42015",1132,486
2023,"42015",1301,479
2024,"42015",1495,528
2014,"42017",1754,18696
2015,"42017",1743,19092
2016,"42017",1714,21964
2017,"42017",1704,22183
2018,"42017",1718,21985
2019,"42017",1673,21998
2020,"42017",1765,16048
2021,"42017",1729,19301
2022,"42017",1917,18289
2023,"42017",2239,18579
2024,"42017",2660,20074
2014,"42019",1110,4516
2015,"42019",1078,4504
2016,"42019",1115,5240
2017,"42019",1109,5180
2018,"42019",1124,4833
2019,"42019",1099,4825
2020,"42019",1110,3414
2021,"42019",1102,4221
2022,"42019",1227,3994
2023,"42019",1445,4112
2024,"42019",1644,4030
2014,"42021",843,2185
2015,"42021",818,2181
2016,"42021",852,2415
2017,"42021",794,2351
2018,"42021",830,2388
2019,"42021",854,2329
2020,"42021",889,1694
2021,"42021",882,1927
2022,"42021",965,1821
2023,"42021",1108,1793
2024,"42021",1253,2034
2017,"42023",NA,NA
2018,"42023",NA,NA
2019,"42023",NA,NA
2020,"42023",NA,NA
2024,"42023",NA,NA
2014,"42025",1185,1025
2015,"42025",1056,1047
2016,"42025",1076,1212
2017,"42025",1022,1186
2018,"42025",1028,1203
2019,"42025",1072,1200
2020,"42025",1186,831
2021,"42025",1200,1125
2022,"42025",1271,1074
2023,"42025",1449,1106
2024,"42025",1578,1324
2014,"42027",1010,2939
2015,"42027",1126,2922
2016,"42027",1008,3173
2017,"42027",893,3034
2018,"42027",969,3000
2019,"42027",967,2872
2020,"42027",1011,1893
2021,"42027",979,2629
2022,"42027",1193,2521
2023,"42027",1382,2403
2024,"42027",1414,2500
2014,"42029",1578,15644
2015,"42029",1677,15846
2016,"42029",1728,18225
2017,"42029",1724,18673
2018,"42029",1748,18586
2019,"42029",1695,18403
2020,"42029",1751,12545
2021,"42029",1768,15938
2022,"42029",2000,14976
2023,"42029",2259,14816
2024,"42029",2502,15746
2014,"42031",903,222
2015,"42031",942,245
2016,"42031",953,290
2017,"42031",909,297
2018,"42031",900,241
2019,"42031",956,264
2020,"42031",978,179
2021,"42031",1066,177
2022,"42031",1131,187
2023,"42031",1265,193
2024,"42031",1517,216
2014,"42033",885,577
2015,"42033",843,610
2016,"42033",889,745
2017,"42033",855,759
2018,"42033",886,823
2019,"42033",938,805
2020,"42033",907,551
2021,"42033",976,574
2022,"42033",1059,613
2023,"42033",1164,607
2024,"42033",1309,691
2014,"42035",1272,392
2015,"42035",1013,396
2016,"42035",1001,482
2017,"42035",903,509
2018,"42035",939,528
2019,"42035",961,454
2020,"42035",967,313
2021,"42035",1004,392
2022,"42035",1089,372
2023,"42035",1308,372
2024,"42035",1443,403
2014,"42037",1018,598
2015,"42037",999,648
2016,"42037",1003,782
2017,"42037",928,780
2018,"42037",957,838
2019,"42037",987,891
2020,"42037",1095,670
2021,"42037",1209,683
2022,"42037",1244,645
2023,"42037",1429,631
2024,"42037",1678,677
2014,"42039",838,653
2015,"42039",913,704
2016,"42039",875,853
2017,"42039",914,825
2018,"42039",950,739
2019,"42039",974,775
2020,"42039",1014,572
2021,"42039",1062,547
2022,"42039",1194,603
2023,"42039",1778,663
2024,"42039",1919,792
2014,"42041",1031,7031
2015,"42041",1067,7104
2016,"42041",1064,8162
2017,"42041",1054,7821
2018,"42041",1090,8215
2019,"42041",1062,8203
2020,"42041",1129,5881
2021,"42041",1103,7266
2022,"42041",1230,7034
2023,"42041",1485,6980
2024,"42041",1660,7951
2014,"42043",1018,5754
2015,"42043",1040,6255
2016,"42043",1016,7257
2017,"42043",1053,7222
2018,"42043",1036,7093
2019,"42043",975,7111
2020,"42043",1036,5175
2021,"42043",1030,6472
2022,"42043",1120,6301
2023,"42043",1296,6228
2024,"42043",1476,7207
2014,"42045",1782,15481
2015,"42045",1790,15803
2016,"42045",1769,18074
2017,"42045",1792,18330
2018,"42045",1833,18379
2019,"42045",1817,17928
2020,"42045",1867,12469
2021,"42045",1722,7636
2022,"42045",2187,14570
2023,"42045",2467,14402
2024,"42045",2746,15928
2014,"42047",751,191
2015,"42047",811,219
2016,"42047",834,275
2017,"42047",795,306
2018,"42047",839,309
2019,"42047",838,327
2020,"42047",858,221
2021,"42047",958,152
2022,"42047",1188,156
2023,"42047",1264,164
2024,"42047",1469,190
2014,"42049",931,3424
2015,"42049",935,3617
2016,"42049",889,4128
2017,"42049",889,3959
2018,"42049",892,3843
2019,"42049",925,3783
2020,"42049",925,2659
2021,"42049",928,3036
2022,"42049",1045,3138
2023,"42049",1167,3206
2024,"42049",1348,3828
2014,"42051",915,1398
2015,"42051",939,1523
2016,"42051",1031,1819
2017,"42051",934,1742
2018,"42051",970,1448
2019,"42051",972,1445
2020,"42051",1040,1055
2021,"42051",1046,1191
2022,"42051",1162,1252
2023,"42051",1349,1302
2024,"42051",1565,1376
2014,"42053",981,27
2015,"42053",880,25
2016,"42053",975,33
2017,"42053",1107,32
2018,"42053",1092,31
2019,"42053",1226,32
2020,"42053",1234,20
2021,"42053",1213,22
2022,"42053",1185,23
2023,"42053",1249,25
2024,"42053",1370,26
2014,"42055",985,2267
2015,"42055",931,2451
2016,"42055",936,3023
2017,"42055",995,3114
2018,"42055",958,3210
2019,"42055",982,3396
2020,"42055",1024,2445
2021,"42055",952,2911
2022,"42055",1060,2857
2023,"42055",1203,2915
2024,"42055",1337,3437
2014,"42057",1113,141
2015,"42057",985,167
2016,"42057",946,196
2017,"42057",1074,213
2018,"42057",979,209
2019,"42057",1019,221
2020,"42057",979,171
2021,"42057",1020,168
2022,"42057",1152,176
2023,"42057",1208,171
2024,"42057",1412,198
2014,"42059",1152,173
2015,"42059",1027,191
2016,"42059",1139,230
2017,"42059",1142,227
2018,"42059",1196,227
2019,"42059",1295,239
2020,"42059",1451,170
2021,"42059",1389,165
2022,"42059",1352,176
2023,"42059",1527,178
2024,"42059",1789,208
2014,"42061",987,341
2015,"42061",888,353
2016,"42061",862,440
2017,"42061",913,449
2018,"42061",903,520
2019,"42061",932,541
2020,"42061",1027,405
2021,"42061",969,563
2022,"42061",1082,564
2023,"42061",1251,571
2024,"42061",1396,626
2014,"42063",1024,595
2015,"42063",993,618
2016,"42063",1195,687
2017,"42063",1065,732
2018,"42063",902,707
2019,"42063",942,753
2020,"42063",1018,583
2021,"42063",1070,616
2022,"42063",1085,620
2023,"42063",1248,636
2024,"42063",1524,729
2014,"42065",745,242
2015,"42065",761,274
2016,"42065",829,354
2017,"42065",792,343
2018,"42065",781,370
2019,"42065",757,371
2020,"42065",794,256
2021,"42065",854,238
2022,"42065",872,258
2023,"42065",1043,281
2024,"42065",1234,286
2014,"42067",827,144
2015,"42067",911,151
2016,"42067",987,179
2017,"42067",978,200
2018,"42067",931,235
2019,"42067",919,269
2020,"42067",1134,218
2021,"42067",1040,222
2022,"42067",1164,227
2023,"42067",1416,236
2024,"42067",1234,235
2014,"42069",1184,3082
2015,"42069",1111,3173
2016,"42069",1146,3550
2017,"42069",1058,3516
2018,"42069",1088,3418
2019,"42069",1088,3396
2020,"42069",1214,2455
2021,"42069",1221,3333
2022,"42069",1381,3203
2023,"42069",1540,3145
2024,"42069",1808,3418
2014,"42071",971,12006
2015,"42071",968,12155
2016,"42071",994,14085
2017,"42071",958,13900
2018,"42071",1001,8503
2019,"42071",1013,13180
2020,"42071",1026,9383
2021,"42071",990,12009
2022,"42071",1116,11181
2023,"42071",1306,11010
2024,"42071",1477,12439
2014,"42073",958,1179
2015,"42073",954,1276
2016,"42073",1000,1554
2017,"42073",936,1516
2018,"42073",983,1577
2019,"42073",1003,1515
2020,"42073",1077,1072
2021,"42073",1048,1240
2022,"42073",1160,1267
2023,"42073",1374,1267
2024,"42073",1569,1407
2014,"42075",1014,2812
2015,"42075",985,2929
2016,"42075",1054,3390
2017,"42075",1061,3315
2018,"42075",985,3264
2019,"42075",970,3279
2020,"42075",1032,2274
2021,"42075",1029,3033
2022,"42075",1196,2929
2023,"42075",1323,2874
2024,"42075",1564,3516
2014,"42077",1330,7394
2015,"42077",1252,7524
2016,"42077",1205,10146
2017,"42077",1170,10059
2018,"42077",1205,10021
2019,"42077",1199,9635
2020,"42077",1289,6964
2021,"42077",1195,9122
2022,"42077",1349,8709
2023,"42077",1637,7295
2024,"42077",1696,8370
2014,"42079",1061,4693
2015,"42079",1079,4980
2016,"42079",1035,6030
2017,"42079",1002,5610
2018,"42079",1031,5631
2019,"42079",1046,5644
2020,"42079",1080,4114
2021,"42079",1065,5251
2022,"42079",1178,4966
2023,"42079",1360,5058
2024,"42079",1556,5366
2014,"42081",921,1959
2015,"42081",969,2016
2016,"42081",921,2265
2017,"42081",866,2365
2018,"42081",947,2432
2019,"42081",924,2239
2020,"42081",937,1504
2021,"42081",917,1764
2022,"42081",1040,1668
2023,"42081",1128,1649
2024,"42081",1272,1758
2014,"42083",896,133
2015,"42083",896,155
2016,"42083",922,204
2017,"42083",886,214
2018,"42083",902,289
2019,"42083",982,311
2020,"42083",1023,216
2021,"42083",1105,174
2022,"42083",1071,171
2023,"42083",1248,195
2024,"42083",1405,210
2014,"42085",937,1190
2015,"42085",955,1287
2016,"42085",937,1724
2017,"42085",926,1710
2018,"42085",962,1635
2019,"42085",955,1641
2020,"42085",962,1204
2021,"42085",1030,1286
2022,"42085",1121,1295
2023,"42085",1251,1366
2024,"42085",1492,1489
2014,"42087",995,287
2015,"42087",882,321
2016,"42087",816,397
2017,"42087",808,457
2018,"42087",838,522
2019,"42087",930,558
2020,"42087",892,417
2021,"42087",933,425
2022,"42087",1023,454
2023,"42087",1103,497
2024,"42087",1337,532
2014,"42089",1488,3011
2015,"42089",1275,3001
2016,"42089",1260,3567
2017,"42089",1235,3656
2018,"42089",1189,3611
2019,"42089",1201,3593
2020,"42089",1354,1928
2021,"42089",1252,3352
2022,"42089",1409,3350
2023,"42089",1692,3411
2024,"42089",1856,3861
2014,"42091",1769,25221
2015,"42091",1692,25446
2016,"42091",1675,29497
2017,"42091",1667,29798
2018,"42091",1656,29582
2019,"42091",1651,29372
2020,"42091",1726,20405
2021,"42091",1663,25091
2022,"42091",1896,24037
2023,"42091",2217,23643
2024,"42091",2505,26630
2014,"42093",1091,172
2015,"42093",1046,189
2016,"42093",965,215
2017,"42093",965,219
2018,"42093",1071,207
2019,"42093",1191,192
2020,"42093",1030,132
2021,"42093",1125,157
2022,"42093",1242,158
2023,"42093",1322,148
2024,"42093",1551,174
2014,"42095",1268,7838
2015,"42095",1274,8073
2016,"42095",1222,9281
2017,"42095",1181,9106
2018,"42095",1183,9025
2019,"42095",1145,8929
2020,"42095",1181,6409
2021,"42095",1157,8176
2022,"42095",1239,7730
2023,"42095",1453,7932
2024,"42095",1610,8749
2014,"42097",987,922
2015,"42097",910,965
2016,"42097",896,1217
2017,"42097",888,1256
2018,"42097",935,1337
2019,"42097",927,1327
2020,"42097",939,953
2021,"42097",947,955
2022,"42097",1052,927
2023,"42097",1153,942
2024,"42097",1313,992
2014,"42099",973,770
2015,"42099",982,738
2016,"42099",1066,873
2017,"42099",1087,868
2018,"42099",972,871
2019,"42099",1033,905
2020,"42099",1041,671
2021,"42099",1101,846
2022,"42099",1172,849
2023,"42099",1320,887
2024,"42099",1513,1058
2014,"42101",1740,22458
2015,"42101",1252,20952
2016,"42101",1455,27628
2017,"42101",1312,24616
2018,"42101",1275,23026
2019,"42101",1556,21888
2020,"42101",1381,19113
2021,"42101",1275,20010
2022,"42101",1497,19824
2023,"42101",1988,19402
2024,"42101",1882,21448
2014,"42103",1208,910
2015,"42103",1196,1004
2016,"42103",1157,1340
2017,"42103",1167,1376
2018,"42103",1121,1390
2019,"42103",1194,1442
2020,"42103",1140,924
2021,"42103",1192,1209
2022,"42103",1376,1163
2023,"42103",1498,1166
2024,"42103",1725,1403
2014,"42105",826,86
2015,"42105",831,93
2016,"42105",882,112
2017,"42105",959,123
2018,"42105",982,127
2019,"42105",975,131
2020,"42105",1023,103
2021,"42105",1209,87
2022,"42105",1220,87
2023,"42105",1372,90
2024,"42105",1593,95
2014,"42107",1027,1725
2015,"42107",1015,1854
2016,"42107",1012,2125
2017,"42107",1022,2239
2018,"42107",1043,2309
2019,"42107",1056,2284
2020,"42107",1090,1691
2021,"42107",1089,1934
2022,"42107",1192,1903
2023,"42107",1323,1920
2024,"42107",1577,2208
2014,"42109",955,341
2015,"42109",957,366
2016,"42109",2199,473
2017,"42109",1149,502
2018,"42109",974,498
2019,"42109",986,496
2020,"42109",980,358
2021,"42109",995,369
2022,"42109",1180,377
2023,"42109",1321,381
2024,"42109",1392,398
2014,"42111",936,982
2015,"42111",945,988
2016,"42111",899,1076
2017,"42111",891,1099
2018,"42111",912,1124
2019,"42111",970,1117
2020,"42111",988,865
2021,"42111",1007,916
2022,"42111",1146,889
2023,"42111",1312,917
2024,"42111",1489,893
2014,"42113",1334,25
2015,"42113",1187,31
2016,"42113",996,46
2017,"42113",1115,52
2018,"42113",1308,61
2019,"42113",1110,67
2020,"42113",1066,44
2021,"42113",1148,34
2022,"42113",1242,34
2023,"42113",1347,34
2024,"42113",1657,43
2014,"42115",1025,207
2015,"42115",1021,232
2016,"42115",988,308
2017,"42115",1075,325
2018,"42115",1021,382
2019,"42115",1128,417
2020,"42115",1123,296
2021,"42115",1136,359
2022,"42115",1220,351
2023,"42115",1352,343
2024,"42115",1676,378
2014,"42117",962,205
2015,"42117",948,223
2016,"42117",941,257
2017,"42117",976,268
2018,"42117",1053,333
2019,"42117",1064,350
2020,"42117",1089,249
2021,"42117",1151,253
2022,"42117",1219,256
2023,"42117",1432,268
2024,"42117",1295,95
2014,"42119",2043,432
2015,"42119",1094,390
2016,"42119",1140,477
2017,"42119",1028,476
2018,"42119",1014,530
2019,"42119",1000,542
2020,"42119",1061,408
2021,"42119",1191,431
2022,"42119",1356,403
2023,"42119",1456,399
2024,"42119",1606,399
2014,"42121",883,383
2015,"42121",845,381
2016,"42121",817,467
2017,"42121",824,483
2018,"42121",812,479
2019,"42121",828,485
2020,"42121",864,309
2021,"42121",954,299
2022,"42121",1050,321
2023,"42121",1222,334
2024,"42121",1409,389
2014,"42123",679,242
2015,"42123",745,265
2016,"42123",754,352
2017,"42123",814,385
2018,"42123",863,418
2019,"42123",832,461
2020,"42123",844,323
2021,"42123",936,240
2022,"42123",1055,264
2023,"42123",1206,276
2024,"42123",1602,306
2014,"42125",1142,4244
2015,"42125",1122,4422
2016,"42125",1102,5183
2017,"42125",1230,4773
2018,"42125",1114,4703
2019,"42125",1102,4681
2020,"42125",1210,3358
2021,"42125",1190,4098
2022,"42125",1354,4186
2023,"42125",1501,4228
2024,"42125",1695,4624
2014,"42127",1341,369
2015,"42127",1356,548
2016,"42127",1224,650
2017,"42127",1237,637
2018,"42127",1261,672
2019,"42127",1262,668
2020,"42127",1397,510
2021,"42127",1339,647
2022,"42127",1543,665
2023,"42127",1423,437
2024,"42127",1975,705
2014,"42129",955,7370
2015,"42129",960,7842
2016,"42129",952,9146
2017,"42129",961,9091
2018,"42129",963,8247
2019,"42129",966,7962
2020,"42129",1009,5784
2021,"42129",984,6879
2022,"42129",1100,6870
2023,"42129",1261,7026
2024,"42129",1654,7470
2014,"42131",1155,251
2015,"42131",1124,286
2016,"42131",1201,378
2017,"42131",1049,393
2018,"42131",1122,407
2019,"42131",1518,448
2020,"42131",1336,336
2021,"42131",1315,390
2022,"42131",1380,353
2023,"42131",1542,357
2024,"42131",1836,351
2014,"42133",1129,12850
2015,"42133",1050,12991
2016,"42133",1105,14984
2017,"42133",1105,14940
2018,"42133",1042,14634
2019,"42133",1010,14663
2020,"42133",1041,10600
2021,"42133",1045,13449
2022,"42133",1290,12991
2023,"42133",1354,12784
2024,"42133",1520,14074
2014,"44001",2635,902
2015,"44001",2509,897
2016,"44001",2495,1136
2017,"44001",2506,1175
2018,"44001",2629,1115
2019,"44001",2687,1118
2020,"44001",2869,986
2021,"44001",2876,952
2022,"44001",3065,889
2023,"44001",3329,984
2024,"44001",3767,1050
2014,"44003",1746,3815
2015,"44003",1700,3844
2016,"44003",1679,4548
2017,"44003",1743,4402
2018,"44003",1764,4331
2019,"44003",1851,4246
2020,"44003",1981,3678
2021,"44003",1838,3738
2022,"44003",2086,3596
2023,"44003",2484,3875
2024,"44003",2768,4414
2014,"44005",2313,1037
2015,"44005",2397,1107
2016,"44005",2255,1393
2017,"44005",2317,1364
2018,"44005",2359,1402
2019,"44005",2492,1457
2020,"44005",2703,1315
2021,"44005",2704,1191
2022,"44005",2982,1098
2023,"44005",3196,1176
2024,"44005",3301,1206
2014,"44007",1541,6789
2015,"44007",1546,6978
2016,"44007",1548,7926
2017,"44007",1599,7798
2018,"44007",1643,7782
2019,"44007",1726,8252
2020,"44007",1843,7397
2021,"44007",1705,7403
2022,"44007",1926,7307
2023,"44007",2194,8321
2024,"44007",2396,9451
2014,"44009",2042,2101
2015,"44009",2063,2156
2016,"44009",2027,2682
2017,"44009",2097,2687
2018,"44009",2098,2680
2019,"44009",2207,2745
2020,"44009",2347,2537
2021,"44009",2244,2230
2022,"44009",2477,2227
2023,"44009",2781,2406
2024,"44009",3157,2687
2014,"45001",1372,300
2015,"45001",1355,317
2016,"45001",1289,361
2017,"45001",1273,372
2018,"45001",1315,406
2019,"45001",1337,399
2020,"45001",1272,429
2021,"45001",1410,301
2022,"45001",1450,284
2023,"45001",1686,346
2024,"45001",1950,332
2014,"45003",1467,4450
2015,"45003",1493,4659
2016,"45003",1500,5330
2017,"45003",1507,5416
2018,"45003",1512,5525
2019,"45003",1603,5532
2020,"45003",1589,5743
2021,"45003",1604,4730
2022,"45003",1879,4574
2023,"45003",1906,4732
2024,"45003",2040,4585
2014,"45007",1177,5242
2015,"45007",1178,5504
2016,"45007",1212,6217
2017,"45007",1198,6194
2018,"45007",1249,6296
2019,"45007",1306,6496
2020,"45007",1337,6623
2021,"45007",1408,5189
2022,"45007",1486,5146
2023,"45007",1748,5502
2024,"45007",1938,5546
2014,"45009",1459,69
2015,"45009",1512,73
2016,"45009",1593,94
2017,"45009",1688,88
2018,"45009",1550,99
2019,"45009",1617,101
2020,"45009",1561,104
2021,"45009",1735,61
2022,"45009",1960,68
2023,"45009",2061,81
2024,"45009",2301,88
2014,"45011",1668,121
2015,"45011",1533,129
2016,"45011",1526,170
2017,"45011",1557,197
2018,"45011",1561,218
2019,"45011",1675,243
2020,"45011",1504,244
2021,"45011",1554,191
2022,"45011",1781,178
2023,"45011",2048,187
2024,"45011",2268,187
2014,"45013",2813,4941
2015,"45013",2874,5079
2016,"45013",2870,5941
2017,"45013",2809,5801
2018,"45013",2805,5706
2019,"45013",2899,5809
2020,"45013",2905,5491
2021,"45013",2869,4548
2022,"45013",3201,4063
2023,"45013",3649,4032
2024,"45013",4359,4078
2014,"45015",1859,5302
2015,"45015",1907,5518
2016,"45015",1953,6366
2017,"45015",1977,6343
2018,"45015",1932,6280
2019,"45015",2140,6511
2020,"45015",2053,6422
2021,"45015",2041,5489
2022,"45015",2255,5373
2023,"45015",2670,5691
2024,"45015",2748,6350
2014,"45017",1367,188
2015,"45017",1407,204
2016,"45017",1434,239
2017,"45017",1390,226
2018,"45017",1459,238
2019,"45017",1473,243
2020,"45017",1471,255
2021,"45017",1574,191
2022,"45017",1574,183
2023,"45017",1970,190
2024,"45017",2262,191
2014,"45019",2316,11503
2015,"45019",3210,12735
2016,"45019",3231,14911
2017,"45019",3011,14634
2018,"45019",3097,14668
2019,"45019",3145,15121
2020,"45019",3305,14776
2021,"45019",3432,11350
2022,"45019",3544,10552
2023,"45019",4136,11130
2024,"45019",4788,11445
2014,"45021",1275,659
2015,"45021",1240,712
2016,"45021",1181,783
2017,"45021",1197,788
2018,"45021",1191,843
2019,"45021",1254,868
2020,"45021",1227,904
2021,"45021",1250,666
2022,"45021",1352,677
2023,"45021",1614,760
2024,"45021",1747,791
2014,"45023",1328,305
2015,"45023",1270,329
2016,"45023",1408,378
2017,"45023",1322,385
2018,"45023",1313,422
2019,"45023",1325,442
2020,"45023",1368,456
2021,"45023",1375,374
2022,"45023",1540,375
2023,"45023",1883,438
2024,"45023",2024,511
2014,"45025",1390,204
2015,"45025",1349,235
2016,"45025",1415,311
2017,"45025",1430,330
2018,"45025",1447,340
2019,"45025",1276,283
2020,"45025",1152,242
2021,"45025",1054,230
2022,"45025",1371,246
2023,"45025",1905,333
2024,"45025",2141,359
2014,"45027",1477,383
2015,"45027",1544,413
2016,"45027",1549,465
2017,"45027",1546,453
2018,"45027",1584,458
2019,"45027",1608,476
2020,"45027",1725,472
2021,"45027",1756,381
2022,"45027",1906,353
2023,"45027",2260,368
2024,"45027",2351,379
2014,"45029",1709,403
2015,"45029",1721,424
2016,"45029",1777,523
2017,"45029",1695,514
2018,"45029",1802,542
2019,"45029",1838,555
2020,"45029",1806,541
2021,"45029",1805,521
2022,"45029",2001,494
2023,"45029",2350,510
2024,"45029",2695,544
2014,"45031",1617,831
2015,"45031",1654,939
2016,"45031",1579,1085
2017,"45031",1613,1090
2018,"45031",1611,1145
2019,"45031",1674,1155
2020,"45031",1685,1147
2021,"45031",1651,857
2022,"45031",1775,866
2023,"45031",2025,896
2024,"45031",2101,973
2014,"45033",1478,87
2015,"45033",1422,110
2016,"45033",1413,152
2017,"45033",1470,169
2018,"45033",1485,186
2019,"45033",1570,186
2020,"45033",1657,193
2021,"45033",1738,160
2022,"45033",1686,162
2023,"45033",2040,169
2024,"45033",2261,177
2014,"45035",1816,5680
2015,"45035",1912,5836
2016,"45035",1888,6641
2017,"45035",1866,6400
2018,"45035",1823,5934
2019,"45035",1889,5700
2020,"45035",1993,5489
2021,"45035",1921,4564
2022,"45035",2235,4176
2023,"45035",2592,4303
2024,"45035",2868,4439
2014,"45037",1661,497
2015,"45037",1584,563
2016,"45037",1617,665
2017,"45037",1567,684
2018,"45037",1561,714
2019,"45037",1731,745
2020,"45037",1748,761
2021,"45037",1690,648
2022,"45037",1959,644
2023,"45037",2011,677
2024,"45037",2153,669
2014,"45039",1702,259
2015,"45039",1610,217
2016,"45039",1706,336
2017,"45039",1652,354
2018,"45039",1698,353
2019,"45039",1730,361
2020,"45039",1870,345
2021,"45039",1759,292
2022,"45039",1691,275
2023,"45039",2114,307
2024,"45039",2315,297
2014,"45041",1578,3499
2015,"45041",1572,3666
2016,"45041",1629,4049
2017,"45041",1585,3885
2018,"45041",1587,3947
2019,"45041",1664,3883
2020,"45041",1652,3855
2021,"45041",1635,3063
2022,"45041",1888,2898
2023,"45041",2014,2927
2024,"45041",2178,2965
2014,"45043",2800,1241
2015,"45043",2714,1264
2016,"45043",2715,1409
2017,"45043",2590,1407
2018,"45043",2554,1460
2019,"45043",2554,1498
2020,"45043",2692,1611
2021,"45043",2792,1200
2022,"45043",3171,1203
2023,"45043",3783,1310
2024,"45043",4145,1271
2014,"45045",1216,16009
2015,"45045",1247,16858
2016,"45045",1262,18712
2017,"45045",1243,18411
2018,"45045",1293,18677
2019,"45045",1332,18932
2020,"45045",1336,18913
2021,"45045",1385,15670
2022,"45045",1558,14731
2023,"45045",1714,15187
2024,"45045",1951,16155
2014,"45047",1183,1646
2015,"45047",1203,1764
2016,"45047",1264,1915
2017,"45047",1233,1921
2018,"45047",1210,1981
2019,"45047",1294,2017
2020,"45047",1232,2101
2021,"45047",1297,1637
2022,"45047",1429,1538
2023,"45047",1632,1634
2024,"45047",1742,1616
2014,"45049",1507,82
2015,"45049",1550,98
2016,"45049",1644,104
2017,"45049",1469,105
2018,"45049",1521,114
2019,"45049",1549,130
2020,"45049",1667,119
2021,"45049",1528,84
2022,"45049",1870,82
2023,"45049",2166,88
2024,"45049",2110,102
2014,"45051",2159,7800
2015,"45051",2153,8154
2016,"45051",2119,9297
2017,"45051",2082,8807
2018,"45051",1992,8852
2019,"45051",2020,9133
2020,"45051",2064,9746
2021,"45051",2155,7969
2022,"45051",2540,7475
2023,"45051",2886,8097
2024,"45051",3046,8720
2014,"45053",1835,366
2015,"45053",1894,380
2016,"45053",1925,474
2017,"45053",1859,482
2018,"45053",1843,463
2019,"45053",1886,493
2020,"45053",1885,512
2021,"45053",2056,415
2022,"45053",2241,431
2023,"45053",2723,500
2024,"45053",3036,530
2014,"45055",1430,1303
2015,"45055",1506,1419
2016,"45055",1422,1707
2017,"45055",1400,1683
2018,"45055",1469,1753
2019,"45055",1567,1780
2020,"45055",1541,1810
2021,"45055",1547,1511
2022,"45055",1743,1496
2023,"45055",1938,1549
2024,"45055",2083,1649
2014,"45057",1287,2032
2015,"45057",1360,2183
2016,"45057",1426,2636
2017,"45057",1489,2737
2018,"45057",1440,2618
2019,"45057",1318,1736
2020,"45057",1337,1318
2021,"45057",1516,2452
2022,"45057",1773,2318
2023,"45057",1904,2439
2024,"45057",2075,2869
2014,"45059",1170,849
2015,"45059",1232,916
2016,"45059",1274,1074
2017,"45059",1279,1070
2018,"45059",1264,1140
2019,"45059",1343,1190
2020,"45059",1336,1237
2021,"45059",1358,1013
2022,"45059",1472,979
2023,"45059",1764,1022
2024,"45059",1722,1087
2014,"45061",1549,124
2015,"45061",1615,139
2016,"45061",1648,165
2017,"45061",1758,155
2018,"45061",1573,192
2019,"45061",1565,201
2020,"45061",1612,202
2021,"45061",1450,162
2022,"45061",1718,146
2023,"45061",1872,152
2024,"45061",2114,152
2014,"45063",1307,9057
2015,"45063",1301,8158
2016,"45063",1322,10611
2017,"45063",1308,10300
2018,"45063",1328,10390
2019,"45063",1395,10427
2020,"45063",1432,10461
2021,"45063",1438,8591
2022,"45063",1487,8151
2023,"45063",1746,8638
2024,"45063",1870,8571
2014,"45065",1431,73
2015,"45065",1375,122
2016,"45065",1227,136
2017,"45065",1322,139
2018,"45065",1369,144
2019,"45065",1536,152
2020,"45065",1582,163
2021,"45065",1754,97
2022,"45065",1858,88
2023,"45065",2107,98
2024,"45065",2192,95
2014,"45067",1565,156
2015,"45067",1608,184
2016,"45067",1487,268
2017,"45067",1507,260
2018,"45067",1634,297
2019,"45067",1698,313
2020,"45067",1770,313
2021,"45067",1713,233
2022,"45067",1785,244
2023,"45067",2110,253
2024,"45067",2382,300
2014,"45069",1278,99
2015,"45069",1415,120
2016,"45069",1508,135
2017,"45069",1462,155
2018,"45069",1375,159
2019,"45069",1273,169
2020,"45069",1442,184
2021,"45069",1422,143
2022,"45069",1509,157
2023,"45069",1718,161
2024,"45069",1860,163
2014,"45071",1513,627
2015,"45071",1455,667
2016,"45071",1447,758
2017,"45071",1434,773
2018,"45071",1408,770
2019,"45071",1536,796
2020,"45071",1523,834
2021,"45071",1522,658
2022,"45071",1646,666
2023,"45071",1814,729
2024,"45071",1989,700
2014,"45073",1313,1346
2015,"45073",1354,1382
2016,"45073",1329,1520
2017,"45073",1324,1631
2018,"45073",1325,1810
2019,"45073",959,1508
2020,"45073",1392,1875
2021,"45073",1486,1511
2022,"45073",1613,1452
2023,"45073",1825,1539
2024,"45073",1952,1572
2014,"45075",1665,913
2015,"45075",1650,987
2016,"45075",1661,1093
2017,"45075",1605,1072
2018,"45075",1542,1075
2019,"45075",1605,1087
2020,"45075",1613,1110
2021,"45075",1671,867
2022,"45075",1874,899
2023,"45075",2069,989
2024,"45075",2249,937
2014,"45077",1169,2951
2015,"45077",1217,3177
2016,"45077",1223,3585
2017,"45077",1174,3582
2018,"45077",1184,3731
2019,"45077",1254,3840
2020,"45077",1306,3909
2021,"45077",1308,2990
2022,"45077",1501,2906
2023,"45077",1619,3036
2024,"45077",1780,3085
2014,"45079",1411,12589
2015,"45079",1414,12773
2016,"45079",1421,15020
2017,"45079",1415,14359
2018,"45079",1448,14063
2019,"45079",1529,13745
2020,"45079",1613,13467
2021,"45079",1598,11279
2022,"45079",1676,10574
2023,"45079",1909,11145
2024,"45079",2131,11098
2014,"45081",1344,177
2015,"45081",1267,181
2016,"45081",1385,219
2017,"45081",1449,225
2018,"45081",1409,237
2019,"45081",1418,238
2020,"45081",1406,246
2021,"45081",1478,190
2022,"45081",1607,201
2023,"45081",2035,211
2024,"45081",2310,191
2014,"45083",1144,7845
2015,"45083",1189,8163
2016,"45083",1168,9067
2017,"45083",1183,9040
2018,"45083",1206,9219
2019,"45083",1338,9627
2020,"45083",1272,9719
2021,"45083",1279,8387
2022,"45083",1402,8187
2023,"45083",1547,8479
2024,"45083",1803,9286
2014,"45085",1409,2396
2015,"45085",1470,2554
2016,"45085",1451,3156
2017,"45085",1424,2899
2018,"45085",1454,3176
2019,"45085",1546,3236
2020,"45085",1609,3084
2021,"45085",1587,2830
2022,"45085",1730,2696
2023,"45085",1906,2675
2024,"45085",2082,2685
2014,"45087",1298,205
2015,"45087",1359,225
2016,"45087",1290,259
2017,"45087",1346,265
2018,"45087",1272,285
2019,"45087",1256,292
2020,"45087",1392,287
2021,"45087",1366,218
2022,"45087",1358,232
2023,"45087",1588,261
2024,"45087",1678,268
2014,"45089",1824,152
2015,"45089",1624,181
2016,"45089",1725,211
2017,"45089",1660,213
2018,"45089",1718,221
2019,"45089",1818,224
2020,"45089",1696,245
2021,"45089",1814,188
2022,"45089",1913,190
2023,"45089",2200,213
2024,"45089",2523,205
2014,"45091",1293,8053
2015,"45091",1382,9165
2016,"45091",1370,10352
2017,"45091",1459,10650
2018,"45091",1433,10908
2019,"45091",1550,11439
2020,"45091",1486,11290
2021,"45091",1583,8783
2022,"45091",1675,8029
2023,"45091",1922,8485
2024,"45091",2174,8836
2020,"46003",NA,NA
2019,"46005",NA,NA
2020,"46005",NA,NA
2021,"46005",NA,NA
2022,"46005",NA,NA
2023,"46005",NA,NA
2024,"46005",NA,NA
2014,"46011",1461,605
2015,"46011",1648,591
2016,"46011",1533,618
2017,"46011",1420,614
2018,"46011",1542,650
2019,"46011",1615,635
2020,"46011",1710,604
2021,"46011",1778,463
2022,"46011",2176,418
2023,"46011",2508,449
2024,"46011",2646,468
2014,"46013",1571,828
2015,"46013",1726,812
2016,"46013",1649,879
2017,"46013",1592,838
2018,"46013",1498,854
2019,"46013",1876,884
2020,"46013",1711,787
2021,"46013",1725,653
2022,"46013",2148,603
2023,"46013",2398,591
2024,"46013",2782,566
2017,"46015",NA,NA
2018,"46015",NA,NA
2019,"46015",NA,NA
2020,"46015",NA,NA
2021,"46015",NA,NA
2022,"46015",NA,NA
2023,"46015",NA,NA
2024,"46015",NA,NA
2016,"46019",NA,NA
2017,"46019",NA,NA
2018,"46019",NA,NA
2019,"46019",NA,NA
2020,"46019",NA,NA
2021,"46019",NA,NA
2022,"46019",NA,NA
2023,"46019",NA,NA
2024,"46019",NA,NA
2014,"46027",1408,186
2015,"46027",1408,199
2016,"46027",1480,220
2017,"46027",1455,238
2018,"46027",1604,282
2019,"46027",1819,278
2020,"46027",1741,254
2021,"46027",1928,193
2022,"46027",2781,174
2023,"46027",3054,172
2024,"46027",3094,160
2014,"46029",1422,790
2015,"46029",1408,797
2016,"46029",1416,792
2017,"46029",1345,771
2018,"46029",1439,651
2019,"46029",1621,672
2020,"46029",1640,582
2021,"46029",1711,521
2022,"46029",2005,529
2023,"46029",2412,552
2024,"46029",2809,536
2014,"46033",2067,173
2015,"46033",2234,172
2016,"46033",2113,215
2017,"46033",2175,211
2018,"46033",2274,207
2019,"46033",2428,212
2020,"46033",2635,191
2021,"46033",2654,145
2022,"46033",3324,134
2023,"46033",3982,134
2024,"46033",3778,140
2014,"46035",1345,428
2015,"46035",1483,428
2016,"46035",1521,445
2017,"46035",1471,425
2018,"46035",1553,393
2019,"46035",1867,372
2020,"46035",1693,314
2021,"46035",1748,234
2022,"46035",2086,219
2023,"46035",2608,219
2024,"46035",3270,206
2017,"46039",NA,NA
2018,"46039",NA,NA
2019,"46039",NA,NA
2020,"46039",NA,NA
2021,"46039",NA,NA
2022,"46039",NA,NA
2023,"46039",NA,NA
2024,"46039",NA,NA
2014,"46047",1496,120
2015,"46047",1688,136
2016,"46047",1785,158
2017,"46047",1764,156
2018,"46047",1994,166
2019,"46047",2201,168
2020,"46047",2238,139
2021,"46047",2302,139
2022,"46047",2794,130
2023,"46047",3326,126
2024,"46047",3785,119
2015,"46065",NA,NA
2016,"46065",NA,NA
2017,"46065",NA,NA
2018,"46065",NA,NA
2019,"46065",NA,NA
2020,"46065",NA,NA
2021,"46065",NA,NA
2022,"46065",NA,NA
2023,"46065",NA,NA
2024,"46065",NA,NA
2018,"46077",NA,NA
2019,"46077",NA,NA
2020,"46077",NA,NA
2021,"46077",NA,NA
2022,"46077",NA,NA
2023,"46077",NA,NA
2024,"46077",NA,NA
2014,"46079",1487,149
2015,"46079",1591,175
2016,"46079",1640,181
2017,"46079",1538,203
2018,"46079",1565,200
2019,"46079",1845,201
2020,"46079",1889,192
2021,"46079",2148,151
2022,"46079",2309,145
2023,"46079",3088,145
2024,"46079",3750,152
2014,"46081",1699,786
2015,"46081",1856,773
2016,"46081",1812,773
2017,"46081",1756,751
2018,"46081",1879,737
2019,"46081",1982,728
2020,"46081",1961,615
2021,"46081",2254,516
2022,"46081",2506,471
2023,"46081",3405,461
2024,"46081",3639,458
2014,"46083",1487,2111
2015,"46083",1655,2255
2016,"46083",1721,2404
2017,"46083",1701,2416
2018,"46083",1778,2164
2019,"46083",1885,2335
2020,"46083",1916,2066
2021,"46083",2074,1551
2022,"46083",2757,1524
2023,"46083",3213,1586
2024,"46083",4370,1743
2016,"46087",NA,NA
2017,"46087",NA,NA
2018,"46087",NA,NA
2019,"46087",NA,NA
2020,"46087",NA,NA
2021,"46087",NA,NA
2022,"46087",NA,NA
2023,"46087",NA,NA
2024,"46087",NA,NA
2017,"46091",NA,NA
2018,"46091",NA,NA
2019,"46091",NA,NA
2020,"46091",NA,NA
2021,"46091",NA,NA
2022,"46091",NA,NA
2023,"46091",NA,NA
2014,"46093",1748,896
2015,"46093",1826,890
2016,"46093",1714,964
2017,"46093",1758,929
2018,"46093",1877,927
2019,"46093",2113,944
2020,"46093",2096,750
2021,"46093",2238,680
2022,"46093",2432,737
2023,"46093",3174,702
2024,"46093",3957,745
2014,"46099",1315,7022
2015,"46099",1359,7328
2016,"46099",1470,7566
2017,"46099",1445,7440
2018,"46099",1627,6875
2019,"46099",1814,6960
2020,"46099",1666,6119
2021,"46099",1769,4978
2022,"46099",2066,4494
2023,"46099",2557,4553
2024,"46099",3270,4882
2014,"46101",1476,34
2015,"46101",1507,69
2016,"46101",1692,82
2017,"46101",1666,85
2018,"46101",1758,95
2019,"46101",1926,86
2020,"46101",1863,73
2021,"46101",2385,62
2022,"46101",1984,68
2023,"46101",2565,72
2024,"46101",3437,74
2014,"46103",1583,3623
2015,"46103",1648,3607
2016,"46103",1666,3866
2017,"46103",1628,3743
2018,"46103",1670,3573
2019,"46103",1903,3668
2020,"46103",1947,2315
2021,"46103",2141,1934
2022,"46103",2340,2644
2023,"46103",2829,2540
2024,"46103",3613,2561
2014,"46115",1288,41
2015,"46115",1530,39
2016,"46115",1376,43
2017,"46115",1510,39
2018,"46115",1593,46
2019,"46115",1662,49
2020,"46115",1577,43
2021,"46115",1901,38
2022,"46115",2013,34
2023,"46115",2612,33
2024,"46115",3314,28
2014,"46117",2189,46
2015,"46117",2009,48
2016,"46117",2449,41
2017,"46117",2458,52
2018,"46117",2338,48
2019,"46117",2553,39
2020,"46117",2426,28
2021,"46117",2399,29
2022,"46117",2903,28
2023,"46117",3468,28
2024,"46117",4217,35
2014,"46123",1407,27
2015,"46123",1656,36
2016,"46123",1402,40
2017,"46123",1511,44
2018,"46123",1393,44
2019,"46123",1676,42
2020,"46123",1686,32
2021,"46123",1785,26
2022,"46123",1890,25
2023,"46123",2381,28
2024,"46123",3285,26
2014,"46125",1462,124
2015,"46125",1436,138
2016,"46125",1610,156
2017,"46125",1683,158
2018,"46125",1694,157
2019,"46125",1880,159
2020,"46125",2188,155
2021,"46125",2015,119
2022,"46125",2440,108
2023,"46125",3052,115
2024,"46125",3727,123
2014,"46127",1504,372
2015,"46127",1727,397
2016,"46127",1826,443
2017,"46127",1635,421
2018,"46127",1949,467
2019,"46127",2056,480
2020,"46127",2211,424
2021,"46127",2300,340
2022,"46127",2716,305
2023,"46127",3314,325
2024,"46127",3619,325
2019,"46129",NA,NA
2020,"46129",NA,NA
2021,"46129",NA,NA
2022,"46129",NA,NA
2023,"46129",NA,NA
2024,"46129",NA,NA
2017,"46135",NA,NA
2018,"46135",NA,NA
2019,"46135",NA,NA
2020,"46135",NA,NA
2021,"46135",NA,NA
2022,"46135",NA,NA
2023,"46135",NA,NA
2024,"46135",NA,NA
2014,"47001",1344,1766
2015,"47001",1382,1772
2016,"47001",1538,2166
2017,"47001",1341,2000
2018,"47001",1378,1900
2019,"47001",1428,1953
2020,"47001",1428,2099
2021,"47001",1466,1904
2022,"47001",1572,1871
2023,"47001",1677,2020
2024,"47001",1981,2177
2014,"47003",1326,754
2015,"47003",1293,778
2016,"47003",1352,883
2017,"47003",1398,956
2018,"47003",1409,1012
2019,"47003",1448,1059
2020,"47003",1490,1020
2021,"47003",1571,856
2022,"47003",1833,873
2023,"47003",2003,961
2024,"47003",2163,1157
2014,"47005",1462,138
2015,"47005",1488,151
2016,"47005",1567,179
2017,"47005",1562,173
2018,"47005",1605,189
2019,"47005",1668,198
2020,"47005",1607,200
2021,"47005",1716,162
2022,"47005",1885,167
2023,"47005",2080,192
2024,"47005",2417,222
2014,"47007",1445,82
2015,"47007",1457,91
2016,"47007",1598,119
2017,"47007",1573,131
2018,"47007",1515,139
2019,"47007",1593,146
2020,"47007",1687,143
2021,"47007",1716,99
2022,"47007",1771,103
2023,"47007",1981,120
2024,"47007",2246,152
2014,"47009",1301,4777
2015,"47009",1351,4689
2016,"47009",1375,5208
2017,"47009",1278,4861
2018,"47009",1334,4642
2019,"47009",1366,4672
2020,"47009",1522,4746
2021,"47009",1775,4089
2022,"47009",1621,3886
2023,"47009",1683,4111
2024,"47009",2145,4410
2014,"47011",1374,2157
2015,"47011",1304,2271
2016,"47011",1290,2750
2017,"47011",1285,2777
2018,"47011",1349,2298
2019,"47011",1335,2305
2020,"47011",1423,2394
2021,"47011",1414,2127
2022,"47011",1610,2072
2023,"47011",1728,2143
2024,"47011",1966,2294
2014,"47013",1424,347
2015,"47013",1445,373
2016,"47013",1457,454
2017,"47013",1314,443
2018,"47013",1334,442
2019,"47013",1362,482
2020,"47013",1345,508
2021,"47013",1364,432
2022,"47013",1507,457
2023,"47013",1719,501
2024,"47013",2063,583
2014,"47015",1590,188
2015,"47015",1582,189
2016,"47015",1586,209
2017,"47015",1508,228
2018,"47015",1633,238
2019,"47015",1655,258
2020,"47015",1685,279
2021,"47015",1752,234
2022,"47015",2013,251
2023,"47015",2100,284
2024,"47015",2519,312
2014,"47017",1460,202
2015,"47017",1107,222
2016,"47017",1380,263
2017,"47017",1161,272
2018,"47017",1459,310
2019,"47017",1599,306
2020,"47017",1579,336
2021,"47017",1713,254
2022,"47017",2111,251
2023,"47017",1966,287
2024,"47017",2296,325
2014,"47019",1178,693
2015,"47019",1199,733
2016,"47019",1217,795
2017,"47019",1196,779
2018,"47019",1144,789
2019,"47019",1149,795
2020,"47019",1189,806
2021,"47019",1223,661
2022,"47019",1455,677
2023,"47019",1559,736
2024,"47019",1822,839
2014,"47021",1493,1185
2015,"47021",1504,1211
2016,"47021",1587,1431
2017,"47021",1597,1419
2018,"47021",1676,1448
2019,"47021",1709,1530
2020,"47021",1673,1690
2021,"47021",1724,1361
2022,"47021",1842,1370
2023,"47021",1992,1427
2024,"47021",2479,1517
2014,"47023",1439,259
2015,"47023",1471,257
2016,"47023",1445,312
2017,"47023",1393,311
2018,"47023",1457,290
2019,"47023",1459,316
2020,"47023",1471,307
2021,"47023",1500,256
2022,"47023",1765,284
2023,"47023",2139,302
2024,"47023",2319,314
2014,"47025",1346,202
2015,"47025",1314,220
2016,"47025",1423,228
2017,"47025",1368,239
2018,"47025",1381,277
2019,"47025",1378,287
2020,"47025",1357,296
2021,"47025",1515,219
2022,"47025",1651,240
2023,"47025",1883,271
2024,"47025",2175,335
2014,"47027",1310,42
2015,"47027",1176,35
2016,"47027",1210,41
2017,"47027",1246,43
2018,"47027",1457,59
2019,"47027",1491,61
2020,"47027",1490,63
2021,"47027",1356,58
2022,"47027",1562,64
2023,"47027",1747,83
2024,"47027",1990,77
2014,"47029",1442,285
2015,"47029",1354,286
2016,"47029",1337,357
2017,"47029",1258,336
2018,"47029",1412,357
2019,"47029",1364,382
2020,"47029",1407,380
2021,"47029",1542,317
2022,"47029",1656,336
2023,"47029",1716,351
2024,"47029",1888,415
2014,"47031",1389,799
2015,"47031",1443,868
2016,"47031",1376,1018
2017,"47031",1409,1042
2018,"47031",1462,1065
2019,"47031",1562,1161
2020,"47031",1564,1153
2021,"47031",1704,1032
2022,"47031",1921,1023
2023,"47031",2082,1205
2024,"47031",2280,1366
2014,"47033",1415,139
2015,"47033",1480,152
2016,"47033",1416,199
2017,"47033",1506,208
2018,"47033",1525,201
2019,"47033",1471,206
2020,"47033",1459,198
2021,"47033",1668,171
2022,"47033",1759,191
2023,"47033",2122,211
2024,"47033",2405,218
2014,"47035",1223,756
2015,"47035",1267,777
2016,"47035",1253,964
2017,"47035",1284,865
2018,"47035",1312,858
2019,"47035",1384,888
2020,"47035",1418,905
2021,"47035",1442,801
2022,"47035",1566,779
2023,"47035",1726,844
2024,"47035",2003,1040
2014,"47037",1542,17007
2015,"47037",1558,17353
2016,"47037",1576,19551
2017,"47037",1598,19182
2018,"47037",1614,19621
2019,"47037",1661,19762
2020,"47037",1771,19934
2021,"47037",2200,16797
2022,"47037",2040,15416
2023,"47037",2162,16660
2024,"47037",2487,16723
2014,"47039",1380,84
2015,"47039",1372,92
2016,"47039",1407,107
2017,"47039",1476,114
2018,"47039",1499,139
2019,"47039",1571,148
2020,"47039",1607,162
2021,"47039",1764,122
2022,"47039",1948,136
2023,"47039",2063,155
2024,"47039",2450,159
2014,"47041",1406,146
2015,"47041",1415,154
2016,"47041",1381,176
2017,"47041",1335,183
2018,"47041",1348,218
2019,"47041",1382,244
2020,"47041",1447,275
2021,"47041",1520,218
2022,"47041",1709,269
2023,"47041",1841,303
2024,"47041",2344,397
2014,"47043",1418,862
2015,"47043",1473,954
2016,"47043",1502,1086
2017,"47043",1547,1102
2018,"47043",1567,1096
2019,"47043",1572,1191
2020,"47043",1674,1341
2021,"47043",1711,1143
2022,"47043",1846,1098
2023,"47043",1972,1233
2024,"47043",2289,1431
2014,"47045",1657,482
2015,"47045",1633,512
2016,"47045",1648,591
2017,"47045",1657,590
2018,"47045",1659,608
2019,"47045",1690,610
2020,"47045",1648,638
2021,"47045",1751,522
2022,"47045",1926,533
2023,"47045",2154,577
2024,"47045",2486,555
2014,"47047",1991,1414
2015,"47047",2046,1472
2016,"47047",2089,1631
2017,"47047",1989,1648
2018,"47047",2113,1770
2019,"47047",2158,1809
2020,"47047",2153,1918
2021,"47047",2092,1582
2022,"47047",2374,1554
2023,"47047",2499,1646
2024,"47047",3165,1642
2014,"47049",1224,126
2015,"47049",1360,142
2016,"47049",1358,171
2017,"47049",1300,174
2018,"47049",1428,195
2019,"47049",1432,210
2020,"47049",1494,227
2021,"47049",1488,172
2022,"47049",1722,201
2023,"47049",1857,223
2024,"47049",2138,299
2014,"47051",1455,463
2015,"47051",1573,527
2016,"47051",1476,651
2017,"47051",1494,686
2018,"47051",1603,748
2019,"47051",1621,778
2020,"47051",1591,794
2021,"47051",1756,569
2022,"47051",1932,589
2023,"47051",2063,692
2024,"47051",2363,821
2014,"47053",1417,562
2015,"47053",1389,598
2016,"47053",1448,724
2017,"47053",1426,771
2018,"47053",1410,769
2019,"47053",1543,819
2020,"47053",1603,830
2021,"47053",1649,746
2022,"47053",1981,823
2023,"47053",2254,890
2024,"47053",2538,971
2014,"47055",1486,408
2015,"47055",1509,425
2016,"47055",1518,505
2017,"47055",1490,563
2018,"47055",1516,602
2019,"47055",1511,658
2020,"47055",1489,690
2021,"47055",1611,552
2022,"47055",1774,528
2023,"47055",1927,568
2024,"47055",2234,601
2014,"47057",1407,275
2015,"47057",1421,278
2016,"47057",1367,307
2017,"47057",1300,328
2018,"47057",1335,307
2019,"47057",1356,319
2020,"47057",1450,319
2021,"47057",1437,271
2022,"47057",1544,287
2023,"47057",1708,311
2024,"47057",1909,338
2014,"47059",1123,806
2015,"47059",1167,856
2016,"47059",1191,993
2017,"47059",1171,948
2018,"47059",1195,981
2019,"47059",1233,961
2020,"47059",1240,989
2021,"47059",1282,747
2022,"47059",1382,796
2023,"47059",1471,892
2024,"47059",1996,1038
2014,"47061",1401,73
2015,"47061",1573,85
2016,"47061",1447,96
2017,"47061",1431,108
2018,"47061",1456,136
2019,"47061",1578,140
2020,"47061",1532,153
2021,"47061",1529,99
2022,"47061",1703,101
2023,"47061",2009,115
2024,"47061",2296,133
2014,"47063",1120,1581
2015,"47063",1139,1588
2016,"47063",1160,1737
2017,"47063",1149,1593
2018,"47063",1187,1558
2019,"47063",1198,1513
2020,"47063",1210,1468
2021,"47063",1256,1285
2022,"47063",1371,1207
2023,"47063",1484,1281
2024,"47063",1670,1430
2014,"47065",1838,11821
2015,"47065",1876,12108
2016,"47065",1856,13891
2017,"47065",1813,13469
2018,"47065",1990,13542
2019,"47065",1959,13502
2020,"47065",1970,13503
2021,"47065",2004,11506
2022,"47065",2430,10919
2023,"47065",2518,11383
2024,"47065",2794,11452
2016,"47067",NA,NA
2017,"47067",NA,NA
2018,"47067",NA,NA
2019,"47067",NA,NA
2020,"47067",NA,NA
2021,"47067",NA,NA
2022,"47067",NA,NA
2023,"47067",NA,NA
2024,"47067",NA,NA
2014,"47069",1458,191
2015,"47069",1561,222
2016,"47069",1638,244
2017,"47069",1633,263
2018,"47069",1618,269
2019,"47069",1703,279
2020,"47069",1675,267
2021,"47069",1838,234
2022,"47069",1998,220
2023,"47069",2114,246
2024,"47069",2785,244
2014,"47071",1404,368
2015,"47071",1467,385
2016,"47071",1561,470
2017,"47071",1467,453
2018,"47071",1534,445
2019,"47071",1631,462
2020,"47071",1665,477
2021,"47071",1810,406
2022,"47071",2000,394
2023,"47071",2186,415
2024,"47071",2656,508
2014,"47073",1113,692
2015,"47073",1212,711
2016,"47073",1201,789
2017,"47073",1124,779
2018,"47073",1166,747
2019,"47073",1219,800
2020,"47073",1243,789
2021,"47073",1265,652
2022,"47073",1434,705
2023,"47073",1568,732
2024,"47073",1734,851
2014,"47075",1719,172
2015,"47075",1674,183
2016,"47075",1623,209
2017,"47075",1515,228
2018,"47075",1607,256
2019,"47075",1615,256
2020,"47075",1593,258
2021,"47075",1662,227
2022,"47075",1825,245
2023,"47075",2045,251
2024,"47075",2321,245
2014,"47077",1432,370
2015,"47077",1415,383
2016,"47077",1431,408
2017,"47077",1422,397
2018,"47077",1452,424
2019,"47077",1522,421
2020,"47077",1519,447
2021,"47077",1642,375
2022,"47077",1796,408
2023,"47077",1915,450
2024,"47077",2395,424
2014,"47079",1501,455
2015,"47079",1571,489
2016,"47079",1554,576
2017,"47079",1502,536
2018,"47079",1555,578
2019,"47079",1699,561
2020,"47079",1644,636
2021,"47079",1772,486
2022,"47079",1941,480
2023,"47079",2065,527
2024,"47079",2412,528
2014,"47081",1523,266
2015,"47081",1441,296
2016,"47081",1406,309
2017,"47081",1535,309
2018,"47081",1539,315
2019,"47081",1659,357
2020,"47081",1583,379
2021,"47081",1619,307
2022,"47081",1844,328
2023,"47081",2057,356
2024,"47081",2349,416
2014,"47083",1640,81
2015,"47083",1692,92
2016,"47083",1462,107
2017,"47083",1479,111
2018,"47083",1459,130
2019,"47083",1478,143
2020,"47083",1474,154
2021,"47083",1680,127
2022,"47083",1839,114
2023,"47083",2075,118
2024,"47083",2404,134
2014,"47085",1386,212
2015,"47085",1404,237
2016,"47085",1442,250
2017,"47085",1456,253
2018,"47085",1600,286
2019,"47085",1529,279
2020,"47085",1490,313
2021,"47085",1769,257
2022,"47085",1830,265
2023,"47085",1990,301
2024,"47085",2489,346
2014,"47087",1372,121
2015,"47087",1421,117
2016,"47087",1396,145
2017,"47087",1380,136
2018,"47087",1417,154
2019,"47087",1516,154
2020,"47087",1543,139
2021,"47087",1684,125
2022,"47087",1883,152
2023,"47087",2021,157
2024,"47087",2406,176
2014,"47089",1341,1097
2015,"47089",1375,1101
2016,"47089",1354,1241
2017,"47089",1344,1184
2018,"47089",1367,1184
2019,"47089",1404,1172
2020,"47089",1461,1178
2021,"47089",1397,1003
2022,"47089",1552,978
2023,"47089",1743,1052
2024,"47089",2011,1152
2014,"47091",1350,127
2015,"47091",1364,140
2016,"47091",1424,163
2017,"47091",1442,171
2018,"47091",1347,196
2019,"47091",1390,196
2020,"47091",1304,217
2021,"47091",1501,167
2022,"47091",1683,167
2023,"47091",1788,186
2024,"47091",2252,199
2014,"47093",1370,16268
2015,"47093",1420,16250
2016,"47093",1392,18311
2017,"47093",1343,17224
2018,"47093",1376,16440
2019,"47093",1395,15948
2020,"47093",1415,15821
2021,"47093",1418,14110
2022,"47093",1579,13400
2023,"47093",1842,14575
2024,"47093",2005,14976
2014,"47095",NA,NA
2015,"47095",NA,NA
2016,"47095",NA,NA
2017,"47095",NA,NA
2018,"47095",NA,NA
2019,"47095",NA,NA
2020,"47095",NA,NA
2022,"47095",NA,NA
2023,"47095",NA,NA
2024,"47095",NA,NA
2014,"47097",1494,191
2015,"47097",1477,213
2016,"47097",1486,247
2017,"47097",1450,240
2018,"47097",1480,250
2019,"47097",1639,258
2020,"47097",1586,238
2021,"47097",1777,198
2022,"47097",1884,232
2023,"47097",2043,231
2024,"47097",2290,257
2014,"47099",1414,500
2015,"47099",1433,518
2016,"47099",1415,608
2017,"47099",1387,613
2018,"47099",1407,625
2019,"47099",1490,654
2020,"47099",1436,740
2021,"47099",1510,534
2022,"47099",1665,553
2023,"47099",1860,643
2024,"47099",2137,693
2014,"47101",1377,160
2015,"47101",1474,177
2016,"47101",1449,222
2017,"47101",1381,238
2018,"47101",1421,248
2019,"47101",1501,270
2020,"47101",1415,248
2021,"47101",1685,162
2022,"47101",1668,187
2023,"47101",1981,203
2024,"47101",2328,241
2014,"47103",1416,511
2015,"47103",1484,529
2016,"47103",1574,621
2017,"47103",1527,634
2018,"47103",1523,652
2019,"47103",1547,692
2020,"47103",1547,769
2021,"47103",1633,593
2022,"47103",1839,603
2023,"47103",1969,648
2024,"47103",2744,748
2014,"47105",1410,1375
2015,"47105",1456,1406
2016,"47105",1430,1580
2017,"47105",1374,1487
2018,"47105",1406,1437
2019,"47105",1400,1382
2020,"47105",1413,1416
2021,"47105",1446,1254
2022,"47105",1628,1271
2023,"47105",1782,1331
2024,"47105",2009,1446
2014,"47107",1396,798
2015,"47107",1396,815
2016,"47107",1359,899
2017,"47107",1296,863
2018,"47107",1353,908
2019,"47107",1408,976
2020,"47107",1406,931
2021,"47107",1445,832
2022,"47107",1604,857
2023,"47107",1776,952
2024,"47107",2126,1145
2014,"47109",1428,250
2015,"47109",1489,274
2016,"47109",1519,315
2017,"47109",1384,334
2018,"47109",1403,351
2019,"47109",1503,337
2020,"47109",1556,377
2021,"47109",1654,267
2022,"47109",1858,272
2023,"47109",1901,304
2024,"47109",2340,342
2014,"47111",1296,237
2015,"47111",1322,236
2016,"47111",1304,255
2017,"47111",1292,275
2018,"47111",1325,313
2019,"47111",1322,372
2020,"47111",1419,406
2021,"47111",1453,349
2022,"47111",1623,380
2023,"47111",1766,394
2024,"47111",2231,464
2014,"47113",1634,2118
2015,"47113",1620,2255
2016,"47113",1581,2492
2017,"47113",1520,2386
2018,"47113",1630,2247
2019,"47113",1653,2182
2020,"47113",1614,2213
2021,"47113",1641,1956
2022,"47113",1813,2054
2023,"47113",2194,2217
2024,"47113",2394,2223
2014,"47115",1435,437
2015,"47115",1419,471
2016,"47115",1446,512
2017,"47115",1369,521
2018,"47115",1569,523
2019,"47115",1624,531
2020,"47115",1634,555
2021,"47115",1607,413
2022,"47115",1863,428
2023,"47115",1934,480
2024,"47115",2242,477
2014,"47117",1295,483
2015,"47117",1355,540
2016,"47117",1289,658
2017,"47117",1309,687
2018,"47117",1378,793
2019,"47117",1511,833
2020,"47117",1480,876
2021,"47117",1532,698
2022,"47117",1663,694
2023,"47117",1917,775
2024,"47117",2054,909
2014,"47119",1332,2584
2015,"47119",1317,2690
2016,"47119",1307,3027
2017,"47119",1415,3236
2018,"47119",1424,3081
2019,"47119",1491,3415
2020,"47119",1511,3300
2021,"47119",1608,2518
2022,"47119",1792,2425
2023,"47119",2164,2705
2024,"47119",2229,3040
2014,"47121",1606,139
2015,"47121",1608,158
2016,"47121",1617,174
2017,"47121",1538,181
2018,"47121",1604,174
2019,"47121",1676,183
2020,"47121",1690,189
2021,"47121",1755,175
2022,"47121",1908,178
2023,"47121",1994,173
2024,"47121",2346,170
2014,"47123",1336,529
2015,"47123",1406,547
2016,"47123",1438,640
2017,"47123",1453,622
2018,"47123",1377,613
2019,"47123",1472,650
2020,"47123",1464,616
2021,"47123",1593,594
2022,"47123",1671,581
2023,"47123",1899,608
2024,"47123",2247,755
2014,"47125",1591,8569
2015,"47125",1666,8818
2016,"47125",1756,10973
2017,"47125",1751,9618
2018,"47125",1797,10792
2019,"47125",1478,10881
2020,"47125",1693,11597
2021,"47125",1594,10789
2022,"47125",1803,10004
2023,"47125",1860,9662
2024,"47125",2209,10036
2014,"47127",1318,85
2015,"47127",1369,88
2016,"47127",1540,114
2017,"47127",1525,116
2018,"47127",1490,114
2019,"47127",1551,127
2020,"47127",1670,118
2021,"47127",1727,100
2022,"47127",1962,105
2023,"47127",2027,112
2024,"47127",2349,132
2014,"47129",1417,149
2015,"47129",1293,161
2016,"47129",1374,196
2017,"47129",1350,192
2018,"47129",1418,188
2019,"47129",1476,212
2020,"47129",1463,225
2021,"47129",1491,182
2022,"47129",1644,199
2023,"47129",1805,221
2024,"47129",2212,237
2014,"47131",1479,425
2015,"47131",1488,434
2016,"47131",1514,462
2017,"47131",1475,488
2018,"47131",1592,511
2019,"47131",1627,520
2020,"47131",1618,567
2021,"47131",1649,441
2022,"47131",1814,422
2023,"47131",2208,486
2024,"47131",2388,450
2014,"47133",1340,193
2015,"47133",1340,199
2016,"47133",1381,226
2017,"47133",1308,215
2018,"47133",1324,233
2019,"47133",1381,244
2020,"47133",1429,249
2021,"47133",1482,236
2022,"47133",1716,243
2023,"47133",1774,254
2024,"47133",2092,303
2014,"47135",1281,38
2015,"47135",1399,45
2016,"47135",1490,52
2017,"47135",1408,56
2018,"47135",1487,59
2019,"47135",1562,68
2020,"47135",1767,67
2021,"47135",1813,36
2022,"47135",2384,44
2023,"47135",2499,52
2024,"47135",2704,52
2014,"47137",NA,NA
2015,"47137",NA,NA
2016,"47137",NA,NA
2017,"47137",NA,NA
2018,"47137",NA,NA
2019,"47137",NA,NA
2020,"47137",NA,NA
2021,"47137",NA,NA
2023,"47137",NA,NA
2024,"47137",NA,NA
2014,"47139",1489,206
2015,"47139",1571,220
2016,"47139",1586,258
2017,"47139",1561,249
2018,"47139",1543,264
2019,"47139",1651,285
2020,"47139",1606,274
2021,"47139",1757,230
2022,"47139",2007,236
2023,"47139",2235,231
2024,"47139",2517,262
2014,"47141",1264,1286
2015,"47141",1275,1296
2016,"47141",1289,1476
2017,"47141",1280,1495
2018,"47141",1314,1443
2019,"47141",1355,1467
2020,"47141",1385,1499
2021,"47141",1426,1254
2022,"47141",1732,1271
2023,"47141",1738,1313
2024,"47141",2126,1479
2014,"47143",1415,423
2015,"47143",1460,439
2016,"47143",1313,557
2017,"47143",1357,584
2018,"47143",1352,562
2019,"47143",1418,552
2020,"47143",1453,605
2021,"47143",1452,512
2022,"47143",1579,509
2023,"47143",1769,552
2024,"47143",2058,642
2014,"47145",1398,826
2015,"47145",1428,888
2016,"47145",1506,1082
2017,"47145",1397,972
2018,"47145",1414,965
2019,"47145",1458,968
2020,"47145",1465,1059
2021,"47145",1574,919
2022,"47145",1674,922
2023,"47145",1860,1046
2024,"47145",2154,1134
2014,"47147",1405,1931
2015,"47147",1447,1984
2016,"47147",1443,2291
2017,"47147",1451,2271
2018,"47147",1492,2328
2019,"47147",1581,2514
2020,"47147",1668,2004
2021,"47147",1645,2255
2022,"47147",1853,2266
2023,"47147",1981,2512
2024,"47147",2411,2734
2014,"47149",1415,10144
2015,"47149",1415,10145
2016,"47149",1502,11308
2017,"47149",1439,10803
2018,"47149",1496,10839
2019,"47149",1577,11514
2020,"47149",1927,11455
2021,"47149",1918,9184
2022,"47149",2071,8473
2023,"47149",2322,9474
2024,"47149",2819,9727
2014,"47151",1913,45
2015,"47151",1786,63
2016,"47151",1714,96
2017,"47151",1670,115
2018,"47151",1787,130
2019,"47151",1773,147
2020,"47151",1703,154
2021,"47151",1772,115
2022,"47151",1866,133
2023,"47151",1870,156
2024,"47151",2288,195
2014,"47153",1872,241
2015,"47153",1920,265
2016,"47153",1858,301
2017,"47153",1832,303
2018,"47153",1978,335
2019,"47153",1884,325
2020,"47153",2170,363
2021,"47153",2104,292
2022,"47153",2285,306
2023,"47153",2527,312
2024,"47153",2900,328
2014,"47155",1406,2401
2015,"47155",1406,2426
2016,"47155",1449,2797
2017,"47155",1356,2643
2018,"47155",1357,2378
2019,"47155",1408,2422
2020,"47155",1398,2390
2021,"47155",1421,2120
2022,"47155",1657,2170
2023,"47155",1825,2246
2024,"47155",2170,2390
2014,"47157",2541,23954
2015,"47157",2584,25194
2016,"47157",2733,27271
2017,"47157",2634,27068
2018,"47157",2844,28043
2019,"47157",2143,26891
2020,"47157",2249,26551
2021,"47157",2018,22438
2022,"47157",2440,21779
2023,"47157",2454,22349
2024,"47157",2836,21685
2014,"47159",1529,162
2015,"47159",1561,192
2016,"47159",1480,203
2017,"47159",1489,199
2018,"47159",1592,250
2019,"47159",1592,262
2020,"47159",1656,292
2021,"47159",1724,279
2022,"47159",1925,311
2023,"47159",2041,358
2024,"47159",2282,436
2014,"47161",1398,183
2015,"47161",1460,202
2016,"47161",1514,256
2017,"47161",1528,248
2018,"47161",1587,285
2019,"47161",1567,296
2020,"47161",1642,312
2021,"47161",1785,277
2022,"47161",1958,282
2023,"47161",2213,300
2024,"47161",2720,307
2014,"47163",1164,3080
2015,"47163",1179,3140
2016,"47163",1254,3578
2017,"47163",1158,3403
2018,"47163",1193,3443
2019,"47163",1212,3465
2020,"47163",1212,3535
2021,"47163",1220,2759
2022,"47163",1396,2776
2023,"47163",1506,3005
2024,"47163",1685,3312
2014,"47165",1600,5697
2015,"47165",1958,5891
2016,"47165",1798,6555
2017,"47165",1829,6487
2018,"47165",1658,6513
2019,"47165",1742,6742
2020,"47165",1922,6993
2021,"47165",1710,5514
2022,"47165",1895,5397
2023,"47165",2085,5904
2024,"47165",2407,6446
2014,"47167",1561,1733
2015,"47167",1571,1796
2016,"47167",1658,2041
2017,"47167",1679,1947
2018,"47167",1673,2039
2019,"47167",1798,2059
2020,"47167",1787,2115
2021,"47167",1843,1972
2022,"47167",1996,1894
2023,"47167",2139,1946
2024,"47167",2527,2012
2014,"47169",1541,107
2015,"47169",1619,120
2016,"47169",1526,134
2017,"47169",1544,138
2018,"47169",1646,167
2019,"47169",1653,179
2020,"47169",1865,210
2021,"47169",1693,193
2022,"47169",1866,205
2023,"47169",2090,232
2024,"47169",2487,258
2014,"47171",1153,213
2015,"47171",988,227
2016,"47171",1359,261
2017,"47171",1160,251
2018,"47171",1111,256
2019,"47171",1151,275
2020,"47171",1220,270
2021,"47171",1278,222
2022,"47171",1337,222
2023,"47171",1481,228
2024,"47171",1661,272
2014,"47173",1334,293
2015,"47173",1398,293
2016,"47173",1378,343
2017,"47173",1278,325
2018,"47173",1338,323
2019,"47173",1382,326
2020,"47173",1362,329
2021,"47173",1320,297
2022,"47173",1512,297
2023,"47173",1720,352
2024,"47173",2025,381
2014,"47175",1399,29
2015,"47175",1417,29
2016,"47175",1486,33
2017,"47175",1598,36
2018,"47175",1491,48
2019,"47175",1596,53
2020,"47175",1599,62
2021,"47175",1959,46
2022,"47175",1961,50
2023,"47175",1929,56
2024,"47175",2479,58
2014,"47177",1253,305
2015,"47177",1307,340
2016,"47177",1332,387
2017,"47177",1309,378
2018,"47177",1344,447
2019,"47177",1461,473
2020,"47177",1521,514
2021,"47177",1640,405
2022,"47177",1731,433
2023,"47177",1932,449
2024,"47177",2279,572
2014,"47179",1224,2918
2015,"47179",1208,2963
2016,"47179",1271,3337
2017,"47179",1368,3327
2018,"47179",1228,3136
2019,"47179",1247,3166
2020,"47179",1262,3225
2021,"47179",1269,2565
2022,"47179",1464,2446
2023,"47179",1932,2681
2024,"47179",2286,2920
2014,"47181",1327,114
2015,"47181",1462,127
2016,"47181",1529,134
2017,"47181",1385,139
2018,"47181",1552,145
2019,"47181",1579,145
2020,"47181",1478,163
2021,"47181",1625,111
2022,"47181",1832,120
2023,"47181",1980,153
2024,"47181",2276,169
2014,"47183",1357,350
2015,"47183",1390,360
2016,"47183",1389,414
2017,"47183",1369,413
2018,"47183",1404,443
2019,"47183",1486,466
2020,"47183",1444,483
2021,"47183",1511,375
2022,"47183",1647,404
2023,"47183",1849,444
2024,"47183",2190,456
2014,"47185",1265,205
2015,"47185",1298,213
2016,"47185",1339,265
2017,"47185",1319,275
2018,"47185",1326,304
2019,"47185",1438,307
2020,"47185",1489,342
2021,"47185",1618,297
2022,"47185",1674,311
2023,"47185",1750,356
2024,"47185",2095,423
2014,"47187",1862,7061
2015,"47187",1896,7180
2016,"47187",1922,8104
2017,"47187",2161,8621
2018,"47187",2024,8328
2019,"47187",2077,8527
2020,"47187",2193,8471
2021,"47187",2301,6205
2022,"47187",2663,5714
2023,"47187",2835,6086
2024,"47187",3254,6375
2014,"47189",1480,3959
2015,"47189",1499,4032
2016,"47189",1522,4555
2017,"47189",1679,4871
2018,"47189",1626,4670
2019,"47189",1645,4986
2020,"47189",1672,5077
2021,"47189",1764,4209
2022,"47189",1980,4072
2023,"47189",2150,4496
2024,"47189",2463,4910
2014,"48001",1495,257
2015,"48001",1577,309
2016,"48001",1496,347
2017,"48001",1454,366
2018,"48001",1597,446
2019,"48001",1755,480
2020,"48001",1559,448
2021,"48001",1610,417
2022,"48001",1856,453
2023,"48001",2232,506
2024,"48001",2320,491
2014,"48003",1661,167
2015,"48003",1731,198
2016,"48003",1990,241
2017,"48003",2011,253
2018,"48003",1768,255
2019,"48003",1858,321
2020,"48003",1788,299
2021,"48003",1953,296
2022,"48003",2250,335
2023,"48003",2301,327
2024,"48003",2494,340
2014,"48005",1658,613
2015,"48005",1669,686
2016,"48005",1562,746
2017,"48005",1584,738
2018,"48005",1571,831
2019,"48005",1796,877
2020,"48005",1652,875
2021,"48005",1687,806
2022,"48005",2130,856
2023,"48005",2237,914
2024,"48005",2249,997
2014,"48007",2539,289
2015,"48007",2681,335
2016,"48007",2824,447
2017,"48007",2898,418
2018,"48007",2897,459
2019,"48007",2804,453
2020,"48007",2935,471
2021,"48007",2894,361
2022,"48007",3167,365
2023,"48007",3588,375
2024,"48007",3774,337
2014,"48009",2099,97
2015,"48009",1890,103
2016,"48009",1984,131
2017,"48009",2016,126
2018,"48009",2230,123
2019,"48009",2029,127
2020,"48009",2023,132
2021,"48009",2187,103
2022,"48009",2636,112
2023,"48009",2471,102
2024,"48009",2676,108
2022,"48011",NA,NA
2023,"48011",NA,NA
2024,"48011",NA,NA
2014,"48013",1695,444
2015,"48013",1723,489
2016,"48013",1946,542
2017,"48013",1953,543
2018,"48013",1838,589
2019,"48013",2103,616
2020,"48013",1875,577
2021,"48013",1873,587
2022,"48013",2344,593
2023,"48013",2128,610
2024,"48013",2514,600
2014,"48015",1543,289
2015,"48015",1700,328
2016,"48015",1908,361
2017,"48015",2094,382
2018,"48015",2095,400
2019,"48015",2070,417
2020,"48015",1922,380
2021,"48015",1944,319
2022,"48015",2132,319
2023,"48015",2626,345
2024,"48015",2701,313
2014,"48017",1810,32
2015,"48017",1896,36
2016,"48017",1870,46
2017,"48017",1829,50
2018,"48017",2254,57
2019,"48017",2338,53
2020,"48017",2104,43
2021,"48017",2136,49
2022,"48017",2201,52
2023,"48017",2588,44
2024,"48017",2572,46
2014,"48019",1882,231
2015,"48019",1996,251
2016,"48019",1883,321
2017,"48019",2023,304
2018,"48019",2309,366
2019,"48019",2156,329
2020,"48019",2032,349
2021,"48019",2280,299
2022,"48019",2381,284
2023,"48019",2805,300
2024,"48019",2650,289
2014,"48021",1686,1063
2015,"48021",1676,1166
2016,"48021",1618,1323
2017,"48021",1824,1358
2018,"48021",1963,1391
2019,"48021",1963,1352
2020,"48021",1995,1314
2021,"48021",1771,1142
2022,"48021",2071,1047
2023,"48021",2765,1234
2024,"48021",2614,1244
2015,"48023",NA,NA
2016,"48023",NA,NA
2017,"48023",NA,NA
2018,"48023",NA,NA
2019,"48023",NA,NA
2020,"48023",NA,NA
2021,"48023",NA,NA
2022,"48023",NA,NA
2023,"48023",NA,NA
2024,"48023",NA,NA
2014,"48025",1629,144
2015,"48025",1699,164
2016,"48025",1708,198
2017,"48025",1735,202
2018,"48025",2029,230
2019,"48025",1904,218
2020,"48025",2254,222
2021,"48025",1991,181
2022,"48025",2338,175
2023,"48025",2369,190
2024,"48025",2462,199
2014,"48027",1385,9777
2015,"48027",1302,10119
2016,"48027",1203,12315
2017,"48027",1310,11308
2018,"48027",1459,12503
2019,"48027",1507,12086
2020,"48027",1473,11012
2021,"48027",1412,10179
2022,"48027",1688,9871
2023,"48027",2068,9158
2024,"48027",2092,8887
2014,"48029",1468,32628
2015,"48029",1539,34684
2016,"48029",1490,39918
2017,"48029",1582,39099
2018,"48029",1667,38648
2019,"48029",1726,37946
2020,"48029",1662,34816
2021,"48029",1655,33254
2022,"48029",1854,31315
2023,"48029",2138,29736
2024,"48029",2040,25593
2014,"48031",2084,90
2015,"48031",1834,107
2016,"48031",1903,141
2017,"48031",1897,140
2018,"48031",2063,151
2019,"48031",2085,151
2020,"48031",1948,153
2021,"48031",1660,108
2022,"48031",2239,99
2023,"48031",2308,115
2024,"48031",2442,108
2014,"48035",1584,146
2015,"48035",1779,156
2016,"48035",1793,195
2017,"48035",1984,202
2018,"48035",1954,212
2019,"48035",1969,225
2020,"48035",2139,245
2021,"48035",2119,217
2022,"48035",2358,220
2023,"48035",2636,230
2024,"48035",2764,214
2014,"48037",1887,1282
2015,"48037",1916,1415
2016,"48037",1723,1618
2017,"48037",1847,1581
2018,"48037",1798,1791
2019,"48037",1923,1789
2020,"48037",1829,1760
2021,"48037",1886,1584
2022,"48037",2127,1550
2023,"48037",2388,1582
2024,"48037",2586,1483
2014,"48039",2353,6456
2015,"48039",2557,7098
2016,"48039",2425,7987
2017,"48039",2692,8214
2018,"48039",2510,8030
2019,"48039",2527,8069
2020,"48039",2407,7496
2021,"48039",2431,6598
2022,"48039",2798,6598
2023,"48039",3066,6685
2024,"48039",3124,6612
2014,"48041",1470,3091
2015,"48041",1616,3550
2016,"48041",1459,4019
2017,"48041",1714,4143
2018,"48041",1774,4243
2019,"48041",1826,4207
2020,"48041",1704,4254
2021,"48041",1705,3569
2022,"48041",1965,3393
2023,"48041",2356,3465
2024,"48041",2356,3119
2014,"48043",1929,101
2015,"48043",2167,127
2016,"48043",1672,155
2017,"48043",1844,161
2018,"48043",1862,165
2019,"48043",1720,163
2020,"48043",1899,144
2021,"48043",1402,122
2022,"48043",1937,112
2023,"48043",1866,106
2024,"48043",1921,95
2018,"48047",NA,NA
2014,"48049",1949,211
2015,"48049",1983,233
2016,"48049",1841,262
2017,"48049",1740,275
2018,"48049",1798,332
2019,"48049",1878,388
2020,"48049",1996,397
2021,"48049",1872,335
2022,"48049",2133,343
2023,"48049",2340,349
2024,"48049",2322,377
2014,"48051",1499,102
2015,"48051",1865,131
2016,"48051",1703,140
2017,"48051",1850,144
2018,"48051",1826,164
2019,"48051",2060,175
2020,"48051",2033,190
2021,"48051",1882,144
2022,"48051",2406,156
2023,"48051",2385,181
2024,"48051",2303,224
2014,"48053",1510,618
2015,"48053",1677,668
2016,"48053",1826,793
2017,"48053",1752,830
2018,"48053",1986,908
2019,"48053",2227,898
2020,"48053",2151,926
2021,"48053",1965,759
2022,"48053",2092,681
2023,"48053",2671,833
2024,"48053",2795,819
2014,"48055",1467,390
2015,"48055",1555,430
2016,"48055",1458,528
2017,"48055",1579,526
2018,"48055",1745,545
2019,"48055",1829,540
2020,"48055",1856,502
2021,"48055",1803,444
2022,"48055",2039,468
2023,"48055",2293,478
2024,"48055",2411,448
2014,"48057",2162,197
2015,"48057",2247,214
2016,"48057",2223,225
2017,"48057",2076,205
2018,"48057",2108,207
2019,"48057",2281,228
2020,"48057",2370,229
2021,"48057",2403,205
2022,"48057",2381,182
2023,"48057",2668,184
2024,"48057",2645,187
2014,"48059",1589,164
2015,"48059",1885,173
2016,"48059",1944,195
2017,"48059",2013,200
2018,"48059",1976,226
2019,"48059",2288,234
2020,"48059",2454,240
2021,"48059",2274,221
2022,"48059",2676,221
2023,"48059",2895,223
2024,"48059",2944,246
2014,"48061",1901,4769
2015,"48061",1893,5495
2016,"48061",1815,5964
2017,"48061",1861,5880
2018,"48061",1777,6170
2019,"48061",1808,6125
2020,"48061",1717,5951
2021,"48061",1643,5199
2022,"48061",2075,5299
2023,"48061",1954,5353
2024,"48061",2423,4784
2014,"48063",1959,67
2015,"48063",1881,85
2016,"48063",1955,113
2017,"48063",1987,123
2018,"48063",2146,129
2019,"48063",2029,129
2020,"48063",1762,127
2021,"48063",1621,116
2022,"48063",2229,134
2023,"48063",2347,142
2024,"48063",2329,132
2014,"48065",1518,38
2015,"48065",1724,52
2016,"48065",1602,61
2017,"48065",1678,68
2018,"48065",1964,84
2019,"48065",2257,91
2020,"48065",2216,97
2021,"48065",2108,97
2022,"48065",2232,106
2023,"48065",2649,101
2024,"48065",2975,95
2014,"48067",1472,147
2015,"48067",1570,184
2016,"48067",1715,237
2017,"48067",1595,237
2018,"48067",1616,258
2019,"48067",1799,302
2020,"48067",1700,297
2021,"48067",1724,239
2022,"48067",2141,308
2023,"48067",2533,303
2024,"48067",2531,339
2016,"48069",NA,NA
2017,"48069",NA,NA
2018,"48069",NA,NA
2019,"48069",NA,NA
2020,"48069",NA,NA
2021,"48069",NA,NA
2022,"48069",NA,NA
2023,"48069",NA,NA
2024,"48069",NA,NA
2014,"48071",2238,639
2015,"48071",2489,746
2016,"48071",2342,873
2017,"48071",2514,901
2018,"48071",2613,979
2019,"48071",2679,1011
2020,"48071",2544,921
2021,"48071",2578,789
2022,"48071",2917,830
2023,"48071",3019,859
2024,"48071",2956,895
2014,"48073",1876,301
2015,"48073",1923,392
2016,"48073",2021,451
2017,"48073",1829,478
2018,"48073",1979,566
2019,"48073",2097,621
2020,"48073",2007,624
2021,"48073",2212,563
2022,"48073",2319,549
2023,"48073",2727,585
2024,"48073",2539,577
2020,"48075",NA,NA
2021,"48075",NA,NA
2022,"48075",NA,NA
2023,"48075",NA,NA
2024,"48075",NA,NA
2014,"48077",1789,138
2015,"48077",1675,146
2016,"48077",1715,162
2017,"48077",1858,160
2018,"48077",1855,167
2019,"48077",2034,174
2020,"48077",2011,173
2021,"48077",2136,149
2022,"48077",2534,136
2023,"48077",2493,134
2024,"48077",2877,149
2017,"48081",NA,NA
2018,"48081",NA,NA
2019,"48081",NA,NA
2020,"48081",NA,NA
2021,"48081",NA,NA
2022,"48081",NA,NA
2023,"48081",NA,NA
2024,"48081",NA,NA
2014,"48085",2147,26119
2015,"48085",2273,27751
2016,"48085",2175,29779
2017,"48085",2467,32114
2018,"48085",2639,33150
2019,"48085",2636,31096
2020,"48085",2379,29830
2021,"48085",2479,24102
2022,"48085",2950,23283
2023,"48085",3604,24252
2024,"48085",3681,23971
2020,"48087",NA,NA
2014,"48089",1482,142
2015,"48089",1878,176
2016,"48089",1915,210
2017,"48089",1902,210
2018,"48089",1978,226
2019,"48089",2056,234
2020,"48089",2011,228
2021,"48089",1945,202
2022,"48089",2091,205
2023,"48089",2353,200
2024,"48089",2890,199
2014,"48091",1523,2576
2015,"48091",1646,2766
2016,"48091",1584,3026
2017,"48091",1664,3157
2018,"48091",1789,3414
2019,"48091",1773,2975
2020,"48091",1846,3166
2021,"48091",1597,2558
2022,"48091",1972,2719
2023,"48091",2498,2504
2024,"48091",2434,2293
2014,"48093",1882,45
2015,"48093",1897,56
2016,"48093",2136,67
2017,"48093",1897,82
2018,"48093",2207,108
2019,"48093",2198,109
2020,"48093",1799,112
2021,"48093",1981,88
2022,"48093",2218,108
2023,"48093",2628,113
2024,"48093",3182,125
2014,"48097",2142,465
2015,"48097",2293,534
2016,"48097",2179,575
2017,"48097",2395,628
2018,"48097",2571,711
2019,"48097",2899,713
2020,"48097",2528,742
2021,"48097",2427,605
2022,"48097",2682,607
2023,"48097",3326,651
2024,"48097",3310,631
2014,"48099",1250,1654
2015,"48099",1288,1754
2016,"48099",1130,2240
2017,"48099",1289,2021
2018,"48099",1341,2339
2019,"48099",1430,2251
2020,"48099",1503,2111
2021,"48099",1443,1990
2022,"48099",1690,1942
2023,"48099",2067,1842
2024,"48099",2159,1831
2014,"48103",1270,32
2015,"48103",1406,35
2016,"48103",1744,35
2017,"48103",2053,33
2018,"48103",1752,32
2019,"48103",1799,33
2020,"48103",1679,31
2021,"48103",1676,30
2022,"48103",2333,30
2023,"48103",2585,32
2024,"48103",2587,37
2020,"48105",NA,NA
2017,"48107",NA,NA
2018,"48107",NA,NA
2019,"48107",NA,NA
2020,"48107",NA,NA
2021,"48107",NA,NA
2022,"48107",NA,NA
2023,"48107",NA,NA
2024,"48107",NA,NA
2014,"48111",1893,59
2015,"48111",1881,62
2016,"48111",1882,82
2017,"48111",2067,81
2018,"48111",2237,81
2019,"48111",2136,86
2020,"48111",2158,85
2021,"48111",2308,69
2022,"48111",2760,71
2023,"48111",2975,72
2024,"48111",3325,63
2014,"48113",1694,37929
2015,"48113",1758,40218
2016,"48113",1662,40785
2017,"48113",1844,40358
2018,"48113",1905,39759
2019,"48113",2084,38563
2020,"48113",1988,35591
2021,"48113",1984,32085
2022,"48113",2105,31407
2023,"48113",2718,28221
2024,"48113",2844,26051
2014,"48115",1751,43
2015,"48115",1930,59
2016,"48115",1964,78
2017,"48115",2277,69
2018,"48115",2006,86
2019,"48115",2174,100
2020,"48115",2016,107
2021,"48115",2244,109
2022,"48115",2245,104
2023,"48115",2551,102
2024,"48115",2879,93
2014,"48117",1873,107
2015,"48117",1904,110
2016,"48117",1773,129
2017,"48117",1801,140
2018,"48117",1873,152
2019,"48117",1848,187
2020,"48117",2009,185
2021,"48117",1961,169
2022,"48117",2231,191
2023,"48117",2343,189
2024,"48117",2917,171
2017,"48119",NA,NA
2018,"48119",NA,NA
2019,"48119",NA,NA
2020,"48119",NA,NA
2021,"48119",NA,NA
2022,"48119",NA,NA
2023,"48119",NA,NA
2024,"48119",NA,NA
2014,"48121",2039,22181
2015,"48121",2177,23836
2016,"48121",2056,26098
2017,"48121",2360,27858
2018,"48121",2519,28820
2019,"48121",2541,28637
2020,"48121",2462,27979
2021,"48121",2446,22888
2022,"48121",2861,22415
2023,"48121",3493,23125
2024,"48121",3592,22374
2014,"48123",1631,80
2015,"48123",1901,88
2016,"48123",1849,96
2017,"48123",1998,114
2018,"48123",2214,129
2019,"48123",2334,136
2020,"48123",2121,132
2021,"48123",2383,114
2022,"48123",2604,118
2023,"48123",2584,133
2024,"48123",2663,143
2015,"48127",NA,NA
2016,"48127",NA,NA
2017,"48127",NA,NA
2018,"48127",NA,NA
2019,"48127",NA,NA
2020,"48127",NA,NA
2021,"48127",NA,NA
2022,"48127",NA,NA
2023,"48127",NA,NA
2024,"48127",NA,NA
2018,"48131",NA,NA
2019,"48131",NA,NA
2020,"48131",NA,NA
2021,"48131",NA,NA
2022,"48131",NA,NA
2023,"48131",NA,NA
2024,"48131",NA,NA
2014,"48133",2039,70
2015,"48133",2003,79
2016,"48133",2067,109
2017,"48133",2298,114
2018,"48133",2281,124
2019,"48133",2297,141
2020,"48133",2341,138
2021,"48133",2637,139
2022,"48133",2828,134
2023,"48133",2773,136
2024,"48133",2888,155
2014,"48135",1641,1984
2015,"48135",1598,2172
2016,"48135",1661,2276
2017,"48135",1777,2392
2018,"48135",1717,2535
2019,"48135",1766,2714
2020,"48135",1674,2540
2021,"48135",1774,2910
2022,"48135",2017,3050
2023,"48135",2139,2995
2024,"48135",2983,3735
2014,"48139",1847,3934
2015,"48139",1902,4286
2016,"48139",1742,4582
2017,"48139",1987,4715
2018,"48139",2194,5113
2019,"48139",2249,5256
2020,"48139",2110,5084
2021,"48139",2049,4537
2022,"48139",2359,4641
2023,"48139",2862,4904
2024,"48139",2950,4694
2014,"48141",1310,13413
2015,"48141",1460,15490
2016,"48141",1305,17589
2017,"48141",1211,15667
2018,"48141",1296,16717
2019,"48141",1485,16952
2020,"48141",1385,16012
2021,"48141",1276,13975
2022,"48141",1576,14289
2023,"48141",1755,13524
2024,"48141",1984,10734
2014,"48143",1887,416
2015,"48143",1892,474
2016,"48143",1888,524
2017,"48143",2029,568
2018,"48143",2071,629
2019,"48143",2139,656
2020,"48143",2042,666
2021,"48143",2043,559
2022,"48143",2358,554
2023,"48143",2930,536
2024,"48143",2907,494
2014,"48145",1628,97
2015,"48145",1483,102
2016,"48145",1447,109
2017,"48145",1491,114
2018,"48145",1563,123
2019,"48145",1969,106
2020,"48145",1883,111
2021,"48145",1982,101
2022,"48145",2168,129
2023,"48145",2244,132
2024,"48145",2440,127
2014,"48147",1644,335
2015,"48147",1832,363
2016,"48147",1773,389
2017,"48147",2016,405
2018,"48147",2113,442
2019,"48147",2226,495
2020,"48147",2240,491
2021,"48147",2069,411
2022,"48147",2515,420
2023,"48147",2820,446
2024,"48147",2969,455
2014,"48149",1858,151
2015,"48149",1780,175
2016,"48149",1743,224
2017,"48149",1820,226
2018,"48149",2036,246
2019,"48149",1963,228
2020,"48149",1987,239
2021,"48149",1988,190
2022,"48149",2121,205
2023,"48149",2226,199
2024,"48149",2614,209
2014,"48157",2854,14776
2015,"48157",2781,15775
2016,"48157",2729,17407
2017,"48157",2754,17976
2018,"48157",2605,17486
2019,"48157",2643,17481
2020,"48157",2449,16279
2021,"48157",2469,13924
2022,"48157",2817,13418
2023,"48157",3611,13896
2024,"48157",3608,13633
2014,"48159",1848,76
2015,"48159",1821,88
2016,"48159",1824,104
2017,"48159",2099,109
2018,"48159",2191,120
2019,"48159",1890,115
2020,"48159",1943,110
2021,"48159",1965,105
2022,"48159",2713,115
2023,"48159",3103,116
2024,"48159",3212,114
2014,"48161",1826,126
2015,"48161",1781,147
2016,"48161",1779,161
2017,"48161",1814,167
2018,"48161",1951,191
2019,"48161",2026,202
2020,"48161",1909,210
2021,"48161",1985,169
2022,"48161",2359,156
2023,"48161",2450,153
2024,"48161",2568,157
2014,"48163",1706,31
2015,"48163",1877,41
2016,"48163",1555,39
2017,"48163",1845,45
2018,"48163",1826,47
2019,"48163",1905,45
2020,"48163",2148,26
2021,"48163",2129,65
2022,"48163",2658,68
2023,"48163",2729,76
2024,"48163",3034,79
2014,"48165",1903,108
2015,"48165",2128,142
2016,"48165",2875,181
2017,"48165",2812,188
2018,"48165",2013,193
2019,"48165",2416,231
2020,"48165",2133,219
2021,"48165",2184,194
2022,"48165",2397,187
2023,"48165",2769,200
2024,"48165",3069,207
2014,"48167",2466,6621
2015,"48167",2469,7239
2016,"48167",2539,8480
2017,"48167",2626,8379
2018,"48167",2669,8112
2019,"48167",2529,8014
2020,"48167",2572,7666
2021,"48167",2525,6466
2022,"48167",2892,6203
2023,"48167",3105,6401
2024,"48167",3179,6387
2015,"48169",NA,NA
2016,"48169",NA,NA
2017,"48169",NA,NA
2018,"48169",NA,NA
2019,"48169",NA,NA
2020,"48169",NA,NA
2021,"48169",NA,NA
2022,"48169",NA,NA
2023,"48169",NA,NA
2024,"48169",NA,NA
2014,"48171",2508,288
2015,"48171",2547,279
2016,"48171",2422,322
2017,"48171",2567,325
2018,"48171",2627,384
2019,"48171",2614,377
2020,"48171",2714,421
2021,"48171",2509,339
2022,"48171",2898,331
2023,"48171",3393,352
2024,"48171",3294,307
2014,"48175",1952,50
2015,"48175",2164,55
2016,"48175",2250,58
2017,"48175",2472,58
2018,"48175",2408,63
2019,"48175",2526,76
2020,"48175",2466,68
2021,"48175",2507,59
2022,"48175",2626,61
2023,"48175",2836,62
2024,"48175",2964,55
2014,"48177",1567,119
2015,"48177",2013,142
2016,"48177",1847,154
2017,"48177",1982,150
2018,"48177",1958,154
2019,"48177",1902,166
2020,"48177",1649,149
2021,"48177",1633,138
2022,"48177",2247,144
2023,"48177",2120,150
2024,"48177",2402,135
2014,"48179",1709,176
2015,"48179",1959,204
2016,"48179",1757,223
2017,"48179",2029,251
2018,"48179",2073,268
2019,"48179",2154,295
2020,"48179",2006,307
2021,"48179",2137,290
2022,"48179",2370,282
2023,"48179",2606,285
2024,"48179",2674,259
2014,"48181",1680,2258
2015,"48181",1767,2534
2016,"48181",1707,2733
2017,"48181",1966,2782
2018,"48181",2111,2865
2019,"48181",2275,2891
2020,"48181",2176,2781
2021,"48181",2208,2366
2022,"48181",2480,2448
2023,"48181",2883,2532
2024,"48181",2773,2560
2014,"48183",1396,1623
2015,"48183",1420,1665
2016,"48183",1374,1784
2017,"48183",1380,1818
2018,"48183",1462,1923
2019,"48183",1466,1940
2020,"48183",1524,1858
2021,"48183",1489,1562
2022,"48183",1733,1672
2023,"48183",1887,1673
2024,"48183",2143,1477
2014,"48185",2045,155
2015,"48185",2110,186
2016,"48185",1888,247
2017,"48185",2034,267
2018,"48185",1936,288
2019,"48185",2144,314
2020,"48185",1918,310
2021,"48185",1827,261
2022,"48185",2265,288
2023,"48185",2834,318
2024,"48185",2748,332
2014,"48187",1478,3100
2015,"48187",1542,3210
2016,"48187",1430,3643
2017,"48187",1589,3836
2018,"48187",1682,3710
2019,"48187",1775,3651
2020,"48187",1612,3233
2021,"48187",1650,3163
2022,"48187",1870,2839
2023,"48187",2345,2975
2024,"48187",2199,2768
2014,"48189",1578,459
2015,"48189",1700,492
2016,"48189",1637,552
2017,"48189",1807,577
2018,"48189",1819,566
2019,"48189",1956,578
2020,"48189",1838,554
2021,"48189",1937,510
2022,"48189",2035,468
2023,"48189",2462,430
2024,"48189",2434,389
2014,"48193",2354,37
2015,"48193",2044,47
2016,"48193",2199,56
2017,"48193",2159,58
2018,"48193",2142,63
2019,"48193",2571,66
2020,"48193",2678,77
2021,"48193",2644,60
2022,"48193",2759,61
2023,"48193",3237,64
2024,"48193",3124,64
2019,"48195",NA,NA
2020,"48195",NA,NA
2014,"48199",2026,896
2015,"48199",2114,970
2016,"48199",2011,1145
2017,"48199",2025,1137
2018,"48199",2147,1110
2019,"48199",2245,1171
2020,"48199",2181,1161
2021,"48199",2246,1054
2022,"48199",2682,1058
2023,"48199",2925,1029
2024,"48199",2806,1073
2014,"48201",2140,57829
2015,"48201",2173,60554
2016,"48201",2142,66466
2017,"48201",2073,64513
2018,"48201",2099,63303
2019,"48201",2088,60238
2020,"48201",2105,57451
2021,"48201",2077,49744
2022,"48201",2374,49751
2023,"48201",2806,50617
2024,"48201",3020,48945
2014,"48203",1524,570
2015,"48203",1530,652
2016,"48203",1511,757
2017,"48203",1549,749
2018,"48203",1498,819
2019,"48203",1506,830
2020,"48203",1534,841
2021,"48203",1513,670
2022,"48203",1835,694
2023,"48203",2125,715
2024,"48203",2296,706
2014,"48205",2215,20
2015,"48205",1752,24
2016,"48205",2211,28
2017,"48205",2778,25
2018,"48205",2236,30
2019,"48205",2149,28
2020,"48205",2270,32
2021,"48205",1983,32
2022,"48205",2253,32
2023,"48205",2577,29
2024,"48205",3198,30
2015,"48207",NA,NA
2018,"48207",NA,NA
2019,"48207",NA,NA
2020,"48207",NA,NA
2021,"48207",NA,NA
2022,"48207",NA,NA
2023,"48207",NA,NA
2024,"48207",NA,NA
2014,"48209",1732,3937
2015,"48209",1899,4324
2016,"48209",1854,4922
2017,"48209",1991,5223
2018,"48209",2204,5223
2019,"48209",2106,5063
2020,"48209",1932,4818
2021,"48209",1892,3992
2022,"48209",2271,4043
2023,"48209",2932,4283
2024,"48209",2721,4017
2014,"48211",NA,NA
2015,"48211",NA,NA
2016,"48211",NA,NA
2017,"48211",NA,NA
2018,"48211",NA,NA
2019,"48211",NA,NA
2020,"48211",NA,NA
2022,"48211",NA,NA
2023,"48211",NA,NA
2024,"48211",NA,NA
2014,"48213",1659,758
2015,"48213",1618,825
2016,"48213",1541,928
2017,"48213",1637,936
2018,"48213",1699,1029
2019,"48213",1891,1093
2020,"48213",2037,1064
2021,"48213",2028,906
2022,"48213",2262,966
2023,"48213",2497,1003
2024,"48213",2832,977
2014,"48215",1673,7004
2015,"48215",1727,8137
2016,"48215",1694,8986
2017,"48215",1642,8787
2018,"48215",1608,8920
2019,"48215",1614,8944
2020,"48215",1572,8746
2021,"48215",1516,7674
2022,"48215",1804,8040
2023,"48215",2032,8181
2024,"48215",2084,8027
2014,"48217",1911,358
2015,"48217",1810,384
2016,"48217",1809,397
2017,"48217",1856,404
2018,"48217",1938,465
2019,"48217",2141,482
2020,"48217",2015,477
2021,"48217",2093,413
2022,"48217",2154,451
2023,"48217",2721,490
2024,"48217",2716,495
2014,"48219",1871,246
2015,"48219",1873,291
2016,"48219",1918,312
2017,"48219",2096,313
2018,"48219",1811,333
2019,"48219",2012,351
2020,"48219",2050,340
2021,"48219",1943,336
2022,"48219",2299,321
2023,"48219",2412,337
2024,"48219",2660,337
2014,"48221",2022,951
2015,"48221",2155,1082
2016,"48221",2066,1205
2017,"48221",2080,1291
2018,"48221",2203,1457
2019,"48221",2440,1461
2020,"48221",2499,1469
2021,"48221",2525,1240
2022,"48221",2778,1235
2023,"48221",3080,1271
2024,"48221",3142,1245
2014,"48223",1643,219
2015,"48223",1819,255
2016,"48223",1716,285
2017,"48223",1907,296
2018,"48223",2016,375
2019,"48223",2218,388
2020,"48223",2043,433
2021,"48223",2002,371
2022,"48223",2218,395
2023,"48223",2692,397
2024,"48223",2747,388
2014,"48225",1490,70
2015,"48225",1592,86
2016,"48225",1459,104
2017,"48225",1630,108
2018,"48225",1523,146
2019,"48225",1979,138
2020,"48225",1881,157
2021,"48225",1990,122
2022,"48225",2152,146
2023,"48225",2408,155
2024,"48225",2429,153
2014,"48227",1741,195
2015,"48227",1737,239
2016,"48227",1630,285
2017,"48227",1782,309
2018,"48227",1824,381
2019,"48227",1801,441
2020,"48227",1753,458
2021,"48227",1815,428
2022,"48227",2003,461
2023,"48227",2218,480
2024,"48227",2437,488
2014,"48229",NA,NA
2015,"48229",NA,NA
2016,"48229",NA,NA
2018,"48229",NA,NA
2022,"48229",NA,NA
2023,"48229",NA,NA
2014,"48231",1725,1038
2015,"48231",1859,1162
2016,"48231",1761,1295
2017,"48231",1908,1427
2018,"48231",2142,1697
2019,"48231",2357,1791
2020,"48231",2318,1852
2021,"48231",2330,1639
2022,"48231",2536,1841
2023,"48231",2996,1931
2024,"48231",2725,1980
2014,"48233",1754,198
2015,"48233",1828,217
2016,"48233",1648,238
2017,"48233",1740,256
2018,"48233",1879,269
2019,"48233",1833,296
2020,"48233",1823,314
2021,"48233",1763,282
2022,"48233",2147,300
2023,"48233",2532,296
2024,"48233",2688,271
2020,"48235",NA,NA
2014,"48237",1702,38
2015,"48237",1749,44
2016,"48237",1650,43
2017,"48237",1819,47
2018,"48237",1795,53
2019,"48237",2433,63
2020,"48237",2655,70
2021,"48237",2152,47
2022,"48237",2858,50
2023,"48237",3186,54
2024,"48237",3447,59
2014,"48239",1990,101
2015,"48239",1902,117
2016,"48239",1990,124
2017,"48239",1996,128
2018,"48239",2261,139
2019,"48239",2361,146
2020,"48239",2091,155
2021,"48239",2335,146
2022,"48239",2408,150
2023,"48239",2523,150
2024,"48239",3113,164
2014,"48241",2099,172
2015,"48241",1967,195
2016,"48241",1757,224
2017,"48241",1752,244
2018,"48241",1733,262
2019,"48241",1894,290
2020,"48241",1842,295
2021,"48241",1860,240
2022,"48241",2226,243
2023,"48241",2384,245
2024,"48241",2564,296
2014,"48245",2251,3306
2015,"48245",2265,3584
2016,"48245",2187,3932
2017,"48245",2274,3909
2018,"48245",2237,4048
2019,"48245",2319,4101
2020,"48245",2381,3944
2021,"48245",2337,3635
2022,"48245",2772,3630
2023,"48245",2939,3708
2024,"48245",2666,3625
2014,"48249",2119,332
2015,"48249",2327,421
2016,"48249",2280,449
2017,"48249",2670,467
2018,"48249",2284,482
2019,"48249",2440,494
2020,"48249",2209,457
2021,"48249",2174,423
2022,"48249",2303,414
2023,"48249",2492,426
2024,"48249",2731,412
2014,"48251",1837,3420
2015,"48251",1931,3620
2016,"48251",1829,3895
2017,"48251",2027,3984
2018,"48251",2187,4181
2019,"48251",2177,4166
2020,"48251",2191,4069
2021,"48251",2173,3598
2022,"48251",2548,3708
2023,"48251",2832,3959
2024,"48251",2864,3816
2014,"48253",1750,96
2015,"48253",1843,95
2016,"48253",1858,116
2017,"48253",2030,131
2018,"48253",2313,135
2019,"48253",2216,153
2020,"48253",2093,148
2021,"48253",2174,151
2022,"48253",2330,161
2023,"48253",2586,159
2024,"48253",2653,174
2014,"48255",1581,34
2015,"48255",1708,34
2016,"48255",1928,45
2017,"48255",2155,54
2018,"48255",1949,69
2019,"48255",2064,72
2020,"48255",2010,67
2021,"48255",1822,58
2022,"48255",2105,64
2023,"48255",2116,59
2024,"48255",2550,58
2014,"48257",1861,2483
2015,"48257",1953,2766
2016,"48257",1811,3037
2017,"48257",2122,3180
2018,"48257",2259,3584
2019,"48257",2354,3633
2020,"48257",2223,3479
2021,"48257",2143,3333
2022,"48257",2545,3619
2023,"48257",2951,3899
2024,"48257",2876,3681
2014,"48259",2095,601
2015,"48259",2315,659
2016,"48259",2006,827
2017,"48259",2274,889
2018,"48259",2354,950
2019,"48259",2500,1011
2020,"48259",2412,978
2021,"48259",2465,737
2022,"48259",2650,708
2023,"48259",3112,743
2024,"48259",3247,692
2014,"48265",1671,775
2015,"48265",1705,859
2016,"48265",1609,1007
2017,"48265",1666,1036
2018,"48265",1753,1155
2019,"48265",1836,1123
2020,"48265",1885,1129
2021,"48265",1828,907
2022,"48265",2117,877
2023,"48265",2376,883
2024,"48265",2418,748
2018,"48267",NA,NA
2019,"48267",NA,NA
2020,"48267",NA,NA
2021,"48267",NA,NA
2023,"48267",NA,NA
2024,"48267",NA,NA
2014,"48273",2251,221
2015,"48273",2126,285
2016,"48273",2150,330
2017,"48273",2290,311
2018,"48273",2100,377
2019,"48273",2204,388
2020,"48273",2325,408
2021,"48273",2146,340
2022,"48273",2247,384
2023,"48273",2451,388
2024,"48273",2370,344
2014,"48277",1397,335
2015,"48277",1573,391
2016,"48277",1539,449
2017,"48277",1668,478
2018,"48277",1659,520
2019,"48277",1823,521
2020,"48277",1880,557
2021,"48277",1937,517
2022,"48277",2202,514
2023,"48277",2613,526
2024,"48277",2755,556
2014,"48279",1792,44
2015,"48279",1505,56
2016,"48279",1508,66
2017,"48279",1823,70
2018,"48279",1842,77
2019,"48279",2061,93
2020,"48279",2086,104
2021,"48279",2189,78
2022,"48279",2414,82
2023,"48279",2890,90
2024,"48279",3191,72
2014,"48281",1428,400
2015,"48281",1480,435
2016,"48281",1402,572
2017,"48281",1448,530
2018,"48281",1716,599
2019,"48281",1878,602
2020,"48281",1780,603
2021,"48281",1727,494
2022,"48281",2041,517
2023,"48281",2307,504
2024,"48281",2438,456
2014,"48285",1409,111
2015,"48285",1719,124
2016,"48285",1605,143
2017,"48285",1903,140
2018,"48285",2021,150
2019,"48285",2216,148
2020,"48285",1876,155
2021,"48285",2250,143
2022,"48285",2517,153
2023,"48285",2574,154
2024,"48285",2743,144
2014,"48287",1984,98
2015,"48287",1712,115
2016,"48287",1730,130
2017,"48287",1621,133
2018,"48287",1714,157
2019,"48287",1942,157
2020,"48287",1814,172
2021,"48287",1840,158
2022,"48287",2009,156
2023,"48287",2480,161
2024,"48287",2786,145
2014,"48289",1744,61
2015,"48289",1854,66
2016,"48289",1857,86
2017,"48289",2074,92
2018,"48289",2008,96
2019,"48289",2063,105
2020,"48289",1995,99
2021,"48289",2027,91
2022,"48289",2589,99
2023,"48289",2749,102
2024,"48289",3237,112
2014,"48291",2295,702
2015,"48291",2267,826
2016,"48291",2327,961
2017,"48291",2504,983
2018,"48291",2466,1015
2019,"48291",2489,1080
2020,"48291",2415,1082
2021,"48291",2538,1022
2022,"48291",2665,1027
2023,"48291",2922,1096
2024,"48291",3110,1174
2014,"48293",1585,136
2015,"48293",1595,157
2016,"48293",1721,166
2017,"48293",1630,158
2018,"48293",1648,172
2019,"48293",1716,191
2020,"48293",1754,174
2021,"48293",1671,156
2022,"48293",1904,167
2023,"48293",2204,184
2024,"48293",2406,172
2014,"48297",2261,63
2015,"48297",2563,73
2016,"48297",2323,95
2017,"48297",2087,98
2018,"48297",2387,112
2019,"48297",2019,131
2020,"48297",2146,120
2021,"48297",2463,102
2022,"48297",2343,109
2023,"48297",2559,93
2024,"48297",2369,101
2014,"48299",1781,216
2015,"48299",1567,239
2016,"48299",1595,278
2017,"48299",1640,283
2018,"48299",1788,326
2019,"48299",1771,328
2020,"48299",1945,353
2021,"48299",1750,278
2022,"48299",1988,293
2023,"48299",2406,333
2024,"48299",2419,321
2014,"48303",1665,7984
2015,"48303",1767,8508
2016,"48303",1683,8780
2017,"48303",1887,8596
2018,"48303",1946,8910
2019,"48303",1995,9178
2020,"48303",1916,9000
2021,"48303",1988,8524
2022,"48303",2299,7903
2023,"48303",2611,8023
2024,"48303",2680,7798
2014,"48305",2916,25
2015,"48305",2681,38
2016,"48305",2604,52
2017,"48305",3036,46
2018,"48305",2637,49
2019,"48305",2883,65
2020,"48305",2778,62
2021,"48305",2757,58
2022,"48305",3470,73
2023,"48305",3189,58
2024,"48305",3528,66
2014,"48307",1395,32
2015,"48307",1672,24
2016,"48307",1728,32
2017,"48307",1910,32
2018,"48307",1786,40
2019,"48307",2105,49
2020,"48307",1891,38
2021,"48307",1914,45
2022,"48307",1958,43
2023,"48307",2114,44
2024,"48307",2040,55
2014,"48309",1417,3772
2015,"48309",1405,4141
2016,"48309",1244,4274
2017,"48309",1367,4349
2018,"48309",1466,4777
2019,"48309",1608,4783
2020,"48309",1577,4730
2021,"48309",1533,4013
2022,"48309",1808,4094
2023,"48309",2125,3841
2024,"48309",2047,3438
2014,"48313",1644,62
2015,"48313",1856,69
2016,"48313",1900,89
2017,"48313",1848,99
2018,"48313",2050,110
2019,"48313",2012,116
2020,"48313",1955,112
2021,"48313",1888,112
2022,"48313",2191,112
2023,"48313",2629,122
2024,"48313",2784,112
2014,"48315",1668,59
2015,"48315",1870,64
2016,"48315",1889,68
2017,"48315",1777,70
2018,"48315",1642,81
2019,"48315",2029,90
2020,"48315",1825,96
2021,"48315",1776,78
2022,"48315",2124,75
2023,"48315",2039,83
2024,"48315",2241,77
2014,"48317",3104,21
2015,"48317",2950,22
2016,"48317",2409,32
2017,"48317",2740,30
2018,"48317",2620,33
2019,"48317",2451,34
2020,"48317",2402,41
2021,"48317",2461,35
2022,"48317",2990,36
2023,"48317",3932,36
2024,"48317",3841,33
2020,"48319",NA,NA
2014,"48321",2466,282
2015,"48321",2644,315
2016,"48321",2586,351
2017,"48321",2547,353
2018,"48321",2685,397
2019,"48321",2757,433
2020,"48321",2687,401
2021,"48321",2591,423
2022,"48321",2932,455
2023,"48321",3042,449
2024,"48321",3030,443
2014,"48323",1354,420
2015,"48323",1300,488
2016,"48323",1312,515
2017,"48323",1309,490
2018,"48323",1309,564
2019,"48323",1491,562
2020,"48323",1360,531
2021,"48323",1248,500
2022,"48323",1499,529
2023,"48323",1527,548
2024,"48323",1614,484
2014,"48325",1988,524
2015,"48325",1976,563
2016,"48325",1942,706
2017,"48325",2019,686
2018,"48325",2053,756
2019,"48325",2154,749
2020,"48325",2194,758
2021,"48325",2093,677
2022,"48325",2605,714
2023,"48325",2832,695
2024,"48325",2630,660
2014,"48329",1872,2902
2015,"48329",1892,3381
2016,"48329",1884,3997
2017,"48329",2095,4478
2018,"48329",2185,4997
2019,"48329",2196,5437
2020,"48329",2096,5255
2021,"48329",2098,5044
2022,"48329",2601,5195
2023,"48329",2591,5200
2024,"48329",3013,5229
2014,"48331",1454,230
2015,"48331",1436,262
2016,"48331",1464,258
2017,"48331",1676,273
2018,"48331",1557,277
2019,"48331",1745,300
2020,"48331",1823,290
2021,"48331",1800,233
2022,"48331",2016,243
2023,"48331",2239,248
2024,"48331",2349,237
2019,"48333",NA,NA
2020,"48333",NA,NA
2021,"48333",NA,NA
2022,"48333",NA,NA
2023,"48333",NA,NA
2014,"48335",1840,27
2015,"48335",1749,40
2016,"48335",1777,41
2017,"48335",1909,40
2018,"48335",1374,53
2019,"48335",1456,66
2020,"48335",1448,64
2021,"48335",1606,64
2022,"48335",2063,62
2023,"48335",2300,66
2024,"48335",2746,58
2014,"48337",1992,223
2015,"48337",1977,239
2016,"48337",2003,255
2017,"48337",2093,268
2018,"48337",2086,290
2019,"48337",2151,311
2020,"48337",2248,302
2021,"48337",2255,261
2022,"48337",2627,265
2023,"48337",2951,259
2024,"48337",3268,286
2014,"48339",2293,10643
2015,"48339",2319,11311
2016,"48339",2205,13033
2017,"48339",2292,13405
2018,"48339",2112,12656
2019,"48339",2177,13093
2020,"48339",2139,12866
2021,"48339",2110,10600
2022,"48339",2369,10277
2023,"48339",2950,11013
2024,"48339",3166,10926
2014,"48341",1576,190
2015,"48341",1837,252
2016,"48341",1924,322
2017,"48341",2008,336
2018,"48341",2066,320
2019,"48341",2219,335
2020,"48341",2157,326
2021,"48341",2227,277
2022,"48341",2839,284
2023,"48341",2788,277
2024,"48341",2827,259
2014,"48343",1378,47
2015,"48343",1614,68
2016,"48343",1776,72
2017,"48343",1796,72
2018,"48343",1762,87
2019,"48343",2009,108
2020,"48343",1954,108
2021,"48343",2461,92
2022,"48343",2558,93
2023,"48343",2741,94
2024,"48343",2964,104
2014,"48347",1396,281
2015,"48347",1569,337
2016,"48347",1284,349
2017,"48347",1219,363
2018,"48347",1251,412
2019,"48347",1457,449
2020,"48347",1316,453
2021,"48347",1362,393
2022,"48347",1580,365
2023,"48347",1747,371
2024,"48347",2187,375
2014,"48349",1698,444
2015,"48349",1766,520
2016,"48349",1703,552
2017,"48349",1907,557
2018,"48349",1886,605
2019,"48349",2038,599
2020,"48349",1930,548
2021,"48349",1936,529
2022,"48349",2072,527
2023,"48349",2447,573
2024,"48349",2612,571
2014,"48351",1759,55
2015,"48351",1610,70
2016,"48351",1794,78
2017,"48351",1911,75
2018,"48351",1818,87
2019,"48351",2098,83
2020,"48351",1864,86
2021,"48351",2201,74
2022,"48351",2526,79
2023,"48351",2508,85
2024,"48351",2430,95
2014,"48353",2051,92
2015,"48353",2094,107
2016,"48353",1866,123
2017,"48353",1954,125
2018,"48353",1948,149
2019,"48353",2028,153
2020,"48353",2070,158
2021,"48353",2306,149
2022,"48353",2623,161
2023,"48353",2767,150
2024,"48353",2811,163
2014,"48355",2354,5107
2015,"48355",2421,5733
2016,"48355",2330,6665
2017,"48355",2437,6359
2018,"48355",2754,7191
2019,"48355",2400,6862
2020,"48355",2248,6547
2021,"48355",2182,5968
2022,"48355",2500,5787
2023,"48355",2707,5873
2024,"48355",2711,5315
2014,"48357",1803,50
2015,"48357",1855,80
2016,"48357",1923,80
2017,"48357",2267,92
2018,"48357",1933,113
2019,"48357",1926,98
2020,"48357",1856,96
2021,"48357",2152,71
2022,"48357",2188,81
2023,"48357",2424,82
2024,"48357",3055,79
2014,"48361",2056,954
2015,"48361",1860,1009
2016,"48361",2131,1183
2017,"48361",2081,1204
2018,"48361",2225,1277
2019,"48361",2213,1382
2020,"48361",2305,1344
2021,"48361",2188,1328
2022,"48361",2774,1401
2023,"48361",2898,1342
2024,"48361",2930,1460
2014,"48363",2257,183
2015,"48363",2360,220
2016,"48363",2251,253
2017,"48363",2286,260
2018,"48363",2340,288
2019,"48363",2521,310
2020,"48363",2539,347
2021,"48363",2580,300
2022,"48363",2875,310
2023,"48363",3176,313
2024,"48363",3168,322
2014,"48365",1619,88
2015,"48365",1604,101
2016,"48365",1454,125
2017,"48365",1577,127
2018,"48365",1669,156
2019,"48365",1810,182
2020,"48365",1717,177
2021,"48365",1794,131
2022,"48365",1777,165
2023,"48365",2060,162
2024,"48365",2291,218
2014,"48367",2126,2967
2015,"48367",2169,3231
2016,"48367",2241,3790
2017,"48367",2279,3905
2018,"48367",2654,4567
2019,"48367",2584,4674
2020,"48367",2669,4791
2021,"48367",2575,4100
2022,"48367",3102,4079
2023,"48367",3180,4246
2024,"48367",3349,4354
2014,"48369",1988,40
2015,"48369",2060,56
2016,"48369",2113,64
2017,"48369",2260,67
2018,"48369",2153,81
2019,"48369",2323,79
2020,"48369",2145,82
2021,"48369",2057,66
2022,"48369",2163,63
2023,"48369",2166,60
2024,"48369",2842,59
2014,"48371",1288,45
2015,"48371",1459,55
2016,"48371",1289,70
2017,"48371",1514,73
2018,"48371",1650,87
2019,"48371",1711,100
2020,"48371",1585,97
2021,"48371",1670,75
2022,"48371",1600,82
2023,"48371",1923,78
2024,"48371",2272,84
2014,"48373",1852,220
2015,"48373",1843,277
2016,"48373",1828,348
2017,"48373",1870,339
2018,"48373",2036,325
2019,"48373",2125,328
2020,"48373",2124,304
2021,"48373",2078,276
2022,"48373",2066,315
2023,"48373",2365,304
2024,"48373",2628,329
2014,"48375",1705,1120
2015,"48375",1722,1312
2016,"48375",1656,1552
2017,"48375",1788,1667
2018,"48375",1945,1754
2019,"48375",2013,1843
2020,"48375",1991,1905
2021,"48375",2037,1764
2022,"48375",2553,1808
2023,"48375",2725,1777
2024,"48375",2737,1732
2019,"48377",NA,NA
2020,"48377",NA,NA
2014,"48379",1888,54
2015,"48379",2002,69
2016,"48379",1958,91
2017,"48379",2021,100
2018,"48379",2302,119
2019,"48379",2217,130
2020,"48379",2168,137
2021,"48379",2183,99
2022,"48379",2067,119
2023,"48379",3196,142
2024,"48379",2646,140
2014,"48381",1847,2494
2015,"48381",1898,2757
2016,"48381",1795,3212
2017,"48381",1915,3498
2018,"48381",2119,3836
2019,"48381",2105,4019
2020,"48381",2033,4158
2021,"48381",2093,4174
2022,"48381",2465,4110
2023,"48381",2840,4188
2024,"48381",2824,3974
2020,"48385",NA,NA
2021,"48385",NA,NA
2014,"48387",1530,22
2015,"48387",1530,35
2016,"48387",1406,36
2017,"48387",1388,39
2018,"48387",1886,56
2019,"48387",1929,61
2020,"48387",1967,68
2021,"48387",1574,55
2022,"48387",2037,60
2023,"48387",2533,63
2024,"48387",3099,61
2015,"48389",NA,NA
2016,"48389",NA,NA
2017,"48389",NA,NA
2018,"48389",NA,NA
2019,"48389",NA,NA
2020,"48389",NA,NA
2021,"48389",NA,NA
2022,"48389",NA,NA
2023,"48389",NA,NA
2024,"48389",NA,NA
2014,"48391",2710,35
2015,"48391",2605,46
2016,"48391",2816,46
2017,"48391",2767,40
2018,"48391",2553,49
2019,"48391",2786,51
2020,"48391",2680,58
2021,"48391",2897,54
2022,"48391",2880,55
2023,"48391",3532,59
2024,"48391",3729,61
2014,"48395",1708,93
2015,"48395",1885,113
2016,"48395",1932,138
2017,"48395",2056,159
2018,"48395",2096,165
2019,"48395",2019,185
2020,"48395",2191,195
2021,"48395",2113,177
2022,"48395",2216,181
2023,"48395",2530,182
2024,"48395",2506,169
2014,"48397",2065,2624
2015,"48397",2214,2886
2016,"48397",2040,3229
2017,"48397",2268,3469
2018,"48397",2507,3767
2019,"48397",2596,3761
2020,"48397",2490,3661
2021,"48397",2496,3116
2022,"48397",2853,3097
2023,"48397",3629,3372
2024,"48397",3470,3268
2014,"48399",1521,63
2015,"48399",1505,79
2016,"48399",1502,83
2017,"48399",1750,86
2018,"48399",1658,97
2019,"48399",1799,102
2020,"48399",2102,98
2021,"48399",2092,115
2022,"48399",2179,112
2023,"48399",2422,103
2024,"48399",2453,88
2014,"48401",1216,304
2015,"48401",1258,377
2016,"48401",1385,395
2017,"48401",1525,444
2018,"48401",1526,483
2019,"48401",1436,506
2020,"48401",1518,493
2021,"48401",1505,438
2022,"48401",1769,495
2023,"48401",1990,518
2024,"48401",2150,506
2016,"48403",NA,NA
2017,"48403",NA,NA
2018,"48403",NA,NA
2019,"48403",NA,NA
2020,"48403",NA,NA
2021,"48403",NA,NA
2022,"48403",NA,NA
2023,"48403",NA,NA
2024,"48403",NA,NA
2020,"48405",NA,NA
2022,"48405",NA,NA
2023,"48405",NA,NA
2024,"48405",NA,NA
2014,"48407",2092,182
2015,"48407",2124,199
2016,"48407",2086,245
2017,"48407",1953,254
2018,"48407",1912,262
2019,"48407",2136,282
2020,"48407",2093,275
2021,"48407",2018,245
2022,"48407",2184,240
2023,"48407",2544,251
2024,"48407",2515,262
2014,"48409",2352,861
2015,"48409",2479,999
2016,"48409",2439,1249
2017,"48409",2750,1257
2018,"48409",2689,1269
2019,"48409",2483,1297
2020,"48409",2390,1304
2021,"48409",2301,1248
2022,"48409",2687,1220
2023,"48409",2929,1235
2024,"48409",2709,1206
2018,"48411",NA,NA
2019,"48411",NA,NA
2020,"48411",NA,NA
2022,"48411",NA,NA
2023,"48411",NA,NA
2024,"48411",NA,NA
2014,"48415",1690,173
2015,"48415",2005,178
2016,"48415",1806,188
2017,"48415",1919,188
2018,"48415",1763,208
2019,"48415",1857,218
2020,"48415",1932,209
2021,"48415",2000,198
2022,"48415",2300,218
2023,"48415",2077,190
2024,"48415",2281,186
2019,"48417",NA,NA
2020,"48417",NA,NA
2014,"48419",1132,41
2015,"48419",1602,42
2016,"48419",1624,61
2017,"48419",1624,60
2018,"48419",1446,72
2019,"48419",1677,74
2020,"48419",1721,76
2021,"48419",2320,73
2022,"48419",2308,89
2023,"48419",2481,82
2024,"48419",2501,94
2014,"48423",1666,3484
2015,"48423",1780,3820
2016,"48423",1583,4194
2017,"48423",1734,4244
2018,"48423",1898,4478
2019,"48423",1887,4422
2020,"48423",1929,4298
2021,"48423",1950,3777
2022,"48423",2107,3684
2023,"48423",2457,3893
2024,"48423",2559,3646
2014,"48425",1793,113
2015,"48425",1564,120
2016,"48425",1667,143
2017,"48425",1918,153
2018,"48425",1922,164
2019,"48425",1995,177
2020,"48425",1780,179
2021,"48425",1797,153
2022,"48425",2118,146
2023,"48425",2666,145
2024,"48425",2987,173
2014,"48427",1766,136
2015,"48427",1889,190
2016,"48427",1710,212
2017,"48427",1783,220
2018,"48427",1844,236
2019,"48427",2280,242
2020,"48427",3592,271
2021,"48427",1650,187
2022,"48427",1727,215
2023,"48427",1946,252
2024,"48427",2081,226
2014,"48429",2505,22
2015,"48429",2048,24
2016,"48429",2325,36
2017,"48429",2395,43
2018,"48429",2208,53
2019,"48429",2348,49
2020,"48429",2555,56
2021,"48429",2122,43
2022,"48429",2450,59
2023,"48429",2467,59
2024,"48429",3266,52
2024,"48435",NA,NA
2014,"48437",1648,30
2015,"48437",1467,33
2016,"48437",1527,44
2017,"48437",1603,38
2018,"48437",1566,49
2019,"48437",1690,54
2020,"48437",1900,60
2021,"48437",2045,45
2022,"48437",2560,47
2023,"48437",2387,44
2024,"48437",3165,48
2014,"48439",1850,45064
2015,"48439",1911,47948
2016,"48439",1793,52816
2017,"48439",2133,52684
2018,"48439",2189,53903
2019,"48439",2200,53036
2020,"48439",2202,50543
2021,"48439",2160,42322
2022,"48439",2493,41522
2023,"48439",2800,41841
2024,"48439",2794,38296
2014,"48441",1504,2800
2015,"48441",1603,2798
2016,"48441",1558,3159
2017,"48441",1627,3100
2018,"48441",1842,3545
2019,"48441",1874,3508
2020,"48441",1887,3374
2021,"48441",1821,3446
2022,"48441",2169,3330
2023,"48441",2376,3296
2024,"48441",2607,3291
2014,"48445",1781,80
2015,"48445",1939,100
2016,"48445",1932,107
2017,"48445",2229,117
2018,"48445",2021,122
2019,"48445",2181,132
2020,"48445",2116,118
2021,"48445",2363,100
2022,"48445",2233,95
2023,"48445",2467,102
2024,"48445",2653,96
2014,"48449",1520,155
2015,"48449",1577,203
2016,"48449",1817,247
2017,"48449",1692,273
2018,"48449",1772,306
2019,"48449",1882,329
2020,"48449",1621,305
2021,"48449",1695,256
2022,"48449",1967,264
2023,"48449",2314,292
2024,"48449",2549,257
2014,"48451",1335,2283
2015,"48451",1438,2385
2016,"48451",1396,2633
2017,"48451",1428,2518
2018,"48451",1436,2813
2019,"48451",1531,2890
2020,"48451",1519,2780
2021,"48451",1522,2873
2022,"48451",1781,2769
2023,"48451",1955,2746
2024,"48451",2124,2610
2014,"48453",1554,20036
2015,"48453",1711,21641
2016,"48453",1542,22508
2017,"48453",1707,23637
2018,"48453",1847,24651
2019,"48453",1805,21747
2020,"48453",1737,22145
2021,"48453",1540,14139
2022,"48453",1870,12848
2023,"48453",2850,14315
2024,"48453",2466,12292
2014,"48455",1259,53
2015,"48455",1669,69
2016,"48455",1833,75
2017,"48455",1876,70
2018,"48455",1728,77
2019,"48455",1697,81
2020,"48455",2008,89
2021,"48455",1784,72
2022,"48455",2019,75
2023,"48455",2357,71
2024,"48455",2613,82
2014,"48457",1513,56
2015,"48457",1613,76
2016,"48457",1776,98
2017,"48457",1893,97
2018,"48457",1659,121
2019,"48457",2072,137
2020,"48457",1997,130
2021,"48457",1604,106
2022,"48457",1898,114
2023,"48457",2184,131
2024,"48457",2496,137
2014,"48459",1803,380
2015,"48459",1994,436
2016,"48459",1735,471
2017,"48459",1943,487
2018,"48459",1868,545
2019,"48459",1953,550
2020,"48459",1857,565
2021,"48459",1821,480
2022,"48459",1957,518
2023,"48459",2279,536
2024,"48459",2312,534
2023,"48461",NA,NA
2024,"48461",NA,NA
2014,"48463",1346,119
2015,"48463",1510,139
2016,"48463",1435,163
2017,"48463",1901,164
2018,"48463",1691,218
2019,"48463",1613,238
2020,"48463",1721,243
2021,"48463",1606,222
2022,"48463",2201,224
2023,"48463",2251,215
2024,"48463",2464,202
2014,"48465",1117,377
2015,"48465",1188,452
2016,"48465",1115,606
2017,"48465",1316,591
2018,"48465",1194,754
2019,"48465",1295,797
2020,"48465",1380,783
2021,"48465",1600,705
2022,"48465",1603,653
2023,"48465",1909,607
2024,"48465",1814,677
2014,"48467",1642,440
2015,"48467",1721,491
2016,"48467",1661,523
2017,"48467",1951,556
2018,"48467",2034,623
2019,"48467",2036,638
2020,"48467",2049,637
2021,"48467",2143,563
2022,"48467",2401,619
2023,"48467",2741,640
2024,"48467",3031,682
2014,"48469",2045,1833
2015,"48469",2041,1951
2016,"48469",1874,2053
2017,"48469",1891,2011
2018,"48469",1997,2121
2019,"48469",2193,2109
2020,"48469",2045,2000
2021,"48469",2015,1780
2022,"48469",2263,1699
2023,"48469",2492,1737
2024,"48469",2576,1691
2014,"48471",1664,495
2015,"48471",1760,545
2016,"48471",1676,638
2017,"48471",1778,663
2018,"48471",1888,675
2019,"48471",1884,674
2020,"48471",1807,687
2021,"48471",1748,574
2022,"48471",2128,616
2023,"48471",2451,636
2024,"48471",2673,632
2014,"48473",2543,575
2015,"48473",2457,678
2016,"48473",2360,767
2017,"48473",2419,792
2018,"48473",2493,891
2019,"48473",2710,918
2020,"48473",2453,888
2021,"48473",2301,756
2022,"48473",2625,803
2023,"48473",2805,865
2024,"48473",3289,951
2014,"48475",1504,53
2015,"48475",1562,70
2016,"48475",1725,96
2017,"48475",2230,104
2018,"48475",1805,110
2019,"48475",2198,142
2020,"48475",2297,135
2021,"48475",1880,119
2022,"48475",1841,127
2023,"48475",2096,130
2024,"48475",2400,140
2014,"48477",1789,318
2015,"48477",1600,375
2016,"48477",1692,433
2017,"48477",1790,491
2018,"48477",1873,529
2019,"48477",1834,552
2020,"48477",1912,560
2021,"48477",1753,434
2022,"48477",2136,451
2023,"48477",2432,444
2024,"48477",2624,479
2014,"48479",1239,2767
2015,"48479",1351,3256
2016,"48479",1263,3316
2017,"48479",1323,3313
2018,"48479",1465,3417
2019,"48479",1427,3254
2020,"48479",1327,3013
2021,"48479",1231,2752
2022,"48479",1426,2917
2023,"48479",1524,2964
2024,"48479",1719,2996
2014,"48481",2105,297
2015,"48481",2167,367
2016,"48481",2175,420
2017,"48481",2586,426
2018,"48481",2434,452
2019,"48481",2594,451
2020,"48481",2554,462
2021,"48481",2336,377
2022,"48481",2681,416
2023,"48481",2858,435
2024,"48481",3139,436
2019,"48483",NA,NA
2020,"48483",NA,NA
2021,"48483",NA,NA
2022,"48483",NA,NA
2023,"48483",NA,NA
2024,"48483",NA,NA
2014,"48485",1707,2294
2015,"48485",1722,2495
2016,"48485",1724,2856
2017,"48485",1782,2725
2018,"48485",1893,3044
2019,"48485",2001,3013
2020,"48485",2001,2839
2021,"48485",2077,2528
2022,"48485",2448,2310
2023,"48485",2474,2137
2024,"48485",2445,2080
2014,"48487",1718,88
2015,"48487",1805,102
2016,"48487",1817,133
2017,"48487",1912,126
2018,"48487",2123,144
2019,"48487",2254,149
2020,"48487",2227,145
2021,"48487",2329,114
2022,"48487",2722,127
2023,"48487",3165,129
2024,"48487",2976,106
2014,"48489",2224,45
2015,"48489",2738,60
2016,"48489",2763,71
2017,"48489",2574,68
2018,"48489",2460,79
2019,"48489",2220,74
2020,"48489",2614,70
2021,"48489",2357,69
2022,"48489",2216,69
2023,"48489",2400,81
2024,"48489",2730,83
2014,"48491",1517,14064
2015,"48491",1836,15057
2016,"48491",1718,17014
2017,"48491",1801,17170
2018,"48491",1970,17826
2019,"48491",1828,16851
2020,"48491",1773,16658
2021,"48491",1561,11806
2022,"48491",1911,10419
2023,"48491",2646,11412
2024,"48491",2321,10698
2014,"48493",1797,782
2015,"48493",1821,843
2016,"48493",1817,1047
2017,"48493",1879,1048
2018,"48493",1900,1148
2019,"48493",1998,1190
2020,"48493",1816,1127
2021,"48493",1877,985
2022,"48493",2166,959
2023,"48493",2478,977
2024,"48493",2585,875
2016,"48495",NA,NA
2017,"48495",NA,NA
2018,"48495",NA,NA
2019,"48495",NA,NA
2020,"48495",NA,NA
2021,"48495",NA,NA
2022,"48495",NA,NA
2023,"48495",NA,NA
2024,"48495",NA,NA
2014,"48497",1988,1110
2015,"48497",2048,1247
2016,"48497",2023,1377
2017,"48497",2224,1497
2018,"48497",2373,1643
2019,"48497",2543,1739
2020,"48497",2465,1750
2021,"48497",2378,1549
2022,"48497",2741,1545
2023,"48497",3201,1550
2024,"48497",3365,1718
2014,"48499",1522,320
2015,"48499",1913,393
2016,"48499",1783,468
2017,"48499",1670,462
2018,"48499",1696,538
2019,"48499",1915,533
2020,"48499",1908,527
2021,"48499",1816,427
2022,"48499",2010,471
2023,"48499",2270,505
2024,"48499",2464,519
2014,"48501",1575,63
2015,"48501",1680,73
2016,"48501",1734,77
2017,"48501",1791,80
2018,"48501",1547,74
2019,"48501",1482,72
2020,"48501",1993,91
2021,"48501",2150,86
2022,"48501",2349,90
2023,"48501",2301,113
2024,"48501",2857,102
2014,"48503",2163,120
2015,"48503",1877,154
2016,"48503",1753,176
2017,"48503",2150,178
2018,"48503",2245,208
2019,"48503",2171,223
2020,"48503",2065,210
2021,"48503",2166,177
2022,"48503",2535,203
2023,"48503",2755,201
2024,"48503",3125,182
2014,"48505",1257,28
2015,"48505",1263,39
2016,"48505",1107,29
2017,"48505",1263,39
2018,"48505",1343,49
2019,"48505",1209,42
2020,"48505",1155,31
2021,"48505",1157,28
2022,"48505",1285,36
2023,"48505",1433,41
2024,"48505",1617,25
2014,"49001",746,33
2015,"49001",824,54
2016,"49001",803,87
2017,"49001",922,98
2018,"49001",913,91
2019,"49001",1033,99
2020,"49001",1159,126
2021,"49001",1019,103
2022,"49001",1251,104
2023,"49001",1354,110
2024,"49001",1693,131
2014,"49003",875,1145
2015,"49003",977,1289
2016,"49003",960,1463
2017,"49003",1065,1459
2018,"49003",1021,1610
2019,"49003",1027,1727
2020,"49003",1079,1732
2021,"49003",1124,1588
2022,"49003",1409,1544
2023,"49003",1663,1817
2024,"49003",1800,2079
2014,"49005",931,1936
2015,"49005",1046,2531
2016,"49005",1084,2783
2017,"49005",1052,2850
2018,"49005",952,2875
2019,"49005",1018,2756
2020,"49005",1079,2916
2021,"49005",953,2643
2022,"49005",1246,2588
2023,"49005",1580,2588
2024,"49005",1621,3123
2014,"49007",914,270
2015,"49007",905,294
2016,"49007",873,327
2017,"49007",949,337
2018,"49007",870,335
2019,"49007",978,335
2020,"49007",1073,307
2021,"49007",1241,268
2022,"49007",1333,254
2023,"49007",1598,284
2024,"49007",1725,364
2014,"49011",991,10957
2015,"49011",1055,11667
2016,"49011",1030,13121
2017,"49011",1000,12971
2018,"49011",1077,13694
2019,"49011",1110,13817
2020,"49011",1148,12563
2021,"49011",1123,10774
2022,"49011",1494,10218
2023,"49011",1766,10775
2024,"49011",1730,12509
2014,"49013",1148,205
2015,"49013",1264,213
2016,"49013",1240,240
2017,"49013",1122,238
2018,"49013",1144,241
2019,"49013",1233,259
2020,"49013",1238,241
2021,"49013",1153,239
2022,"49013",1522,252
2023,"49013",1665,258
2024,"49013",2096,360
2015,"49017",NA,NA
2016,"49017",NA,NA
2017,"49017",NA,NA
2018,"49017",NA,NA
2019,"49017",NA,NA
2020,"49017",NA,NA
2021,"49017",NA,NA
2022,"49017",NA,NA
2023,"49017",NA,NA
2024,"49017",NA,NA
2014,"49019",987,143
2015,"49019",871,156
2016,"49019",899,181
2017,"49019",894,162
2018,"49019",834,173
2019,"49019",952,167
2020,"49019",1026,187
2021,"49019",1202,128
2022,"49019",1592,129
2023,"49019",2062,128
2024,"49019",1539,144
2014,"49021",904,802
2015,"49021",898,902
2016,"49021",938,1108
2017,"49021",844,1081
2018,"49021",859,1073
2019,"49021",927,1108
2020,"49021",987,1060
2021,"49021",1017,965
2022,"49021",1091,913
2023,"49021",1446,1125
2024,"49021",1629,1437
2014,"49023",759,200
2015,"49023",803,202
2016,"49023",797,214
2017,"49023",964,219
2018,"49023",1086,233
2019,"49023",997,238
2020,"49023",1027,216
2021,"49023",1015,192
2022,"49023",1277,190
2023,"49023",1822,185
2024,"49023",1982,251
2014,"49025",878,54
2015,"49025",869,65
2016,"49025",920,62
2017,"49025",963,64
2018,"49025",956,82
2019,"49025",965,89
2020,"49025",943,78
2021,"49025",1102,90
2022,"49025",1355,91
2023,"49025",1691,95
2024,"49025",1970,137
2014,"49027",769,138
2015,"49027",861,151
2016,"49027",826,158
2017,"49027",940,158
2018,"49027",902,163
2019,"49027",989,160
2020,"49027",1036,158
2021,"49027",1065,144
2022,"49027",1362,139
2023,"49027",1612,143
2024,"49027",2094,196
2014,"49029",1103,298
2015,"49029",1137,342
2016,"49029",1132,436
2017,"49029",1112,435
2018,"49029",1160,432
2019,"49029",1568,450
2020,"49029",1541,487
2021,"49029",1429,315
2022,"49029",1540,290
2023,"49029",1640,302
2024,"49029",2056,344
2016,"49033",NA,NA
2017,"49033",NA,NA
2018,"49033",NA,NA
2019,"49033",NA,NA
2020,"49033",NA,NA
2022,"49033",NA,NA
2023,"49033",NA,NA
2024,"49033",NA,NA
2014,"49035",1111,32592
2015,"49035",1125,33872
2016,"49035",1108,37070
2017,"49035",1095,36417
2018,"49035",1153,37402
2019,"49035",1331,38258
2020,"49035",1352,34447
2021,"49035",1194,27652
2022,"49035",1403,26741
2023,"49035",1888,27631
2024,"49035",1816,33845
2014,"49037",932,86
2015,"49037",887,94
2016,"49037",966,101
2017,"49037",982,108
2018,"49037",780,107
2019,"49037",967,110
2020,"49037",998,92
2021,"49037",1029,67
2022,"49037",1557,84
2023,"49037",1522,80
2024,"49037",1977,106
2014,"49039",865,224
2015,"49039",920,246
2016,"49039",916,288
2017,"49039",912,273
2018,"49039",1183,323
2019,"49039",1202,320
2020,"49039",1068,357
2021,"49039",1099,363
2022,"49039",1346,351
2023,"49039",1613,354
2024,"49039",1856,522
2014,"49041",907,310
2015,"49041",902,320
2016,"49041",897,360
2017,"49041",1296,366
2018,"49041",1080,379
2019,"49041",1037,350
2020,"49041",1012,300
2021,"49041",1079,271
2022,"49041",1365,262
2023,"49041",1467,270
2024,"49041",1669,412
2014,"49043",1467,1098
2015,"49043",1627,1213
2016,"49043",1590,1333
2017,"49043",1636,1287
2018,"49043",1732,1343
2019,"49043",1958,1327
2020,"49043",2000,1341
2021,"49043",1961,974
2022,"49043",2525,855
2023,"49043",3650,846
2024,"49043",3622,886
2014,"49045",1003,1927
2015,"49045",989,2065
2016,"49045",962,2275
2017,"49045",1083,2226
2018,"49045",1282,2417
2019,"49045",1437,2690
2020,"49045",1106,2210
2021,"49045",1158,1925
2022,"49045",1340,1892
2023,"49045",1776,2007
2024,"49045",1677,2814
2014,"49047",963,593
2015,"49047",1031,649
2016,"49047",996,694
2017,"49047",1074,696
2018,"49047",1042,708
2019,"49047",1079,701
2020,"49047",1136,663
2021,"49047",1083,564
2022,"49047",1172,581
2023,"49047",1413,587
2024,"49047",1791,708
2014,"49049",1029,15685
2015,"49049",1025,16553
2016,"49049",1039,18472
2017,"49049",1017,18336
2018,"49049",1060,19147
2019,"49049",1139,19623
2020,"49049",1114,17737
2021,"49049",1217,13698
2022,"49049",1360,13185
2023,"49049",1792,13666
2024,"49049",1748,18506
2014,"49051",1202,872
2015,"49051",1173,932
2016,"49051",1207,1035
2017,"49051",1506,1080
2018,"49051",1479,1075
2019,"49051",1346,1085
2020,"49051",1305,1015
2021,"49051",1541,853
2022,"49051",1825,786
2023,"49051",2443,757
2024,"49051",2546,895
2014,"49053",951,3798
2015,"49053",932,4149
2016,"49053",933,4885
2017,"49053",918,4860
2018,"49053",1010,4931
2019,"49053",1023,5249
2020,"49053",1058,4829
2021,"49053",1070,4009
2022,"49053",1406,3878
2023,"49053",1627,4008
2024,"49053",1666,4981
2014,"49057",922,7524
2015,"49057",926,8132
2016,"49057",971,9425
2017,"49057",985,9396
2018,"49057",1045,10000
2019,"49057",1133,10691
2020,"49057",1095,9922
2021,"49057",1093,9416
2022,"49057",1351,8606
2023,"49057",1902,9496
2024,"49057",1750,10785
2014,"50001",1598,214
2015,"50001",1608,200
2016,"50001",1292,256
2017,"50001",1377,215
2018,"50001",1416,276
2019,"50001",1650,308
2020,"50001",2142,236
2021,"50001",1747,224
2022,"50001",1489,204
2023,"50001",1905,260
2014,"50003",2114,149
2015,"50003",2047,268
2016,"50003",1782,364
2017,"50003",1868,322
2018,"50003",1818,379
2019,"50003",2038,405
2020,"50003",2008,346
2021,"50003",1763,325
2022,"50003",1865,318
2023,"50003",2168,368
2014,"50005",1639,84
2015,"50005",1430,102
2016,"50005",1554,180
2017,"50005",1364,179
2018,"50005",1414,218
2019,"50005",1663,223
2020,"50005",1818,148
2021,"50005",1699,136
2022,"50005",1580,141
2023,"50005",1865,162
2014,"50007",1760,1709
2015,"50007",1618,1767
2016,"50007",1396,1729
2017,"50007",1366,1477
2018,"50007",1499,1558
2019,"50007",1554,1659
2020,"50007",1749,1122
2021,"50007",1795,1222
2022,"50007",1590,1046
2023,"50007",1848,1261
2016,"50009",NA,NA
2017,"50009",NA,NA
2018,"50009",NA,NA
2019,"50009",NA,NA
2020,"50009",NA,NA
2021,"50009",NA,NA
2022,"50009",NA,NA
2023,"50009",NA,NA
2014,"05001",1701,149
2015,"05001",1638,161
2016,"05001",1648,196
2017,"05001",1597,171
2018,"05001",1673,180
2019,"05001",1625,191
2020,"05001",1576,195
2021,"05001",1610,159
2022,"05001",1804,170
2023,"05001",2081,189
2024,"05001",2604,167
2014,"50011",1653,408
2015,"50011",1958,441
2016,"50011",1435,498
2017,"50011",1355,441
2018,"50011",1412,504
2019,"50011",1784,492
2020,"50011",1652,387
2021,"50011",1540,457
2022,"50011",1726,388
2023,"50011",2060,499
2014,"50013",2993,22
2015,"50013",1670,55
2016,"50013",1592,77
2017,"50013",1354,70
2018,"50013",1610,81
2019,"50013",1471,84
2020,"50013",1616,59
2021,"50013",1612,60
2022,"50013",1407,55
2023,"50013",2118,56
2014,"50015",1610,107
2015,"50015",1725,268
2016,"50015",1532,294
2017,"50015",1476,274
2018,"50015",1795,314
2019,"50015",1879,329
2020,"50015",2073,214
2021,"50015",1819,245
2022,"50015",1979,244
2023,"50015",2220,305
2014,"50017",1545,119
2015,"50017",1567,144
2016,"50017",1369,269
2017,"50017",1448,241
2018,"50017",1487,296
2019,"50017",1726,337
2020,"50017",1688,242
2021,"50017",2062,259
2022,"50017",1668,237
2023,"50017",1978,279
2014,"50019",1550,91
2015,"50019",1653,92
2016,"50019",1285,130
2017,"50019",1171,136
2018,"50019",1239,189
2019,"50019",1672,186
2020,"50019",1461,159
2021,"50019",1246,135
2022,"50019",1354,146
2023,"50019",1734,171
2014,"50021",1634,348
2015,"50021",1754,318
2016,"50021",1340,593
2017,"50021",1226,592
2018,"50021",1307,697
2019,"50021",1397,724
2020,"50021",1619,511
2021,"50021",1378,503
2022,"50021",1429,498
2023,"50021",1785,550
2014,"50023",1486,202
2015,"50023",1655,429
2016,"50023",1331,530
2017,"50023",1287,503
2018,"50023",1471,620
2019,"50023",1610,684
2020,"50023",1703,433
2021,"50023",1560,482
2022,"50023",1492,501
2023,"50023",1849,548
2014,"50025",1679,304
2015,"50025",1630,359
2016,"50025",1440,356
2017,"50025",1650,387
2018,"50025",1705,448
2019,"50025",1730,505
2020,"50025",1948,409
2021,"50025",1731,359
2022,"50025",1859,365
2023,"50025",2107,420
2014,"50027",1809,349
2015,"50027",2145,393
2016,"50027",1588,566
2017,"50027",1501,521
2018,"50027",1624,587
2019,"50027",1581,650
2020,"50027",1738,488
2021,"50027",1550,476
2022,"50027",1631,476
2023,"50027",2010,559
2014,"05003",1541,122
2015,"05003",1518,127
2016,"05003",1561,164
2017,"05003",1614,144
2018,"05003",1611,168
2019,"05003",1661,212
2020,"05003",1666,196
2021,"05003",1764,158
2022,"05003",1918,173
2023,"05003",2193,201
2024,"05003",2780,211
2014,"05005",1352,685
2015,"05005",1376,707
2016,"05005",1359,752
2017,"05005",1456,711
2018,"05005",1458,811
2019,"05005",1525,798
2020,"05005",1631,865
2021,"05005",1667,969
2022,"05005",1755,1078
2023,"05005",2029,1122
2024,"05005",2437,1119
2014,"05007",1561,5289
2015,"05007",1600,5567
2016,"05007",1708,6503
2017,"05007",1803,6465
2018,"05007",1891,7015
2019,"05007",1888,7037
2020,"05007",1847,6753
2021,"05007",1914,6391
2022,"05007",2243,6174
2023,"05007",2563,6469
2024,"05007",2979,6962
2014,"05009",1599,534
2015,"05009",1676,552
2016,"05009",1645,595
2017,"05009",1558,593
2018,"05009",1589,648
2019,"05009",1678,646
2020,"05009",1586,667
2021,"05009",1780,543
2022,"05009",1902,698
2023,"05009",2125,699
2024,"05009",2610,721
2014,"05011",1798,36
2015,"05011",1461,45
2016,"05011",1404,53
2017,"05011",1567,44
2018,"05011",1798,54
2019,"05011",1707,62
2020,"05011",1657,67
2021,"05011",2038,45
2022,"05011",2299,51
2023,"05011",2356,56
2024,"05011",2819,53
2016,"05013",NA,NA
2017,"05013",NA,NA
2018,"05013",NA,NA
2019,"05013",NA,NA
2020,"05013",NA,NA
2021,"05013",NA,NA
2022,"05013",NA,NA
2023,"05013",NA,NA
2024,"05013",NA,NA
2014,"05015",1595,303
2015,"05015",1687,318
2016,"05015",1740,346
2017,"05015",1682,321
2018,"05015",1762,344
2019,"05015",1786,352
2020,"05015",1741,327
2021,"05015",1921,268
2022,"05015",2067,288
2023,"05015",2286,314
2024,"05015",2845,332
2014,"05017",2169,65
2015,"05017",1947,63
2016,"05017",1889,79
2017,"05017",1916,82
2018,"05017",1983,99
2019,"05017",1957,97
2020,"05017",1927,95
2021,"05017",2195,65
2022,"05017",2243,64
2023,"05017",2539,60
2024,"05017",3136,56
2014,"05019",1795,234
2015,"05019",1848,238
2016,"05019",1993,288
2017,"05019",1798,269
2018,"05019",1750,307
2019,"05019",1720,323
2020,"05019",1767,303
2021,"05019",1874,244
2022,"05019",2109,267
2023,"05019",2274,261
2024,"05019",2626,263
2014,"05021",1386,53
2015,"05021",1375,63
2016,"05021",1400,81
2017,"05021",1451,66
2018,"05021",1575,94
2019,"05021",1527,112
2020,"05021",1557,130
2021,"05021",1421,71
2022,"05021",1561,82
2023,"05021",1749,89
2024,"05021",2084,92
2014,"05023",1718,613
2015,"05023",1678,604
2016,"05023",1674,658
2017,"05023",1681,578
2018,"05023",1696,694
2019,"05023",1720,729
2020,"05023",1653,684
2021,"05023",1797,691
2022,"05023",1992,667
2023,"05023",2226,673
2024,"05023",2673,679
2014,"05025",1310,62
2015,"05025",1498,62
2016,"05025",1450,71
2017,"05025",1384,75
2018,"05025",1520,91
2019,"05025",1597,90
2020,"05025",1638,92
2021,"05025",1820,83
2022,"05025",1870,80
2023,"05025",2019,94
2024,"05025",2842,81
2014,"05027",1363,93
2015,"05027",1479,105
2016,"05027",1641,127
2017,"05027",1609,121
2018,"05027",1624,130
2019,"05027",1677,142
2020,"05027",1606,163
2021,"05027",1767,130
2022,"05027",1976,149
2023,"05027",2356,164
2024,"05027",2872,169
2014,"05029",1625,220
2015,"05029",1550,250
2016,"05029",1581,307
2017,"05029",1598,277
2018,"05029",1627,287
2019,"05029",1688,300
2020,"05029",1609,302
2021,"05029",1894,215
2022,"05029",2013,246
2023,"05029",2295,239
2024,"05029",2729,246
2014,"05031",1627,2500
2015,"05031",1694,2685
2016,"05031",1727,3006
2017,"05031",1793,2858
2018,"05031",1767,3341
2019,"05031",1694,3364
2020,"05031",1800,2902
2021,"05031",1731,2956
2022,"05031",1973,2938
2023,"05031",2252,3102
2024,"05031",2607,3125
2014,"05033",1496,1050
2015,"05033",1527,1087
2016,"05033",1578,1194
2017,"05033",1656,1101
2018,"05033",1617,1281
2019,"05033",1721,1297
2020,"05033",1776,1238
2021,"05033",1749,1221
2022,"05033",2007,1191
2023,"05033",2223,1245
2024,"05033",2689,1256
2014,"05035",1618,967
2015,"05035",1701,1006
2016,"05035",1631,1130
2017,"05035",1651,1021
2018,"05035",1708,1133
2019,"05035",1735,1149
2020,"05035",1873,1047
2021,"05035",1794,934
2022,"05035",2031,954
2023,"05035",2218,989
2024,"05035",2669,981
2014,"05037",1694,297
2015,"05037",1698,315
2016,"05037",1677,350
2017,"05037",1655,338
2018,"05037",1780,365
2019,"05037",1761,371
2020,"05037",1779,340
2021,"05037",1966,290
2022,"05037",1912,308
2023,"05037",2164,306
2024,"05037",2697,296
2014,"05039",1357,30
2015,"05039",1358,30
2016,"05039",1265,38
2017,"05039",1485,31
2018,"05039",1492,45
2019,"05039",1596,44
2020,"05039",1589,37
2021,"05039",1707,39
2022,"05039",1919,37
2023,"05039",2244,42
2024,"05039",2793,41
2014,"05041",1731,59
2015,"05041",1464,66
2016,"05041",1513,80
2017,"05041",1404,65
2018,"05041",1479,76
2019,"05041",1610,74
2020,"05041",1655,79
2021,"05041",1574,71
2022,"05041",1813,75
2023,"05041",2019,86
2024,"05041",2647,69
2014,"05043",1642,184
2015,"05043",1630,185
2016,"05043",1645,203
2017,"05043",1732,190
2018,"05043",1773,201
2019,"05043",1800,193
2020,"05043",1733,181
2021,"05043",1902,166
2022,"05043",2186,178
2023,"05043",2366,178
2024,"05043",2977,163
2014,"05045",1647,3430
2015,"05045",1684,3598
2016,"05045",1753,4066
2017,"05045",1761,3816
2018,"05045",1765,4276
2019,"05045",1809,4314
2020,"05045",1781,4106
2021,"05045",1823,4011
2022,"05045",2115,3848
2023,"05045",2314,4061
2024,"05045",2690,3912
2014,"05047",1536,196
2015,"05047",1501,205
2016,"05047",1633,236
2017,"05047",1541,234
2018,"05047",1626,269
2019,"05047",1659,285
2020,"05047",1600,295
2021,"05047",1603,214
2022,"05047",1798,224
2023,"05047",2109,229
2024,"05047",2478,243
2014,"05049",1426,55
2015,"05049",1360,57
2016,"05049",1286,78
2017,"05049",1449,77
2018,"05049",1503,93
2019,"05049",1630,110
2020,"05049",1527,119
2021,"05049",1785,105
2022,"05049",1965,136
2023,"05049",2172,152
2024,"05049",2782,168
2014,"05051",1662,2224
2015,"05051",1656,2248
2016,"05051",1724,2425
2017,"05051",1827,2149
2018,"05051",1882,2439
2019,"05051",1927,2464
2020,"05051",1862,2218
2021,"05051",1946,1856
2022,"05051",1957,1737
2023,"05051",2187,1798
2024,"05051",2619,1856
2014,"05053",1599,292
2015,"05053",1612,324
2016,"05053",1613,393
2017,"05053",1726,382
2018,"05053",1717,418
2019,"05053",1732,426
2020,"05053",1760,419
2021,"05053",1784,442
2022,"05053",2080,490
2023,"05053",2272,488
2024,"05053",2754,529
2014,"05055",1513,606
2015,"05055",1486,633
2016,"05055",1486,749
2017,"05055",1552,685
2018,"05055",1624,801
2019,"05055",1685,865
2020,"05055",1635,806
2021,"05055",1645,728
2022,"05055",1884,776
2023,"05055",2118,784
2024,"05055",2576,865
2014,"05057",1534,116
2015,"05057",1526,124
2016,"05057",1459,133
2017,"05057",1555,125
2018,"05057",1603,147
2019,"05057",1623,152
2020,"05057",1619,154
2021,"05057",1740,100
2022,"05057",2151,104
2023,"05057",2118,109
2024,"05057",2646,104
2014,"05059",1689,388
2015,"05059",1669,427
2016,"05059",1716,478
2017,"05059",1502,495
2018,"05059",1797,552
2019,"05059",1777,552
2020,"05059",1745,537
2021,"05059",1806,439
2022,"05059",2021,416
2023,"05059",2294,447
2024,"05059",2785,483
2014,"05061",1157,58
2015,"05061",1273,69
2016,"05061",1368,82
2017,"05061",1654,103
2018,"05061",1688,103
2019,"05061",1716,113
2020,"05061",1712,116
2021,"05061",1802,92
2022,"05061",2009,96
2023,"05061",2229,105
2024,"05061",2761,118
2014,"05063",1496,311
2015,"05063",1529,360
2016,"05063",1583,472
2017,"05063",1563,484
2018,"05063",1558,490
2019,"05063",1607,532
2020,"05063",1615,624
2021,"05063",1819,628
2022,"05063",1961,624
2023,"05063",2180,666
2024,"05063",2599,691
2014,"05065",1499,57
2015,"05065",1370,58
2016,"05065",1406,71
2017,"05065",1417,77
2018,"05065",1586,107
2019,"05065",1661,125
2020,"05065",1710,135
2021,"05065",1958,126
2022,"05065",2101,144
2023,"05065",2256,156
2024,"05065",2623,167
2014,"05067",1533,86
2015,"05067",1457,112
2016,"05067",1358,125
2017,"05067",1300,112
2018,"05067",1406,119
2019,"05067",1504,124
2020,"05067",1538,124
2021,"05067",1666,108
2022,"05067",1730,111
2023,"05067",1955,120
2024,"05067",2481,137
2014,"05069",1667,1350
2015,"05069",1667,1460
2016,"05069",1638,1555
2017,"05069",1668,1453
2018,"05069",1743,1600
2019,"05069",1804,1538
2020,"05069",1799,1445
2021,"05069",1885,1220
2022,"05069",2032,1219
2023,"05069",2178,1250
2024,"05069",2781,1164
2014,"05071",1537,182
2015,"05071",1482,200
2016,"05071",1460,253
2017,"05071",1573,298
2018,"05071",1585,329
2019,"05071",1682,354
2020,"05071",1652,312
2021,"05071",1737,261
2022,"05071",1869,293
2023,"05071",2126,315
2024,"05071",2622,300
2018,"05073",NA,NA
2019,"05073",NA,NA
2020,"05073",NA,NA
2021,"05073",NA,NA
2022,"05073",NA,NA
2023,"05073",NA,NA
2024,"05073",NA,NA
2014,"05075",1268,94
2015,"05075",1308,112
2016,"05075",1347,134
2017,"05075",1341,128
2018,"05075",1244,144
2019,"05075",1370,150
2020,"05075",1394,159
2021,"05075",1507,154
2022,"05075",1683,160
2023,"05075",1922,179
2024,"05075",2369,182
2015,"05077",NA,NA
2016,"05077",NA,NA
2017,"05077",NA,NA
2018,"05077",NA,NA
2019,"05077",NA,NA
2020,"05077",NA,NA
2021,"05077",NA,NA
2022,"05077",NA,NA
2023,"05077",NA,NA
2024,"05077",NA,NA
2014,"05079",1254,65
2015,"05079",1420,74
2016,"05079",1430,73
2017,"05079",1448,64
2018,"05079",1479,72
2019,"05079",1494,74
2020,"05079",1379,68
2021,"05079",1563,54
2022,"05079",1762,69
2023,"05079",2076,70
2024,"05079",2574,70
2014,"05081",1550,76
2015,"05081",1541,86
2016,"05081",1501,100
2017,"05081",1529,94
2018,"05081",1492,116
2019,"05081",1510,126
2020,"05081",1781,119
2021,"05081",1800,78
2022,"05081",2317,77
2023,"05081",2260,80
2024,"05081",2617,91
2014,"05083",1391,149
2015,"05083",1496,175
2016,"05083",1421,208
2017,"05083",1421,197
2018,"05083",1555,216
2019,"05083",1633,234
2020,"05083",1380,228
2021,"05083",1479,199
2022,"05083",1824,238
2023,"05083",2124,255
2024,"05083",2581,275
2014,"05085",1608,2433
2015,"05085",1633,2526
2016,"05085",1644,3100
2017,"05085",1744,2781
2018,"05085",1793,3278
2019,"05085",1864,3308
2020,"05085",1844,3039
2021,"05085",1837,3103
2022,"05085",2041,2940
2023,"05085",2332,2879
2024,"05085",2655,2882
2014,"05087",1642,147
2015,"05087",1690,138
2016,"05087",1675,170
2017,"05087",1704,182
2018,"05087",1788,204
2019,"05087",1826,196
2020,"05087",1853,206
2021,"05087",1949,160
2022,"05087",2015,184
2023,"05087",2301,214
2024,"05087",2928,221
2014,"05089",1560,120
2015,"05089",1567,132
2016,"05089",1466,164
2017,"05089",1430,154
2018,"05089",1434,198
2019,"05089",1582,191
2020,"05089",1453,227
2021,"05089",1674,204
2022,"05089",1887,249
2023,"05089",2095,247
2024,"05089",2680,216
2014,"05091",1596,686
2015,"05091",1637,717
2016,"05091",1617,808
2017,"05091",1631,744
2018,"05091",1633,826
2019,"05091",1710,854
2020,"05091",1615,832
2021,"05091",1755,751
2022,"05091",1903,736
2023,"05091",2120,760
2024,"05091",2638,756
2014,"05095",NA,NA
2015,"05095",NA,NA
2016,"05095",NA,NA
2017,"05095",NA,NA
2018,"05095",NA,NA
2019,"05095",NA,NA
2020,"05095",NA,NA
2021,"05095",NA,NA
2022,"05095",NA,NA
2023,"05095",NA,NA
2014,"05097",1549,70
2015,"05097",1655,66
2016,"05097",1435,71
2017,"05097",1521,73
2018,"05097",1548,73
2019,"05097",1601,79
2020,"05097",1656,87
2021,"05097",1647,61
2022,"05097",1783,60
2023,"05097",2028,66
2024,"05097",2772,59
2014,"05099",1614,26
2015,"05099",1790,25
2016,"05099",1859,31
2017,"05099",1938,30
2018,"05099",1837,33
2019,"05099",1800,41
2020,"05099",1889,45
2021,"05099",1930,25
2022,"05099",2318,30
2023,"05099",2284,25
2024,"05099",2631,34
2014,"51001",1831,683
2015,"51001",1880,788
2016,"51001",1900,851
2017,"51001",1878,856
2018,"51001",1827,851
2019,"51001",1754,858
2020,"51001",1855,844
2021,"51001",1852,686
2022,"51001",2017,672
2023,"51001",2214,696
2024,"51001",2285,741
2014,"51003",1319,3681
2015,"51003",1392,3847
2016,"51003",1313,4380
2017,"51003",1320,4274
2018,"51003",1475,4365
2019,"51003",1455,4343
2020,"51003",1542,4488
2021,"51003",1512,3658
2022,"51003",1714,3384
2023,"51003",2118,3447
2024,"51003",2269,3574
2014,"51005",975,281
2015,"51005",1046,304
2016,"51005",1035,358
2017,"51005",1052,370
2018,"51005",1042,405
2019,"51005",1119,409
2020,"51005",1161,395
2021,"51005",1214,275
2022,"51005",1213,242
2023,"51005",1315,272
2024,"51005",1557,295
2014,"51007",1165,490
2015,"51007",1272,524
2016,"51007",1253,563
2017,"51007",1254,555
2018,"51007",1219,573
2019,"51007",1285,560
2020,"51007",1283,554
2021,"51007",1368,490
2022,"51007",1438,478
2023,"51007",1651,490
2024,"51007",1979,531
2014,"51009",974,1171
2015,"51009",966,1191
2016,"51009",982,1248
2017,"51009",1020,1222
2018,"51009",995,1197
2019,"51009",1044,1186
2020,"51009",1089,1179
2021,"51009",1075,1056
2022,"51009",1186,1025
2023,"51009",1314,1052
2024,"51009",1491,1160
2014,"51011",975,427
2015,"51011",965,468
2016,"51011",1041,534
2017,"51011",1010,494
2018,"51011",1042,507
2019,"51011",1120,512
2020,"51011",1140,518
2021,"51011",1145,483
2022,"51011",1256,452
2023,"51011",1399,483
2024,"51011",1582,552
2014,"51013",1773,6280
2015,"51013",1734,6440
2016,"51013",1692,7072
2017,"51013",1645,6677
2018,"51013",1801,6871
2019,"51013",1969,6657
2020,"51013",2134,6407
2021,"51013",2146,5205
2022,"51013",2466,5084
2023,"51013",2880,5130
2024,"51013",3217,5143
2014,"51015",993,2793
2015,"51015",1004,2859
2016,"51015",992,3072
2017,"51015",963,2901
2018,"51015",1008,2900
2019,"51015",1090,2753
2020,"51015",1080,2889
2021,"51015",1071,2368
2022,"51015",1192,2190
2023,"51015",1363,2272
2024,"51015",1641,2271
2014,"51017",1102,64
2015,"51017",1100,66
2016,"51017",1158,66
2017,"51017",1147,76
2018,"51017",1132,85
2019,"51017",1144,89
2020,"51017",1191,82
2021,"51017",1384,71
2022,"51017",1369,65
2023,"51017",1688,65
2024,"51017",1863,71
2014,"51019",1009,3378
2015,"51019",1098,3509
2016,"51019",1082,3822
2017,"51019",1053,3481
2018,"51019",1099,3397
2019,"51019",1202,3308
2020,"51019",1234,3241
2021,"51019",1236,2693
2022,"51019",1399,2778
2023,"51019",1707,2855
2024,"51019",2006,3149
2014,"51021",893,51
2015,"51021",1040,57
2016,"51021",1057,76
2017,"51021",968,74
2018,"51021",1119,77
2019,"51021",1150,83
2020,"51021",1113,81
2021,"51021",1049,67
2022,"51021",1232,67
2023,"51021",1421,58
2024,"51021",1538,63
2014,"51023",1056,1764
2015,"51023",1059,1824
2016,"51023",1075,1973
2017,"51023",1172,1950
2018,"51023",1112,1875
2019,"51023",1131,1813
2020,"51023",1171,1820
2021,"51023",1164,1400
2022,"51023",1457,1336
2023,"51023",1566,1282
2024,"51023",1753,1323
2014,"51025",1295,162
2015,"51025",1234,175
2016,"51025",1201,207
2017,"51025",1127,197
2018,"51025",1228,202
2019,"51025",1275,187
2020,"51025",1317,197
2021,"51025",1365,152
2022,"51025",1696,152
2023,"51025",1598,174
2024,"51025",1799,160
2016,"51027",NA,NA
2017,"51027",NA,NA
2018,"51027",NA,NA
2019,"51027",NA,NA
2020,"51027",NA,NA
2021,"51027",NA,NA
2022,"51027",NA,NA
2023,"51027",NA,NA
2024,"51027",NA,NA
2014,"51029",1088,286
2015,"51029",1147,301
2016,"51029",1140,334
2017,"51029",1171,342
2018,"51029",1181,361
2019,"51029",1221,308
2020,"51029",1166,344
2021,"51029",1299,285
2022,"51029",1432,300
2023,"51029",1633,328
2024,"51029",1884,331
2014,"05103",1532,170
2015,"05103",1499,177
2016,"05103",1563,214
2017,"05103",1619,210
2018,"05103",1585,243
2019,"05103",1754,265
2020,"05103",1621,263
2021,"05103",1755,202
2022,"05103",1973,216
2023,"05103",2235,225
2024,"05103",2621,223
2014,"51031",965,1629
2015,"51031",952,1707
2016,"51031",968,1809
2017,"51031",901,1686
2018,"51031",944,1725
2019,"51031",1045,1715
2020,"51031",1096,1651
2021,"51031",1073,1439
2022,"51031",1291,1474
2023,"51031",1458,1512
2024,"51031",1641,1647
2014,"51033",1301,1307
2015,"51033",1367,1365
2016,"51033",1277,1487
2017,"51033",1250,1397
2018,"51033",1281,1377
2019,"51033",1377,1352
2020,"51033",1411,1275
2021,"51033",1415,1120
2022,"51033",1595,1082
2023,"51033",1767,1073
2024,"51033",1947,1167
2014,"51035",909,393
2015,"51035",933,433
2016,"51035",879,523
2017,"51035",877,555
2018,"51035",878,590
2019,"51035",921,577
2020,"51035",1075,598
2021,"51035",1025,460
2022,"51035",1016,437
2023,"51035",1193,472
2024,"51035",1363,528
2014,"51036",1442,231
2015,"51036",1508,245
2016,"51036",1378,267
2017,"51036",1488,267
2018,"51036",1583,272
2019,"51036",1585,267
2020,"51036",1446,285
2021,"51036",1612,221
2022,"51036",1823,209
2023,"51036",2574,228
2024,"51036",2605,236
2014,"51037",1047,77
2015,"51037",1116,83
2016,"51037",1037,102
2017,"51037",1107,97
2018,"51037",1097,154
2019,"51037",1232,150
2020,"51037",1386,166
2021,"51037",1236,131
2022,"51037",1416,129
2023,"51037",1581,131
2024,"51037",1896,134
2014,"51041",1256,19692
2015,"51041",1271,20585
2016,"51041",1261,22784
2017,"51041",1341,21678
2018,"51041",1317,21935
2019,"51041",1467,21695
2020,"51041",1554,21815
2021,"51041",1538,17323
2022,"51041",1679,16271
2023,"51041",1846,16515
2024,"51041",2344,17478
2014,"51043",1527,790
2015,"51043",1653,836
2016,"51043",1755,934
2017,"51043",1778,882
2018,"51043",1675,905
2019,"51043",1879,920
2020,"51043",1941,905
2021,"51043",1822,734
2022,"51043",2006,728
2023,"51043",2228,733
2024,"51043",2538,801
2014,"51045",1287,34
2015,"51045",1206,34
2016,"51045",1335,42
2017,"51045",1274,40
2018,"51045",1151,39
2019,"51045",1319,42
2020,"51045",1329,47
2021,"51045",1335,34
2022,"51045",1299,29
2023,"51045",1615,35
2024,"51045",1808,27
2014,"51047",1381,2370
2015,"51047",1347,2454
2016,"51047",1364,2820
2017,"51047",1351,2635
2018,"51047",1328,2657
2019,"51047",1418,2680
2020,"51047",1476,2737
2021,"51047",1498,2267
2022,"51047",1637,2273
2023,"51047",1891,2290
2024,"51047",2204,2408
2014,"51049",1016,234
2015,"51049",1143,254
2016,"51049",1236,274
2017,"51049",1288,274
2018,"51049",1208,285
2019,"51049",1256,269
2020,"51049",1341,263
2021,"51049",1393,213
2022,"51049",1443,216
2023,"51049",1700,236
2024,"51049",1866,252
2014,"05105",1466,109
2015,"05105",1482,131
2016,"05105",1511,150
2017,"05105",1587,129
2018,"05105",1493,144
2019,"05105",1631,157
2020,"05105",1654,157
2021,"05105",1734,115
2022,"05105",1954,115
2023,"05105",2231,122
2024,"05105",2714,116
2014,"51051",NA,NA
2016,"51051",NA,NA
2017,"51051",NA,NA
2018,"51051",NA,NA
2019,"51051",NA,NA
2020,"51051",NA,NA
2021,"51051",NA,NA
2023,"51051",NA,NA
2024,"51051",NA,NA
2014,"51053",1312,852
2015,"51053",1296,868
2016,"51053",1308,925
2017,"51053",1325,862
2018,"51053",1333,885
2019,"51053",1501,868
2020,"51053",1613,884
2021,"51053",1529,745
2022,"51053",1640,738
2023,"51053",1887,777
2024,"51053",2152,819
2014,"51057",1424,255
2015,"51057",1596,287
2016,"51057",1378,301
2017,"51057",1277,303
2018,"51057",1349,324
2019,"51057",1462,312
2020,"51057",1503,302
2021,"51057",1660,252
2022,"51057",1750,276
2023,"51057",1804,279
2024,"51057",2088,302
2014,"51059",1721,43814
2015,"51059",1886,46171
2016,"51059",1717,50794
2017,"51059",1744,48758
2018,"51059",1941,49723
2019,"51059",2135,47392
2020,"51059",1966,43026
2021,"51059",1940,36187
2022,"51059",2338,34638
2023,"51059",2832,35294
2024,"51059",2892,37138
2014,"51061",1534,3793
2015,"51061",1607,4074
2016,"51061",1468,4540
2017,"51061",1539,4324
2018,"51061",1667,4412
2019,"51061",1711,4361
2020,"51061",1739,4257
2021,"51061",1745,3422
2022,"51061",2183,3388
2023,"51061",2461,3402
2024,"51061",2556,3640
2014,"51063",1040,380
2015,"51063",1098,393
2016,"51063",1129,479
2017,"51063",1134,469
2018,"51063",1185,479
2019,"51063",1218,485
2020,"51063",1154,471
2021,"51063",1240,411
2022,"51063",1441,364
2023,"51063",1636,377
2024,"51063",1850,382
2014,"51065",1194,1080
2015,"51065",1358,1170
2016,"51065",1185,1293
2017,"51065",1146,1210
2018,"51065",1267,1174
2019,"51065",1280,1145
2020,"51065",1318,1148
2021,"51065",1298,983
2022,"51065",1431,951
2023,"51065",1886,1013
2024,"51065",1927,1081
2014,"51067",1094,1923
2015,"51067",1129,2019
2016,"51067",1133,2161
2017,"51067",1086,2123
2018,"51067",1093,2126
2019,"51067",1256,2118
2020,"51067",1207,2088
2021,"51067",1291,1673
2022,"51067",1521,1529
2023,"51067",1529,1542
2024,"51067",1909,1576
2014,"51069",1182,4258
2015,"51069",1162,4552
2016,"51069",1208,4924
2017,"51069",1238,4753
2018,"51069",1253,4801
2019,"51069",1315,4719
2020,"51069",1371,4563
2021,"51069",1394,3872
2022,"51069",1518,3719
2023,"51069",1760,3713
2024,"51069",1945,4018
2014,"05107",1655,82
2015,"05107",1599,119
2016,"05107",1497,121
2017,"05107",1501,123
2018,"05107",1700,135
2019,"05107",1751,126
2020,"05107",1744,116
2021,"05107",1789,81
2022,"05107",1997,97
2023,"05107",2301,95
2024,"05107",2943,103
2014,"51071",1356,482
2015,"51071",1116,457
2016,"51071",1158,510
2017,"51071",1110,519
2018,"51071",1131,530
2019,"51071",1224,543
2020,"51071",1227,537
2021,"51071",1272,451
2022,"51071",1422,445
2023,"51071",1627,441
2024,"51071",1811,450
2014,"51073",1464,2286
2015,"51073",1458,2321
2016,"51073",1465,2644
2017,"51073",1469,2509
2018,"51073",1525,2499
2019,"51073",1565,2475
2020,"51073",1631,2388
2021,"51073",1692,1994
2022,"51073",1896,1781
2023,"51073",2128,1844
2024,"51073",2303,1894
2014,"51075",1574,1341
2015,"51075",1610,1412
2016,"51075",1599,1533
2017,"51075",1589,1451
2018,"51075",1642,1445
2019,"51075",1804,1439
2020,"51075",1901,1465
2021,"51075",1921,1139
2022,"51075",2137,1087
2023,"51075",2473,1101
2024,"51075",2792,1158
2014,"51077",904,148
2015,"51077",925,164
2016,"51077",872,223
2017,"51077",942,216
2018,"51077",961,255
2019,"51077",1017,254
2020,"51077",1153,252
2021,"51077",1141,189
2022,"51077",1147,185
2023,"51077",1334,209
2024,"51077",1424,233
2014,"51079",1065,774
2015,"51079",1112,797
2016,"51079",1137,970
2017,"51079",1103,920
2018,"51079",1159,902
2019,"51079",1299,888
2020,"51079",1371,912
2021,"51079",1415,722
2022,"51079",1538,694
2023,"51079",1685,739
2024,"51079",1966,715
2014,"51081",1210,106
2015,"51081",1228,112
2016,"51081",1032,117
2017,"51081",1053,118
2018,"51081",1156,122
2019,"51081",1220,121
2020,"51081",1319,114
2021,"51081",1334,99
2022,"51081",1493,99
2023,"51081",1687,105
2024,"51081",1881,117
2014,"51083",1054,627
2015,"51083",1090,688
2016,"51083",1057,762
2017,"51083",1084,732
2018,"51083",1106,791
2019,"51083",1223,777
2020,"51083",1205,823
2021,"51083",1276,599
2022,"51083",1432,570
2023,"51083",1645,641
2024,"51083",2070,643
2014,"51085",1241,6498
2015,"51085",1262,6777
2016,"51085",1236,7317
2017,"51085",1261,6885
2018,"51085",1348,6964
2019,"51085",1417,6944
2020,"51085",1420,7127
2021,"51085",1399,5600
2022,"51085",1604,5419
2023,"51085",1902,5476
2024,"51085",2261,5588
2014,"51087",1163,14662
2015,"51087",1209,15583
2016,"51087",1179,16700
2017,"51087",1172,15843
2018,"51087",1215,16012
2019,"51087",1298,15862
2020,"51087",1347,15954
2021,"51087",1353,12698
2022,"51087",1547,12152
2023,"51087",1900,12222
2024,"51087",2126,12696
2014,"51089",943,1099
2015,"51089",968,1158
2016,"51089",954,1210
2017,"51089",952,1174
2018,"51089",998,1261
2019,"51089",1033,1219
2020,"51089",1035,1186
2021,"51089",1120,946
2022,"51089",1210,894
2023,"51089",1356,935
2024,"51089",1611,976
2014,"05109",1415,51
2015,"05109",1440,53
2016,"05109",1494,65
2017,"05109",1464,61
2018,"05109",1501,65
2019,"05109",1653,71
2020,"05109",1583,71
2021,"05109",1535,50
2022,"05109",1942,53
2023,"05109",2254,55
2024,"05109",2667,58
2014,"51091",1176,29
2015,"51091",1185,35
2016,"51091",1075,33
2017,"51091",1149,31
2018,"51091",1187,35
2019,"51091",1276,36
2020,"51091",1209,35
2021,"51091",1486,22
2022,"51091",1683,23
2023,"51091",1829,21
2024,"51091",2083,31
2014,"51093",1839,1936
2015,"51093",2251,2037
2016,"51093",1759,2262
2017,"51093",1705,2109
2018,"51093",1714,2160
2019,"51093",1795,2093
2020,"51093",1953,2050
2021,"51093",1943,1775
2022,"51093",2123,1621
2023,"51093",2363,1677
2024,"51093",2771,1745
2014,"51095",1350,3096
2015,"51095",1338,3231
2016,"51095",1639,3662
2017,"51095",1472,3490
2018,"51095",1407,3373
2019,"51095",1542,3259
2020,"51095",1570,3169
2021,"51095",1603,2683
2022,"51095",1802,2460
2023,"51095",2141,2491
2024,"51095",2224,2473
2014,"51097",1417,127
2015,"51097",1505,177
2016,"51097",1458,196
2017,"51097",1470,178
2018,"51097",1513,187
2019,"51097",1498,200
2020,"51097",1481,205
2021,"51097",1462,190
2022,"51097",1748,173
2023,"51097",1919,184
2024,"51097",2212,205
2014,"51099",1342,1243
2015,"51099",1384,1287
2016,"51099",1371,1451
2017,"51099",1437,1342
2018,"51099",1517,1358
2019,"51099",1627,1299
2020,"51099",1669,1279
2021,"51099",1536,1098
2022,"51099",2089,1012
2023,"51099",2252,1048
2024,"51099",2337,1124
2014,"51101",1292,781
2015,"51101",1432,846
2016,"51101",1347,947
2017,"51101",1299,934
2018,"51101",1359,963
2019,"51101",1429,960
2020,"51101",1416,958
2021,"51101",1467,802
2022,"51101",1543,816
2023,"51101",1750,850
2024,"51101",2114,855
2014,"51103",1798,287
2015,"51103",2028,308
2016,"51103",1860,326
2017,"51103",1961,296
2018,"51103",2087,301
2019,"51103",2120,287
2020,"51103",2096,295
2021,"51103",2057,243
2022,"51103",2187,245
2023,"51103",2485,268
2024,"51103",2658,283
2014,"51105",888,74
2015,"51105",942,92
2016,"51105",953,99
2017,"51105",991,112
2018,"51105",989,145
2019,"51105",1202,157
2020,"51105",1097,161
2021,"51105",1292,105
2022,"51105",1413,103
2023,"51105",1488,124
2024,"51105",1797,143
2014,"51107",1892,16744
2015,"51107",1785,17536
2016,"51107",1847,19323
2017,"51107",1767,18870
2018,"51107",1852,19303
2019,"51107",1953,19157
2020,"51107",2116,18601
2021,"51107",2114,13494
2022,"51107",2607,13058
2023,"51107",2820,13272
2024,"51107",3077,14477
2014,"51109",1251,1547
2015,"51109",1339,1683
2016,"51109",1393,1821
2017,"51109",1287,1706
2018,"51109",1311,1716
2019,"51109",1446,1738
2020,"51109",1475,1786
2021,"51109",1498,1508
2022,"51109",1661,1473
2023,"51109",1987,1549
2024,"51109",2170,1693
2014,"05111",1410,217
2015,"05111",1497,227
2016,"05111",1531,250
2017,"05111",1539,229
2018,"05111",1516,282
2019,"05111",1523,292
2020,"05111",1538,267
2021,"05111",1626,240
2022,"05111",1719,244
2023,"05111",2142,262
2024,"05111",2555,295
2014,"51111",1093,132
2015,"51111",1140,140
2016,"51111",1118,170
2017,"51111",1075,151
2018,"51111",1305,165
2019,"51111",1203,176
2020,"51111",1289,184
2021,"51111",1399,142
2022,"51111",1716,128
2023,"51111",1684,146
2024,"51111",2036,163
2014,"51113",1208,520
2015,"51113",1190,547
2016,"51113",1260,628
2017,"51113",1189,606
2018,"51113",1210,597
2019,"51113",1550,610
2020,"51113",1424,628
2021,"51113",1378,491
2022,"51113",1540,499
2023,"51113",1563,548
2024,"51113",1865,552
2014,"51115",2115,249
2015,"51115",2282,268
2016,"51115",2039,316
2017,"51115",2046,331
2018,"51115",1894,338
2019,"51115",2028,309
2020,"51115",2256,316
2021,"51115",2203,275
2022,"51115",2320,255
2023,"51115",2566,255
2024,"51115",3022,258
2014,"51117",1256,519
2015,"51117",1271,560
2016,"51117",1219,624
2017,"51117",1255,620
2018,"51117",1351,647
2019,"51117",1370,601
2020,"51117",1446,641
2021,"51117",1435,493
2022,"51117",1606,477
2023,"51117",1854,554
2024,"51117",2054,568
2014,"51119",1676,375
2015,"51119",1659,399
2016,"51119",1561,454
2017,"51119",1575,437
2018,"51119",1704,456
2019,"51119",1618,434
2020,"51119",1650,412
2021,"51119",1651,356
2022,"51119",1819,332
2023,"51119",2188,342
2024,"51119",2346,349
2014,"51121",1281,2960
2015,"51121",1241,3086
2016,"51121",1334,3547
2017,"51121",1287,3431
2018,"51121",1323,3537
2019,"51121",1434,3597
2020,"51121",1485,3502
2021,"51121",1453,2798
2022,"51121",1588,2607
2023,"51121",1824,2570
2024,"51121",2113,2640
2014,"51125",1242,506
2015,"51125",1321,521
2016,"51125",1294,569
2017,"51125",1301,549
2018,"51125",1330,571
2019,"51125",1481,555
2020,"51125",1462,562
2021,"51125",1500,419
2022,"51125",1739,414
2023,"51125",1957,429
2024,"51125",2093,435
2014,"51127",1430,1149
2015,"51127",1363,1239
2016,"51127",1291,1328
2017,"51127",1399,1345
2018,"51127",1379,1328
2019,"51127",1524,1371
2020,"51127",1415,1364
2021,"51127",1474,1134
2022,"51127",1592,1078
2023,"51127",1826,1164
2024,"51127",2015,1204
2014,"05113",1447,144
2015,"05113",1566,162
2016,"05113",1530,193
2017,"05113",1631,172
2018,"05113",1682,195
2019,"05113",1716,218
2020,"05113",1782,222
2021,"05113",1841,218
2022,"05113",1956,213
2023,"05113",2254,228
2024,"05113",2851,215
2014,"51131",2134,226
2015,"51131",1887,256
2016,"51131",1817,262
2017,"51131",1943,265
2018,"51131",1957,258
2019,"51131",2021,279
2020,"51131",2003,290
2021,"51131",2069,241
2022,"51131",2365,239
2023,"51131",2558,246
2024,"51131",2639,265
2014,"51133",1630,233
2015,"51133",1799,282
2016,"51133",1502,316
2017,"51133",1618,328
2018,"51133",1588,345
2019,"51133",1716,352
2020,"51133",1811,353
2021,"51133",1727,273
2022,"51133",1922,288
2023,"51133",1990,321
2024,"51133",2298,364
2014,"51135",1205,95
2015,"51135",1205,112
2016,"51135",1168,276
2017,"51135",1145,268
2018,"51135",1297,294
2019,"51135",1352,269
2020,"51135",1310,270
2021,"51135",1368,210
2022,"51135",1583,212
2023,"51135",1744,247
2024,"51135",1831,261
2014,"51137",1212,1622
2015,"51137",1327,1719
2016,"51137",1267,1902
2017,"51137",1204,1781
2018,"51137",1266,1688
2019,"51137",1352,1628
2020,"51137",1455,1657
2021,"51137",1433,1349
2022,"51137",1574,1342
2023,"51137",1805,1430
2024,"51137",1977,1453
2014,"51139",1191,704
2015,"51139",1215,758
2016,"51139",1205,811
2017,"51139",1186,814
2018,"51139",1263,840
2019,"51139",1311,832
2020,"51139",1366,840
2021,"51139",1457,700
2022,"51139",1603,659
2023,"51139",1667,684
2024,"51139",1943,693
2014,"51141",962,305
2015,"51141",1013,328
2016,"51141",1023,388
2017,"51141",952,389
2018,"51141",1027,418
2019,"51141",1103,417
2020,"51141",1078,418
2021,"51141",1200,328
2022,"51141",1257,299
2023,"51141",1508,322
2024,"51141",1703,320
2014,"51143",928,1221
2015,"51143",971,1282
2016,"51143",938,1388
2017,"51143",933,1344
2018,"51143",984,1477
2019,"51143",1158,1470
2020,"51143",1109,1446
2021,"51143",1170,1075
2022,"51143",1231,1049
2023,"51143",1401,1092
2024,"51143",1691,1207
2014,"51145",1339,1972
2015,"51145",1309,2098
2016,"51145",1322,2254
2017,"51145",1354,2155
2018,"51145",1301,2214
2019,"51145",1425,2200
2020,"51145",1491,2292
2021,"51145",1635,1857
2022,"51145",1732,1730
2023,"51145",2099,1809
2024,"51145",2240,1861
2014,"51147",1125,351
2015,"51147",1233,389
2016,"51147",1159,460
2017,"51147",1161,446
2018,"51147",1234,476
2019,"51147",1268,427
2020,"51147",1395,463
2021,"51147",1348,335
2022,"51147",1539,315
2023,"51147",1749,338
2024,"51147",1907,384
2014,"51149",1267,1344
2015,"51149",1247,1376
2016,"51149",1195,1522
2017,"51149",1258,1447
2018,"51149",1246,1470
2019,"51149",1417,1443
2020,"51149",1450,1427
2021,"51149",1672,1252
2022,"51149",1657,1149
2023,"51149",2053,1242
2024,"51149",2252,1221
2014,"05115",1554,814
2015,"05115",1536,904
2016,"05115",1546,1073
2017,"05115",1596,1056
2018,"05115",1652,1222
2019,"05115",1697,1201
2020,"05115",1676,1171
2021,"05115",1731,958
2022,"05115",1917,975
2023,"05115",2164,1023
2024,"05115",2746,1217
2014,"51153",1653,18837
2015,"51153",1529,19614
2016,"51153",1515,22172
2017,"51153",1552,20762
2018,"51153",1521,17047
2019,"51153",1158,12897
2020,"51153",1248,11575
2021,"51153",1245,12068
2022,"51153",2083,14627
2023,"51153",2282,14810
2024,"51153",2506,15929
2014,"51155",1074,1021
2015,"51155",1040,1061
2016,"51155",1033,1143
2017,"51155",999,1135
2018,"51155",1083,1169
2019,"51155",1121,1161
2020,"51155",1143,1169
2021,"51155",1212,900
2022,"51155",1321,864
2023,"51155",1460,880
2024,"51155",1647,860
2014,"51157",1424,379
2015,"51157",1492,407
2016,"51157",1572,460
2017,"51157",1691,434
2018,"51157",1709,445
2019,"51157",1646,458
2020,"51157",1631,453
2021,"51157",1621,344
2022,"51157",1798,317
2023,"51157",2167,317
2024,"51157",2442,326
2014,"51159",1274,115
2015,"51159",1371,140
2016,"51159",1274,169
2017,"51159",1203,174
2018,"51159",1252,188
2019,"51159",1365,183
2020,"51159",1283,182
2021,"51159",1323,142
2022,"51159",1401,145
2023,"51159",1716,152
2024,"51159",1943,173
2014,"51161",959,4340
2015,"51161",991,4530
2016,"51161",996,5133
2017,"51161",973,4916
2018,"51161",1013,4872
2019,"51161",1100,4721
2020,"51161",1171,4647
2021,"51161",1143,3739
2022,"51161",1333,3410
2023,"51161",1605,3471
2024,"51161",1856,3622
2014,"51163",1240,481
2015,"51163",1170,514
2016,"51163",1104,568
2017,"51163",1086,636
2018,"51163",1074,652
2019,"51163",1182,626
2020,"51163",1235,624
2021,"51163",1230,471
2022,"51163",1376,465
2023,"51163",1587,449
2024,"51163",1718,443
2014,"51165",1008,2544
2015,"51165",1059,2674
2016,"51165",1096,2858
2017,"51165",1067,2759
2018,"51165",1087,2824
2019,"51165",1133,2815
2020,"51165",1131,2829
2021,"51165",1154,2380
2022,"51165",1328,2207
2023,"51165",1538,2299
2024,"51165",1583,2322
2014,"51167",1013,117
2015,"51167",1098,172
2016,"51167",1089,256
2017,"51167",1103,245
2018,"51167",1105,262
2019,"51167",1167,271
2020,"51167",1186,265
2021,"51167",1185,200
2022,"51167",1327,193
2023,"51167",1430,196
2024,"51167",1757,214
2014,"51169",1122,81
2015,"51169",1053,84
2016,"51169",1072,134
2017,"51169",1192,151
2018,"51169",1168,166
2019,"51169",1169,171
2020,"51169",1182,172
2021,"51169",1270,129
2022,"51169",1420,125
2023,"51169",1695,152
2024,"51169",1881,184
2014,"05117",1755,51
2015,"05117",1453,55
2016,"05117",1515,57
2017,"05117",1485,53
2018,"05117",1590,64
2019,"05117",1713,68
2020,"05117",1748,65
2021,"05117",2014,56
2022,"05117",2326,56
2023,"05117",2239,52
2024,"05117",2605,49
2014,"51171",1230,1861
2015,"51171",1210,1963
2016,"51171",1193,2087
2017,"51171",1209,2010
2018,"51171",1252,1975
2019,"51171",1340,1899
2020,"51171",1327,1922
2021,"51171",1342,1656
2022,"51171",1576,1610
2023,"51171",1773,1621
2024,"51171",1892,1704
2014,"51173",989,366
2015,"51173",942,396
2016,"51173",1018,432
2017,"51173",907,416
2018,"51173",972,449
2019,"51173",1055,444
2020,"51173",1103,415
2021,"51173",1152,373
2022,"51173",1203,379
2023,"51173",1479,378
2024,"51173",1635,391
2014,"51175",1402,407
2015,"51175",1432,433
2016,"51175",1355,496
2017,"51175",1405,462
2018,"51175",1452,464
2019,"51175",1498,468
2020,"51175",1553,483
2021,"51175",1524,393
2022,"51175",1692,377
2023,"51175",1884,392
2024,"51175",2174,354
2014,"51177",1292,6763
2015,"51177",1322,7071
2016,"51177",1302,7963
2017,"51177",1309,7380
2018,"51177",1350,7234
2019,"51177",1467,7093
2020,"51177",1495,6812
2021,"51177",1451,5661
2022,"51177",1604,5460
2023,"51177",1882,5663
2024,"51177",2186,5847
2014,"51179",1439,7189
2015,"51179",1431,7409
2016,"51179",1410,8695
2017,"51179",1468,8001
2018,"51179",1564,7893
2019,"51179",1736,7792
2020,"51179",1822,7335
2021,"51179",1715,6096
2022,"51179",1958,5595
2023,"51179",2375,5843
2024,"51179",2616,6145
2014,"51181",1442,161
2015,"51181",1453,188
2016,"51181",1435,207
2017,"51181",1449,240
2018,"51181",1378,230
2019,"51181",1567,231
2020,"51181",1371,247
2021,"51181",1504,195
2022,"51181",1738,194
2023,"51181",1966,211
2024,"51181",2239,216
2014,"51183",1326,194
2015,"51183",1169,192
2016,"51183",1340,256
2017,"51183",1297,263
2018,"51183",1325,268
2019,"51183",1420,256
2020,"51183",1436,256
2021,"51183",1473,219
2022,"51183",1569,237
2023,"51183",1953,258
2024,"51183",2201,255
2014,"51185",1182,401
2015,"51185",1217,454
2016,"51185",1187,495
2017,"51185",1121,497
2018,"51185",1086,552
2019,"51185",1182,605
2020,"51185",1152,587
2021,"51185",1231,466
2022,"51185",1336,471
2023,"51185",1462,493
2024,"51185",1836,513
2014,"51187",1289,2020
2015,"51187",1327,2228
2016,"51187",1347,2488
2017,"51187",1355,2396
2018,"51187",1360,2460
2019,"51187",1466,2463
2020,"51187",1463,2441
2021,"51187",1468,2049
2022,"51187",1598,2021
2023,"51187",1807,2061
2024,"51187",2037,2243
2014,"05119",1593,11116
2015,"05119",1774,12014
2016,"05119",1838,13829
2017,"05119",1869,12459
2018,"05119",1739,13852
2019,"05119",1960,13914
2020,"05119",1947,13187
2021,"05119",1697,12016
2022,"05119",1935,11452
2023,"05119",2255,11930
2024,"05119",2855,10392
2014,"51191",1160,833
2015,"51191",1176,875
2016,"51191",1129,988
2017,"51191",1121,964
2018,"51191",1119,990
2019,"51191",1210,988
2020,"51191",1233,990
2021,"51191",1335,697
2022,"51191",1465,643
2023,"51191",1650,687
2024,"51191",1935,723
2014,"51193",1538,586
2015,"51193",1742,646
2016,"51193",1624,710
2017,"51193",1736,701
2018,"51193",1659,749
2019,"51193",1770,749
2020,"51193",1735,745
2021,"51193",1494,627
2022,"51193",1656,618
2023,"51193",2295,678
2024,"51193",2391,742
2014,"51195",1156,273
2015,"51195",1199,301
2016,"51195",1177,331
2017,"51195",1197,340
2018,"51195",1222,376
2019,"51195",1301,384
2020,"51195",1237,418
2021,"51195",1375,310
2022,"51195",1458,303
2023,"51195",1613,325
2024,"51195",1885,382
2014,"51197",984,331
2015,"51197",1088,349
2016,"51197",1078,422
2017,"51197",1052,409
2018,"51197",1061,453
2019,"51197",1223,474
2020,"51197",1117,483
2021,"51197",1141,358
2022,"51197",1290,367
2023,"51197",1574,391
2024,"51197",1742,387
2014,"51199",1567,3666
2015,"51199",1521,3665
2016,"51199",1618,4120
2017,"51199",1712,3828
2018,"51199",1821,3833
2019,"51199",1248,3121
2020,"51199",1675,3409
2021,"51199",1872,2862
2022,"51199",2238,2503
2023,"51199",2399,2604
2024,"51199",2865,2580
2014,"05121",1425,112
2015,"05121",1430,128
2016,"05121",1427,156
2017,"05121",1502,162
2018,"05121",1561,196
2019,"05121",1640,209
2020,"05121",1603,209
2021,"05121",1661,162
2022,"05121",1930,194
2023,"05121",2330,186
2024,"05121",2610,188
2014,"05123",1666,223
2015,"05123",1692,222
2016,"05123",1569,248
2017,"05123",1702,217
2018,"05123",1681,254
2019,"05123",1773,252
2020,"05123",1761,233
2021,"05123",1678,181
2022,"05123",1889,182
2023,"05123",2084,195
2024,"05123",2431,185
2014,"05125",1613,3408
2015,"05125",1593,3596
2016,"05125",1601,4071
2017,"05125",1670,3727
2018,"05125",1752,4319
2019,"05125",1812,4394
2020,"05125",1761,3977
2021,"05125",1766,4004
2022,"05125",2003,3818
2023,"05125",2343,3964
2024,"05125",2662,3915
2014,"05127",1380,52
2015,"05127",1317,61
2016,"05127",1356,68
2017,"05127",1380,60
2018,"05127",1445,68
2019,"05127",1494,68
2020,"05127",1422,58
2021,"05127",1540,64
2022,"05127",1888,66
2023,"05127",1919,72
2024,"05127",2611,64
2014,"05129",1499,38
2015,"05129",1639,46
2016,"05129",1594,59
2017,"05129",1638,59
2018,"05129",1911,83
2019,"05129",1828,79
2020,"05129",1753,83
2021,"05129",1850,62
2022,"05129",2050,60
2023,"05129",2433,71
2024,"05129",2986,65
2014,"05131",1446,2356
2015,"05131",1354,2405
2016,"05131",1572,2738
2017,"05131",1600,2467
2018,"05131",1639,2822
2019,"05131",1752,2859
2020,"05131",1704,2699
2021,"05131",1717,2685
2022,"05131",1987,2583
2023,"05131",2209,2579
2024,"05131",2585,2533
2014,"05133",1554,85
2015,"05133",1357,96
2016,"05133",1445,120
2017,"05133",1437,123
2018,"05133",1538,140
2019,"05133",1543,136
2020,"05133",1530,143
2021,"05133",1767,81
2022,"05133",1991,85
2023,"05133",2139,98
2024,"05133",3002,83
2014,"05135",1199,108
2015,"05135",1338,125
2016,"05135",1311,144
2017,"05135",1440,156
2018,"05135",1413,191
2019,"05135",1553,234
2020,"05135",1479,247
2021,"05135",1613,225
2022,"05135",1807,283
2023,"05135",1978,270
2024,"05135",2382,301
2014,"05137",1620,125
2015,"05137",1704,136
2016,"05137",1565,162
2017,"05137",1461,140
2018,"05137",1593,170
2019,"05137",1758,165
2020,"05137",1628,166
2021,"05137",1843,128
2022,"05137",2126,134
2023,"05137",2337,147
2024,"05137",2956,167
2014,"05139",1702,689
2015,"05139",1743,717
2016,"05139",1749,805
2017,"05139",1757,738
2018,"05139",1766,831
2019,"05139",1826,863
2020,"05139",1813,823
2021,"05139",1846,786
2022,"05139",1996,711
2023,"05139",2250,714
2024,"05139",2728,757
2014,"05141",1629,219
2015,"05141",1611,235
2016,"05141",1695,258
2017,"05141",1697,224
2018,"05141",1695,253
2019,"05141",1707,253
2020,"05141",1767,241
2021,"05141",1693,231
2022,"05141",1968,240
2023,"05141",2315,278
2024,"05141",2729,274
2014,"05143",1553,4089
2015,"05143",1617,4246
2016,"05143",1642,4908
2017,"05143",1721,4696
2018,"05143",1757,5206
2019,"05143",1803,5465
2020,"05143",1837,5303
2021,"05143",1912,5006
2022,"05143",2213,4657
2023,"05143",2481,4957
2024,"05143",2965,4913
2014,"05145",1419,1367
2015,"05145",1619,1355
2016,"05145",1662,1585
2017,"05145",1705,1477
2018,"05145",1652,1798
2019,"05145",1683,1839
2020,"05145",1691,1747
2021,"05145",1656,1903
2022,"05145",2009,1740
2023,"05145",2216,1800
2024,"05145",2619,1787
2014,"05147",NA,NA
2015,"05147",NA,NA
2016,"05147",NA,NA
2017,"05147",NA,NA
2018,"05147",NA,NA
2019,"05147",NA,NA
2020,"05147",NA,NA
2021,"05147",NA,NA
2022,"05147",NA,NA
2023,"05147",NA,NA
2014,"05149",1455,155
2015,"05149",1456,159
2016,"05149",1452,196
2017,"05149",1538,199
2018,"05149",1554,229
2019,"05149",1588,263
2020,"05149",1681,256
2021,"05149",1811,200
2022,"05149",1936,205
2023,"05149",2129,229
2024,"05149",2678,246
2014,"51510",1946,3983
2015,"51510",1864,4186
2016,"51510",1716,4561
2017,"51510",1825,4392
2018,"51510",2035,4466
2019,"51510",2171,4347
2020,"51510",2175,4082
2021,"51510",2311,3262
2022,"51510",2605,3128
2023,"51510",3080,3156
2024,"51510",2990,3247
2014,"51520",897,288
2015,"51520",1008,332
2016,"51520",1035,349
2017,"51520",1176,345
2018,"51520",1177,379
2019,"51520",1280,353
2020,"51520",1226,350
2021,"51520",1440,259
2022,"51520",1498,259
2023,"51520",1655,268
2024,"51520",1966,269
2014,"51530",933,150
2015,"51530",890,162
2016,"51530",888,179
2017,"51530",909,196
2018,"51530",926,195
2019,"51530",989,192
2020,"51530",1043,194
2021,"51530",1056,148
2022,"51530",1143,143
2023,"51530",1222,133
2024,"51530",1624,139
2014,"51540",1160,1321
2015,"51540",1244,1405
2016,"51540",1195,1612
2017,"51540",1196,1622
2018,"51540",1669,1664
2019,"51540",1357,1615
2020,"51540",1447,1689
2021,"51540",1441,1363
2022,"51540",1628,1258
2023,"51540",2021,1264
2024,"51540",2223,1278
2014,"51550",1704,12997
2015,"51550",1653,13329
2016,"51550",1724,15079
2017,"51550",1695,14249
2018,"51550",1747,14239
2019,"51550",1886,14153
2020,"51550",1893,14169
2021,"51550",1762,12411
2022,"51550",1970,10662
2023,"51550",2335,11187
2024,"51550",2644,11412
2014,"51570",1102,951
2015,"51570",1079,991
2016,"51570",1103,1071
2017,"51570",1096,1020
2018,"51570",1197,1022
2019,"51570",1282,951
2020,"51570",1327,998
2021,"51570",1320,848
2022,"51570",1506,789
2023,"51570",1770,825
2024,"51570",2010,849
2014,"51580",844,127
2015,"51580",920,150
2016,"51580",949,173
2017,"51580",897,186
2018,"51580",1006,193
2019,"51580",1055,193
2020,"51580",1126,180
2021,"51580",1154,128
2022,"51580",1218,126
2023,"51580",1396,122
2024,"51580",1690,127
2014,"51590",920,1117
2015,"51590",960,1160
2016,"51590",958,1233
2017,"51590",968,1199
2018,"51590",988,1302
2019,"51590",1095,1229
2020,"51590",1058,1221
2021,"51590",1100,965
2022,"51590",1181,940
2023,"51590",1365,950
2024,"51590",1585,958
2014,"51595",980,96
2015,"51595",1096,107
2016,"51595",1054,114
2017,"51595",1031,106
2018,"51595",1047,111
2019,"51595",1112,107
2020,"51595",1317,102
2021,"51595",1342,81
2022,"51595",1507,76
2023,"51595",1785,85
2024,"51595",1926,84
2014,"51600",1721,934
2015,"51600",2526,1045
2016,"51600",2581,1154
2017,"51600",2566,1094
2018,"51600",1672,1096
2019,"51600",1867,835
2020,"51600",1864,846
2021,"51600",1810,796
2022,"51600",2140,808
2023,"51600",2749,812
2024,"51600",2734,858
2014,"51610",1735,628
2015,"51610",2305,755
2016,"51610",3355,823
2017,"51610",4815,751
2018,"51610",5306,796
2019,"51610",3119,785
2020,"51610",3564,733
2021,"51610",2969,558
2022,"51610",2976,508
2023,"51610",3737,551
2024,"51610",3844,533
2014,"51620",1416,170
2015,"51620",1354,167
2016,"51620",1224,195
2017,"51620",1227,187
2018,"51620",1352,188
2019,"51620",1456,190
2020,"51620",1492,191
2021,"51620",1333,155
2022,"51620",1487,140
2023,"51620",1886,148
2024,"51620",1893,150
2014,"51630",2318,768
2015,"51630",1466,787
2016,"51630",1415,876
2017,"51630",1482,837
2018,"51630",1397,865
2019,"51630",1495,864
2020,"51630",1781,862
2021,"51630",1633,700
2022,"51630",1798,715
2023,"51630",2227,725
2024,"51630",2124,769
2014,"51640",837,43
2015,"51640",825,44
2016,"51640",811,67
2017,"51640",757,70
2018,"51640",791,75
2019,"51640",804,77
2020,"51640",913,83
2021,"51640",972,65
2022,"51640",1022,61
2023,"51640",1143,61
2024,"51640",1473,69
2014,"51650",3037,6426
2015,"51650",1671,6396
2016,"51650",1728,7158
2017,"51650",1719,6510
2018,"51650",1729,6620
2019,"51650",1808,6385
2020,"51650",1956,6265
2021,"51650",1962,5709
2022,"51650",2187,5284
2023,"51650",2438,5561
2024,"51650",2696,5632
2014,"51660",1060,621
2015,"51660",1078,648
2016,"51660",1108,672
2017,"51660",1059,653
2018,"51660",1066,662
2019,"51660",1120,627
2020,"51660",1199,639
2021,"51660",1221,514
2022,"51660",1377,498
2023,"51660",1676,530
2024,"51660",1625,523
2014,"51670",1100,825
2015,"51670",1082,852
2016,"51670",1018,954
2017,"51670",1041,926
2018,"51670",1053,921
2019,"51670",1194,914
2020,"51670",1194,891
2021,"51670",1329,743
2022,"51670",1398,738
2023,"51670",1781,754
2024,"51670",2123,755
2014,"51678",1146,266
2015,"51678",1035,277
2016,"51678",1012,293
2017,"51678",1075,331
2018,"51678",1085,350
2019,"51678",1171,329
2020,"51678",1187,323
2021,"51678",1185,257
2022,"51678",1286,230
2023,"51678",1472,215
2024,"51678",1675,226
2014,"51680",891,2428
2015,"51680",892,2472
2016,"51680",895,2686
2017,"51680",886,2512
2018,"51680",927,2590
2019,"51680",1006,2509
2020,"51680",1109,2501
2021,"51680",1043,2124
2022,"51680",1294,2130
2023,"51680",1440,2189
2024,"51680",1574,2411
2014,"51683",1809,1519
2015,"51683",1638,1681
2016,"51683",1542,1777
2017,"51683",1488,1701
2018,"51683",2399,1284
2019,"51683",2331,1241
2020,"51683",1579,1511
2021,"51683",1485,1349
2022,"51683",1440,1286
2023,"51683",1827,1355
2024,"51683",2215,1472
2014,"51685",1947,677
2015,"51685",1524,694
2016,"51685",1496,766
2017,"51685",1497,716
2018,"51685",1379,627
2019,"51685",1186,506
2020,"51685",1251,479
2021,"51685",1302,471
2022,"51685",1867,561
2023,"51685",2184,574
2024,"51685",2432,608
2014,"51690",1025,324
2015,"51690",1050,335
2016,"51690",1096,346
2017,"51690",1045,321
2018,"51690",1083,345
2019,"51690",1066,344
2020,"51690",1122,322
2021,"51690",1139,266
2022,"51690",1315,245
2023,"51690",1450,249
2024,"51690",1678,257
2014,"51700",1470,6833
2015,"51700",1387,6982
2016,"51700",1288,7577
2017,"51700",1283,7006
2018,"51700",1314,7086
2019,"51700",1421,6775
2020,"51700",1508,6647
2021,"51700",1517,5779
2022,"51700",1882,5438
2023,"51700",2111,5671
2024,"51700",2309,5701
2014,"51710",1805,7392
2015,"51710",1776,7758
2016,"51710",1781,8909
2017,"51710",1794,8080
2018,"51710",1827,8394
2019,"51710",2030,8343
2020,"51710",1978,8271
2021,"51710",1890,7645
2022,"51710",2051,7058
2023,"51710",2461,7443
2024,"51710",2688,7929
2014,"51720",1056,20
2015,"51720",1073,27
2016,"51720",1260,28
2017,"51720",1333,33
2018,"51720",1130,41
2019,"51720",1200,41
2020,"51720",981,46
2021,"51720",1239,23
2022,"51720",1349,23
2023,"51720",1534,25
2024,"51720",2257,24
2014,"51730",1198,877
2015,"51730",1173,914
2016,"51730",1207,978
2017,"51730",1193,950
2018,"51730",1249,927
2019,"51730",1362,943
2020,"51730",1416,947
2021,"51730",1452,825
2022,"51730",1492,843
2023,"51730",1785,904
2024,"51730",2134,915
2014,"51735",2474,722
2015,"51735",2656,846
2016,"51735",2754,934
2017,"51735",2609,866
2018,"51735",2708,886
2019,"51735",2854,885
2020,"51735",2889,858
2021,"51735",2919,671
2022,"51735",3289,612
2023,"51735",3337,623
2024,"51735",3758,644
2014,"51740",1485,3908
2015,"51740",1507,4015
2016,"51740",1606,4510
2017,"51740",1571,4103
2018,"51740",1591,4188
2019,"51740",1596,4077
2020,"51740",1643,4017
2021,"51740",1659,3778
2022,"51740",1878,3628
2023,"51740",2210,3786
2024,"51740",2343,4027
2014,"51750",1020,384
2015,"51750",924,417
2016,"51750",944,463
2017,"51750",978,467
2018,"51750",1050,453
2019,"51750",1102,466
2020,"51750",1137,448
2021,"51750",1123,368
2022,"51750",1307,323
2023,"51750",1457,336
2024,"51750",1755,334
2014,"51760",1211,6671
2015,"51760",1231,7148
2016,"51760",1218,7968
2017,"51760",1302,7629
2018,"51760",1280,7712
2019,"51760",1471,7828
2020,"51760",1533,7980
2021,"51760",1469,6407
2022,"51760",1744,6319
2023,"51760",2165,6369
2024,"51760",2189,6685
2014,"51770",896,3679
2015,"51770",884,3804
2016,"51770",900,4323
2017,"51770",910,4100
2018,"51770",939,4074
2019,"51770",1052,3981
2020,"51770",1036,3833
2021,"51770",1069,3148
2022,"51770",1207,2952
2023,"51770",1429,3040
2024,"51770",1790,3194
2014,"51775",991,1303
2015,"51775",980,1353
2016,"51775",1010,1568
2017,"51775",1001,1520
2018,"51775",984,1515
2019,"51775",1082,1449
2020,"51775",1116,1432
2021,"51775",1144,1134
2022,"51775",1243,1061
2023,"51775",1402,1057
2024,"51775",1667,1107
2014,"51790",1008,1016
2015,"51790",948,1005
2016,"51790",929,1083
2017,"51790",956,1033
2018,"51790",972,1058
2019,"51790",1089,1018
2020,"51790",1087,1054
2021,"51790",1113,884
2022,"51790",1177,826
2023,"51790",1504,890
2024,"51790",1623,908
2014,"51800",1926,4507
2015,"51800",1836,4614
2016,"51800",1958,5165
2017,"51800",1831,4718
2018,"51800",1923,4728
2019,"51800",2000,4574
2020,"51800",2002,4338
2021,"51800",1991,3947
2022,"51800",2235,3614
2023,"51800",2625,3699
2024,"51800",2868,3825
2014,"51810",1884,21199
2015,"51810",1985,22013
2016,"51810",1975,24821
2017,"51810",1903,23037
2018,"51810",1898,22599
2019,"51810",1911,21540
2020,"51810",2009,21857
2021,"51810",1957,18510
2022,"51810",2156,16199
2023,"51810",2603,16792
2024,"51810",2941,16669
2014,"51820",919,758
2015,"51820",953,806
2016,"51820",891,864
2017,"51820",918,824
2018,"51820",1027,879
2019,"51820",1123,643
2020,"51820",1055,810
2021,"51820",1121,745
2022,"51820",1261,725
2023,"51820",1374,752
2024,"51820",1570,784
2014,"51830",1424,575
2015,"51830",1458,623
2016,"51830",1669,689
2017,"51830",1533,640
2018,"51830",1501,618
2019,"51830",1528,587
2020,"51830",1698,566
2021,"51830",1719,473
2022,"51830",1967,433
2023,"51830",2246,421
2024,"51830",2407,460
2014,"51840",1055,972
2015,"51840",1103,1046
2016,"51840",1126,1149
2017,"51840",1089,1101
2018,"51840",1105,1123
2019,"51840",1211,1068
2020,"51840",1244,1037
2021,"51840",1276,895
2022,"51840",1389,837
2023,"51840",1754,848
2024,"51840",1890,942
2014,"53001",1126,144
2015,"53001",1090,152
2016,"53001",1142,195
2017,"53001",1156,193
2018,"53001",1605,189
2019,"53001",1164,183
2020,"53001",1481,183
2021,"53001",1517,192
2022,"53001",1490,190
2023,"53001",1652,191
2024,"53001",2171,224
2014,"53003",983,505
2015,"53003",1011,511
2016,"53003",1056,558
2017,"53003",1104,553
2018,"53003",1165,510
2019,"53003",1096,547
2020,"53003",1140,535
2021,"53003",1209,530
2022,"53003",1362,450
2023,"53003",1530,534
2024,"53003",1905,585
2014,"53005",1067,5905
2015,"53005",1066,5767
2016,"53005",1109,6611
2017,"53005",1116,6224
2018,"53005",1564,6069
2019,"53005",1227,5858
2020,"53005",1409,5114
2021,"53005",1408,4605
2022,"53005",1588,4170
2023,"53005",1660,4792
2024,"53005",2323,5889
2014,"53007",1201,1733
2015,"53007",1195,1724
2016,"53007",1261,1873
2017,"53007",1257,1811
2018,"53007",1405,1778
2019,"53007",1360,1815
2020,"53007",1471,1707
2021,"53007",1522,1436
2022,"53007",1735,1356
2023,"53007",2002,1413
2024,"53007",2298,1513
2014,"53009",1107,1083
2015,"53009",1030,1058
2016,"53009",1027,1420
2017,"53009",1078,1397
2018,"53009",1203,1509
2019,"53009",1125,1506
2020,"53009",1472,1447
2021,"53009",1463,1206
2022,"53009",1390,1042
2023,"53009",1552,1133
2024,"53009",1776,1612
2014,"53011",1050,12502
2015,"53011",1113,12263
2016,"53011",1082,14483
2017,"53011",1136,14431
2018,"53011",1493,14142
2019,"53011",1269,14482
2020,"53011",1279,13054
2021,"53011",1335,11498
2022,"53011",1455,10607
2023,"53011",1715,11948
2024,"53011",1848,14032
2014,"53013",1534,70
2015,"53013",1343,59
2016,"53013",1431,72
2017,"53013",1364,66
2018,"53013",1469,68
2019,"53013",1461,70
2020,"53013",1296,71
2021,"53013",1549,60
2022,"53013",1935,45
2023,"53013",1797,51
2024,"53013",2414,66
2014,"53015",1090,2717
2015,"53015",1127,2769
2016,"53015",1099,3054
2017,"53015",1164,2946
2018,"53015",1424,2916
2019,"53015",1253,2917
2020,"53015",1446,2672
2021,"53015",1437,2216
2022,"53015",1520,2006
2023,"53015",1728,2450
2024,"53015",1912,2831
2014,"53017",1146,955
2015,"53017",1134,952
2016,"53017",1086,1050
2017,"53017",1093,991
2018,"53017",1338,996
2019,"53017",1224,1041
2020,"53017",1348,928
2021,"53017",1384,782
2022,"53017",1426,710
2023,"53017",1764,790
2024,"53017",1999,867
2014,"53019",1341,59
2015,"53019",1329,55
2016,"53019",1315,65
2017,"53019",1231,71
2018,"53019",1401,92
2019,"53019",1504,95
2020,"53019",1666,75
2021,"53019",1612,69
2022,"53019",1850,80
2023,"53019",2213,88
2024,"53019",3143,83
2014,"53021",1023,2171
2015,"53021",979,2144
2016,"53021",983,2418
2017,"53021",1005,2335
2018,"53021",1128,2315
2019,"53021",1599,2267
2020,"53021",1165,2077
2021,"53021",1228,1910
2022,"53021",1322,1887
2023,"53021",1566,2177
2024,"53021",1917,2583
2014,"53023",1574,25
2015,"53023",1273,24
2016,"53023",1236,28
2017,"53023",1596,29
2018,"53023",1378,28
2019,"53023",1421,34
2020,"53023",1867,28
2021,"53023",1787,21
2022,"53023",1443,23
2023,"53023",2325,27
2024,"53023",2268,35
2014,"53025",1145,1327
2015,"53025",1205,1329
2016,"53025",1214,1516
2017,"53025",1196,1505
2018,"53025",1307,1499
2019,"53025",1272,1499
2020,"53025",1309,1408
2021,"53025",1377,1292
2022,"53025",1531,1324
2023,"53025",1705,1399
2024,"53025",2193,1532
2014,"53027",1356,1373
2015,"53027",1337,1373
2016,"53027",1396,1550
2017,"53027",1349,1487
2018,"53027",1620,1619
2019,"53027",1350,1617
2020,"53027",1425,1493
2021,"53027",1469,1374
2022,"53027",1541,1329
2023,"53027",1709,1467
2024,"53027",1962,1702
2014,"53029",1416,2487
2015,"53029",1191,2499
2016,"53029",1197,2859
2017,"53029",1201,2809
2018,"53029",1546,2819
2019,"53029",1302,2840
2020,"53029",1525,2619
2021,"53029",1452,2379
2022,"53029",1628,2209
2023,"53029",1754,2266
2024,"53029",2171,2410
2014,"53031",1201,520
2015,"53031",1217,524
2016,"53031",1089,614
2017,"53031",1184,618
2018,"53031",1259,627
2019,"53031",1207,622
2020,"53031",1535,611
2021,"53031",1423,447
2022,"53031",1642,427
2023,"53031",1746,481
2024,"53031",2144,504
2014,"53033",1489,46715
2015,"53033",1540,48493
2016,"53033",1631,56235
2017,"53033",1497,55344
2018,"53033",1835,53650
2019,"53033",1540,53480
2020,"53033",1870,54533
2021,"53033",1673,43213
2022,"53033",1977,40784
2023,"53033",2513,45306
2024,"53033",2277,48924
2014,"53035",1219,7386
2015,"53035",1157,7406
2016,"53035",1224,8710
2017,"53035",1193,8287
2018,"53035",1370,8472
2019,"53035",1213,8518
2020,"53035",1426,8069
2021,"53035",1385,7072
2022,"53035",1540,6534
2023,"53035",1779,6974
2024,"53035",1864,7909
2014,"53037",1351,746
2015,"53037",1370,722
2016,"53037",1375,851
2017,"53037",1423,859
2018,"53037",1972,925
2019,"53037",1456,930
2020,"53037",1548,871
2021,"53037",1759,709
2022,"53037",1805,689
2023,"53037",2064,831
2024,"53037",2422,1015
2014,"53039",1353,290
2015,"53039",1375,295
2016,"53039",1283,371
2017,"53039",1349,390
2018,"53039",1541,435
2019,"53039",1529,431
2020,"53039",1582,429
2021,"53039",1512,356
2022,"53039",1827,319
2023,"53039",1992,373
2024,"53039",2450,425
2014,"53041",1302,1582
2015,"53041",1279,1569
2016,"53041",1275,1748
2017,"53041",1303,1675
2018,"53041",1473,1816
2019,"53041",1374,1841
2020,"53041",1549,1762
2021,"53041",1432,1679
2022,"53041",1652,1622
2023,"53041",1896,1923
2024,"53041",2177,2264
2014,"53043",1214,143
2015,"53043",1204,152
2016,"53043",1329,176
2017,"53043",1379,196
2018,"53043",1559,222
2019,"53043",1552,229
2020,"53043",1515,199
2021,"53043",1726,187
2022,"53043",1925,177
2023,"53043",2049,218
2024,"53043",2485,270
2014,"53045",1273,1464
2015,"53045",1239,1503
2016,"53045",1228,1724
2017,"53045",1193,1658
2018,"53045",1750,1649
2019,"53045",1221,1512
2020,"53045",1904,1571
2021,"53045",1600,1394
2022,"53045",1840,1304
2023,"53045",1805,1482
2024,"53045",2005,1695
2014,"53047",1297,615
2015,"53047",1385,621
2016,"53047",1383,692
2017,"53047",1411,670
2018,"53047",1547,674
2019,"53047",1424,668
2020,"53047",1509,622
2021,"53047",1776,502
2022,"53047",2109,487
2023,"53047",2342,537
2024,"53047",2830,558
2014,"53049",1248,279
2015,"53049",1213,306
2016,"53049",1145,381
2017,"53049",1164,393
2018,"53049",1317,403
2019,"53049",1291,397
2020,"53049",1322,414
2021,"53049",1428,340
2022,"53049",1560,334
2023,"53049",1688,404
2024,"53049",1991,492
2014,"53051",1377,261
2015,"53051",1362,254
2016,"53051",1381,294
2017,"53051",1586,291
2018,"53051",1793,303
2019,"53051",1583,295
2020,"53051",1871,295
2021,"53051",1789,255
2022,"53051",1823,224
2023,"53051",2011,243
2024,"53051",2475,301
2014,"53053",1263,23093
2015,"53053",1480,23460
2016,"53053",1291,27882
2017,"53053",1344,27017
2018,"53053",1641,26247
2019,"53053",1329,26260
2020,"53053",1529,23704
2021,"53053",1509,20811
2022,"53053",1664,19421
2023,"53053",1888,21045
2024,"53053",2069,24748
2014,"53055",1515,327
2015,"53055",1559,329
2016,"53055",1495,379
2017,"53055",1510,366
2018,"53055",1806,361
2019,"53055",1602,355
2020,"53055",1918,319
2021,"53055",1726,276
2022,"53055",2096,247
2023,"53055",2382,277
2024,"53055",2924,271
2014,"53057",1293,3256
2015,"53057",1368,3265
2016,"53057",1359,3592
2017,"53057",1360,3477
2018,"53057",1675,3598
2019,"53057",1346,3535
2020,"53057",1515,3322
2021,"53057",1468,2931
2022,"53057",1660,2669
2023,"53057",1951,3069
2024,"53057",2135,3383
2014,"53059",1296,203
2015,"53059",1258,215
2016,"53059",1234,257
2017,"53059",1352,258
2018,"53059",1611,279
2019,"53059",1375,274
2020,"53059",1821,262
2021,"53059",1603,208
2022,"53059",1809,207
2023,"53059",1930,219
2024,"53059",2256,309
2014,"53061",1261,20430
2015,"53061",1382,21322
2016,"53061",1275,23931
2017,"53061",1351,24191
2018,"53061",1794,23902
2019,"53061",1353,23863
2020,"53061",1709,22893
2021,"53061",1438,18938
2022,"53061",1738,18268
2023,"53061",2068,19807
2024,"53061",2120,22332
2014,"53063",983,14978
2015,"53063",994,15505
2016,"53063",1025,17467
2017,"53063",1046,16673
2018,"53063",1163,16995
2019,"53063",1107,16669
2020,"53063",1211,15403
2021,"53063",1305,13604
2022,"53063",1461,12270
2023,"53063",1686,13098
2024,"53063",1915,15006
2014,"53065",1225,790
2015,"53065",1186,797
2016,"53065",1240,937
2017,"53065",1284,958
2018,"53065",1432,1034
2019,"53065",1356,1042
2020,"53065",1413,1005
2021,"53065",1447,856
2022,"53065",1630,816
2023,"53065",1793,985
2024,"53065",2359,972
2014,"53067",1154,8644
2015,"53067",1270,8882
2016,"53067",1174,10248
2017,"53067",1215,9940
2018,"53067",1331,9748
2019,"53067",1212,9480
2020,"53067",1359,8479
2021,"53067",1361,7074
2022,"53067",1565,6314
2023,"53067",1629,6837
2024,"53067",1923,8213
2014,"53069",1432,74
2015,"53069",1623,71
2016,"53069",1677,88
2017,"53069",1524,92
2018,"53069",1477,103
2019,"53069",1489,94
2020,"53069",1503,110
2021,"53069",1714,92
2022,"53069",1851,99
2023,"53069",1946,111
2024,"53069",2240,112
2014,"53071",1162,1240
2015,"53071",1101,1244
2016,"53071",1208,1430
2017,"53071",1126,1478
2018,"53071",1349,1515
2019,"53071",1206,1532
2020,"53071",1311,1412
2021,"53071",1277,1199
2022,"53071",1507,1143
2023,"53071",1799,1338
2024,"53071",1984,1431
2014,"53073",1191,4117
2015,"53073",1145,4114
2016,"53073",1153,4490
2017,"53073",1219,4367
2018,"53073",1762,4484
2019,"53073",1228,4465
2020,"53073",1401,4308
2021,"53073",1345,3609
2022,"53073",1520,3230
2023,"53073",1817,4406
2024,"53073",2033,4714
2014,"53075",1302,456
2015,"53075",1166,441
2016,"53075",1179,518
2017,"53075",1137,504
2018,"53075",1433,553
2019,"53075",1300,546
2020,"53075",1343,554
2021,"53075",1401,418
2022,"53075",1451,391
2023,"53075",1731,445
2024,"53075",2098,545
2014,"53077",1248,4230
2015,"53077",1159,4268
2016,"53077",1172,4973
2017,"53077",1157,4708
2018,"53077",1261,4635
2019,"53077",1251,4484
2020,"53077",1350,4268
2021,"53077",1412,3680
2022,"53077",1509,3453
2023,"53077",1715,3810
2024,"53077",2101,4268
2014,"54001",1336,30
2015,"54001",1212,37
2016,"54001",1416,55
2017,"54001",1342,64
2018,"54001",1361,83
2019,"54001",1442,80
2020,"54001",1505,97
2021,"54001",1548,67
2022,"54001",1464,62
2023,"54001",1685,70
2024,"54001",1797,74
2014,"54003",1127,3450
2015,"54003",1143,3545
2016,"54003",1168,3904
2017,"54003",1174,3754
2018,"54003",1240,3877
2019,"54003",1269,3651
2020,"54003",1260,3429
2021,"54003",1261,3145
2022,"54003",1419,3165
2023,"54003",1584,3231
2024,"54003",1660,3699
2014,"54005",1564,105
2015,"54005",1606,128
2016,"54005",1782,159
2017,"54005",1633,161
2018,"54005",1645,169
2019,"54005",1595,165
2020,"54005",1586,186
2021,"54005",1593,125
2022,"54005",1809,125
2023,"54005",1799,134
2024,"54005",1937,130
2023,"54007",NA,NA
2024,"54007",NA,NA
2014,"54009",1036,144
2015,"54009",1179,168
2016,"54009",1160,228
2017,"54009",1152,232
2018,"54009",1149,256
2019,"54009",1178,255
2020,"54009",1157,259
2021,"54009",1298,170
2022,"54009",1296,190
2023,"54009",1448,220
2024,"54009",1497,241
2014,"54011",1158,981
2015,"54011",1199,1068
2016,"54011",1219,1248
2017,"54011",1248,1241
2018,"54011",1276,1401
2019,"54011",1289,1390
2020,"54011",1273,1407
2021,"54011",1287,1175
2022,"54011",1405,1166
2023,"54011",1537,1158
2024,"54011",1628,1143
2018,"54017",NA,NA
2019,"54017",NA,NA
2020,"54017",NA,NA
2014,"54019",1169,172
2015,"54019",1226,189
2016,"54019",1125,221
2017,"54019",1168,273
2018,"54019",1177,338
2019,"54019",1236,354
2020,"54019",1156,344
2021,"54019",1273,239
2022,"54019",1346,235
2023,"54019",1476,240
2024,"54019",1594,252
2020,"54021",NA,NA
2021,"54021",NA,NA
2023,"54021",NA,NA
2024,"54021",NA,NA
2016,"54023",NA,NA
2017,"54023",NA,NA
2018,"54023",NA,NA
2019,"54023",NA,NA
2020,"54023",NA,NA
2021,"54023",NA,NA
2022,"54023",NA,NA
2023,"54023",NA,NA
2024,"54023",NA,NA
2014,"54025",1180,155
2015,"54025",1091,182
2016,"54025",1094,196
2017,"54025",1094,188
2018,"54025",1131,221
2019,"54025",1175,211
2020,"54025",1232,230
2021,"54025",1277,171
2022,"54025",1398,184
2023,"54025",1342,211
2024,"54025",1586,244
2014,"54027",1100,33
2015,"54027",1167,49
2016,"54027",1251,82
2017,"54027",1261,155
2018,"54027",1249,198
2019,"54027",1228,235
2020,"54027",1232,253
2021,"54027",1301,189
2022,"54027",1510,208
2023,"54027",1605,243
2024,"54027",1650,272
2014,"54029",1067,224
2015,"54029",1097,268
2016,"54029",1100,333
2017,"54029",1061,364
2018,"54029",1107,404
2019,"54029",1145,391
2020,"54029",1043,416
2021,"54029",1140,212
2022,"54029",1203,238
2023,"54029",1255,277
2024,"54029",1320,295
2014,"54031",985,77
2015,"54031",1008,78
2016,"54031",1071,89
2017,"54031",1066,91
2018,"54031",1211,100
2019,"54031",1310,93
2020,"54031",1388,97
2021,"54031",1387,80
2022,"54031",1533,89
2023,"54031",1746,97
2024,"54031",1782,136
2014,"54033",1073,654
2015,"54033",1121,730
2016,"54033",1135,895
2017,"54033",1118,965
2018,"54033",1191,1073
2019,"54033",1228,1071
2020,"54033",1212,1075
2021,"54033",1272,835
2022,"54033",1353,825
2023,"54033",1450,847
2024,"54033",1557,935
2014,"54035",1121,180
2015,"54035",1216,203
2016,"54035",1207,270
2017,"54035",1331,294
2018,"54035",1348,372
2019,"54035",1388,364
2020,"54035",1330,452
2021,"54035",1389,326
2022,"54035",1449,362
2023,"54035",1564,379
2024,"54035",1739,391
2014,"54037",1280,2222
2015,"54037",1325,2263
2016,"54037",1322,2576
2017,"54037",1319,2532
2018,"54037",1406,2588
2019,"54037",1505,2512
2020,"54037",1481,2454
2021,"54037",1542,2133
2022,"54037",1757,2058
2023,"54037",2177,2145
2024,"54037",2026,2349
2014,"54039",1269,2585
2015,"54039",1321,2750
2016,"54039",1329,3131
2017,"54039",1308,3237
2018,"54039",1339,3680
2019,"54039",1373,3654
2020,"54039",1376,3503
2021,"54039",1322,2772
2022,"54039",1437,2935
2023,"54039",1546,2929
2024,"54039",1645,3058
2014,"54041",1246,44
2015,"54041",1443,59
2016,"54041",1430,76
2017,"54041",1334,75
2018,"54041",1350,101
2019,"54041",1366,122
2020,"54041",1241,144
2021,"54041",1424,79
2022,"54041",1543,83
2023,"54041",1580,113
2024,"54041",1668,127
2016,"54043",NA,NA
2017,"54043",NA,NA
2018,"54043",NA,NA
2019,"54043",NA,NA
2020,"54043",NA,NA
2021,"54043",NA,NA
2023,"54043",NA,NA
2024,"54043",NA,NA
2014,"54045",1817,48
2015,"54045",1562,52
2016,"54045",1643,64
2017,"54045",1526,60
2018,"54045",1723,61
2019,"54045",1609,62
2020,"54045",1579,130
2021,"54045",1850,64
2022,"54045",1987,82
2023,"54045",1962,95
2024,"54045",2045,91
2014,"54049",978,583
2015,"54049",1015,679
2016,"54049",1067,818
2017,"54049",1104,877
2018,"54049",1123,934
2019,"54049",1186,959
2020,"54049",1189,951
2021,"54049",1201,780
2022,"54049",1267,758
2023,"54049",1419,778
2024,"54049",1448,860
2014,"54051",993,312
2015,"54051",1082,328
2016,"54051",1090,384
2017,"54051",1108,392
2018,"54051",1146,418
2019,"54051",1129,420
2020,"54051",1077,435
2021,"54051",1164,361
2022,"54051",1249,379
2023,"54051",1389,411
2024,"54051",1423,435
2014,"54053",1171,131
2015,"54053",1202,138
2016,"54053",1236,147
2017,"54053",1273,162
2018,"54053",1295,185
2019,"54053",1294,181
2020,"54053",1285,182
2021,"54053",1359,150
2022,"54053",1354,177
2023,"54053",1466,175
2024,"54053",1599,155
2014,"54055",1111,405
2015,"54055",1142,428
2016,"54055",1121,493
2017,"54055",1160,481
2018,"54055",1164,561
2019,"54055",1225,571
2020,"54055",1190,535
2021,"54055",1232,380
2022,"54055",1231,388
2023,"54055",1378,435
2024,"54055",1491,475
2014,"54057",963,87
2015,"54057",1102,84
2016,"54057",1170,123
2017,"54057",1108,153
2018,"54057",1183,169
2019,"54057",1184,176
2020,"54057",1158,199
2021,"54057",1231,148
2022,"54057",1331,139
2023,"54057",1412,158
2024,"54057",1511,173
2014,"54061",1238,1475
2015,"54061",1296,1631
2016,"54061",1288,1925
2017,"54061",1307,1911
2018,"54061",1328,1974
2019,"54061",1370,1641
2020,"54061",1355,1639
2021,"54061",1400,1436
2022,"54061",1461,1384
2023,"54061",1621,1453
2024,"54061",1712,1609
2022,"54063",NA,NA
2023,"54063",NA,NA
2024,"54063",NA,NA
2014,"54065",1164,217
2015,"54065",1192,223
2016,"54065",1218,254
2017,"54065",1215,292
2018,"54065",1286,325
2019,"54065",1288,348
2020,"54065",1315,380
2021,"54065",1349,351
2022,"54065",1513,408
2023,"54065",1582,415
2024,"54065",1747,454
2014,"54067",1317,93
2015,"54067",1320,91
2016,"54067",1242,109
2017,"54067",1321,103
2018,"54067",1320,122
2019,"54067",1314,126
2020,"54067",1211,156
2021,"54067",1179,117
2022,"54067",1481,119
2023,"54067",1564,124
2024,"54067",1680,123
2014,"54069",1131,584
2015,"54069",1171,642
2016,"54069",1193,742
2017,"54069",1196,739
2018,"54069",1254,835
2019,"54069",1292,818
2020,"54069",1294,878
2021,"54069",1371,596
2022,"54069",1476,616
2023,"54069",1552,697
2024,"54069",1615,718
2024,"54071",NA,NA
2014,"54073",1077,52
2015,"54073",1096,48
2016,"54073",984,64
2017,"54073",1023,70
2018,"54073",1009,71
2019,"54073",1093,71
2020,"54073",1126,70
2021,"54073",1117,65
2022,"54073",1152,67
2023,"54073",1209,69
2024,"54073",1346,72
2019,"54075",NA,NA
2020,"54075",NA,NA
2022,"54075",NA,NA
2023,"54075",NA,NA
2024,"54075",NA,NA
2014,"54077",1013,243
2015,"54077",1155,272
2016,"54077",1224,360
2017,"54077",1203,357
2018,"54077",1271,373
2019,"54077",1369,392
2020,"54077",1391,377
2021,"54077",1511,262
2022,"54077",1483,247
2023,"54077",1613,292
2024,"54077",1685,322
2014,"54079",1213,931
2015,"54079",1271,934
2016,"54079",1260,1051
2017,"54079",1255,1113
2018,"54079",1313,1195
2019,"54079",1330,1223
2020,"54079",1362,1184
2021,"54079",1390,1049
2022,"54079",1476,1096
2023,"54079",1648,1093
2024,"54079",1735,1096
2014,"54081",1188,744
2015,"54081",1215,762
2016,"54081",1257,898
2017,"54081",1234,939
2018,"54081",1273,1023
2019,"54081",1285,1082
2020,"54081",1241,1106
2021,"54081",1255,768
2022,"54081",1358,786
2023,"54081",1540,789
2024,"54081",1693,852
2014,"54083",1121,49
2015,"54083",1102,46
2016,"54083",1121,66
2017,"54083",1183,65
2018,"54083",1359,81
2019,"54083",1487,81
2020,"54083",1367,95
2021,"54083",1433,60
2022,"54083",1421,53
2023,"54083",1706,65
2024,"54083",1630,63
2018,"54085",NA,NA
2019,"54085",NA,NA
2020,"54085",NA,NA
2021,"54085",NA,NA
2022,"54085",NA,NA
2023,"54085",NA,NA
2024,"54085",NA,NA
2014,"54087",1236,48
2015,"54087",1280,68
2016,"54087",1363,80
2017,"54087",1343,86
2018,"54087",1467,95
2019,"54087",1495,95
2020,"54087",1414,80
2021,"54087",1517,59
2022,"54087",1657,67
2023,"54087",1701,63
2024,"54087",1955,71
2017,"54089",NA,NA
2018,"54089",NA,NA
2019,"54089",NA,NA
2020,"54089",NA,NA
2023,"54089",NA,NA
2014,"54091",989,79
2015,"54091",1052,130
2016,"54091",1061,152
2017,"54091",1128,165
2018,"54091",1179,222
2019,"54091",1179,240
2020,"54091",1211,226
2021,"54091",1359,178
2022,"54091",1473,165
2023,"54091",1439,174
2024,"54091",1692,183
2016,"54093",NA,NA
2017,"54093",NA,NA
2018,"54093",NA,NA
2019,"54093",NA,NA
2020,"54093",NA,NA
2022,"54093",NA,NA
2023,"54093",NA,NA
2024,"54093",NA,NA
2015,"54095",NA,NA
2016,"54095",NA,NA
2017,"54095",NA,NA
2018,"54095",NA,NA
2019,"54095",NA,NA
2020,"54095",NA,NA
2021,"54095",NA,NA
2022,"54095",NA,NA
2023,"54095",NA,NA
2024,"54095",NA,NA
2014,"54097",1062,59
2015,"54097",1143,72
2016,"54097",1150,99
2017,"54097",1172,95
2018,"54097",1254,124
2019,"54097",1382,140
2020,"54097",1239,152
2021,"54097",1414,79
2022,"54097",1519,138
2023,"54097",1644,155
2024,"54097",1702,161
2014,"54099",1201,205
2015,"54099",1217,211
2016,"54099",1199,253
2017,"54099",1260,268
2018,"54099",1291,315
2019,"54099",1345,317
2020,"54099",1290,327
2021,"54099",1343,221
2022,"54099",1547,236
2023,"54099",1653,255
2024,"54099",1700,269
2014,"54103",1135,31
2015,"54103",1483,37
2016,"54103",1400,54
2017,"54103",1183,45
2018,"54103",1460,62
2019,"54103",1406,70
2020,"54103",1273,75
2021,"54103",1702,36
2022,"54103",1404,44
2023,"54103",1462,47
2024,"54103",1640,56
2022,"54105",NA,NA
2023,"54105",NA,NA
2024,"54105",NA,NA
2014,"54107",1082,1235
2015,"54107",1077,1299
2016,"54107",1136,1473
2017,"54107",1165,1441
2018,"54107",1223,1594
2019,"54107",1228,1480
2020,"54107",1173,1483
2021,"54107",1228,1197
2022,"54107",1297,1176
2023,"54107",1381,1191
2024,"54107",1462,1286
2014,"55001",1271,150
2015,"55001",1072,149
2016,"55001",1152,191
2017,"55001",1104,202
2018,"55001",1100,240
2019,"55001",1228,233
2020,"55001",1206,253
2021,"55001",1373,190
2022,"55001",1441,197
2023,"55001",1604,212
2024,"55001",1835,248
2014,"55003",1123,108
2015,"55003",1105,108
2016,"55003",1231,132
2017,"55003",1343,139
2018,"55003",1210,155
2019,"55003",1215,141
2020,"55003",1204,154
2021,"55003",1292,102
2022,"55003",1340,124
2023,"55003",1338,122
2024,"55003",1593,152
2014,"55005",1313,230
2015,"55005",1360,242
2016,"55005",1307,298
2017,"55005",1302,333
2018,"55005",1391,357
2019,"55005",1553,402
2020,"55005",1485,435
2021,"55005",1520,313
2022,"55005",1541,340
2023,"55005",1837,376
2024,"55005",2012,521
2014,"55007",1331,144
2015,"55007",1304,152
2016,"55007",1275,185
2017,"55007",1248,196
2018,"55007",1243,247
2019,"55007",1301,235
2020,"55007",1373,259
2021,"55007",1393,170
2022,"55007",1464,165
2023,"55007",1626,175
2024,"55007",1895,183
2014,"55009",1016,4752
2015,"55009",906,4759
2016,"55009",1007,5551
2017,"55009",978,5453
2018,"55009",993,5325
2019,"55009",1032,5194
2020,"55009",1037,5099
2021,"55009",1100,4316
2022,"55009",1221,4115
2023,"55009",1494,4307
2024,"55009",1551,4986
2014,"55011",914,38
2015,"55011",1130,49
2016,"55011",1194,78
2017,"55011",1151,95
2018,"55011",1136,111
2019,"55011",1403,110
2020,"55011",1388,115
2021,"55011",1483,102
2022,"55011",1645,103
2023,"55011",1895,103
2024,"55011",2075,115
2014,"55013",1357,200
2015,"55013",1270,226
2016,"55013",1226,255
2017,"55013",1276,277
2018,"55013",1457,304
2019,"55013",1429,303
2020,"55013",1616,303
2021,"55013",1560,241
2022,"55013",1687,240
2023,"55013",1832,267
2024,"55013",1990,379
2014,"55015",989,705
2015,"55015",989,732
2016,"55015",1009,868
2017,"55015",981,862
2018,"55015",1058,858
2019,"55015",1063,857
2020,"55015",1223,865
2021,"55015",1171,722
2022,"55015",1191,678
2023,"55015",1490,687
2024,"55015",2018,777
2014,"55017",1145,535
2015,"55017",1084,548
2016,"55017",1120,638
2017,"55017",1093,613
2018,"55017",1137,659
2019,"55017",1235,748
2020,"55017",1240,767
2021,"55017",1412,636
2022,"55017",1436,610
2023,"55017",1668,651
2024,"55017",1883,784
2014,"55019",1142,68
2015,"55019",1013,82
2016,"55019",1106,144
2017,"55019",1126,147
2018,"55019",1253,160
2019,"55019",1260,169
2020,"55019",1370,187
2021,"55019",1447,133
2022,"55019",1472,143
2023,"55019",1705,144
2024,"55019",1987,167
2014,"55021",1212,417
2015,"55021",1168,489
2016,"55021",1346,752
2017,"55021",1305,765
2018,"55021",1384,790
2019,"55021",1396,806
2020,"55021",1499,818
2021,"55021",1519,665
2022,"55021",1629,680
2023,"55021",1808,731
2024,"55021",2031,795
2014,"55023",1088,59
2015,"55023",1144,68
2016,"55023",1327,84
2017,"55023",1287,86
2018,"55023",1250,108
2019,"55023",1272,119
2020,"55023",1283,134
2021,"55023",1463,80
2022,"55023",1548,82
2023,"55023",1717,85
2024,"55023",2009,96
2014,"55025",1313,5635
2015,"55025",1302,5837
2016,"55025",1339,6661
2017,"55025",1431,6520
2018,"55025",1405,6649
2019,"55025",1446,6510
2020,"55025",1648,6286
2021,"55025",1525,4728
2022,"55025",1601,4513
2023,"55025",1960,4800
2024,"55025",2157,6448
2014,"55027",1093,926
2015,"55027",1042,980
2016,"55027",1100,1176
2017,"55027",1106,1186
2018,"55027",1194,1261
2019,"55027",1185,1279
2020,"55027",1214,1351
2021,"55027",1243,1195
2022,"55027",1303,1110
2023,"55027",1644,1232
2024,"55027",1662,1326
2014,"55029",1060,248
2015,"55029",1100,263
2016,"55029",1016,339
2017,"55029",1024,347
2018,"55029",994,371
2019,"55029",1210,373
2020,"55029",1300,404
2021,"55029",1497,296
2022,"55029",1301,267
2023,"55029",1727,302
2024,"55029",1748,343
2014,"55031",1291,694
2015,"55031",1180,726
2016,"55031",1263,864
2017,"55031",1295,890
2018,"55031",1241,951
2019,"55031",1248,963
2020,"55031",1288,957
2021,"55031",1367,725
2022,"55031",1424,726
2023,"55031",1518,749
2024,"55031",1768,773
2014,"55033",1263,227
2015,"55033",1280,244
2016,"55033",1297,328
2017,"55033",1287,348
2018,"55033",1311,384
2019,"55033",1346,411
2020,"55033",1502,421
2021,"55033",1660,358
2022,"55033",1799,346
2023,"55033",1993,360
2024,"55033",2090,424
2014,"55035",1017,933
2015,"55035",1025,1006
2016,"55035",1042,1157
2017,"55035",1094,1209
2018,"55035",1041,1280
2019,"55035",1156,1308
2020,"55035",1162,1365
2021,"55035",1317,1071
2022,"55035",1480,1046
2023,"55035",1619,1049
2024,"55035",1807,1220
2014,"55037",1244,27
2015,"55037",1306,38
2016,"55037",1446,45
2017,"55037",1482,41
2018,"55037",1579,46
2019,"55037",1632,44
2020,"55037",1709,49
2021,"55037",1508,41
2022,"55037",1402,37
2023,"55037",1579,39
2024,"55037",1842,44
2014,"55039",1059,769
2015,"55039",1051,852
2016,"55039",1120,1176
2017,"55039",1096,1179
2018,"55039",1134,1193
2019,"55039",1154,1242
2020,"55039",1218,1249
2021,"55039",1201,1066
2022,"55039",1247,996
2023,"55039",1423,1109
2024,"55039",1669,1217
2014,"55041",1200,25
2015,"55041",1040,29
2016,"55041",1162,34
2017,"55041",1220,27
2018,"55041",1361,36
2019,"55041",1446,45
2020,"55041",1488,48
2021,"55041",1407,40
2022,"55041",1642,43
2023,"55041",1889,49
2024,"55041",1788,50
2014,"55043",1068,141
2015,"55043",1056,159
2016,"55043",1056,204
2017,"55043",1194,224
2018,"55043",1297,254
2019,"55043",1211,272
2020,"55043",1294,284
2021,"55043",1573,206
2022,"55043",1577,217
2023,"55043",1914,225
2024,"55043",2086,256
2014,"55045",1140,140
2015,"55045",1055,163
2016,"55045",1221,278
2017,"55045",1346,279
2018,"55045",1338,294
2019,"55045",1361,339
2020,"55045",1470,350
2021,"55045",1512,289
2022,"55045",1663,280
2023,"55045",1987,299
2024,"55045",1916,348
2014,"55047",926,54
2015,"55047",944,73
2016,"55047",1098,132
2017,"55047",1121,141
2018,"55047",1082,156
2019,"55047",1210,157
2020,"55047",1253,176
2021,"55047",1287,131
2022,"55047",1431,130
2023,"55047",1417,145
2024,"55047",1640,191
2014,"55049",1314,269
2015,"55049",1110,239
2016,"55049",1415,292
2017,"55049",1421,294
2018,"55049",1416,300
2019,"55049",1428,296
2020,"55049",1479,279
2021,"55049",1729,201
2022,"55049",1813,191
2023,"55049",1866,208
2024,"55049",2124,229
2014,"55051",1027,70
2015,"55051",965,77
2016,"55051",960,85
2017,"55051",962,83
2018,"55051",933,92
2019,"55051",985,87
2020,"55051",1070,86
2021,"55051",1229,53
2022,"55051",1210,53
2023,"55051",1279,56
2024,"55051",1661,72
2014,"55053",1301,38
2015,"55053",1304,52
2016,"55053",1413,81
2017,"55053",1346,97
2018,"55053",1236,122
2019,"55053",1279,145
2020,"55053",1524,141
2021,"55053",1645,155
2022,"55053",1797,136
2023,"55053",2091,133
2024,"55053",2172,154
2014,"55055",1240,850
2015,"55055",1168,940
2016,"55055",1218,1172
2017,"55055",1224,1182
2018,"55055",1227,1271
2019,"55055",1260,1424
2020,"55055",1329,1429
2021,"55055",1340,1144
2022,"55055",1440,1081
2023,"55055",1751,1227
2024,"55055",1781,1319
2014,"55057",1204,96
2015,"55057",1014,132
2016,"55057",1178,232
2017,"55057",1184,239
2018,"55057",1257,270
2019,"55057",1314,275
2020,"55057",1439,289
2021,"55057",1438,206
2022,"55057",1564,233
2023,"55057",1901,240
2024,"55057",2053,279
2014,"55059",1299,2860
2015,"55059",1210,3006
2016,"55059",1250,3351
2017,"55059",1243,3336
2018,"55059",1197,3404
2019,"55059",1367,3392
2020,"55059",1298,3432
2021,"55059",1509,2836
2022,"55059",1402,2652
2023,"55059",1495,2923
2024,"55059",1597,3301
2014,"55061",798,170
2015,"55061",994,187
2016,"55061",1010,235
2017,"55061",1078,251
2018,"55061",1262,262
2019,"55061",1140,286
2020,"55061",1176,270
2021,"55061",1185,228
2022,"55061",1327,213
2023,"55061",1543,234
2024,"55061",1512,261
2014,"55063",1272,930
2015,"55063",1093,1014
2016,"55063",1149,1309
2017,"55063",1175,1288
2018,"55063",1213,1371
2019,"55063",1322,1394
2020,"55063",1490,1382
2021,"55063",1370,1185
2022,"55063",1546,1143
2023,"55063",1797,1173
2024,"55063",1975,1251
2014,"55065",1260,82
2015,"55065",1305,82
2016,"55065",1264,97
2017,"55065",1262,98
2018,"55065",1412,98
2019,"55065",1411,110
2020,"55065",1393,111
2021,"55065",1372,71
2022,"55065",1623,88
2023,"55065",1988,91
2024,"55065",1776,99
2014,"55067",850,53
2015,"55067",836,78
2016,"55067",1066,123
2017,"55067",935,119
2018,"55067",1024,144
2019,"55067",1042,134
2020,"55067",1155,161
2021,"55067",1216,122
2022,"55067",1116,115
2023,"55067",1268,142
2024,"55067",1668,130
2014,"55069",1051,123
2015,"55069",998,159
2016,"55069",1162,292
2017,"55069",1176,325
2018,"55069",1165,379
2019,"55069",1271,363
2020,"55069",1214,368
2021,"55069",1266,283
2022,"55069",1314,285
2023,"55069",1519,306
2024,"55069",1697,329
2014,"55071",1049,896
2015,"55071",945,919
2016,"55071",976,1009
2017,"55071",927,977
2018,"55071",923,993
2019,"55071",964,1014
2020,"55071",1021,1012
2021,"55071",1062,754
2022,"55071",1174,722
2023,"55071",1385,784
2024,"55071",1724,939
2014,"55073",1030,1024
2015,"55073",1051,1120
2016,"55073",1062,1315
2017,"55073",1035,1290
2018,"55073",1120,1390
2019,"55073",1115,1448
2020,"55073",1270,1497
2021,"55073",1239,1230
2022,"55073",1332,1201
2023,"55073",1527,1262
2024,"55073",1724,1341
2014,"55075",975,244
2015,"55075",1015,312
2016,"55075",1095,540
2017,"55075",1070,539
2018,"55075",1105,560
2019,"55075",1153,560
2020,"55075",1183,587
2021,"55075",1249,464
2022,"55075",1315,446
2023,"55075",1498,466
2024,"55075",1645,631
2014,"55077",959,42
2015,"55077",1111,63
2016,"55077",1301,143
2017,"55077",1313,136
2018,"55077",1267,165
2019,"55077",1273,155
2020,"55077",1422,163
2021,"55077",1424,147
2022,"55077",1493,152
2023,"55077",1691,167
2024,"55077",1900,220
2014,"55079",1855,13523
2015,"55079",1104,13717
2016,"55079",1186,14797
2017,"55079",1264,15918
2018,"55079",1436,16044
2019,"55079",1259,14756
2020,"55079",1388,14810
2021,"55079",1395,13607
2022,"55079",1315,12646
2023,"55079",1673,14097
2024,"55079",2065,14653
2014,"55081",1432,293
2015,"55081",1182,333
2016,"55081",1259,466
2017,"55081",1225,422
2018,"55081",1383,573
2019,"55081",1436,632
2020,"55081",1405,661
2021,"55081",1643,568
2022,"55081",1626,560
2023,"55081",1820,570
2024,"55081",1980,625
2014,"55083",1041,660
2015,"55083",1044,673
2016,"55083",1129,783
2017,"55083",1141,772
2018,"55083",1131,775
2019,"55083",1177,774
2020,"55083",1235,768
2021,"55083",1229,581
2022,"55083",1328,534
2023,"55083",1592,564
2024,"55083",1777,701
2014,"55085",1207,501
2015,"55085",1158,512
2016,"55085",1169,585
2017,"55085",1203,594
2018,"55085",1214,628
2019,"55085",1238,627
2020,"55085",1358,703
2021,"55085",1399,430
2022,"55085",1424,436
2023,"55085",1632,485
2024,"55085",1820,480
2014,"55087",1040,2958
2015,"55087",1014,2988
2016,"55087",1039,3483
2017,"55087",1041,3311
2018,"55087",1062,3364
2019,"55087",1105,3409
2020,"55087",1104,3421
2021,"55087",1191,2961
2022,"55087",1265,2718
2023,"55087",1524,2874
2024,"55087",1734,3397
2014,"55089",1481,1184
2015,"55089",1319,1327
2016,"55089",1355,1586
2017,"55089",1298,1635
2018,"55089",1351,1700
2019,"55089",1376,1749
2020,"55089",1412,1779
2021,"55089",1419,1510
2022,"55089",1604,1386
2023,"55089",1692,1552
2024,"55089",1848,1789
2015,"55091",NA,NA
2016,"55091",NA,NA
2017,"55091",NA,NA
2018,"55091",NA,NA
2019,"55091",NA,NA
2020,"55091",NA,NA
2021,"55091",NA,NA
2022,"55091",NA,NA
2023,"55091",NA,NA
2024,"55091",NA,NA
2014,"55093",1483,425
2015,"55093",1486,465
2016,"55093",1701,663
2017,"55093",1504,666
2018,"55093",1651,741
2019,"55093",1536,767
2020,"55093",1609,830
2021,"55093",1646,678
2022,"55093",1886,675
2023,"55093",2095,748
2024,"55093",2333,905
2014,"55095",1528,392
2015,"55095",1370,413
2016,"55095",1453,468
2017,"55095",1441,514
2018,"55095",1408,553
2019,"55095",1161,572
2020,"55095",1534,619
2021,"55095",1500,559
2022,"55095",1730,636
2023,"55095",2028,651
2024,"55095",2089,923
2014,"55097",1148,464
2015,"55097",952,512
2016,"55097",1017,598
2017,"55097",1034,617
2018,"55097",1173,668
2019,"55097",1362,703
2020,"55097",1335,748
2021,"55097",1341,537
2022,"55097",1387,553
2023,"55097",1664,591
2024,"55097",1833,604
2014,"55099",911,42
2015,"55099",868,59
2016,"55099",1104,104
2017,"55099",1130,101
2018,"55099",1064,119
2019,"55099",1207,115
2020,"55099",1233,130
2021,"55099",1503,61
2022,"55099",1685,62
2023,"55099",1780,69
2024,"55099",1970,70
2014,"55101",1164,2965
2015,"55101",1045,3177
2016,"55101",1198,3969
2017,"55101",1149,3861
2018,"55101",1214,3927
2019,"55101",1214,3963
2020,"55101",1266,3955
2021,"55101",1507,3241
2022,"55101",1495,3121
2023,"55101",1607,3416
2024,"55101",1876,3786
2014,"55103",1097,84
2015,"55103",1165,94
2016,"55103",1127,118
2017,"55103",1150,120
2018,"55103",1330,132
2019,"55103",1278,141
2020,"55103",1326,166
2021,"55103",1519,117
2022,"55103",1690,121
2023,"55103",1733,127
2024,"55103",1977,125
2014,"55105",1197,1651
2015,"55105",1110,1760
2016,"55105",1153,2076
2017,"55105",1190,2105
2018,"55105",1198,2264
2019,"55105",1236,2410
2020,"55105",1392,2411
2021,"55105",1376,2038
2022,"55105",1422,1996
2023,"55105",1595,2107
2024,"55105",1767,2370
2014,"55107",1087,54
2015,"55107",1106,67
2016,"55107",1167,125
2017,"55107",1162,140
2018,"55107",1071,141
2019,"55107",1182,140
2020,"55107",1233,149
2021,"55107",1317,115
2022,"55107",1515,103
2023,"55107",1518,110
2024,"55107",1927,123
2014,"55109",1485,1894
2015,"55109",1475,2002
2016,"55109",1573,2378
2017,"55109",1648,2341
2018,"55109",1662,2464
2019,"55109",1677,2583
2020,"55109",1714,2632
2021,"55109",1699,2194
2022,"55109",1845,2124
2023,"55109",2219,2286
2024,"55109",2256,2791
2014,"55111",1211,672
2015,"55111",1153,679
2016,"55111",1160,832
2017,"55111",1135,775
2018,"55111",1250,843
2019,"55111",1236,877
2020,"55111",1286,864
2021,"55111",1541,664
2022,"55111",1544,609
2023,"55111",1715,647
2024,"55111",1749,700
2014,"55113",1420,70
2015,"55113",1313,85
2016,"55113",1414,120
2017,"55113",1389,133
2018,"55113",1325,175
2019,"55113",1409,189
2020,"55113",1428,184
2021,"55113",1653,160
2022,"55113",1678,156
2023,"55113",1876,170
2024,"55113",2147,198
2014,"55115",963,231
2015,"55115",943,306
2016,"55115",1041,515
2017,"55115",1068,523
2018,"55115",1111,546
2019,"55115",1183,540
2020,"55115",1241,541
2021,"55115",1166,366
2022,"55115",1240,369
2023,"55115",1414,395
2024,"55115",1659,439
2014,"55117",963,1903
2015,"55117",929,1937
2016,"55117",974,2380
2017,"55117",927,2341
2018,"55117",984,2370
2019,"55117",1028,2250
2020,"55117",1069,2264
2021,"55117",1070,1859
2022,"55117",1109,1751
2023,"55117",1345,1826
2024,"55117",1409,2036
2015,"55119",NA,NA
2016,"55119",NA,NA
2017,"55119",NA,NA
2018,"55119",NA,NA
2019,"55119",NA,NA
2020,"55119",NA,NA
2021,"55119",NA,NA
2022,"55119",NA,NA
2023,"55119",NA,NA
2024,"55119",NA,NA
2014,"55121",1203,84
2015,"55121",1263,105
2016,"55121",1274,174
2017,"55121",1479,181
2018,"55121",1625,200
2019,"55121",1453,223
2020,"55121",1658,232
2021,"55121",1754,189
2022,"55121",1571,167
2023,"55121",1878,181
2024,"55121",2032,197
2014,"55123",1031,64
2015,"55123",1203,87
2016,"55123",1304,140
2017,"55123",1271,139
2018,"55123",1439,178
2019,"55123",1463,181
2020,"55123",1522,193
2021,"55123",1651,151
2022,"55123",1800,150
2023,"55123",2062,147
2024,"55123",2119,171
2014,"55125",1461,212
2015,"55125",1229,213
2016,"55125",1302,265
2017,"55125",1250,265
2018,"55125",1265,291
2019,"55125",1337,292
2020,"55125",1344,347
2021,"55125",1272,226
2022,"55125",1359,227
2023,"55125",1621,270
2024,"55125",1678,277
2014,"55127",1308,924
2015,"55127",1245,1084
2016,"55127",1336,1680
2017,"55127",1283,1706
2018,"55127",1261,1785
2019,"55127",1328,1798
2020,"55127",1448,1840
2021,"55127",1392,1518
2022,"55127",1541,1461
2023,"55127",1707,1626
2024,"55127",1896,1986
2014,"55129",1339,48
2015,"55129",1375,54
2016,"55129",1481,127
2017,"55129",1477,132
2018,"55129",1525,174
2019,"55129",1494,180
2020,"55129",1686,204
2021,"55129",1594,151
2022,"55129",1511,165
2023,"55129",1758,172
2024,"55129",2002,189
2014,"55131",1198,2061
2015,"55131",1132,2222
2016,"55131",1194,2718
2017,"55131",1179,2768
2018,"55131",1194,2755
2019,"55131",1208,2769
2020,"55131",1239,2885
2021,"55131",1233,2073
2022,"55131",1358,1852
2023,"55131",1508,2095
2024,"55131",1654,2291
2014,"55133",1283,7665
2015,"55133",1124,7902
2016,"55133",1226,9480
2017,"55133",1229,9496
2018,"55133",1234,9453
2019,"55133",1270,9619
2020,"55133",1339,9772
2021,"55133",1373,8126
2022,"55133",1427,7295
2023,"55133",1689,8375
2024,"55133",1877,9057
2014,"55135",974,409
2015,"55135",913,425
2016,"55135",1082,566
2017,"55135",1029,583
2018,"55135",1121,636
2019,"55135",1112,642
2020,"55135",1174,682
2021,"55135",1170,611
2022,"55135",1275,570
2023,"55135",1488,631
2024,"55135",1768,736
2014,"55137",1131,81
2015,"55137",1245,115
2016,"55137",1233,240
2017,"55137",1250,240
2018,"55137",1264,248
2019,"55137",1225,277
2020,"55137",1308,310
2021,"55137",1380,263
2022,"55137",1458,263
2023,"55137",1551,273
2024,"55137",1829,327
2014,"55139",1071,2561
2015,"55139",1051,2715
2016,"55139",1060,3057
2017,"55139",1058,2972
2018,"55139",1122,3037
2019,"55139",1101,3054
2020,"55139",1199,3059
2021,"55139",1269,2655
2022,"55139",1322,2516
2023,"55139",1518,2470
2024,"55139",1539,2703
2014,"55141",1062,408
2015,"55141",971,437
2016,"55141",1059,539
2017,"55141",1045,564
2018,"55141",1091,644
2019,"55141",1143,684
2020,"55141",1179,717
2021,"55141",1203,588
2022,"55141",1357,595
2023,"55141",1614,626
2024,"55141",1731,668
2014,"56001",1431,708
2015,"56001",1411,699
2016,"56001",1390,739
2017,"56001",1469,683
2018,"56001",1541,707
2019,"56001",1631,734
2020,"56001",1660,702
2021,"56001",1712,622
2022,"56001",1934,603
2023,"56001",2588,579
2024,"56001",3125,684
2014,"56003",1073,86
2015,"56003",1157,107
2016,"56003",1094,115
2017,"56003",1100,119
2018,"56003",1138,122
2019,"56003",1212,144
2020,"56003",1259,135
2021,"56003",1393,135
2022,"56003",1585,136
2023,"56003",1950,126
2024,"56003",2209,172
2014,"56005",1867,1024
2015,"56005",1869,1038
2016,"56005",1928,1085
2017,"56005",1785,980
2018,"56005",1773,1010
2019,"56005",1765,1058
2020,"56005",1818,879
2021,"56005",1931,1081
2022,"56005",2138,1258
2023,"56005",2811,1274
2024,"56005",3196,1421
2014,"56007",1254,384
2015,"56007",1297,398
2016,"56007",1216,450
2017,"56007",1220,420
2018,"56007",1273,460
2019,"56007",1331,494
2020,"56007",1384,401
2021,"56007",1340,430
2022,"56007",1454,455
2023,"56007",1808,474
2024,"56007",2146,455
2014,"56009",1437,371
2015,"56009",1524,403
2016,"56009",1599,440
2017,"56009",1657,416
2018,"56009",1728,424
2019,"56009",1766,461
2020,"56009",1805,380
2021,"56009",1895,331
2022,"56009",2105,351
2023,"56009",2644,413
2024,"56009",3168,459
2014,"56013",1209,606
2015,"56013",1353,662
2016,"56013",1279,770
2017,"56013",1168,702
2018,"56013",1275,773
2019,"56013",1405,779
2020,"56013",1415,642
2021,"56013",1433,618
2022,"56013",1599,595
2023,"56013",1867,621
2024,"56013",2430,686
2014,"56015",1544,213
2015,"56015",1791,236
2016,"56015",1712,300
2017,"56015",1739,335
2018,"56015",1697,368
2019,"56015",1747,390
2020,"56015",1770,376
2021,"56015",1907,359
2022,"56015",2260,326
2023,"56015",2656,334
2024,"56015",3289,353
2014,"56017",1508,56
2015,"56017",1290,65
2016,"56017",1245,68
2017,"56017",1635,61
2018,"56017",1351,76
2019,"56017",1369,94
2020,"56017",1231,106
2021,"56017",1638,74
2022,"56017",1734,76
2023,"56017",1815,81
2024,"56017",2381,84
2014,"56019",1292,165
2015,"56019",1358,174
2016,"56019",1321,192
2017,"56019",1462,188
2018,"56019",1569,205
2019,"56019",1563,241
2020,"56019",1582,248
2021,"56019",1639,294
2022,"56019",1871,309
2023,"56019",2390,305
2024,"56019",2844,303
2014,"56021",1564,4252
2015,"56021",1683,4622
2016,"56021",1759,5272
2017,"56021",1779,4880
2018,"56021",1793,5307
2019,"56021",1876,5343
2020,"56021",1932,4613
2021,"56021",2096,4458
2022,"56021",2440,3777
2023,"56021",3055,3734
2024,"56021",3648,3938
2014,"56023",1099,326
2015,"56023",1245,380
2016,"56023",1208,491
2017,"56023",1369,553
2018,"56023",1228,600
2019,"56023",1341,602
2020,"56023",1301,555
2021,"56023",1294,475
2022,"56023",1616,432
2023,"56023",2029,445
2024,"56023",2528,482
2014,"56025",1363,2609
2015,"56025",1399,2883
2016,"56025",1421,3070
2017,"56025",1430,2786
2018,"56025",1494,2878
2019,"56025",1510,2953
2020,"56025",1519,2334
2021,"56025",1624,2423
2022,"56025",1809,2075
2023,"56025",2362,2150
2024,"56025",2650,2310
2018,"56027",NA,NA
2019,"56027",NA,NA
2020,"56027",NA,NA
2014,"56029",1218,557
2015,"56029",1234,663
2016,"56029",1276,762
2017,"56029",1354,774
2018,"56029",1345,814
2019,"56029",1378,1023
2020,"56029",1425,1055
2021,"56029",1439,1069
2022,"56029",1740,1005
2023,"56029",2333,969
2024,"56029",2602,955
2014,"56031",1632,139
2015,"56031",1699,162
2016,"56031",1679,190
2017,"56031",1813,178
2018,"56031",1720,196
2019,"56031",1906,213
2020,"56031",1822,203
2021,"56031",1950,252
2022,"56031",2318,242
2023,"56031",2879,301
2024,"56031",3272,313
2014,"56033",1412,501
2015,"56033",1462,524
2016,"56033",1469,597
2017,"56033",1434,538
2018,"56033",1470,602
2019,"56033",1551,665
2020,"56033",1552,626
2021,"56033",1739,761
2022,"56033",2031,824
2023,"56033",2625,830
2024,"56033",3136,844
2014,"56035",1484,114
2015,"56035",1419,134
2016,"56035",1265,144
2017,"56035",1283,183
2018,"56035",1246,206
2019,"56035",1347,233
2020,"56035",1462,240
2021,"56035",1450,222
2022,"56035",1671,208
2023,"56035",2155,223
2024,"56035",2394,244
2014,"56037",1153,1356
2015,"56037",1190,1462
2016,"56037",1111,1552
2017,"56037",1113,1455
2018,"56037",1140,1531
2019,"56037",1182,1571
2020,"56037",1167,1366
2021,"56037",1163,1277
2022,"56037",1213,1240
2023,"56037",1387,1266
2024,"56037",1657,1326
2014,"56039",1788,279
2015,"56039",2124,325
2016,"56039",2121,350
2017,"56039",2071,334
2018,"56039",2206,341
2019,"56039",2393,355
2020,"56039",2408,353
2021,"56039",2384,310
2022,"56039",3357,275
2023,"56039",5110,276
2024,"56039",5821,247
2014,"56041",1221,741
2015,"56041",1178,760
2016,"56041",1168,793
2017,"56041",1110,795
2018,"56041",1146,805
2019,"56041",1248,829
2020,"56041",1282,690
2021,"56041",1224,651
2022,"56041",1490,559
2023,"56041",1769,587
2024,"56041",2030,587
2014,"56043",1119,121
2015,"56043",1327,133
2016,"56043",1350,155
2017,"56043",1328,160
2018,"56043",1345,209
2019,"56043",1369,237
2020,"56043",1323,242
2021,"56043",1368,207
2022,"56043",1556,199
2023,"56043",1747,211
2024,"56043",2305,201
2014,"56045",1299,82
2015,"56045",1528,99
2016,"56045",1711,117
2017,"56045",1608,131
2018,"56045",1826,125
2019,"56045",1757,130
2020,"56045",1701,115
2021,"56045",1778,103
2022,"56045",2047,99
2023,"56045",2494,95
2024,"56045",2893,105
2014,"06001",1798,13914
2015,"06001",1786,14793
2016,"06001",1753,17936
2017,"06001",1758,18642
2018,"06001",1845,18569
2019,"06001",1946,19199
2020,"06001",2117,22841
2021,"06001",2127,15124
2022,"06001",2412,14210
2023,"06001",2679,17399
2024,"06001",2493,15835
2016,"06003",NA,NA
2017,"06003",NA,NA
2018,"06003",NA,NA
2019,"06003",NA,NA
2020,"06003",NA,NA
2021,"06003",NA,NA
2022,"06003",NA,NA
2023,"06003",NA,NA
2024,"06003",NA,NA
2014,"06005",1404,803
2015,"06005",1345,909
2016,"06005",1401,1071
2017,"06005",1427,1103
2018,"06005",1562,1096
2019,"06005",1905,1214
2020,"06005",1985,1344
2021,"06005",2201,1082
2022,"06005",2785,1072
2023,"06005",2957,1227
2024,"06005",3496,1437
2014,"06007",1286,4397
2015,"06007",1236,4625
2016,"06007",1271,5785
2017,"06007",1300,5810
2018,"06007",1380,5788
2019,"06007",1471,5075
2020,"06007",1570,5193
2021,"06007",1742,3810
2022,"06007",2020,3537
2023,"06007",2132,4250
2024,"06007",2645,4712
2014,"06009",1383,947
2015,"06009",1494,1069
2016,"06009",1444,1339
2017,"06009",1479,1336
2018,"06009",1572,1319
2019,"06009",1829,1413
2020,"06009",2023,1485
2021,"06009",2319,1110
2022,"06009",2821,1077
2023,"06009",3391,1207
2024,"06009",3885,1386
2014,"06011",1422,460
2015,"06011",1333,502
2016,"06011",1284,568
2017,"06011",1240,584
2018,"06011",1254,627
2019,"06011",1278,632
2020,"06011",1397,667
2021,"06011",1465,625
2022,"06011",1577,566
2023,"06011",1669,616
2024,"06011",1866,606
2014,"06013",1647,16910
2015,"06013",1773,18531
2016,"06013",1675,22117
2017,"06013",1624,22872
2018,"06013",1684,23022
2019,"06013",1758,24578
2020,"06013",1954,27205
2021,"06013",1938,19358
2022,"06013",2204,18968
2023,"06013",2435,21855
2024,"06013",2361,22347
2014,"06015",1128,256
2015,"06015",1023,279
2016,"06015",1121,389
2017,"06015",1121,408
2018,"06015",1132,442
2019,"06015",1233,471
2020,"06015",1385,538
2021,"06015",1611,369
2022,"06015",1940,361
2023,"06015",1980,467
2024,"06015",2123,531
2014,"06017",1666,5255
2015,"06017",1629,5274
2016,"06017",1697,6585
2017,"06017",1763,6647
2018,"06017",1864,6435
2019,"06017",2095,6865
2020,"06017",2342,7066
2021,"06017",2493,5379
2022,"06017",3058,5077
2023,"06017",3326,5445
2024,"06017",3978,6048
2014,"06019",1179,21735
2015,"06019",1187,23665
2016,"06019",1181,27836
2017,"06019",1191,27285
2018,"06019",1248,27198
2019,"06019",1267,27526
2020,"06019",1347,28790
2021,"06019",1392,24841
2022,"06019",1580,24178
2023,"06019",1688,26545
2024,"06019",1854,29333
2014,"06021",1051,338
2015,"06021",1044,342
2016,"06021",1100,408
2017,"06021",1177,436
2018,"06021",1230,440
2019,"06021",1271,469
2020,"06021",1342,512
2021,"06021",1345,356
2022,"06021",1497,353
2023,"06021",1559,418
2024,"06021",1749,463
2014,"06023",1205,2004
2015,"06023",1186,2172
2016,"06023",1232,2665
2017,"06023",1187,2562
2018,"06023",1221,2587
2019,"06023",1273,2518
2020,"06023",1443,2849
2021,"06023",1401,2131
2022,"06023",1591,1929
2023,"06023",1829,2422
2024,"06023",1937,2404
2014,"06025",1127,3134
2015,"06025",1112,3347
2016,"06025",1225,3866
2017,"06025",1146,3624
2018,"06025",1211,3722
2019,"06025",1278,3846
2020,"06025",1328,3768
2021,"06025",1339,3272
2022,"06025",1497,3275
2023,"06025",1693,3616
2024,"06025",1946,3845
2014,"06027",1435,196
2015,"06027",1316,203
2016,"06027",1273,226
2017,"06027",1239,234
2018,"06027",1265,248
2019,"06027",1316,239
2020,"06027",1396,294
2021,"06027",1546,183
2022,"06027",1916,197
2023,"06027",1985,218
2024,"06027",2373,242
2014,"06029",1172,18067
2015,"06029",1178,19637
2016,"06029",1159,24296
2017,"06029",1156,23371
2018,"06029",1229,23203
2019,"06029",1188,23107
2020,"06029",1290,23165
2021,"06029",1335,20444
2022,"06029",1510,19801
2023,"06029",1662,21268
2024,"06029",1891,24573
2014,"06031",1089,3053
2015,"06031",1063,3266
2016,"06031",1043,3891
2017,"06031",1068,3828
2018,"06031",1082,3950
2019,"06031",1102,4007
2020,"06031",1149,4124
2021,"06031",1230,4320
2022,"06031",1361,4203
2023,"06031",1501,4564
2024,"06031",1537,4955
2014,"06033",1344,893
2015,"06033",1312,945
2016,"06033",1414,1091
2017,"06033",1461,1111
2018,"06033",1532,1169
2019,"06033",1646,1220
2020,"06033",1881,1226
2021,"06033",1941,1052
2022,"06033",2242,1099
2023,"06033",2639,1156
2024,"06033",3134,1409
2014,"06035",1314,402
2015,"06035",1289,427
2016,"06035",1308,545
2017,"06035",1274,582
2018,"06035",1357,622
2019,"06035",1460,645
2020,"06035",1531,689
2021,"06035",1797,546
2022,"06035",2048,498
2023,"06035",2307,642
2024,"06035",2951,654
2014,"06037",1543,93160
2015,"06037",1522,102624
2016,"06037",1445,120420
2017,"06037",1461,121074
2018,"06037",1498,120414
2019,"06037",1558,123231
2020,"06037",1990,149473
2021,"06037",1688,102831
2022,"06037",1893,101878
2023,"06037",2251,123238
2024,"06037",2395,120875
2014,"06039",1282,3074
2015,"06039",1262,3391
2016,"06039",1337,4042
2017,"06039",1323,3987
2018,"06039",1370,3988
2019,"06039",1415,4096
2020,"06039",1596,4284
2021,"06039",1620,3787
2022,"06039",1941,3657
2023,"06039",2189,4137
2024,"06039",2422,4766
2014,"06041",2516,1765
2015,"06041",2442,1864
2016,"06041",2524,2232
2017,"06041",2424,2338
2018,"06041",2562,2378
2019,"06041",2661,2476
2020,"06041",3144,3191
2021,"06041",3045,2092
2022,"06041",3463,1901
2023,"06041",3936,2662
2024,"06041",3604,2255
2014,"06043",1427,223
2015,"06043",1461,264
2016,"06043",1446,349
2017,"06043",1572,351
2018,"06043",1713,376
2019,"06043",1908,401
2020,"06043",2060,450
2021,"06043",2358,323
2022,"06043",3374,310
2023,"06043",3491,353
2024,"06043",4220,361
2014,"06045",1543,858
2015,"06045",1476,948
2016,"06045",1537,1182
2017,"06045",1497,1229
2018,"06045",1548,1232
2019,"06045",1662,1246
2020,"06045",1889,1385
2021,"06045",1890,1054
2022,"06045",2419,1198
2023,"06045",2745,1302
2024,"06045",3048,1519
2014,"06047",1116,4454
2015,"06047",1177,4949
2016,"06047",1186,6169
2017,"06047",1163,6224
2018,"06047",1188,6396
2019,"06047",1205,6742
2020,"06047",1314,6946
2021,"06047",1281,6524
2022,"06047",1391,6313
2023,"06047",1484,7151
2024,"06047",1652,8175
2014,"06049",1124,64
2015,"06049",1033,72
2016,"06049",1010,75
2017,"06049",1021,80
2018,"06049",1040,80
2019,"06049",1243,74
2020,"06049",1578,85
2021,"06049",1632,86
2022,"06049",1876,80
2023,"06049",1974,92
2024,"06049",2343,130
2014,"06051",1808,121
2015,"06051",1938,135
2016,"06051",1796,153
2017,"06051",1763,167
2018,"06051",1749,160
2019,"06051",2176,175
2020,"06051",2343,206
2021,"06051",2551,156
2022,"06051",2808,154
2023,"06051",3432,174
2024,"06051",3930,177
2014,"06053",1428,4380
2015,"06053",1453,4979
2016,"06053",1477,6444
2017,"06053",1434,6765
2018,"06053",1490,7007
2019,"06053",1579,7675
2020,"06053",1693,8663
2021,"06053",1620,6566
2022,"06053",1867,6460
2023,"06053",2080,7384
2024,"06053",2105,7471
2014,"06055",1551,2269
2015,"06055",1565,2466
2016,"06055",1580,2862
2017,"06055",1570,2974
2018,"06055",1537,2881
2019,"06055",1702,2995
2020,"06055",1922,3406
2021,"06055",1879,2406
2022,"06055",2180,2352
2023,"06055",2429,2665
2024,"06055",2430,2903
2014,"06057",1611,2109
2015,"06057",1660,2271
2016,"06057",1680,2766
2017,"06057",1687,2772
2018,"06057",1862,2734
2019,"06057",2084,2787
2020,"06057",2468,3200
2021,"06057",2849,2418
2022,"06057",3555,2334
2023,"06057",3833,2701
2024,"06057",4594,3008
2014,"06059",1691,27454
2015,"06059",1692,29346
2016,"06059",1703,33741
2017,"06059",1666,33733
2018,"06059",1684,33756
2019,"06059",1808,35077
2020,"06059",2007,41537
2021,"06059",1849,27141
2022,"06059",2169,27321
2023,"06059",2463,32419
2024,"06059",2515,31160
2014,"06061",1523,11032
2015,"06061",1516,11534
2016,"06061",1470,13774
2017,"06061",1455,13821
2018,"06061",1503,13136
2019,"06061",1587,14068
2020,"06061",1749,14457
2021,"06061",1902,11258
2022,"06061",2228,11024
2023,"06061",2397,12117
2024,"06061",2527,14382
2014,"06063",1364,353
2015,"06063",1215,380
2016,"06063",1244,473
2017,"06063",1340,471
2018,"06063",1421,505
2019,"06063",1576,515
2020,"06063",2042,632
2021,"06063",2017,410
2022,"06063",2490,393
2023,"06063",2666,534
2024,"06063",2837,526
2014,"06065",1467,47794
2015,"06065",1457,51012
2016,"06065",1512,60476
2017,"06065",1470,59154
2018,"06065",1614,57671
2019,"06065",1526,59182
2020,"06065",1670,59699
2021,"06065",1664,50070
2022,"06065",1941,49523
2023,"06065",2114,54806
2024,"06065",2442,62229
2014,"06067",1274,37619
2015,"06067",1242,39309
2016,"06067",1239,46825
2017,"06067",1266,46485
2018,"06067",1339,45250
2019,"06067",1348,47057
2020,"06067",1403,48560
2021,"06067",1449,38423
2022,"06067",1654,36558
2023,"06067",1727,40348
2024,"06067",1879,45406
2014,"06069",1716,1073
2015,"06069",1682,1236
2016,"06069",1687,1556
2017,"06069",1767,1690
2018,"06069",1985,1845
2019,"06069",1956,2032
2020,"06069",1848,2140
2021,"06069",2158,1888
2022,"06069",2248,1869
2023,"06069",2340,2016
2024,"06069",2466,2261
2014,"06071",1304,42880
2015,"06071",1456,47044
2016,"06071",1351,56122
2017,"06071",1340,54916
2018,"06071",1391,54266
2019,"06071",1421,55863
2020,"06071",1579,58354
2021,"06071",1545,47062
2022,"06071",1777,45867
2023,"06071",1931,52082
2024,"06071",2300,57313
2014,"06073",1566,43095
2015,"06073",1557,44972
2016,"06073",1569,53578
2017,"06073",1575,52867
2018,"06073",1619,52674
2019,"06073",1736,54938
2020,"06073",1892,59260
2021,"06073",1858,43834
2022,"06073",2227,42977
2023,"06073",2467,47629
2024,"06073",2654,52610
2014,"06075",2381,1586
2015,"06075",2309,1692
2016,"06075",2113,1935
2017,"06075",2071,1934
2018,"06075",2103,1969
2019,"06075",2603,2049
2020,"06075",3262,4035
2021,"06075",2760,2047
2022,"06075",2890,1686
2023,"06075",3609,3310
2024,"06075",2948,1749
2014,"06077",1265,15845
2015,"06077",1312,17378
2016,"06077",1307,21299
2017,"06077",1311,21444
2018,"06077",1340,21570
2019,"06077",1457,22828
2020,"06077",1422,22491
2021,"06077",1468,19371
2022,"06077",1670,18659
2023,"06077",1739,20675
2024,"06077",1872,22475
2014,"06079",1465,4886
2015,"06079",1388,5158
2016,"06079",1443,6344
2017,"06079",1336,6542
2018,"06079",1438,6584
2019,"06079",1493,6854
2020,"06079",1581,7263
2021,"06079",1561,5564
2022,"06079",1850,5453
2023,"06079",2015,5648
2024,"06079",2180,6357
2014,"06081",2077,3912
2015,"06081",1986,4206
2016,"06081",1966,4839
2017,"06081",1965,5023
2018,"06081",2024,5133
2019,"06081",2135,5267
2020,"06081",3076,9296
2021,"06081",2563,5025
2022,"06081",2615,4230
2023,"06081",3464,7007
2024,"06081",2644,4372
2014,"06083",1296,5445
2015,"06083",1267,5975
2016,"06083",1305,6890
2017,"06083",1295,6942
2018,"06083",1379,6942
2019,"06083",1452,7222
2020,"06083",1679,7845
2021,"06083",1501,5928
2022,"06083",1702,5645
2023,"06083",2059,6231
2024,"06083",2030,6637
2014,"06085",1953,12027
2015,"06085",1838,12749
2016,"06085",1881,15069
2017,"06085",1704,14969
2018,"06085",1783,15161
2019,"06085",1848,14849
2020,"06085",2258,20216
2021,"06085",2244,13454
2022,"06085",2352,11923
2023,"06085",2896,16006
2024,"06085",2296,11834
2014,"06087",1839,2778
2015,"06087",1954,3095
2016,"06087",1974,3744
2017,"06087",1878,4051
2018,"06087",1998,4014
2019,"06087",2046,4086
2020,"06087",2267,4874
2021,"06087",2307,3334
2022,"06087",2775,3286
2023,"06087",3030,3907
2024,"06087",3216,3920
2014,"06089",1237,3794
2015,"06089",1229,4053
2016,"06089",1240,5038
2017,"06089",1254,4974
2018,"06089",1305,4945
2019,"06089",1383,4965
2020,"06089",1527,5167
2021,"06089",1732,4695
2022,"06089",2094,4398
2023,"06089",2410,4935
2024,"06089",2942,5889
2014,"06091",1228,23
2015,"06091",1296,32
2016,"06091",1446,41
2017,"06091",1405,45
2018,"06091",1447,52
2019,"06091",1798,49
2020,"06091",1932,63
2021,"06091",2141,50
2022,"06091",2393,52
2023,"06091",2788,57
2024,"06091",3083,57
2014,"06093",1255,586
2015,"06093",1225,664
2016,"06093",1241,824
2017,"06093",1204,762
2018,"06093",1309,769
2019,"06093",1485,799
2020,"06093",1653,966
2021,"06093",1874,666
2022,"06093",2214,634
2023,"06093",2224,753
2024,"06093",2710,740
2014,"06095",1373,10569
2015,"06095",1385,11244
2016,"06095",1355,13667
2017,"06095",1377,13929
2018,"06095",1440,14179
2019,"06095",1469,14993
2020,"06095",1552,15070
2021,"06095",1634,12316
2022,"06095",1886,11769
2023,"06095",1980,12823
2024,"06095",2105,14802
2014,"06097",1465,6726
2015,"06097",1528,7287
2016,"06097",1504,9288
2017,"06097",1435,9885
2018,"06097",1518,9523
2019,"06097",1674,10125
2020,"06097",1857,11018
2021,"06097",1900,8066
2022,"06097",2218,8040
2023,"06097",2464,8988
2024,"06097",2468,10063
2014,"06099",1094,12674
2015,"06099",1166,14020
2016,"06099",1136,17253
2017,"06099",1136,17697
2018,"06099",1167,18434
2019,"06099",1184,19201
2020,"06099",1225,19058
2021,"06099",1287,16471
2022,"06099",1436,15423
2023,"06099",1542,17566
2024,"06099",1678,19407
2014,"06101",1088,2439
2015,"06101",1103,2532
2016,"06101",1123,3057
2017,"06101",1137,3050
2018,"06101",1236,3175
2019,"06101",1266,3275
2020,"06101",1316,3355
2021,"06101",1446,3219
2022,"06101",1632,2946
2023,"06101",1813,3183
2024,"06101",1896,3222
2014,"06103",1251,1109
2015,"06103",1215,1202
2016,"06103",1269,1454
2017,"06103",1277,1443
2018,"06103",1336,1462
2019,"06103",1448,1522
2020,"06103",1572,1559
2021,"06103",1713,1264
2022,"06103",2039,1175
2023,"06103",2243,1357
2024,"06103",2503,1484
2014,"06105",1518,120
2015,"06105",1613,133
2016,"06105",1484,171
2017,"06105",1530,168
2018,"06105",1571,183
2019,"06105",1690,196
2020,"06105",2028,206
2021,"06105",2203,187
2022,"06105",2836,190
2023,"06105",3148,228
2024,"06105",3489,246
2014,"06107",1154,9919
2015,"06107",1137,10694
2016,"06107",1153,12419
2017,"06107",1121,12101
2018,"06107",1171,12251
2019,"06107",1185,12405
2020,"06107",1229,13126
2021,"06107",1264,12190
2022,"06107",1397,11614
2023,"06107",1483,12795
2024,"06107",1630,13306
2014,"06109",1407,1052
2015,"06109",1361,1167
2016,"06109",1397,1441
2017,"06109",1524,1529
2018,"06109",1545,1536
2019,"06109",1755,1563
2020,"06109",2016,1742
2021,"06109",2424,1373
2022,"06109",2984,1343
2023,"06109",3106,1515
2024,"06109",3910,1606
2014,"06111",1561,10744
2015,"06111",1568,11990
2016,"06111",1533,14223
2017,"06111",1524,14593
2018,"06111",1562,14511
2019,"06111",1659,15441
2020,"06111",1841,17465
2021,"06111",1735,12033
2022,"06111",2097,11756
2023,"06111",2309,13517
2024,"06111",2537,13935
2014,"06113",1254,4194
2015,"06113",1266,4441
2016,"06113",1203,5244
2017,"06113",1269,5311
2018,"06113",1226,5155
2019,"06113",1300,5328
2020,"06113",1484,5621
2021,"06113",1487,4527
2022,"06113",1649,4253
2023,"06113",1719,4512
2024,"06113",1997,4926
2014,"06115",1222,1757
2015,"06115",1178,1832
2016,"06115",1203,2318
2017,"06115",1182,2253
2018,"06115",1283,2414
2019,"06115",1432,2634
2020,"06115",1517,2628
2021,"06115",1639,2810
2022,"06115",1806,2614
2023,"06115",1889,2775
2024,"06115",2141,3241
2014,"08001",1594,13399
2015,"08001",1669,13972
2016,"08001",1882,15986
2017,"08001",1868,15811
2018,"08001",2137,14994
2019,"08001",2164,14961
2020,"08001",2354,13745
2021,"08001",2321,11227
2022,"08001",2686,11247
2023,"08001",3100,11642
2024,"08001",3815,14041
2014,"08003",1161,133
2015,"08003",1220,153
2016,"08003",1248,203
2017,"08003",1231,203
2018,"08003",1196,210
2019,"08003",1291,215
2020,"08003",1536,238
2021,"08003",1504,154
2022,"08003",1827,165
2023,"08003",1796,162
2024,"08003",2433,179
2014,"08005",1837,17418
2015,"08005",1858,18305
2016,"08005",2124,21471
2017,"08005",2120,21214
2018,"08005",2278,20232
2019,"08005",2451,20232
2020,"08005",2615,18362
2021,"08005",2663,14718
2022,"08005",3009,14570
2023,"08005",3530,14846
2024,"08005",4698,17306
2014,"08007",1318,394
2015,"08007",1353,373
2016,"08007",1399,400
2017,"08007",1402,381
2018,"08007",1497,367
2019,"08007",1524,358
2020,"08007",1516,359
2021,"08007",1542,286
2022,"08007",1872,307
2023,"08007",2208,281
2024,"08007",3039,288
2015,"08011",NA,NA
2016,"08011",NA,NA
2017,"08011",NA,NA
2018,"08011",NA,NA
2019,"08011",NA,NA
2020,"08011",NA,NA
2022,"08011",NA,NA
2023,"08011",NA,NA
2024,"08011",NA,NA
2014,"08013",1776,8228
2015,"08013",1844,8067
2016,"08013",2134,9885
2017,"08013",2094,9638
2018,"08013",2247,8573
2019,"08013",2319,8506
2020,"08013",2652,8155
2021,"08013",2685,6119
2022,"08013",3304,5946
2023,"08013",3940,6138
2024,"08013",4781,6796
2014,"08014",1626,2578
2015,"08014",1715,2582
2016,"08014",1990,3027
2017,"08014",1876,2952
2018,"08014",2003,2738
2019,"08014",2289,2749
2020,"08014",2389,2526
2021,"08014",2413,1833
2022,"08014",2838,1857
2023,"08014",3332,1891
2024,"08014",4273,2151
2014,"08015",1278,470
2015,"08015",1223,474
2016,"08015",1257,556
2017,"08015",1182,583
2018,"08015",1260,577
2019,"08015",1330,582
2020,"08015",1574,539
2021,"08015",1430,473
2022,"08015",1810,552
2023,"08015",2097,542
2024,"08015",2999,604
2014,"08019",1899,352
2015,"08019",2009,358
2016,"08019",2050,454
2017,"08019",2000,455
2018,"08019",2102,440
2019,"08019",2217,435
2020,"08019",2491,441
2021,"08019",2618,329
2022,"08019",3417,338
2023,"08019",3796,352
2024,"08019",4401,390
2014,"08021",1345,30
2015,"08021",1316,33
2016,"08021",1399,45
2017,"08021",1380,44
2018,"08021",1495,48
2019,"08021",1622,45
2020,"08021",1626,54
2021,"08021",1674,30
2022,"08021",1852,27
2023,"08021",1955,31
2024,"08021",2363,36
2024,"08023",NA,NA
2018,"08025",NA,NA
2019,"08025",NA,NA
2020,"08025",NA,NA
2014,"08027",1725,131
2015,"08027",2068,120
2016,"08027",1902,147
2017,"08027",1786,133
2018,"08027",1807,155
2019,"08027",2165,171
2020,"08027",2175,199
2021,"08027",2159,147
2022,"08027",2557,148
2023,"08027",3021,156
2024,"08027",3531,175
2014,"08029",1021,1272
2015,"08029",1106,1227
2016,"08029",1095,1253
2017,"08029",1081,1217
2018,"08029",1138,1224
2019,"08029",1205,1259
2020,"08029",1262,1228
2021,"08029",1248,927
2022,"08029",1452,812
2023,"08029",1729,832
2024,"08029",2130,905
2014,"08031",1791,16010
2015,"08031",1839,16731
2016,"08031",2104,20497
2017,"08031",2028,20140
2018,"08031",2177,19295
2019,"08031",2266,19124
2020,"08031",2492,18301
2021,"08031",2565,14069
2022,"08031",2883,14190
2023,"08031",3511,14578
2024,"08031",4102,16741
2018,"08033",NA,NA
2019,"08033",NA,NA
2020,"08033",NA,NA
2021,"08033",NA,NA
2022,"08033",NA,NA
2023,"08033",NA,NA
2024,"08033",NA,NA
2014,"08035",2015,12822
2015,"08035",2169,12697
2016,"08035",2430,14700
2017,"08035",2331,14690
2018,"08035",2538,13594
2019,"08035",2823,13697
2020,"08035",2989,12215
2021,"08035",3040,9072
2022,"08035",3585,9163
2023,"08035",4211,9513
2024,"08035",5688,11207
2014,"08037",1669,785
2015,"08037",1792,822
2016,"08037",2159,904
2017,"08037",1921,912
2018,"08037",1983,928
2019,"08037",2021,942
2020,"08037",2270,862
2021,"08037",2310,607
2022,"08037",2744,616
2023,"08037",3222,708
2024,"08037",4469,755
2014,"08039",2157,1016
2015,"08039",2315,1056
2016,"08039",2424,1247
2017,"08039",2338,1220
2018,"08039",2735,1172
2019,"08039",2835,1194
2020,"08039",3084,1108
2021,"08039",3285,807
2022,"08039",3856,842
2023,"08039",4365,876
2024,"08039",5514,1080
2014,"08041",1718,24982
2015,"08041",1801,25061
2016,"08041",1876,30508
2017,"08041",1923,28489
2018,"08041",2084,27158
2019,"08041",2161,27609
2020,"08041",2411,25484
2021,"08041",2417,21989
2022,"08041",2851,20457
2023,"08041",3366,20895
2024,"08041",4340,23694
2014,"08043",1210,1292
2015,"08043",1332,1293
2016,"08043",1362,1480
2017,"08043",1374,1452
2018,"08043",1502,1464
2019,"08043",1582,1487
2020,"08043",1665,1449
2021,"08043",1707,1217
2022,"08043",2121,1207
2023,"08043",2314,1227
2024,"08043",2867,1319
2014,"08045",1436,1900
2015,"08045",1472,1881
2016,"08045",1791,2040
2017,"08045",1528,1905
2018,"08045",1586,1946
2019,"08045",1555,1962
2020,"08045",1655,1833
2021,"08045",1666,1308
2022,"08045",2134,1317
2023,"08045",2425,1464
2024,"08045",3142,1777
2014,"08047",1573,173
2015,"08047",1775,190
2016,"08047",1868,242
2017,"08047",1854,265
2018,"08047",1981,266
2019,"08047",2122,265
2020,"08047",2256,274
2021,"08047",2367,208
2022,"08047",2935,201
2023,"08047",3516,190
2024,"08047",4097,220
2014,"08049",1198,204
2015,"08049",1279,232
2016,"08049",1349,279
2017,"08049",1308,278
2018,"08049",1367,264
2019,"08049",1423,253
2020,"08049",1692,297
2021,"08049",1903,306
2022,"08049",2572,339
2023,"08049",2957,331
2024,"08049",4124,392
2014,"08051",1371,428
2015,"08051",1675,448
2016,"08051",1729,501
2017,"08051",1537,504
2018,"08051",1699,562
2019,"08051",1826,571
2020,"08051",2034,537
2021,"08051",1776,363
2022,"08051",2348,340
2023,"08051",2706,404
2024,"08051",3142,369
2014,"08055",1642,70
2015,"08055",1623,74
2016,"08055",1604,97
2017,"08055",1690,90
2018,"08055",1881,99
2019,"08055",1932,116
2020,"08055",1970,121
2021,"08055",2212,98
2022,"08055",2502,93
2023,"08055",3042,96
2024,"08055",3466,107
2020,"08057",NA,NA
2021,"08057",NA,NA
2022,"08057",NA,NA
2023,"08057",NA,NA
2014,"08059",1829,18137
2015,"08059",1904,18605
2016,"08059",2103,22424
2017,"08059",1979,22291
2018,"08059",2141,21491
2019,"08059",2369,21497
2020,"08059",2495,20373
2021,"08059",2603,15050
2022,"08059",3179,15083
2023,"08059",3562,15433
2024,"08059",4532,17940
2014,"08063",1824,49
2015,"08063",2082,53
2016,"08063",2139,68
2017,"08063",2000,81
2018,"08063",2045,99
2019,"08063",2414,107
2020,"08063",2552,99
2021,"08063",2680,58
2022,"08063",2778,67
2023,"08063",3585,64
2024,"08063",3832,72
2014,"08065",1112,200
2015,"08065",1250,211
2016,"08065",1244,254
2017,"08065",1231,248
2018,"08065",1253,253
2019,"08065",1343,269
2020,"08065",1640,268
2021,"08065",1498,158
2022,"08065",1995,165
2023,"08065",2181,173
2024,"08065",3113,214
2014,"08067",1383,1673
2015,"08067",1417,1696
2016,"08067",1466,1868
2017,"08067",1457,1906
2018,"08067",1472,2007
2019,"08067",1522,2092
2020,"08067",1606,2095
2021,"08067",1717,1518
2022,"08067",2046,1430
2023,"08067",2429,1433
2024,"08067",2854,1531
2014,"08069",1350,10388
2015,"08069",1423,10490
2016,"08069",1622,12338
2017,"08069",1524,12576
2018,"08069",1761,12354
2019,"08069",1805,12816
2020,"08069",2061,11870
2021,"08069",2058,8545
2022,"08069",2416,8283
2023,"08069",2828,8525
2024,"08069",3673,9788
2014,"08071",1562,192
2015,"08071",1549,209
2016,"08071",1612,273
2017,"08071",1632,275
2018,"08071",1732,297
2019,"08071",1913,293
2020,"08071",2062,294
2021,"08071",2084,191
2022,"08071",2448,224
2023,"08071",3103,238
2024,"08071",3626,247
2014,"08073",1994,33
2015,"08073",2039,41
2016,"08073",2055,74
2017,"08073",2086,72
2018,"08073",2048,79
2019,"08073",2250,78
2020,"08073",2412,77
2021,"08073",2596,55
2022,"08073",3039,60
2023,"08073",3236,68
2024,"08073",3754,80
2014,"08075",1982,493
2015,"08075",2134,517
2016,"08075",2110,540
2017,"08075",2113,527
2018,"08075",2240,607
2019,"08075",2478,624
2020,"08075",2698,615
2021,"08075",2749,479
2022,"08075",3091,433
2023,"08075",3551,441
2024,"08075",4065,425
2014,"08077",1045,6337
2015,"08077",1066,6233
2016,"08077",1138,6528
2017,"08077",1044,6090
2018,"08077",1143,5913
2019,"08077",1081,5809
2020,"08077",1105,5450
2021,"08077",1161,4403
2022,"08077",1373,4429
2023,"08077",1575,4916
2024,"08077",1955,5601
2014,"08081",1006,459
2015,"08081",1168,507
2016,"08081",1198,544
2017,"08081",1165,574
2018,"08081",1063,622
2019,"08081",1134,630
2020,"08081",1176,538
2021,"08081",1154,364
2022,"08081",1379,368
2023,"08081",1579,385
2024,"08081",1969,404
2014,"08083",1125,631
2015,"08083",1153,671
2016,"08083",1181,779
2017,"08083",1121,783
2018,"08083",1225,800
2019,"08083",1234,758
2020,"08083",1231,774
2021,"08083",1243,630
2022,"08083",1492,625
2023,"08083",1726,659
2024,"08083",2183,753
2014,"08085",971,1464
2015,"08085",1068,1469
2016,"08085",1112,1535
2017,"08085",1052,1508
2018,"08085",1072,1617
2019,"08085",1105,1698
2020,"08085",1206,1590
2021,"08085",1139,1263
2022,"08085",1427,1224
2023,"08085",1539,1274
2024,"08085",2096,1326
2014,"08087",1814,378
2015,"08087",1927,417
2016,"08087",1947,497
2017,"08087",1931,528
2018,"08087",2106,614
2019,"08087",2264,648
2020,"08087",2551,659
2021,"08087",2549,541
2022,"08087",3016,550
2023,"08087",3648,557
2024,"08087",4388,598
2014,"08089",1701,223
2015,"08089",1735,250
2016,"08089",1723,312
2017,"08089",1728,321
2018,"08089",1751,340
2019,"08089",2001,334
2020,"08089",2180,335
2021,"08089",2195,220
2022,"08089",2533,224
2023,"08089",2905,210
2024,"08089",3422,261
2014,"08091",1440,178
2015,"08091",1436,181
2016,"08091",1508,205
2017,"08091",1491,208
2018,"08091",1599,221
2019,"08091",1522,233
2020,"08091",1516,227
2021,"08091",1536,155
2022,"08091",2097,159
2023,"08091",2351,158
2024,"08091",3189,149
2014,"08093",1554,742
2015,"08093",1634,773
2016,"08093",1726,919
2017,"08093",1661,918
2018,"08093",1779,1031
2019,"08093",1876,1064
2020,"08093",2009,1038
2021,"08093",2088,813
2022,"08093",2638,781
2023,"08093",3145,813
2024,"08093",3971,882
2014,"08095",2017,38
2015,"08095",2197,39
2016,"08095",2448,48
2017,"08095",2513,55
2018,"08095",2384,76
2019,"08095",2472,76
2020,"08095",2764,80
2021,"08095",2877,61
2022,"08095",3516,65
2023,"08095",3990,64
2024,"08095",4382,57
2014,"08097",1926,338
2015,"08097",2210,346
2016,"08097",2660,341
2017,"08097",2432,341
2018,"08097",2444,334
2019,"08097",2849,327
2020,"08097",2780,316
2021,"08097",3186,238
2022,"08097",3591,196
2023,"08097",4317,206
2024,"08097",6835,217
2014,"08099",1635,74
2015,"08099",1802,78
2016,"08099",1800,93
2017,"08099",1694,99
2018,"08099",1667,106
2019,"08099",1837,113
2020,"08099",1961,126
2021,"08099",2113,66
2022,"08099",2346,65
2023,"08099",2607,70
2024,"08099",3251,70
2014,"08101",1665,5116
2015,"08101",1709,5448
2016,"08101",1763,6560
2017,"08101",1791,6157
2018,"08101",1876,5999
2019,"08101",2013,6068
2020,"08101",2145,6212
2021,"08101",2121,5189
2022,"08101",2524,4874
2023,"08101",2925,4953
2024,"08101",3567,5594
2014,"08103",1171,196
2015,"08103",1101,179
2016,"08103",1125,190
2017,"08103",1160,209
2018,"08103",1129,202
2019,"08103",1175,206
2020,"08103",1219,219
2021,"08103",1256,149
2022,"08103",1481,153
2023,"08103",1551,211
2024,"08103",1929,223
2014,"08105",1159,110
2015,"08105",1254,119
2016,"08105",1210,165
2017,"08105",1196,161
2018,"08105",1187,175
2019,"08105",1218,175
2020,"08105",1349,190
2021,"08105",1495,111
2022,"08105",1647,121
2023,"08105",1924,142
2024,"08105",2434,150
2014,"08107",1592,760
2015,"08107",1687,806
2016,"08107",1848,886
2017,"08107",1697,921
2018,"08107",2016,955
2019,"08107",1864,941
2020,"08107",2107,869
2021,"08107",2078,579
2022,"08107",2630,556
2023,"08107",2990,595
2024,"08107",3919,756
2014,"08109",1229,26
2015,"08109",1339,32
2016,"08109",1345,38
2017,"08109",1229,42
2018,"08109",1190,43
2019,"08109",1287,44
2020,"08109",1510,55
2021,"08109",1706,41
2022,"08109",1965,42
2023,"08109",2379,49
2024,"08109",2953,44
2018,"08111",NA,NA
2019,"08111",NA,NA
2020,"08111",NA,NA
2021,"08111",NA,NA
2022,"08111",NA,NA
2023,"08111",NA,NA
2024,"08111",NA,NA
2014,"08113",1427,100
2015,"08113",1590,114
2016,"08113",1848,123
2017,"08113",1942,135
2018,"08113",1902,146
2019,"08113",2019,152
2020,"08113",2322,148
2021,"08113",2005,97
2022,"08113",2344,98
2023,"08113",2894,105
2024,"08113",3807,99
2017,"08115",NA,NA
2018,"08115",NA,NA
2019,"08115",NA,NA
2020,"08115",NA,NA
2021,"08115",NA,NA
2014,"08117",1655,662
2015,"08117",1798,672
2016,"08117",1733,812
2017,"08117",1730,776
2018,"08117",1858,776
2019,"08117",2109,760
2020,"08117",2270,729
2021,"08117",2275,502
2022,"08117",2815,492
2023,"08117",3323,502
2024,"08117",4887,520
2014,"08119",1685,1002
2015,"08119",1771,998
2016,"08119",1940,1138
2017,"08119",1761,1088
2018,"08119",1840,1120
2019,"08119",1999,1194
2020,"08119",2343,1127
2021,"08119",2517,860
2022,"08119",2839,835
2023,"08119",3353,892
2024,"08119",4098,962
2014,"08123",1543,9269
2015,"08123",1601,9532
2016,"08123",1835,11194
2017,"08123",1807,11453
2018,"08123",2012,11311
2019,"08123",2041,11748
2020,"08123",2249,10764
2021,"08123",2264,8402
2022,"08123",2693,8239
2023,"08123",3085,8542
2024,"08123",3708,10291
2014,"08125",2213,77
2015,"08125",2149,90
2016,"08125",2048,112
2017,"08125",2096,125
2018,"08125",2118,145
2019,"08125",2323,137
2020,"08125",2441,136
2021,"08125",2407,99
2022,"08125",2736,97
2023,"08125",3381,93
2024,"08125",4428,95
2014,"09001",2391,17565
2015,"09001",2420,17197
2016,"09001",2366,19290
2017,"09001",2323,20564
2018,"09001",2373,20454
2019,"09001",2400,20908
2020,"09001",2705,21627
2021,"09001",2521,16964
2022,"09001",2714,17089
2023,"09001",3203,19059
2024,"09001",3215,18782
2014,"09003",1570,17457
2015,"09003",1593,17572
2016,"09003",1570,20126
2017,"09003",1599,20777
2018,"09003",1597,20571
2019,"09003",1657,20735
2020,"09003",1731,20831
2021,"09003",1631,17603
2022,"09003",1830,17835
2023,"09003",2091,19276
2024,"09003",2420,20292
2014,"09005",1714,3678
2015,"09005",1806,3749
2016,"09005",1671,4381
2017,"09005",1662,4571
2018,"09005",1712,4519
2019,"09005",1745,4515
2020,"09005",1825,4549
2021,"09005",1754,3702
2022,"09005",1925,3724
2023,"09005",2200,4065
2024,"09005",2582,4399
2014,"09007",1952,3838
2015,"09007",2000,3763
2016,"09007",1906,4414
2017,"09007",1963,4687
2018,"09007",1933,4656
2019,"09007",1980,4741
2020,"09007",2089,4752
2021,"09007",2045,3912
2022,"09007",2258,3810
2023,"09007",2575,4289
2024,"09007",3004,4441
2014,"09009",1883,16480
2015,"09009",1896,16989
2016,"09009",1892,19437
2017,"09009",1877,20223
2018,"09009",1883,19939
2019,"09009",1913,20048
2020,"09009",2030,20367
2021,"09009",1938,16848
2022,"09009",2200,17293
2023,"09009",2463,17634
2024,"09009",2765,18481
2014,"09011",1826,4627
2015,"09011",1908,4702
2016,"09011",1850,5650
2017,"09011",1838,5667
2018,"09011",1883,5990
2019,"09011",1908,6173
2020,"09011",1998,6178
2021,"09011",1937,5421
2022,"09011",2189,5260
2023,"09011",2428,5836
2024,"09011",2882,6250
2014,"09013",1547,3128
2015,"09013",1583,3161
2016,"09013",1583,3529
2017,"09013",1664,3729
2018,"09013",1686,3761
2019,"09013",1693,3804
2020,"09013",1693,3852
2021,"09013",1719,3114
2022,"09013",1918,3222
2023,"09013",2125,3540
2024,"09013",2495,3685
2014,"09015",1563,1627
2015,"09015",1551,1721
2016,"09015",1530,2068
2017,"09015",1581,2194
2018,"09015",1623,2360
2019,"09015",1679,2415
2020,"09015",1803,2425
2021,"09015",1580,2388
2022,"09015",1795,2274
2023,"09015",2143,2685
2024,"09015",2469,2725
